Obs#,Time,Date,configName,configAuthor,remark,Observation,,,gsw,gbw,gtw,E_apparent,VPcham,VPref,VPleaf,VPDleaf,H2O_r,H2O_s,H2O_leaf,leaf_area,leaf_width,flashID,Fo,Fm,Fv/Fm,Fs,Fm',PhiPS2,PS2/1,abs,ETR,TRANS,rh_s,rh_r,Tref,Tmeas,Tleaf,P_atm,flow,flow_s,leak_pct,Qamb,batt,match_time,match_date,rh_adj,type,gsw1sec,gsw2sec,gsw4sec,flr1sec,flr2sec,flr4sec,auto,flow_set,gsw_limit,gsw_period,aw,Bla,Blb,Blc,Bld,Ble,chamber,dark,flash_type,flash_intensity,modrate,flr_limit,flr_period,P1_dur,P2_dur,P3_dur,P1_Fmax,P2_ramp,P2_slp,P3_Fmax,P3_Pred,P3_DeltaF,v_humA,v_humB,v_flowIn,v_flowOut,v_temp,v_irt,v_pres,v_par,v_F,i_LED,b_rhr,m_rhr,span_rhr,b_rhs,m_rhs,span_rhs,z_flowIn,z_flowOut,z_quantum,z_flr,flashId,lciSerNum,lcpSerNum,lcfSerNum,lcrhSerNum,version,configUpdatedAt,MEASUREMENT_HEADER_END
flashId,time,date,lciSerialNumber,lcpSerialNumber,lcfSerialNumber,Fm,Fo,Fv/Fm,Fm',Fs,PhiPS2,LightIntensity,data[],FLASH_HEADER_END
Obs#,Time,Date,configName,configAuthor,remark,Observation,,,gsw,gbw,gtw,E_apparent,VPcham,VPref,VPleaf,VPDleaf,H2O_r,H2O_s,H2O_leaf,leaf_area,leaf_width,flashID,Fo,Fm,Fv/Fm,Fs,Fm',PhiPS2,PS2/1,abs,ETR,TRANS,rh_s,rh_r,Tref,Tmeas,Tleaf,P_atm,flow,flow_s,leak_pct,Qamb,batt,match_time,match_date,rh_adj,type,gsw1sec,gsw2sec,gsw4sec,flr1sec,flr2sec,flr4sec,auto,flow_set,gsw_limit,gsw_period,aw,Bla,Blb,Blc,Bld,Ble,chamber,dark,flash_type,flash_intensity,modrate,flr_limit,flr_period,P1_dur,P2_dur,P3_dur,P1_Fmax,P2_ramp,P2_slp,P3_Fmax,P3_Pred,P3_DeltaF,v_humA,v_humB,v_flowIn,v_flowOut,v_temp,v_irt,v_pres,v_par,v_F,i_LED,b_rhr,m_rhr,span_rhr,b_rhs,m_rhs,span_rhs,z_flowIn,z_flowOut,z_quantum,z_flr,flashId,lciSerNum,lcpSerNum,lcfSerNum,lcrhSerNum,version,configUpdatedAt,MEASUREMENT_HEADER_END
flashId,time,date,lciSerialNumber,lcpSerialNumber,lcfSerialNumber,Fm,Fo,Fv/Fm,Fm',Fs,PhiPS2,LightIntensity,data[],FLASH_HEADER_END
Obs#,Time,Date,configName,configAuthor,remark,Observation,,,gsw,gbw,gtw,E_apparent,VPcham,VPref,VPleaf,VPDleaf,H2O_r,H2O_s,H2O_leaf,leaf_area,leaf_width,flashID,Fo,Fm,Fv/Fm,Fs,Fm',PhiPS2,PS2/1,abs,ETR,TRANS,rh_s,rh_r,Tref,Tmeas,Tleaf,P_atm,flow,flow_s,leak_pct,Qamb,batt,match_time,match_date,rh_adj,type,gsw1sec,gsw2sec,gsw4sec,flr1sec,flr2sec,flr4sec,auto,flow_set,gsw_limit,gsw_period,aw,Bla,Blb,Blc,Bld,Ble,chamber,dark,flash_type,flash_intensity,modrate,flr_limit,flr_period,P1_dur,P2_dur,P3_dur,P1_Fmax,P2_ramp,P2_slp,P3_Fmax,P3_Pred,P3_DeltaF,v_humA,v_humB,v_flowIn,v_flowOut,v_temp,v_irt,v_pres,v_par,v_F,i_LED,b_rhr,m_rhr,span_rhr,b_rhs,m_rhs,span_rhs,z_flowIn,z_flowOut,z_quantum,z_flr,flashId,lciSerNum,lcpSerNum,lcfSerNum,lcrhSerNum,version,configUpdatedAt,MEASUREMENT_HEADER_END
flashId,time,date,lciSerialNumber,lcpSerialNumber,lcfSerialNumber,Fm,Fo,Fv/Fm,Fm',Fs,PhiPS2,LightIntensity,data[],FLASH_HEADER_END
1,09:19:10,2026-06-12,Auto gsw+F,LI-COR Default,,001,,,0.216337,2.916539,0.201398,4.230532,1.812418,1.697316,3.810346,1.997928,17.332907,18.508316,38.911060,0.441786,7.500000,PSF-00578_20260612091910_2be,0.000000,0.000000,0.000000,99.705215,165.967758,0.399249,0.5,0.80,285.544739,1.000000,53.20,49.83,26.16,28.07,28.07,97.92,156.1,156.0,0.0,1788,4.111,09:18:57,2026-06-12,-0.65,1,-0.003,-0.002,0.006,-0.538,-1.457,-3.670,1,150,0.005,2.000000,0.058905,0.000000,0.029230,0.000000,0.000000,-0.000068,standard,0,mpf,7000,500,5.000000,2.000000,300,300,300,154.862518,25,-7.618502,154.863235,155.108765,-0.245529,2.474550,2.464870,1.642434,0.932456,0.260399,0.022000,0.092315,1.600672,99.705215,0.000285,2.397709,-0.000030,1.000000,2.383926,-0.000024,1.000000,0.601714,0.600514,0.106642,0.000000,PSF-00578_20260612091910_2be,PFA-00612,PSA-00572,PSF-00578,RHS-0697,3.0.0,2022-04-21T19:36:20.491Z,MEASUREMENT_END
PSF-00578_20260612091910_2be,09:19:10,2026-06-12,PFA-00612,PSA-00572,PSF-00578,0.000000,0.000000,0.000000,165.967758,99.705215,0.399249,1794.661011,TIME,0.000000,0.010000,0.020000,0.030000,0.040000,0.050000,0.060000,0.070000,0.080000,0.090000,0.100000,0.110000,0.120000,0.130000,0.140000,0.150000,0.160000,0.170000,0.180000,0.190000,0.200000,0.210000,0.220000,0.230000,0.240000,0.250000,0.260000,0.270000,0.280000,0.290000,0.300000,0.310000,0.320000,0.330000,0.340000,0.350000,0.360000,0.370000,0.380000,0.390000,0.400000,0.410000,0.420000,0.430000,0.440000,0.450000,0.460000,0.470000,0.480000,0.490000,0.500000,0.510000,0.520000,0.530000,0.540000,0.550000,0.560000,0.570000,0.580000,0.590000,0.600000,0.610000,0.620000,0.630000,0.640000,0.650000,0.660000,0.670000,0.680000,0.690000,0.700000,0.710000,0.720000,0.730000,0.740000,0.750000,0.760000,0.770000,0.780000,0.790000,0.800000,0.810000,0.820000,0.830000,0.839999,0.849999,0.859999,0.869999,0.879999,0.889999,FLR,124.040367,140.326385,146.393539,149.552826,151.278381,152.253265,152.871964,153.273590,153.571487,153.749222,153.908020,154.014587,154.087189,154.165863,154.245255,154.317856,154.353973,154.419418,154.459122,154.489517,154.551743,154.571060,154.627197,154.659027,154.706955,154.735214,154.755585,154.794571,154.827469,154.862518,154.891846,154.922241,154.777771,154.773117,154.625061,154.457336,154.425140,154.281738,154.252411,154.088623,154.092194,153.916245,153.903015,153.730637,153.544312,153.509613,153.353333,153.178452,153.141266,152.966736,152.801514,152.728561,152.579071,152.374512,152.189972,152.147415,151.969315,151.772614,151.579147,151.383514,154.262787,154.696945,154.838913,154.857880,154.863235,154.857513,154.817459,154.803879,154.767029,154.744507,154.730911,154.699799,154.666183,154.653671,154.637222,154.589294,154.576065,154.533859,154.510971,154.476288,154.442673,154.412979,154.385452,154.341812,154.308563,154.272430,154.243118,154.200562,154.163010,154.123657,PAR,7015.842773,7015.842773,7015.842773,7015.842773,7015.842773,7015.842773,7015.842773,7015.842773,7015.842773,7015.842773,7015.842773,7015.842773,7015.842773,7015.842773,7015.842773,7015.842773,7015.842773,7015.842773,7015.842773,7015.842773,7015.842773,7015.842773,7015.842773,7015.842773,7015.842773,7015.842773,7015.842773,7015.842773,7015.842773,7015.842773,6957.388672,6898.934570,6840.480469,6782.026367,6723.572266,6665.118164,6606.664062,6548.209961,6489.755859,6431.301758,6372.847656,6314.393066,6255.938965,6197.484863,6139.030762,6080.576660,6022.122559,5963.668457,5905.214355,5846.760254,5788.306152,5729.852051,5671.397949,5612.943848,5554.489746,5496.035645,5437.581055,5379.126953,5320.672852,5262.218750,7015.842773,7015.842773,7015.842773,7015.842773,7015.842773,7015.842773,7015.842773,7015.842773,7015.842773,7015.842773,7015.842773,7015.842773,7015.842773,7015.842773,7015.842773,7015.842773,7015.842773,7015.842773,7015.842773,7015.842773,7015.842773,7015.842773,7015.842773,7015.842773,7015.842773,7015.842773,7015.842773,7015.842773,7015.842773,7015.842773,PHASE,1,1,1,1,1,1,1,1,1,1,1,1,1,1,1,1,1,1,1,1,1,1,1,1,1,1,1,1,1,1,2,2,2,2,2,2,2,2,2,2,2,2,2,2,2,2,2,2,2,2,2,2,2,2,2,2,2,2,2,2,3,3,3,3,3,3,3,3,3,3,3,3,3,3,3,3,3,3,3,3,3,3,3,3,3,3,3,3,3,3,FLASH_END
2,09:20:16,2026-06-12,Auto gsw+F,LI-COR Default,,002,,,0.242728,2.916548,0.224079,4.985333,1.791352,1.655688,3.906563,2.115210,16.908108,18.293526,39.894333,0.441786,7.500000,PSF-00578_20260612092016_7c8,0.000000,0.000000,0.000000,95.296738,164.026611,0.419017,0.5,0.80,296.564819,1.000000,51.82,47.89,26.41,28.50,28.50,97.92,156.1,156.1,-0.0,1769,4.107,09:18:57,2026-06-12,-0.65,1,0.005,0.004,-0.006,0.111,0.106,0.341,1,150,0.005,2.000000,0.058905,0.000000,0.029230,0.000000,0.000000,-0.000068,standard,0,mpf,7000,500,5.000000,2.000000,300,300,300,151.974319,25,-8.271255,151.951080,152.237213,-0.286133,2.471986,2.463065,1.642443,0.932603,0.257830,0.024098,0.102044,1.585130,95.296738,0.000251,2.397709,-0.000030,1.000000,2.383926,-0.000024,1.000000,0.601714,0.600514,0.106642,0.000000,PSF-00578_20260612092016_7c8,PFA-00612,PSA-00572,PSF-00578,RHS-0697,3.0.0,2022-04-21T19:36:20.491Z,MEASUREMENT_END
PSF-00578_20260612092016_7c8,09:20:16,2026-06-12,PFA-00612,PSA-00572,PSF-00578,0.000000,0.000000,0.000000,164.026611,95.296738,0.419017,1776.061401,TIME,0.000000,0.010000,0.020000,0.030000,0.040000,0.050000,0.060000,0.070000,0.080000,0.090000,0.100000,0.110000,0.120000,0.130000,0.140000,0.150000,0.160000,0.170000,0.180000,0.190000,0.200000,0.210000,0.220000,0.230000,0.240000,0.250000,0.260000,0.270000,0.280000,0.290000,0.300000,0.310000,0.320000,0.330000,0.340000,0.350000,0.360000,0.370000,0.380000,0.390000,0.400000,0.410000,0.420000,0.430000,0.440000,0.450000,0.460000,0.470000,0.480000,0.490000,0.500000,0.510000,0.520000,0.530000,0.540000,0.550000,0.560000,0.570000,0.580000,0.590000,0.600000,0.610000,0.620000,0.630000,0.640000,0.650000,0.660000,0.670000,0.680000,0.690000,0.700000,0.710000,0.720000,0.730000,0.740000,0.750000,0.760000,0.770000,0.780000,0.790000,0.800000,0.810000,0.820000,0.830000,0.839999,0.849999,0.859999,0.869999,0.879999,0.889999,FLR,119.840027,136.376373,142.712479,146.024826,147.883774,148.965958,149.706604,150.182251,150.556320,150.775192,150.954727,151.083466,151.182175,151.266220,151.330597,151.394241,151.466125,151.532288,151.558395,151.610977,151.683212,151.702164,151.759033,151.786560,151.821609,151.880981,151.901367,151.929260,151.961441,151.974319,152.018311,152.019379,151.876694,151.868103,151.708252,151.516205,151.494385,151.331665,151.313431,151.146408,151.132111,150.954727,150.920395,150.749451,150.542740,150.497681,150.337463,150.119308,150.084610,149.922256,149.731277,149.672272,149.491669,149.290680,149.078247,149.013870,148.811813,148.605820,148.406982,148.191696,151.252274,151.728638,151.893143,151.926041,151.951080,151.942139,151.927475,151.894928,151.879547,151.857727,151.834137,151.800156,151.779770,151.753311,151.725418,151.668900,151.651382,151.615616,151.579147,151.559113,151.541946,151.495453,151.452545,151.417847,151.386734,151.357407,151.308411,151.264069,151.219009,151.197189,PAR,7015.842773,7015.842773,7015.842773,7015.842773,7015.842773,7015.842773,7015.842773,7015.842773,7015.842773,7015.842773,7015.842773,7015.842773,7015.842773,7015.842773,7015.842773,7015.842773,7015.842773,7015.842773,7015.842773,7015.842773,7015.842773,7015.842773,7015.842773,7015.842773,7015.842773,7015.842773,7015.842773,7015.842773,7015.842773,7015.842773,6957.388672,6898.934570,6840.480469,6782.026367,6723.572266,6665.118164,6606.664062,6548.209961,6489.755859,6431.301758,6372.847656,6314.393066,6255.938965,6197.484863,6139.030762,6080.576660,6022.122559,5963.668457,5905.214355,5846.760254,5788.306152,5729.852051,5671.397949,5612.943848,5554.489746,5496.035645,5437.581055,5379.126953,5320.672852,5262.218750,7015.842773,7015.842773,7015.842773,7015.842773,7015.842773,7015.842773,7015.842773,7015.842773,7015.842773,7015.842773,7015.842773,7015.842773,7015.842773,7015.842773,7015.842773,7015.842773,7015.842773,7015.842773,7015.842773,7015.842773,7015.842773,7015.842773,7015.842773,7015.842773,7015.842773,7015.842773,7015.842773,7015.842773,7015.842773,7015.842773,PHASE,1,1,1,1,1,1,1,1,1,1,1,1,1,1,1,1,1,1,1,1,1,1,1,1,1,1,1,1,1,1,2,2,2,2,2,2,2,2,2,2,2,2,2,2,2,2,2,2,2,2,2,2,2,2,2,2,2,2,2,2,3,3,3,3,3,3,3,3,3,3,3,3,3,3,3,3,3,3,3,3,3,3,3,3,3,3,3,3,3,3,FLASH_END
3,09:22:01,2026-06-12,Auto gsw+F,LI-COR Default,,003,,,0.238158,2.915510,0.220173,4.914727,1.788751,1.654909,3.910769,2.122018,16.901787,18.268734,39.941158,0.441786,7.500000,PSF-00578_20260612092201_5f7,0.000000,0.000000,0.000000,95.408676,164.737854,0.420845,0.5,0.80,276.409668,1.000000,50.42,46.64,26.85,28.52,28.52,97.91,155.9,156.0,-0.0,1642,4.107,09:18:57,2026-06-12,-0.65,1,-0.002,-0.001,-9999.000,-0.094,-0.170,-9999.000,1,150,0.005,2.000000,0.058905,0.000000,0.029230,0.000000,0.000000,-0.000068,standard,0,mpf,7000,500,5.000000,2.000000,300,300,300,152.434952,25,-8.442694,152.123444,152.704102,-0.580658,2.470269,2.461200,1.641385,0.932382,0.253348,0.019313,0.116832,1.478661,95.408676,0.000288,2.397709,-0.000030,1.000000,2.383926,-0.000024,1.000000,0.601714,0.600514,0.106642,0.000000,PSF-00578_20260612092201_5f7,PFA-00612,PSA-00572,PSF-00578,RHS-0697,3.0.0,2022-04-21T19:36:20.491Z,MEASUREMENT_END
PSF-00578_20260612092201_5f7,09:22:01,2026-06-12,PFA-00612,PSA-00572,PSF-00578,0.000000,0.000000,0.000000,164.737854,95.408676,0.420845,1648.642090,TIME,0.000000,0.010000,0.020000,0.030000,0.040000,0.050000,0.060000,0.070000,0.080000,0.090000,0.100000,0.110000,0.120000,0.130000,0.140000,0.150000,0.160000,0.170000,0.180000,0.190000,0.200000,0.210000,0.220000,0.230000,0.240000,0.250000,0.260000,0.270000,0.280000,0.290000,0.300000,0.310000,0.320000,0.330000,0.340000,0.350000,0.360000,0.370000,0.380000,0.390000,0.400000,0.410000,0.420000,0.430000,0.440000,0.450000,0.460000,0.470000,0.480000,0.490000,0.500000,0.510000,0.520000,0.530000,0.540000,0.550000,0.560000,0.570000,0.580000,0.590000,0.600000,0.610000,0.620000,0.630000,0.640000,0.650000,0.660000,0.670000,0.680000,0.690000,0.700000,0.710000,0.720000,0.730000,0.740000,0.750000,0.760000,0.770000,0.780000,0.790000,0.800000,0.810000,0.820000,0.830000,0.839999,0.849999,0.859999,0.869999,0.879999,0.889999,FLR,120.214462,136.531586,142.645233,145.914322,147.800797,149.004578,149.843567,150.444382,150.862808,151.175735,151.413559,151.549454,151.682861,151.784424,151.876694,151.940704,151.995056,152.052994,152.103073,152.142044,152.201050,152.220734,152.253265,152.298691,152.334457,152.339096,152.367355,152.390594,152.414200,152.434952,152.477509,152.483231,152.321579,152.326584,152.166718,151.982193,151.971817,151.791214,151.754028,151.587723,151.576279,151.390671,151.357773,151.181458,150.965088,150.935059,150.760529,150.551682,150.501602,150.337463,150.142914,150.086044,149.897217,149.682281,149.474152,149.401901,149.218796,149.001724,148.801453,148.582932,151.533722,151.944641,152.079819,152.123444,152.117371,152.104858,152.065521,152.028687,152.014374,151.963226,151.946426,151.885986,151.866669,151.821259,151.808746,151.758667,151.723267,151.682861,151.637787,151.610611,151.578064,151.520844,151.482941,151.433228,151.377075,151.339172,151.284103,151.241180,151.182526,151.126022,PAR,7015.842773,7015.842773,7015.842773,7015.842773,7015.842773,7015.842773,7015.842773,7015.842773,7015.842773,7015.842773,7015.842773,7015.842773,7015.842773,7015.842773,7015.842773,7015.842773,7015.842773,7015.842773,7015.842773,7015.842773,7015.842773,7015.842773,7015.842773,7015.842773,7015.842773,7015.842773,7015.842773,7015.842773,7015.842773,7015.842773,6957.388672,6898.934570,6840.480469,6782.026367,6723.572266,6665.118164,6606.664062,6548.209961,6489.755859,6431.301758,6372.847656,6314.393066,6255.938965,6197.484863,6139.030762,6080.576660,6022.122559,5963.668457,5905.214355,5846.760254,5788.306152,5729.852051,5671.397949,5612.943848,5554.489746,5496.035645,5437.581055,5379.126953,5320.672852,5262.218750,7015.842773,7015.842773,7015.842773,7015.842773,7015.842773,7015.842773,7015.842773,7015.842773,7015.842773,7015.842773,7015.842773,7015.842773,7015.842773,7015.842773,7015.842773,7015.842773,7015.842773,7015.842773,7015.842773,7015.842773,7015.842773,7015.842773,7015.842773,7015.842773,7015.842773,7015.842773,7015.842773,7015.842773,7015.842773,7015.842773,PHASE,1,1,1,1,1,1,1,1,1,1,1,1,1,1,1,1,1,1,1,1,1,1,1,1,1,1,1,1,1,1,2,2,2,2,2,2,2,2,2,2,2,2,2,2,2,2,2,2,2,2,2,2,2,2,2,2,2,2,2,2,3,3,3,3,3,3,3,3,3,3,3,3,3,3,3,3,3,3,3,3,3,3,3,3,3,3,3,3,3,3,FLASH_END
4,09:23:10,2026-06-12,Auto gsw+F,LI-COR Default,,004,,,0.188587,2.914233,0.177125,4.243366,1.723928,1.608169,4.001174,2.277246,16.423548,17.605747,40.862293,0.441786,7.500000,PSF-00578_20260612092310_ba2,0.000000,0.000000,0.000000,95.131516,154.362762,0.383715,0.5,0.80,290.825134,1.000000,47.92,44.71,27.09,28.91,28.91,97.92,155.8,156.0,-0.2,1895,4.103,09:18:57,2026-06-12,-0.65,1,0.002,0.004,-9999.000,-0.706,-2.044,-9999.000,1,150,0.005,2.000000,0.058905,0.000000,0.029230,0.000000,0.000000,-0.000068,standard,0,mpf,7000,500,5.000000,2.000000,300,300,300,142.172104,25,-8.412439,141.374939,142.372131,-0.997192,2.467679,2.457968,1.640088,0.932481,0.251003,0.021186,0.126321,1.689905,95.131516,0.000272,2.397709,-0.000030,1.000000,2.383926,-0.000024,1.000000,0.601714,0.600514,0.106642,0.000000,PSF-00578_20260612092310_ba2,PFA-00612,PSA-00572,PSF-00578,RHS-0697,3.0.0,2022-04-21T19:36:20.491Z,MEASUREMENT_END
PSF-00578_20260612092310_ba2,09:23:10,2026-06-12,PFA-00612,PSA-00572,PSF-00578,0.000000,0.000000,0.000000,154.362762,95.131516,0.383715,1901.452881,TIME,0.000000,0.010000,0.020000,0.030000,0.040000,0.050000,0.060000,0.070000,0.080000,0.090000,0.100000,0.110000,0.120000,0.130000,0.140000,0.150000,0.160000,0.170000,0.180000,0.190000,0.200000,0.210000,0.220000,0.230000,0.240000,0.250000,0.260000,0.270000,0.280000,0.290000,0.300000,0.310000,0.320000,0.330000,0.340000,0.350000,0.360000,0.370000,0.380000,0.390000,0.400000,0.410000,0.420000,0.430000,0.440000,0.450000,0.460000,0.470000,0.480000,0.490000,0.500000,0.510000,0.520000,0.530000,0.540000,0.550000,0.560000,0.570000,0.580000,0.590000,0.600000,0.610000,0.620000,0.630000,0.640000,0.650000,0.660000,0.670000,0.680000,0.690000,0.700000,0.710000,0.720000,0.730000,0.740000,0.750000,0.760000,0.770000,0.780000,0.790000,0.800000,0.810000,0.820000,0.830000,0.839999,0.849999,0.859999,0.869999,0.879999,0.889999,FLR,115.585686,129.659409,135.120743,137.999649,139.546387,140.391464,140.905380,141.227966,141.435028,141.568420,141.687866,141.754395,141.794800,141.844147,141.864899,141.912109,141.958588,141.993637,142.025467,142.047287,142.081268,142.089493,142.105942,142.110947,142.132751,142.153137,142.136688,142.151352,142.171738,142.172104,142.195709,142.157791,142.029053,142.005081,141.828415,141.665344,141.619568,141.475082,141.430740,141.258713,141.228317,141.048080,141.009811,140.846008,140.640381,140.583878,140.421158,140.229462,140.164368,139.983414,139.803528,139.737366,139.561050,139.350052,139.156937,139.088989,138.908035,138.712051,138.504623,138.309357,140.860672,141.254776,141.363861,141.374939,141.332382,141.303772,141.249054,141.204712,141.160370,141.131042,141.085983,141.028412,140.982986,140.943649,140.885345,140.838867,140.790588,140.760544,140.702240,140.652893,140.626434,140.557404,140.498764,140.453690,140.399689,140.334244,140.283112,140.230896,140.176895,140.126114,PAR,7015.842773,7015.842773,7015.842773,7015.842773,7015.842773,7015.842773,7015.842773,7015.842773,7015.842773,7015.842773,7015.842773,7015.842773,7015.842773,7015.842773,7015.842773,7015.842773,7015.842773,7015.842773,7015.842773,7015.842773,7015.842773,7015.842773,7015.842773,7015.842773,7015.842773,7015.842773,7015.842773,7015.842773,7015.842773,7015.842773,6957.388672,6898.934570,6840.480469,6782.026367,6723.572266,6665.118164,6606.664062,6548.209961,6489.755859,6431.301758,6372.847656,6314.393066,6255.938965,6197.484863,6139.030762,6080.576660,6022.122559,5963.668457,5905.214355,5846.760254,5788.306152,5729.852051,5671.397949,5612.943848,5554.489746,5496.035645,5437.581055,5379.126953,5320.672852,5262.218750,7015.842773,7015.842773,7015.842773,7015.842773,7015.842773,7015.842773,7015.842773,7015.842773,7015.842773,7015.842773,7015.842773,7015.842773,7015.842773,7015.842773,7015.842773,7015.842773,7015.842773,7015.842773,7015.842773,7015.842773,7015.842773,7015.842773,7015.842773,7015.842773,7015.842773,7015.842773,7015.842773,7015.842773,7015.842773,7015.842773,PHASE,1,1,1,1,1,1,1,1,1,1,1,1,1,1,1,1,1,1,1,1,1,1,1,1,1,1,1,1,1,1,2,2,2,2,2,2,2,2,2,2,2,2,2,2,2,2,2,2,2,2,2,2,2,2,2,2,2,2,2,2,3,3,3,3,3,3,3,3,3,3,3,3,3,3,3,3,3,3,3,3,3,3,3,3,3,3,3,3,3,3,FLASH_END
5,09:24:09,2026-06-12,Auto gsw+F,LI-COR Default,Flag,005,,,0.199906,2.916356,0.187082,4.567713,1.774744,1.650411,4.093813,2.319069,16.855072,18.124846,41.808697,0.441786,7.500000,PSF-00578_20260612092409_f0b,0.000000,0.000000,0.000000,96.794846,157.809677,0.386636,0.5,0.80,279.982361,1.000000,48.92,45.49,27.23,29.31,29.31,97.92,156.0,156.0,0.0,1810,4.103,09:18:57,2026-06-12,-0.65,1,0.001,0.002,0.007,-0.356,-0.975,-2.727,1,150,0.005,2.000000,0.058905,0.000000,0.029230,0.000000,0.000000,-0.000068,standard,0,mpf,7000,500,5.000000,2.000000,300,300,300,146.800873,25,-7.546076,146.433945,147.053909,-0.619965,2.468687,2.459218,1.642247,0.932454,0.249556,0.024101,0.134200,1.619362,96.794846,0.000268,2.397709,-0.000030,1.000000,2.383926,-0.000024,1.000000,0.601714,0.600514,0.106642,0.000000,PSF-00578_20260612092409_f0b,PFA-00612,PSA-00572,PSF-00578,RHS-0697,3.0.0,2022-04-21T19:36:20.491Z,MEASUREMENT_END
PSF-00578_20260612092409_f0b,09:24:09,2026-06-12,PFA-00612,PSA-00572,PSF-00578,0.000000,0.000000,0.000000,157.809677,96.794846,0.386636,1817.028198,TIME,0.000000,0.010000,0.020000,0.030000,0.040000,0.050000,0.060000,0.070000,0.080000,0.090000,0.100000,0.110000,0.120000,0.130000,0.140000,0.150000,0.160000,0.170000,0.180000,0.190000,0.200000,0.210000,0.220000,0.230000,0.240000,0.250000,0.260000,0.270000,0.280000,0.290000,0.300000,0.310000,0.320000,0.330000,0.340000,0.350000,0.360000,0.370000,0.380000,0.390000,0.400000,0.410000,0.420000,0.430000,0.440000,0.450000,0.460000,0.470000,0.480000,0.490000,0.500000,0.510000,0.520000,0.530000,0.540000,0.550000,0.560000,0.570000,0.580000,0.590000,0.600000,0.610000,0.620000,0.630000,0.640000,0.650000,0.660000,0.670000,0.680000,0.690000,0.700000,0.710000,0.720000,0.730000,0.740000,0.750000,0.760000,0.770000,0.780000,0.790000,0.800000,0.810000,0.820000,0.830000,0.839999,0.849999,0.859999,0.869999,0.879999,0.889999,FLR,119.132637,133.541824,138.940216,141.790146,143.375870,144.286041,144.848221,145.215149,145.471573,145.667191,145.810608,145.896072,146.005157,146.088120,146.148926,146.212219,146.269806,146.323807,146.377441,146.420364,146.494751,146.520493,146.576279,146.618484,146.656387,146.694656,146.726135,146.745804,146.762253,146.800873,146.835205,146.832703,146.721130,146.707535,146.572708,146.397827,146.381027,146.241547,146.217224,146.058792,146.046631,145.898224,145.865677,145.714050,145.523071,145.473007,145.328522,145.149353,145.087479,144.931915,144.755249,144.697311,144.528870,144.346115,144.163727,144.102936,143.941284,143.754608,143.543243,143.377304,145.950073,146.313431,146.398895,146.433945,146.421783,146.385315,146.367432,146.333099,146.288757,146.265152,146.229385,146.170731,146.141052,146.101349,146.063812,146.013382,145.986908,145.933273,145.895721,145.859604,145.819183,145.766968,145.732635,145.686859,145.637512,145.609619,145.552032,145.511978,145.456558,145.407196,PAR,7015.842773,7015.842773,7015.842773,7015.842773,7015.842773,7015.842773,7015.842773,7015.842773,7015.842773,7015.842773,7015.842773,7015.842773,7015.842773,7015.842773,7015.842773,7015.842773,7015.842773,7015.842773,7015.842773,7015.842773,7015.842773,7015.842773,7015.842773,7015.842773,7015.842773,7015.842773,7015.842773,7015.842773,7015.842773,7015.842773,6957.388672,6898.934570,6840.480469,6782.026367,6723.572266,6665.118164,6606.664062,6548.209961,6489.755859,6431.301758,6372.847656,6314.393066,6255.938965,6197.484863,6139.030762,6080.576660,6022.122559,5963.668457,5905.214355,5846.760254,5788.306152,5729.852051,5671.397949,5612.943848,5554.489746,5496.035645,5437.581055,5379.126953,5320.672852,5262.218750,7015.842773,7015.842773,7015.842773,7015.842773,7015.842773,7015.842773,7015.842773,7015.842773,7015.842773,7015.842773,7015.842773,7015.842773,7015.842773,7015.842773,7015.842773,7015.842773,7015.842773,7015.842773,7015.842773,7015.842773,7015.842773,7015.842773,7015.842773,7015.842773,7015.842773,7015.842773,7015.842773,7015.842773,7015.842773,7015.842773,PHASE,1,1,1,1,1,1,1,1,1,1,1,1,1,1,1,1,1,1,1,1,1,1,1,1,1,1,1,1,1,1,2,2,2,2,2,2,2,2,2,2,2,2,2,2,2,2,2,2,2,2,2,2,2,2,2,2,2,2,2,2,3,3,3,3,3,3,3,3,3,3,3,3,3,3,3,3,3,3,3,3,3,3,3,3,3,3,3,3,3,3,FLASH_END
6,09:25:25,2026-06-12,Auto gsw+F,LI-COR Default,,006,,,0.161131,2.916142,0.152694,3.851955,1.811342,1.706512,4.205635,2.394293,17.427658,18.498230,42.949814,0.441786,7.500000,PSF-00578_20260612092525_a97,0.000000,0.000000,0.000000,92.180374,148.705780,0.380116,0.5,0.80,279.470276,1.000000,49.38,46.52,27.42,29.77,29.77,97.92,156.0,155.8,0.1,1838,4.101,09:18:57,2026-06-12,-0.65,1,-0.001,-0.001,0.010,-0.657,-1.304,-3.313,1,150,0.005,2.000000,0.058905,0.000000,0.029230,0.000000,0.000000,-0.000068,standard,0,mpf,7000,500,5.000000,2.000000,300,300,300,137.899521,25,-7.420476,137.548691,138.129044,-0.580353,2.470005,2.459773,1.642030,0.931995,0.247689,0.027369,0.144140,1.642494,92.180374,0.000270,2.397709,-0.000030,1.000000,2.383926,-0.000024,1.000000,0.601714,0.600514,0.106642,0.000000,PSF-00578_20260612092525_a97,PFA-00612,PSA-00572,PSF-00578,RHS-0697,3.0.0,2022-04-21T19:36:20.491Z,MEASUREMENT_END
PSF-00578_20260612092525_a97,09:25:25,2026-06-12,PFA-00612,PSA-00572,PSF-00578,0.000000,0.000000,0.000000,148.705780,92.180374,0.380116,1844.712402,TIME,0.000000,0.010000,0.020000,0.030000,0.040000,0.050000,0.060000,0.070000,0.080000,0.090000,0.100000,0.110000,0.120000,0.130000,0.140000,0.150000,0.160000,0.170000,0.180000,0.190000,0.200000,0.210000,0.220000,0.230000,0.240000,0.250000,0.260000,0.270000,0.280000,0.290000,0.300000,0.310000,0.320000,0.330000,0.340000,0.350000,0.360000,0.370000,0.380000,0.390000,0.400000,0.410000,0.420000,0.430000,0.440000,0.450000,0.460000,0.470000,0.480000,0.490000,0.500000,0.510000,0.520000,0.530000,0.540000,0.550000,0.560000,0.570000,0.580000,0.590000,0.600000,0.610000,0.620000,0.630000,0.640000,0.650000,0.660000,0.670000,0.680000,0.690000,0.700000,0.710000,0.720000,0.730000,0.740000,0.750000,0.760000,0.770000,0.780000,0.790000,0.800000,0.810000,0.820000,0.830000,0.839999,0.849999,0.859999,0.869999,0.879999,0.889999,FLR,111.636398,125.031349,130.341049,133.118744,134.641891,135.523087,136.075256,136.438614,136.688232,136.865616,137.026184,137.108444,137.190704,137.281891,137.340195,137.399551,137.444977,137.489319,137.525803,137.583740,137.636307,137.652405,137.689240,137.722855,137.765045,137.793655,137.821915,137.851593,137.885574,137.899521,137.938858,137.939926,137.806534,137.792938,137.663483,137.496475,137.466782,137.313370,137.294052,137.153152,137.124542,136.965042,136.938217,136.777283,136.621353,136.570572,136.435394,136.247284,136.174683,136.048431,135.879272,135.829208,135.660416,135.482315,135.293839,135.237701,135.064606,134.887573,134.687668,134.496338,137.017609,137.425308,137.535095,137.548691,137.547607,137.512558,137.479660,137.455338,137.427444,137.395981,137.364868,137.308365,137.284760,137.246124,137.208588,137.169235,137.133118,137.087708,137.064819,136.997940,136.981125,136.918900,136.874557,136.841660,136.798386,136.764053,136.716125,136.670349,136.639954,136.584518,PAR,7015.842773,7015.842773,7015.842773,7015.842773,7015.842773,7015.842773,7015.842773,7015.842773,7015.842773,7015.842773,7015.842773,7015.842773,7015.842773,7015.842773,7015.842773,7015.842773,7015.842773,7015.842773,7015.842773,7015.842773,7015.842773,7015.842773,7015.842773,7015.842773,7015.842773,7015.842773,7015.842773,7015.842773,7015.842773,7015.842773,6957.388672,6898.934570,6840.480469,6782.026367,6723.572266,6665.118164,6606.664062,6548.209961,6489.755859,6431.301758,6372.847656,6314.393066,6255.938965,6197.484863,6139.030762,6080.576660,6022.122559,5963.668457,5905.214355,5846.760254,5788.306152,5729.852051,5671.397949,5612.943848,5554.489746,5496.035645,5437.581055,5379.126953,5320.672852,5262.218750,7015.842773,7015.842773,7015.842773,7015.842773,7015.842773,7015.842773,7015.842773,7015.842773,7015.842773,7015.842773,7015.842773,7015.842773,7015.842773,7015.842773,7015.842773,7015.842773,7015.842773,7015.842773,7015.842773,7015.842773,7015.842773,7015.842773,7015.842773,7015.842773,7015.842773,7015.842773,7015.842773,7015.842773,7015.842773,7015.842773,PHASE,1,1,1,1,1,1,1,1,1,1,1,1,1,1,1,1,1,1,1,1,1,1,1,1,1,1,1,1,1,1,2,2,2,2,2,2,2,2,2,2,2,2,2,2,2,2,2,2,2,2,2,2,2,2,2,2,2,2,2,2,3,3,3,3,3,3,3,3,3,3,3,3,3,3,3,3,3,3,3,3,3,3,3,3,3,3,3,3,3,3,FLASH_END
7,09:26:04,2026-06-12,Auto gsw+F,LI-COR Default,,007,,,0.224898,2.916123,0.208795,5.314962,1.844763,1.700169,4.259587,2.414824,17.363327,18.840021,43.501911,0.441786,7.500000,PSF-00578_20260612092604_10a,0.000000,0.000000,0.000000,94.825745,154.573975,0.386535,0.5,0.80,305.605713,1.000000,50.00,46.08,27.52,30.00,30.00,97.92,156.0,156.0,0.0,1977,4.099,09:18:57,2026-06-12,-0.65,1,0.001,0.000,-9999.000,0.068,-0.160,-9999.000,1,150,0.005,2.000000,0.058905,0.000000,0.029230,0.000000,0.000000,-0.000068,standard,0,mpf,7000,500,5.000000,2.000000,300,300,300,142.927048,25,-7.975132,142.456055,143.206650,-0.750595,2.469414,2.460555,1.642009,0.932380,0.246732,0.028838,0.149064,1.758232,94.825745,0.000275,2.397709,-0.000030,1.000000,2.383926,-0.000024,1.000000,0.601714,0.600514,0.106642,0.000000,PSF-00578_20260612092604_10a,PFA-00612,PSA-00572,PSF-00578,RHS-0697,3.0.0,2022-04-21T19:36:20.491Z,MEASUREMENT_END
PSF-00578_20260612092604_10a,09:26:04,2026-06-12,PFA-00612,PSA-00572,PSF-00578,0.000000,0.000000,0.000000,154.573975,94.825745,0.386535,1983.224487,TIME,0.000000,0.010000,0.020000,0.030000,0.040000,0.050000,0.060000,0.070000,0.080000,0.090000,0.100000,0.110000,0.120000,0.130000,0.140000,0.150000,0.160000,0.170000,0.180000,0.190000,0.200000,0.210000,0.220000,0.230000,0.240000,0.250000,0.260000,0.270000,0.280000,0.290000,0.300000,0.310000,0.320000,0.330000,0.340000,0.350000,0.360000,0.370000,0.380000,0.390000,0.400000,0.410000,0.420000,0.430000,0.440000,0.450000,0.460000,0.470000,0.480000,0.490000,0.500000,0.510000,0.520000,0.530000,0.540000,0.550000,0.560000,0.570000,0.580000,0.590000,0.600000,0.610000,0.620000,0.630000,0.640000,0.650000,0.660000,0.670000,0.680000,0.690000,0.700000,0.710000,0.720000,0.730000,0.740000,0.750000,0.760000,0.770000,0.780000,0.790000,0.800000,0.810000,0.820000,0.830000,0.839999,0.849999,0.859999,0.869999,0.879999,0.889999,FLR,116.099594,130.426880,135.875351,138.642670,140.043137,140.817047,141.280533,141.569855,141.796234,141.935699,142.052292,142.156357,142.235046,142.293335,142.363434,142.425659,142.486099,142.535812,142.590881,142.645233,142.696030,142.724991,142.767197,142.800446,142.833359,142.844437,142.873764,142.898087,142.915970,142.927048,142.975327,142.976410,142.861969,142.837646,142.700317,142.520432,142.494324,142.348770,142.306931,142.165298,142.132401,141.981476,141.944641,141.770477,141.593094,141.553757,141.387100,141.197556,141.134613,140.965820,140.781281,140.701172,140.542740,140.332458,140.159729,140.086777,139.913681,139.723785,139.505981,139.314301,141.943222,142.338745,142.435669,142.444260,142.456055,142.410995,142.379883,142.341263,142.301910,142.262222,142.223236,142.165665,142.145996,142.090561,142.048004,142.013672,141.974335,141.938919,141.882416,141.840225,141.805893,141.745087,141.707184,141.653900,141.607758,141.566986,141.514420,141.474014,141.435745,141.389252,PAR,7015.842773,7015.842773,7015.842773,7015.842773,7015.842773,7015.842773,7015.842773,7015.842773,7015.842773,7015.842773,7015.842773,7015.842773,7015.842773,7015.842773,7015.842773,7015.842773,7015.842773,7015.842773,7015.842773,7015.842773,7015.842773,7015.842773,7015.842773,7015.842773,7015.842773,7015.842773,7015.842773,7015.842773,7015.842773,7015.842773,6957.388672,6898.934570,6840.480469,6782.026367,6723.572266,6665.118164,6606.664062,6548.209961,6489.755859,6431.301758,6372.847656,6314.393066,6255.938965,6197.484863,6139.030762,6080.576660,6022.122559,5963.668457,5905.214355,5846.760254,5788.306152,5729.852051,5671.397949,5612.943848,5554.489746,5496.035645,5437.581055,5379.126953,5320.672852,5262.218750,7015.842773,7015.842773,7015.842773,7015.842773,7015.842773,7015.842773,7015.842773,7015.842773,7015.842773,7015.842773,7015.842773,7015.842773,7015.842773,7015.842773,7015.842773,7015.842773,7015.842773,7015.842773,7015.842773,7015.842773,7015.842773,7015.842773,7015.842773,7015.842773,7015.842773,7015.842773,7015.842773,7015.842773,7015.842773,7015.842773,PHASE,1,1,1,1,1,1,1,1,1,1,1,1,1,1,1,1,1,1,1,1,1,1,1,1,1,1,1,1,1,1,2,2,2,2,2,2,2,2,2,2,2,2,2,2,2,2,2,2,2,2,2,2,2,2,2,2,2,2,2,2,3,3,3,3,3,3,3,3,3,3,3,3,3,3,3,3,3,3,3,3,3,3,3,3,3,3,3,3,3,3,FLASH_END
8,09:27:04,2026-06-12,Auto gsw+F,LI-COR Default,,008,,,0.214896,2.916261,0.200147,5.286725,1.931297,1.787603,4.433873,2.502576,18.254589,19.721956,45.277676,0.441786,7.500000,PSF-00578_20260612092704_f20,0.000000,0.000000,0.000000,87.264420,145.693192,0.401040,0.5,0.80,309.781982,1.000000,51.84,47.99,27.68,30.70,30.70,97.93,156.0,155.9,0.1,1931,4.097,09:18:57,2026-06-12,-0.65,1,0.005,0.004,-9999.000,-0.155,-0.327,-9999.000,1,150,0.005,2.000000,0.058905,0.000000,0.029230,0.000000,0.000000,-0.000068,standard,0,mpf,7000,500,5.000000,2.000000,300,300,300,130.606049,25,-10.509132,129.097580,130.714050,-1.616470,2.471879,2.462876,1.642151,0.932121,0.245121,0.035145,0.156760,1.720250,87.264420,0.000275,2.397709,-0.000030,1.000000,2.383926,-0.000024,1.000000,0.601714,0.600514,0.106642,0.000000,PSF-00578_20260612092704_f20,PFA-00612,PSA-00572,PSF-00578,RHS-0697,3.0.0,2022-04-21T19:36:20.491Z,MEASUREMENT_END
PSF-00578_20260612092704_f20,09:27:04,2026-06-12,PFA-00612,PSA-00572,PSF-00578,0.000000,0.000000,0.000000,145.693192,87.264420,0.401040,1937.768921,TIME,0.000000,0.010000,0.020000,0.030000,0.040000,0.050000,0.060000,0.070000,0.080000,0.090000,0.100000,0.110000,0.120000,0.130000,0.140000,0.150000,0.160000,0.170000,0.180000,0.190000,0.200000,0.210000,0.220000,0.230000,0.240000,0.250000,0.260000,0.270000,0.280000,0.290000,0.300000,0.310000,0.320000,0.330000,0.340000,0.350000,0.360000,0.370000,0.380000,0.390000,0.400000,0.410000,0.420000,0.430000,0.440000,0.450000,0.460000,0.470000,0.480000,0.490000,0.500000,0.510000,0.520000,0.530000,0.540000,0.550000,0.560000,0.570000,0.580000,0.590000,0.600000,0.610000,0.620000,0.630000,0.640000,0.650000,0.660000,0.670000,0.680000,0.690000,0.700000,0.710000,0.720000,0.730000,0.740000,0.750000,0.760000,0.770000,0.780000,0.790000,0.800000,0.810000,0.820000,0.830000,0.839999,0.849999,0.859999,0.869999,0.879999,0.889999,FLR,105.832817,118.141296,123.302223,126.210449,127.892731,128.875488,129.471664,129.858978,130.105377,130.250931,130.374664,130.429382,130.475525,130.517365,130.554916,130.554199,130.560989,130.575302,130.606049,130.592819,130.597824,130.599976,130.604980,130.602127,130.599976,130.597107,130.577087,130.553848,130.531311,130.519516,130.512360,130.496628,130.323532,130.277390,130.090714,129.848953,129.784576,129.590393,129.518860,129.320023,129.254944,129.038925,128.966339,128.773926,128.532883,128.451355,128.232483,128.006104,127.925995,127.719643,127.498268,127.393486,127.172112,126.955750,126.711487,126.611351,126.394272,126.165390,125.938293,125.693321,128.400208,128.893738,129.050018,129.097580,129.080414,129.057892,129.017120,128.950958,128.893021,128.841156,128.792160,128.729584,128.670929,128.613358,128.556137,128.506775,128.440262,128.400925,128.328674,128.280045,128.221039,128.145569,128.070480,128.022186,127.958534,127.883789,127.817986,127.754684,127.686378,127.620224,PAR,7015.842773,7015.842773,7015.842773,7015.842773,7015.842773,7015.842773,7015.842773,7015.842773,7015.842773,7015.842773,7015.842773,7015.842773,7015.842773,7015.842773,7015.842773,7015.842773,7015.842773,7015.842773,7015.842773,7015.842773,7015.842773,7015.842773,7015.842773,7015.842773,7015.842773,7015.842773,7015.842773,7015.842773,7015.842773,7015.842773,6957.388672,6898.934570,6840.480469,6782.026367,6723.572266,6665.118164,6606.664062,6548.209961,6489.755859,6431.301758,6372.847656,6314.393066,6255.938965,6197.484863,6139.030762,6080.576660,6022.122559,5963.668457,5905.214355,5846.760254,5788.306152,5729.852051,5671.397949,5612.943848,5554.489746,5496.035645,5437.581055,5379.126953,5320.672852,5262.218750,7015.842773,7015.842773,7015.842773,7015.842773,7015.842773,7015.842773,7015.842773,7015.842773,7015.842773,7015.842773,7015.842773,7015.842773,7015.842773,7015.842773,7015.842773,7015.842773,7015.842773,7015.842773,7015.842773,7015.842773,7015.842773,7015.842773,7015.842773,7015.842773,7015.842773,7015.842773,7015.842773,7015.842773,7015.842773,7015.842773,PHASE,1,1,1,1,1,1,1,1,1,1,1,1,1,1,1,1,1,1,1,1,1,1,1,1,1,1,1,1,1,1,2,2,2,2,2,2,2,2,2,2,2,2,2,2,2,2,2,2,2,2,2,2,2,2,2,2,2,2,2,2,3,3,3,3,3,3,3,3,3,3,3,3,3,3,3,3,3,3,3,3,3,3,3,3,3,3,3,3,3,3,FLASH_END
9,09:27:55,2026-06-12,Auto gsw+F,LI-COR Default,,009,,,0.128474,2.915764,0.123052,3.398386,1.761901,1.669335,4.381500,2.619599,17.047165,17.992445,44.743656,0.441786,7.500000,PSF-00578_20260612092755_4d6,0.000000,0.000000,0.000000,92.275497,142.740814,0.353545,0.5,0.80,255.514725,1.000000,46.91,44.44,27.82,30.49,30.49,97.92,156.0,155.9,0.0,1807,4.096,09:18:57,2026-06-12,-0.65,1,-0.000,-0.001,-9999.000,-0.640,-0.695,-9999.000,1,150,0.005,2.000000,0.058905,0.000000,0.029230,0.000000,0.000000,-0.000068,standard,0,mpf,7000,500,5.000000,2.000000,300,300,300,132.436401,25,-7.116103,131.699677,132.597916,-0.898239,2.467200,2.456530,1.641645,0.932134,0.243747,0.031078,0.163157,1.616377,92.275497,0.000286,2.397709,-0.000030,1.000000,2.383926,-0.000024,1.000000,0.601714,0.600514,0.106642,0.000000,PSF-00578_20260612092755_4d6,PFA-00612,PSA-00572,PSF-00578,RHS-0697,3.0.0,2022-04-21T19:36:20.491Z,MEASUREMENT_END
PSF-00578_20260612092755_4d6,09:27:55,2026-06-12,PFA-00612,PSA-00572,PSF-00578,0.000000,0.000000,0.000000,142.740814,92.275497,0.353545,1813.456055,TIME,0.000000,0.010000,0.020000,0.030000,0.040000,0.050000,0.060000,0.070000,0.080000,0.090000,0.100000,0.110000,0.120000,0.130000,0.140000,0.150000,0.160000,0.170000,0.180000,0.190000,0.200000,0.210000,0.220000,0.230000,0.240000,0.250000,0.260000,0.270000,0.280000,0.290000,0.300000,0.310000,0.320000,0.330000,0.340000,0.350000,0.360000,0.370000,0.380000,0.390000,0.400000,0.410000,0.420000,0.430000,0.440000,0.450000,0.460000,0.470000,0.480000,0.490000,0.500000,0.510000,0.520000,0.530000,0.540000,0.550000,0.560000,0.570000,0.580000,0.590000,0.600000,0.610000,0.620000,0.630000,0.640000,0.650000,0.660000,0.670000,0.680000,0.690000,0.700000,0.710000,0.720000,0.730000,0.740000,0.750000,0.760000,0.770000,0.780000,0.790000,0.800000,0.810000,0.820000,0.830000,0.839999,0.849999,0.859999,0.869999,0.879999,0.889999,FLR,109.686615,121.476891,125.981926,128.385544,129.726288,130.517715,131.035919,131.366730,131.610275,131.759766,131.884216,131.952530,132.020477,132.061951,132.102722,132.143860,132.178192,132.205719,132.240768,132.280823,132.309433,132.306213,132.336975,132.353424,132.365936,132.393127,132.404205,132.403137,132.425659,132.436401,132.431747,132.416367,132.314438,132.281906,132.142776,132.012604,131.958252,131.819489,131.808395,131.667847,131.646042,131.482605,131.450058,131.303787,131.126755,131.079559,130.947952,130.785583,130.736954,130.582092,130.406860,130.364655,130.206223,130.053879,129.876495,129.815704,129.659058,129.500626,129.336838,129.171616,131.286270,131.626373,131.687515,131.699677,131.692169,131.685379,131.630661,131.599182,131.558777,131.524078,131.493683,131.459717,131.396057,131.363159,131.332397,131.293411,131.256226,131.206512,131.157166,131.130692,131.097076,131.037003,131.007675,130.942947,130.904678,130.861755,130.824203,130.773071,130.730515,130.679016,PAR,7015.842773,7015.842773,7015.842773,7015.842773,7015.842773,7015.842773,7015.842773,7015.842773,7015.842773,7015.842773,7015.842773,7015.842773,7015.842773,7015.842773,7015.842773,7015.842773,7015.842773,7015.842773,7015.842773,7015.842773,7015.842773,7015.842773,7015.842773,7015.842773,7015.842773,7015.842773,7015.842773,7015.842773,7015.842773,7015.842773,6957.388672,6898.934570,6840.480469,6782.026367,6723.572266,6665.118164,6606.664062,6548.209961,6489.755859,6431.301758,6372.847656,6314.393066,6255.938965,6197.484863,6139.030762,6080.576660,6022.122559,5963.668457,5905.214355,5846.760254,5788.306152,5729.852051,5671.397949,5612.943848,5554.489746,5496.035645,5437.581055,5379.126953,5320.672852,5262.218750,7015.842773,7015.842773,7015.842773,7015.842773,7015.842773,7015.842773,7015.842773,7015.842773,7015.842773,7015.842773,7015.842773,7015.842773,7015.842773,7015.842773,7015.842773,7015.842773,7015.842773,7015.842773,7015.842773,7015.842773,7015.842773,7015.842773,7015.842773,7015.842773,7015.842773,7015.842773,7015.842773,7015.842773,7015.842773,7015.842773,PHASE,1,1,1,1,1,1,1,1,1,1,1,1,1,1,1,1,1,1,1,1,1,1,1,1,1,1,1,1,1,1,2,2,2,2,2,2,2,2,2,2,2,2,2,2,2,2,2,2,2,2,2,2,2,2,2,2,2,2,2,2,3,3,3,3,3,3,3,3,3,3,3,3,3,3,3,3,3,3,3,3,3,3,3,3,3,3,3,3,3,3,FLASH_END
10,09:29:22,2026-06-12,Auto gsw+F,LI-COR Default,,010,,,0.173784,2.916628,0.164012,4.306830,1.777169,1.659944,4.269463,2.492295,16.949579,18.146547,43.595200,0.441786,7.500000,PSF-00578_20260612092922_118,0.000000,0.000000,0.000000,94.185234,149.305603,0.369178,0.5,0.80,272.518738,1.000000,46.75,43.67,28.03,30.04,30.04,97.93,156.1,156.0,0.1,1845,4.092,09:29:14,2026-06-12,-0.57,1,0.001,0.005,0.014,-0.517,-1.174,-1.337,1,150,0.005,2.000000,0.058905,0.000000,0.029230,0.000000,0.000000,-0.000068,standard,0,mpf,7000,500,5.000000,2.000000,300,300,300,138.740295,25,-7.258204,138.174179,138.960159,-0.785980,2.466138,2.456186,1.642525,0.932305,0.241773,0.023442,0.173842,1.648662,94.185234,0.000289,2.397709,-0.000030,1.000000,2.383926,-0.000024,1.000000,0.601714,0.600514,0.106642,0.000000,PSF-00578_20260612092922_118,PFA-00612,PSA-00572,PSF-00578,RHS-0697,3.0.0,2022-04-21T19:36:20.491Z,MEASUREMENT_END
PSF-00578_20260612092922_118,09:29:22,2026-06-12,PFA-00612,PSA-00572,PSF-00578,0.000000,0.000000,0.000000,149.305603,94.185234,0.369178,1852.093628,TIME,0.000000,0.010000,0.020000,0.030000,0.040000,0.050000,0.060000,0.070000,0.080000,0.090000,0.100000,0.110000,0.120000,0.130000,0.140000,0.150000,0.160000,0.170000,0.180000,0.190000,0.200000,0.210000,0.220000,0.230000,0.240000,0.250000,0.260000,0.270000,0.280000,0.290000,0.300000,0.310000,0.320000,0.330000,0.340000,0.350000,0.360000,0.370000,0.380000,0.390000,0.400000,0.410000,0.420000,0.430000,0.440000,0.450000,0.460000,0.470000,0.480000,0.490000,0.500000,0.510000,0.520000,0.530000,0.540000,0.550000,0.560000,0.570000,0.580000,0.590000,0.600000,0.610000,0.620000,0.630000,0.640000,0.650000,0.660000,0.670000,0.680000,0.690000,0.700000,0.710000,0.720000,0.730000,0.740000,0.750000,0.760000,0.770000,0.780000,0.790000,0.800000,0.810000,0.820000,0.830000,0.839999,0.849999,0.859999,0.869999,0.879999,0.889999,FLR,113.360527,126.407860,131.577011,134.337906,135.823135,136.657120,137.127045,137.447113,137.663132,137.799026,137.943146,138.018967,138.094421,138.157013,138.219589,138.248917,138.294342,138.341904,138.381607,138.424866,138.490326,138.514633,138.555054,138.594391,138.631226,138.668777,138.677719,138.712051,138.729935,138.740295,138.774628,138.759964,138.643021,138.618713,138.500336,138.332611,138.311142,138.179184,138.144852,138.022186,137.984283,137.824417,137.783646,137.655258,137.484665,137.437103,137.308716,137.136337,137.085907,136.914963,136.757248,136.684662,136.523361,136.359924,136.176819,136.124252,135.974045,135.780212,135.607117,135.415436,137.764328,138.093353,138.173462,138.174179,138.156296,138.140198,138.100143,138.072250,138.037201,137.997864,137.957809,137.905594,137.875916,137.831924,137.788300,137.747162,137.707108,137.670639,137.621994,137.589447,137.561920,137.502197,137.452835,137.411362,137.353058,137.315872,137.246490,137.205002,137.158157,137.110596,PAR,7015.842773,7015.842773,7015.842773,7015.842773,7015.842773,7015.842773,7015.842773,7015.842773,7015.842773,7015.842773,7015.842773,7015.842773,7015.842773,7015.842773,7015.842773,7015.842773,7015.842773,7015.842773,7015.842773,7015.842773,7015.842773,7015.842773,7015.842773,7015.842773,7015.842773,7015.842773,7015.842773,7015.842773,7015.842773,7015.842773,6957.388672,6898.934570,6840.480469,6782.026367,6723.572266,6665.118164,6606.664062,6548.209961,6489.755859,6431.301758,6372.847656,6314.393066,6255.938965,6197.484863,6139.030762,6080.576660,6022.122559,5963.668457,5905.214355,5846.760254,5788.306152,5729.852051,5671.397949,5612.943848,5554.489746,5496.035645,5437.581055,5379.126953,5320.672852,5262.218750,7015.842773,7015.842773,7015.842773,7015.842773,7015.842773,7015.842773,7015.842773,7015.842773,7015.842773,7015.842773,7015.842773,7015.842773,7015.842773,7015.842773,7015.842773,7015.842773,7015.842773,7015.842773,7015.842773,7015.842773,7015.842773,7015.842773,7015.842773,7015.842773,7015.842773,7015.842773,7015.842773,7015.842773,7015.842773,7015.842773,PHASE,1,1,1,1,1,1,1,1,1,1,1,1,1,1,1,1,1,1,1,1,1,1,1,1,1,1,1,1,1,1,2,2,2,2,2,2,2,2,2,2,2,2,2,2,2,2,2,2,2,2,2,2,2,2,2,2,2,2,2,2,3,3,3,3,3,3,3,3,3,3,3,3,3,3,3,3,3,3,3,3,3,3,3,3,3,3,3,3,3,3,FLASH_END
11,09:31:37,2026-06-12,Auto gsw+F,LI-COR Default,,011,,,0.208431,2.916197,0.194528,5.047859,1.971057,1.833912,4.429016,2.457959,18.728390,20.128948,45.230267,0.441786,7.500000,PSF-00578_20260612093137_f40,0.000000,0.000000,0.000000,86.493370,131.781494,0.343661,0.5,0.80,265.201111,1.000000,50.82,47.29,28.37,30.68,30.68,97.92,156.0,155.6,0.3,1929,4.089,09:29:14,2026-06-12,-0.57,1,-0.001,-0.002,0.011,-0.285,-0.507,-0.007,1,150,0.005,2.000000,0.058905,0.000000,0.029230,0.000000,0.000000,-0.000068,standard,0,mpf,7000,500,5.000000,2.000000,300,300,300,121.824142,25,-6.859402,120.924355,122.004478,-1.080124,2.470843,2.461351,1.642085,0.931450,0.238508,0.026984,0.190302,1.718679,86.493370,0.000289,2.397709,-0.000030,1.000000,2.383926,-0.000024,1.000000,0.601714,0.600514,0.106642,0.000000,PSF-00578_20260612093137_f40,PFA-00612,PSA-00572,PSF-00578,RHS-0697,3.0.0,2022-04-21T19:36:20.491Z,MEASUREMENT_END
PSF-00578_20260612093137_f40,09:31:37,2026-06-12,PFA-00612,PSA-00572,PSF-00578,0.000000,0.000000,0.000000,131.781494,86.493370,0.343661,1935.888306,TIME,0.000000,0.010000,0.020000,0.030000,0.040000,0.050000,0.060000,0.070000,0.080000,0.090000,0.100000,0.110000,0.120000,0.130000,0.140000,0.150000,0.160000,0.170000,0.180000,0.190000,0.200000,0.210000,0.220000,0.230000,0.240000,0.250000,0.260000,0.270000,0.280000,0.290000,0.300000,0.310000,0.320000,0.330000,0.340000,0.350000,0.360000,0.370000,0.380000,0.390000,0.400000,0.410000,0.420000,0.430000,0.440000,0.450000,0.460000,0.470000,0.480000,0.490000,0.500000,0.510000,0.520000,0.530000,0.540000,0.550000,0.560000,0.570000,0.580000,0.590000,0.600000,0.610000,0.620000,0.630000,0.640000,0.650000,0.660000,0.670000,0.680000,0.690000,0.700000,0.710000,0.720000,0.730000,0.740000,0.750000,0.760000,0.770000,0.780000,0.790000,0.800000,0.810000,0.820000,0.830000,0.839999,0.849999,0.859999,0.869999,0.879999,0.889999,FLR,101.062416,110.909340,115.194084,117.686394,119.155525,119.991302,120.495201,120.813133,121.030930,121.162178,121.276619,121.335266,121.392487,121.442917,121.489403,121.536613,121.567009,121.615288,121.644615,121.669296,121.702194,121.716141,121.743683,121.771217,121.791603,121.796608,121.811272,121.822716,121.815201,121.824142,121.827003,121.827721,121.717926,121.697189,121.580956,121.430756,121.367096,121.261597,121.239426,121.103165,121.100662,120.941521,120.895386,120.748047,120.620728,120.558502,120.430115,120.269180,120.192291,120.048882,119.911911,119.849327,119.701622,119.547844,119.377968,119.337555,119.173767,119.012115,118.850113,118.679520,120.566368,120.859978,120.923996,120.924355,120.897888,120.852829,120.810989,120.763420,120.708702,120.670792,120.629311,120.566010,120.523811,120.454430,120.410088,120.353577,120.309593,120.248795,120.190498,120.142937,120.100739,120.039940,119.965553,119.938728,119.873642,119.812134,119.757774,119.689468,119.637611,119.567513,PAR,7015.842773,7015.842773,7015.842773,7015.842773,7015.842773,7015.842773,7015.842773,7015.842773,7015.842773,7015.842773,7015.842773,7015.842773,7015.842773,7015.842773,7015.842773,7015.842773,7015.842773,7015.842773,7015.842773,7015.842773,7015.842773,7015.842773,7015.842773,7015.842773,7015.842773,7015.842773,7015.842773,7015.842773,7015.842773,7015.842773,6957.388672,6898.934570,6840.480469,6782.026367,6723.572266,6665.118164,6606.664062,6548.209961,6489.755859,6431.301758,6372.847656,6314.393066,6255.938965,6197.484863,6139.030762,6080.576660,6022.122559,5963.668457,5905.214355,5846.760254,5788.306152,5729.852051,5671.397949,5612.943848,5554.489746,5496.035645,5437.581055,5379.126953,5320.672852,5262.218750,7015.842773,7015.842773,7015.842773,7015.842773,7015.842773,7015.842773,7015.842773,7015.842773,7015.842773,7015.842773,7015.842773,7015.842773,7015.842773,7015.842773,7015.842773,7015.842773,7015.842773,7015.842773,7015.842773,7015.842773,7015.842773,7015.842773,7015.842773,7015.842773,7015.842773,7015.842773,7015.842773,7015.842773,7015.842773,7015.842773,PHASE,1,1,1,1,1,1,1,1,1,1,1,1,1,1,1,1,1,1,1,1,1,1,1,1,1,1,1,1,1,1,2,2,2,2,2,2,2,2,2,2,2,2,2,2,2,2,2,2,2,2,2,2,2,2,2,2,2,2,2,2,3,3,3,3,3,3,3,3,3,3,3,3,3,3,3,3,3,3,3,3,3,3,3,3,3,3,3,3,3,3,FLASH_END
12,09:32:16,2026-06-12,Auto gsw+F,LI-COR Default,,012,,,0.217001,2.915698,0.201970,5.518579,1.931694,1.781643,4.519095,2.587401,18.194975,19.727365,46.151123,0.441786,7.500000,PSF-00578_20260612093216_193,0.000000,0.000000,0.000000,90.436218,144.506256,0.374171,0.5,0.80,296.518463,1.000000,49.50,45.66,28.48,31.03,31.03,97.92,156.0,155.8,0.1,1981,4.089,09:29:14,2026-06-12,-0.57,1,-0.000,-0.001,-9999.000,-0.076,-0.160,-9999.000,1,150,0.005,2.000000,0.058905,0.000000,0.029230,0.000000,0.000000,-0.000068,standard,0,mpf,7000,500,5.000000,2.000000,300,300,300,132.908463,25,-7.971465,132.030838,133.144165,-1.113327,2.468684,2.459642,1.641577,0.931885,0.237501,0.029899,0.194702,1.762074,90.436218,0.000291,2.397709,-0.000030,1.000000,2.383926,-0.000024,1.000000,0.601714,0.600514,0.106642,0.000000,PSF-00578_20260612093216_193,PFA-00612,PSA-00572,PSF-00578,RHS-0697,3.0.0,2022-04-21T19:36:20.491Z,MEASUREMENT_END
PSF-00578_20260612093216_193,09:32:16,2026-06-12,PFA-00612,PSA-00572,PSF-00578,0.000000,0.000000,0.000000,144.506256,90.436218,0.374171,1987.821655,TIME,0.000000,0.010000,0.020000,0.030000,0.040000,0.050000,0.060000,0.070000,0.080000,0.090000,0.100000,0.110000,0.120000,0.130000,0.140000,0.150000,0.160000,0.170000,0.180000,0.190000,0.200000,0.210000,0.220000,0.230000,0.240000,0.250000,0.260000,0.270000,0.280000,0.290000,0.300000,0.310000,0.320000,0.330000,0.340000,0.350000,0.360000,0.370000,0.380000,0.390000,0.400000,0.410000,0.420000,0.430000,0.440000,0.450000,0.460000,0.470000,0.480000,0.490000,0.500000,0.510000,0.520000,0.530000,0.540000,0.550000,0.560000,0.570000,0.580000,0.590000,0.600000,0.610000,0.620000,0.630000,0.640000,0.650000,0.660000,0.670000,0.680000,0.690000,0.700000,0.710000,0.720000,0.730000,0.740000,0.750000,0.760000,0.770000,0.780000,0.790000,0.800000,0.810000,0.820000,0.830000,0.839999,0.849999,0.859999,0.869999,0.879999,0.889999,FLR,108.342293,120.357155,125.414726,128.237839,129.823929,130.690094,131.247284,131.568069,131.794815,131.937149,132.066254,132.159943,132.223602,132.304428,132.359863,132.422089,132.459641,132.515793,132.574432,132.611984,132.670639,132.706757,132.747177,132.770782,132.805817,132.822281,132.841232,132.881287,132.902740,132.908463,132.930634,132.920624,132.788666,132.769699,132.638092,132.475372,132.438904,132.293350,132.241486,132.101303,132.074829,131.899597,131.872421,131.715775,131.519791,131.476883,131.313446,131.139282,131.065964,130.910034,130.721924,130.647537,130.478027,130.285614,130.104309,130.022400,129.827499,129.657272,129.472733,129.256363,131.599899,131.952164,132.019760,132.030838,132.002594,131.952530,131.899231,131.861328,131.806610,131.732941,131.692169,131.639236,131.580948,131.551270,131.484039,131.435394,131.370300,131.315948,131.254791,131.194717,131.148941,131.074188,131.005890,130.927917,130.874634,130.806686,130.746964,130.684372,130.626801,130.555634,PAR,7015.842773,7015.842773,7015.842773,7015.842773,7015.842773,7015.842773,7015.842773,7015.842773,7015.842773,7015.842773,7015.842773,7015.842773,7015.842773,7015.842773,7015.842773,7015.842773,7015.842773,7015.842773,7015.842773,7015.842773,7015.842773,7015.842773,7015.842773,7015.842773,7015.842773,7015.842773,7015.842773,7015.842773,7015.842773,7015.842773,6957.388672,6898.934570,6840.480469,6782.026367,6723.572266,6665.118164,6606.664062,6548.209961,6489.755859,6431.301758,6372.847656,6314.393066,6255.938965,6197.484863,6139.030762,6080.576660,6022.122559,5963.668457,5905.214355,5846.760254,5788.306152,5729.852051,5671.397949,5612.943848,5554.489746,5496.035645,5437.581055,5379.126953,5320.672852,5262.218750,7015.842773,7015.842773,7015.842773,7015.842773,7015.842773,7015.842773,7015.842773,7015.842773,7015.842773,7015.842773,7015.842773,7015.842773,7015.842773,7015.842773,7015.842773,7015.842773,7015.842773,7015.842773,7015.842773,7015.842773,7015.842773,7015.842773,7015.842773,7015.842773,7015.842773,7015.842773,7015.842773,7015.842773,7015.842773,7015.842773,PHASE,1,1,1,1,1,1,1,1,1,1,1,1,1,1,1,1,1,1,1,1,1,1,1,1,1,1,1,1,1,1,2,2,2,2,2,2,2,2,2,2,2,2,2,2,2,2,2,2,2,2,2,2,2,2,2,2,2,2,2,2,3,3,3,3,3,3,3,3,3,3,3,3,3,3,3,3,3,3,3,3,3,3,3,3,3,3,3,3,3,3,FLASH_END
13,09:32:39,2026-06-12,Auto gsw+F,LI-COR Default,,013,,,0.184736,2.915374,0.173728,4.618197,1.920813,1.795198,4.439262,2.518449,18.333450,19.616297,45.335949,0.441786,7.500000,PSF-00578_20260612093239_3b3,0.000000,0.000000,0.000000,88.844421,145.655304,0.390036,0.5,0.80,287.001312,1.000000,49.04,45.83,28.55,30.72,30.72,97.92,155.9,155.7,0.2,1840,4.085,09:29:14,2026-06-12,-0.57,1,-0.001,-0.002,-9999.000,-0.321,-0.739,-9999.000,1,150,0.005,2.000000,0.058905,0.000000,0.029230,0.000000,0.000000,-0.000068,standard,0,mpf,7000,500,5.000000,2.000000,300,300,300,133.893372,25,-8.081479,133.187057,134.136398,-0.949341,2.468900,2.459036,1.641247,0.931532,0.236887,0.025474,0.197360,1.643764,88.844421,0.000272,2.397709,-0.000030,1.000000,2.383926,-0.000024,1.000000,0.601714,0.600514,0.106642,0.000000,PSF-00578_20260612093239_3b3,PFA-00612,PSA-00572,PSF-00578,RHS-0697,3.0.0,2022-04-21T19:36:20.491Z,MEASUREMENT_END
PSF-00578_20260612093239_3b3,09:32:39,2026-06-12,PFA-00612,PSA-00572,PSF-00578,0.000000,0.000000,0.000000,145.655304,88.844421,0.390036,1846.231689,TIME,0.000000,0.010000,0.020000,0.030000,0.040000,0.050000,0.060000,0.070000,0.080000,0.090000,0.100000,0.110000,0.120000,0.130000,0.140000,0.150000,0.160000,0.170000,0.180000,0.190000,0.200000,0.210000,0.220000,0.230000,0.240000,0.250000,0.260000,0.270000,0.280000,0.290000,0.300000,0.310000,0.320000,0.330000,0.340000,0.350000,0.360000,0.370000,0.380000,0.390000,0.400000,0.410000,0.420000,0.430000,0.440000,0.450000,0.460000,0.470000,0.480000,0.490000,0.500000,0.510000,0.520000,0.530000,0.540000,0.550000,0.560000,0.570000,0.580000,0.590000,0.600000,0.610000,0.620000,0.630000,0.640000,0.650000,0.660000,0.670000,0.680000,0.690000,0.700000,0.710000,0.720000,0.730000,0.740000,0.750000,0.760000,0.770000,0.780000,0.790000,0.800000,0.810000,0.820000,0.830000,0.839999,0.849999,0.859999,0.869999,0.879999,0.889999,FLR,107.585548,120.872856,126.319527,129.217026,130.745880,131.656769,132.203217,132.549408,132.792236,132.950302,133.079773,133.160583,133.246429,133.307571,133.376236,133.428101,133.477814,133.528229,133.566864,133.606552,133.650543,133.677002,133.720642,133.759979,133.768555,133.791092,133.830780,133.864761,133.877640,133.893372,133.923050,133.919113,133.788589,133.761414,133.634445,133.434540,133.402344,133.270386,133.237839,133.086914,133.062241,132.888077,132.844803,132.687088,132.493622,132.428162,132.265442,132.079834,132.021912,131.854172,131.676788,131.600983,131.435745,131.245132,131.037003,130.980499,130.810974,130.607849,130.399353,130.213028,132.687805,133.089783,133.184555,133.187057,133.179550,133.161667,133.123398,133.079056,133.023254,133.014328,132.971771,132.924194,132.874130,132.840866,132.792953,132.768280,132.712845,132.664917,132.614136,132.582306,132.539398,132.469650,132.430313,132.391327,132.345200,132.296921,132.251862,132.207520,132.143143,132.095581,PAR,7015.842773,7015.842773,7015.842773,7015.842773,7015.842773,7015.842773,7015.842773,7015.842773,7015.842773,7015.842773,7015.842773,7015.842773,7015.842773,7015.842773,7015.842773,7015.842773,7015.842773,7015.842773,7015.842773,7015.842773,7015.842773,7015.842773,7015.842773,7015.842773,7015.842773,7015.842773,7015.842773,7015.842773,7015.842773,7015.842773,6957.388672,6898.934570,6840.480469,6782.026367,6723.572266,6665.118164,6606.664062,6548.209961,6489.755859,6431.301758,6372.847656,6314.393066,6255.938965,6197.484863,6139.030762,6080.576660,6022.122559,5963.668457,5905.214355,5846.760254,5788.306152,5729.852051,5671.397949,5612.943848,5554.489746,5496.035645,5437.581055,5379.126953,5320.672852,5262.218750,7015.842773,7015.842773,7015.842773,7015.842773,7015.842773,7015.842773,7015.842773,7015.842773,7015.842773,7015.842773,7015.842773,7015.842773,7015.842773,7015.842773,7015.842773,7015.842773,7015.842773,7015.842773,7015.842773,7015.842773,7015.842773,7015.842773,7015.842773,7015.842773,7015.842773,7015.842773,7015.842773,7015.842773,7015.842773,7015.842773,PHASE,1,1,1,1,1,1,1,1,1,1,1,1,1,1,1,1,1,1,1,1,1,1,1,1,1,1,1,1,1,1,2,2,2,2,2,2,2,2,2,2,2,2,2,2,2,2,2,2,2,2,2,2,2,2,2,2,2,2,2,2,3,3,3,3,3,3,3,3,3,3,3,3,3,3,3,3,3,3,3,3,3,3,3,3,3,3,3,3,3,3,FLASH_END
14,09:34:22,2026-06-12,Auto gsw+F,LI-COR Default,,014,,,0.259984,2.915223,0.238697,6.473905,1.906977,1.730841,4.476157,2.569180,17.676298,19.475096,45.712971,0.441786,7.500000,PSF-00578_20260612093422_1db,0.000000,0.000000,0.000000,91.254112,145.815186,0.374180,0.5,0.80,291.130890,1.000000,48.12,43.68,28.75,30.86,30.86,97.92,155.9,155.7,0.1,1945,4.085,09:29:14,2026-06-12,-0.57,1,0.001,0.001,-9999.000,0.041,-0.002,-9999.000,1,150,0.005,2.000000,0.058905,0.000000,0.029230,0.000000,0.000000,-0.000068,standard,0,mpf,7000,500,5.000000,2.000000,300,300,300,132.904175,25,-8.944177,131.637100,133.066650,-1.429550,2.466026,2.457827,1.641094,0.931765,0.235017,0.024864,0.209373,1.731957,91.254112,0.000273,2.397709,-0.000030,1.000000,2.383926,-0.000024,1.000000,0.601714,0.600514,0.106642,0.000000,PSF-00578_20260612093422_1db,PFA-00612,PSA-00572,PSF-00578,RHS-0697,3.0.0,2022-04-21T19:36:20.491Z,MEASUREMENT_END
PSF-00578_20260612093422_1db,09:34:22,2026-06-12,PFA-00612,PSA-00572,PSF-00578,0.000000,0.000000,0.000000,145.815186,91.254112,0.374180,1951.779541,TIME,0.000000,0.010000,0.020000,0.030000,0.040000,0.050000,0.060000,0.070000,0.080000,0.090000,0.100000,0.110000,0.120000,0.130000,0.140000,0.150000,0.160000,0.170000,0.180000,0.190000,0.200000,0.210000,0.220000,0.230000,0.240000,0.250000,0.260000,0.270000,0.280000,0.290000,0.300000,0.310000,0.320000,0.330000,0.340000,0.350000,0.360000,0.370000,0.380000,0.390000,0.400000,0.410000,0.420000,0.430000,0.440000,0.450000,0.460000,0.470000,0.480000,0.490000,0.500000,0.510000,0.520000,0.530000,0.540000,0.550000,0.560000,0.570000,0.580000,0.590000,0.600000,0.610000,0.620000,0.630000,0.640000,0.650000,0.660000,0.670000,0.680000,0.690000,0.700000,0.710000,0.720000,0.730000,0.740000,0.750000,0.760000,0.770000,0.780000,0.790000,0.800000,0.810000,0.820000,0.830000,0.839999,0.849999,0.859999,0.869999,0.879999,0.889999,FLR,109.374046,120.715500,125.523445,128.391617,130.124695,131.134628,131.762619,132.153870,132.392410,132.532959,132.649902,132.697815,132.752899,132.777573,132.798676,132.822632,132.844086,132.850891,132.855179,132.863754,132.887726,132.873413,132.875916,132.885925,132.889862,132.894867,132.899887,132.891296,132.904175,132.887009,132.892365,132.879135,132.712128,132.682800,132.522583,132.341629,132.259720,132.102722,132.055161,131.865616,131.822342,131.642105,131.585236,131.409286,131.229050,131.158585,130.983353,130.775208,130.718704,130.524872,130.337830,130.244141,130.058167,129.877563,129.660492,129.576797,129.391190,129.197723,128.976700,128.751755,131.126053,131.504776,131.615280,131.637100,131.615631,131.575226,131.522293,131.469727,131.405716,131.351349,131.282684,131.206161,131.151794,131.088852,131.018402,130.962967,130.889648,130.814911,130.731583,130.663635,130.607483,130.512711,130.455490,130.393982,130.317093,130.250580,130.168671,130.098587,130.019897,129.933716,PAR,7015.842773,7015.842773,7015.842773,7015.842773,7015.842773,7015.842773,7015.842773,7015.842773,7015.842773,7015.842773,7015.842773,7015.842773,7015.842773,7015.842773,7015.842773,7015.842773,7015.842773,7015.842773,7015.842773,7015.842773,7015.842773,7015.842773,7015.842773,7015.842773,7015.842773,7015.842773,7015.842773,7015.842773,7015.842773,7015.842773,6957.388672,6898.934570,6840.480469,6782.026367,6723.572266,6665.118164,6606.664062,6548.209961,6489.755859,6431.301758,6372.847656,6314.393066,6255.938965,6197.484863,6139.030762,6080.576660,6022.122559,5963.668457,5905.214355,5846.760254,5788.306152,5729.852051,5671.397949,5612.943848,5554.489746,5496.035645,5437.581055,5379.126953,5320.672852,5262.218750,7015.842773,7015.842773,7015.842773,7015.842773,7015.842773,7015.842773,7015.842773,7015.842773,7015.842773,7015.842773,7015.842773,7015.842773,7015.842773,7015.842773,7015.842773,7015.842773,7015.842773,7015.842773,7015.842773,7015.842773,7015.842773,7015.842773,7015.842773,7015.842773,7015.842773,7015.842773,7015.842773,7015.842773,7015.842773,7015.842773,PHASE,1,1,1,1,1,1,1,1,1,1,1,1,1,1,1,1,1,1,1,1,1,1,1,1,1,1,1,1,1,1,2,2,2,2,2,2,2,2,2,2,2,2,2,2,2,2,2,2,2,2,2,2,2,2,2,2,2,2,2,2,3,3,3,3,3,3,3,3,3,3,3,3,3,3,3,3,3,3,3,3,3,3,3,3,3,3,3,3,3,3,FLASH_END
15,09:35:47,2026-06-12,Auto gsw+F,LI-COR Default,,015,,,0.259663,2.916481,0.238435,6.331984,1.952651,1.780630,4.467755,2.515104,18.184908,19.941696,45.627518,0.441786,7.500000,PSF-00578_20260612093547_ea5,0.000000,0.000000,0.000000,90.885757,144.180038,0.369637,0.5,0.80,279.816345,1.000000,48.79,44.49,28.92,30.83,30.83,97.92,156.1,155.9,0.1,1893,4.084,09:29:14,2026-06-12,-0.57,1,0.000,-0.002,-9999.000,-0.229,-0.290,-9999.000,1,150,0.005,2.000000,0.058905,0.000000,0.029230,0.000000,0.000000,-0.000068,standard,0,mpf,7000,500,5.000000,2.000000,300,300,300,132.817261,25,-7.801859,132.008316,133.059692,-1.051376,2.467070,2.458652,1.642375,0.932244,0.233431,0.022498,0.219291,1.687989,90.885757,0.000284,2.397709,-0.000030,1.000000,2.383926,-0.000024,1.000000,0.601714,0.600514,0.106642,0.000000,PSF-00578_20260612093547_ea5,PFA-00612,PSA-00572,PSF-00578,RHS-0697,3.0.0,2022-04-21T19:36:20.491Z,MEASUREMENT_END
PSF-00578_20260612093547_ea5,09:35:47,2026-06-12,PFA-00612,PSA-00572,PSF-00578,0.000000,0.000000,0.000000,144.180038,90.885757,0.369637,1899.159302,TIME,0.000000,0.010000,0.020000,0.030000,0.040000,0.050000,0.060000,0.070000,0.080000,0.090000,0.100000,0.110000,0.120000,0.130000,0.140000,0.150000,0.160000,0.170000,0.180000,0.190000,0.200000,0.210000,0.220000,0.230000,0.240000,0.250000,0.260000,0.270000,0.280000,0.290000,0.300000,0.310000,0.320000,0.330000,0.340000,0.350000,0.360000,0.370000,0.380000,0.390000,0.400000,0.410000,0.420000,0.430000,0.440000,0.450000,0.460000,0.470000,0.480000,0.490000,0.500000,0.510000,0.520000,0.530000,0.540000,0.550000,0.560000,0.570000,0.580000,0.590000,0.600000,0.610000,0.620000,0.630000,0.640000,0.650000,0.660000,0.670000,0.680000,0.690000,0.700000,0.710000,0.720000,0.730000,0.740000,0.750000,0.760000,0.770000,0.780000,0.790000,0.800000,0.810000,0.820000,0.830000,0.839999,0.849999,0.859999,0.869999,0.879999,0.889999,FLR,108.576180,120.138290,125.026344,127.850891,129.485611,130.452988,131.070969,131.470795,131.722214,131.900665,132.035858,132.111664,132.196426,132.283325,132.340912,132.387405,132.450699,132.488968,132.530090,132.571579,132.619141,132.642029,132.675644,132.692810,132.714264,132.741455,132.784012,132.773636,132.798676,132.817261,132.843369,132.841583,132.715347,132.710342,132.560852,132.405991,132.369873,132.208221,132.182129,132.046936,132.019760,131.845230,131.793381,131.641037,131.469009,131.413940,131.274826,131.093506,131.041290,130.880356,130.710846,130.627151,130.453705,130.273468,130.072113,129.998444,129.827148,129.643677,129.442688,129.253143,131.550552,131.891006,132.008316,132.003662,131.996155,131.968262,131.920334,131.883499,131.840225,131.786224,131.744034,131.675003,131.616714,131.567719,131.498688,131.455063,131.407135,131.359573,131.314880,131.264450,131.217606,131.137131,131.086349,131.019119,130.954025,130.912903,130.842087,130.782730,130.724075,130.661133,PAR,7015.842773,7015.842773,7015.842773,7015.842773,7015.842773,7015.842773,7015.842773,7015.842773,7015.842773,7015.842773,7015.842773,7015.842773,7015.842773,7015.842773,7015.842773,7015.842773,7015.842773,7015.842773,7015.842773,7015.842773,7015.842773,7015.842773,7015.842773,7015.842773,7015.842773,7015.842773,7015.842773,7015.842773,7015.842773,7015.842773,6957.388672,6898.934570,6840.480469,6782.026367,6723.572266,6665.118164,6606.664062,6548.209961,6489.755859,6431.301758,6372.847656,6314.393066,6255.938965,6197.484863,6139.030762,6080.576660,6022.122559,5963.668457,5905.214355,5846.760254,5788.306152,5729.852051,5671.397949,5612.943848,5554.489746,5496.035645,5437.581055,5379.126953,5320.672852,5262.218750,7015.842773,7015.842773,7015.842773,7015.842773,7015.842773,7015.842773,7015.842773,7015.842773,7015.842773,7015.842773,7015.842773,7015.842773,7015.842773,7015.842773,7015.842773,7015.842773,7015.842773,7015.842773,7015.842773,7015.842773,7015.842773,7015.842773,7015.842773,7015.842773,7015.842773,7015.842773,7015.842773,7015.842773,7015.842773,7015.842773,PHASE,1,1,1,1,1,1,1,1,1,1,1,1,1,1,1,1,1,1,1,1,1,1,1,1,1,1,1,1,1,1,2,2,2,2,2,2,2,2,2,2,2,2,2,2,2,2,2,2,2,2,2,2,2,2,2,2,2,2,2,2,3,3,3,3,3,3,3,3,3,3,3,3,3,3,3,3,3,3,3,3,3,3,3,3,3,3,3,3,3,3,FLASH_END
16,09:36:19,2026-06-12,Auto gsw+F,LI-COR Default,,016,,,0.186497,2.915885,0.175286,4.993803,1.847288,1.711401,4.545989,2.698701,17.477007,18.864695,46.424118,0.441786,7.500000,PSF-00578_20260612093619_309,0.000000,0.000000,0.000000,88.977814,140.412598,0.366312,0.5,0.80,289.738464,1.000000,46.06,42.67,28.95,31.13,31.13,97.92,156.0,155.8,0.1,1977,4.084,09:29:14,2026-06-12,-0.57,1,0.004,0.003,-9999.000,-0.186,-0.257,-9999.000,1,150,0.005,2.000000,0.058905,0.000000,0.029230,0.000000,0.000000,-0.000068,standard,0,mpf,7000,500,5.000000,2.000000,300,300,300,129.484528,25,-7.522239,128.918411,129.690811,-0.772400,2.464657,2.455136,1.641768,0.931834,0.233098,0.025661,0.222799,1.758927,88.977814,0.000275,2.397709,-0.000030,1.000000,2.383926,-0.000024,1.000000,0.601714,0.600514,0.106642,0.000000,PSF-00578_20260612093619_309,PFA-00612,PSA-00572,PSF-00578,RHS-0697,3.0.0,2022-04-21T19:36:20.491Z,MEASUREMENT_END
PSF-00578_20260612093619_309,09:36:19,2026-06-12,PFA-00612,PSA-00572,PSF-00578,0.000000,0.000000,0.000000,140.412598,88.977814,0.366312,1984.055298,TIME,0.000000,0.010000,0.020000,0.030000,0.040000,0.050000,0.060000,0.070000,0.080000,0.090000,0.100000,0.110000,0.120000,0.130000,0.140000,0.150000,0.160000,0.170000,0.180000,0.190000,0.200000,0.210000,0.220000,0.230000,0.240000,0.250000,0.260000,0.270000,0.280000,0.290000,0.300000,0.310000,0.320000,0.330000,0.340000,0.350000,0.360000,0.370000,0.380000,0.390000,0.400000,0.410000,0.420000,0.430000,0.440000,0.450000,0.460000,0.470000,0.480000,0.490000,0.500000,0.510000,0.520000,0.530000,0.540000,0.550000,0.560000,0.570000,0.580000,0.590000,0.600000,0.610000,0.620000,0.630000,0.640000,0.650000,0.660000,0.670000,0.680000,0.690000,0.700000,0.710000,0.720000,0.730000,0.740000,0.750000,0.760000,0.770000,0.780000,0.790000,0.800000,0.810000,0.820000,0.830000,0.839999,0.849999,0.859999,0.869999,0.879999,0.889999,FLR,105.616089,117.389206,122.287277,124.967697,126.452209,127.295494,127.808334,128.144150,128.380173,128.543610,128.668076,128.742813,128.842590,128.908752,128.978485,129.049652,129.093643,129.154083,129.191284,129.234909,129.277115,129.298218,129.317520,129.357941,129.361862,129.394409,129.413361,129.431610,129.453415,129.484528,129.514572,129.518158,129.394409,129.371887,129.239914,129.055740,129.017120,128.861542,128.829361,128.672363,128.651611,128.485687,128.455994,128.324036,128.153809,128.104813,127.957466,127.787590,127.746109,127.578018,127.413155,127.325180,127.166748,126.990082,126.808044,126.742241,126.592041,126.406433,126.229408,126.067039,128.391617,128.807190,128.898376,128.918411,128.883362,128.859039,128.833649,128.795380,128.768570,128.728516,128.683441,128.632660,128.599411,128.540039,128.492828,128.445267,128.401276,128.361938,128.321884,128.262161,128.227112,128.165253,128.121262,128.058319,128.009674,127.957825,127.897736,127.849815,127.784012,127.751114,PAR,7015.842773,7015.842773,7015.842773,7015.842773,7015.842773,7015.842773,7015.842773,7015.842773,7015.842773,7015.842773,7015.842773,7015.842773,7015.842773,7015.842773,7015.842773,7015.842773,7015.842773,7015.842773,7015.842773,7015.842773,7015.842773,7015.842773,7015.842773,7015.842773,7015.842773,7015.842773,7015.842773,7015.842773,7015.842773,7015.842773,6957.388672,6898.934570,6840.480469,6782.026367,6723.572266,6665.118164,6606.664062,6548.209961,6489.755859,6431.301758,6372.847656,6314.393066,6255.938965,6197.484863,6139.030762,6080.576660,6022.122559,5963.668457,5905.214355,5846.760254,5788.306152,5729.852051,5671.397949,5612.943848,5554.489746,5496.035645,5437.581055,5379.126953,5320.672852,5262.218750,7015.842773,7015.842773,7015.842773,7015.842773,7015.842773,7015.842773,7015.842773,7015.842773,7015.842773,7015.842773,7015.842773,7015.842773,7015.842773,7015.842773,7015.842773,7015.842773,7015.842773,7015.842773,7015.842773,7015.842773,7015.842773,7015.842773,7015.842773,7015.842773,7015.842773,7015.842773,7015.842773,7015.842773,7015.842773,7015.842773,PHASE,1,1,1,1,1,1,1,1,1,1,1,1,1,1,1,1,1,1,1,1,1,1,1,1,1,1,1,1,1,1,2,2,2,2,2,2,2,2,2,2,2,2,2,2,2,2,2,2,2,2,2,2,2,2,2,2,2,2,2,2,3,3,3,3,3,3,3,3,3,3,3,3,3,3,3,3,3,3,3,3,3,3,3,3,3,3,3,3,3,3,FLASH_END
17,09:36:51,2026-06-12,Auto gsw+F,LI-COR Default,,017,,,0.195549,2.917105,0.183264,5.286110,1.803948,1.660176,4.537098,2.733151,16.953371,18.421539,46.331905,0.441786,7.500000,PSF-00578_20260612093651_d45,0.000000,0.000000,0.000000,91.299179,143.060059,0.361812,0.5,0.80,288.669708,1.000000,44.87,41.29,29.00,31.10,31.10,97.93,156.1,155.7,0.3,1995,4.083,09:29:14,2026-06-12,-0.57,1,-0.000,-0.001,-9999.000,-0.326,-0.966,-9999.000,1,150,0.005,2.000000,0.058905,0.000000,0.029230,0.000000,0.000000,-0.000068,standard,0,mpf,7000,500,5.000000,2.000000,300,300,300,131.274109,25,-8.137403,130.103592,131.461441,-1.357849,2.462812,2.453586,1.643012,0.931720,0.232702,0.024758,0.226294,1.773304,91.299179,0.000285,2.397709,-0.000030,1.000000,2.383926,-0.000024,1.000000,0.601714,0.600514,0.106642,0.000000,PSF-00578_20260612093651_d45,PFA-00612,PSA-00572,PSF-00578,RHS-0697,3.0.0,2022-04-21T19:36:20.491Z,MEASUREMENT_END
PSF-00578_20260612093651_d45,09:36:51,2026-06-12,PFA-00612,PSA-00572,PSF-00578,0.000000,0.000000,0.000000,143.060059,91.299179,0.361812,2001.261597,TIME,0.000000,0.010000,0.020000,0.030000,0.040000,0.050000,0.060000,0.070000,0.080000,0.090000,0.100000,0.110000,0.120000,0.130000,0.140000,0.150000,0.160000,0.170000,0.180000,0.190000,0.200000,0.210000,0.220000,0.230000,0.240000,0.250000,0.260000,0.270000,0.280000,0.290000,0.300000,0.310000,0.320000,0.330000,0.340000,0.350000,0.360000,0.370000,0.380000,0.390000,0.400000,0.410000,0.420000,0.430000,0.440000,0.450000,0.460000,0.470000,0.480000,0.490000,0.500000,0.510000,0.520000,0.530000,0.540000,0.550000,0.560000,0.570000,0.580000,0.590000,0.600000,0.610000,0.620000,0.630000,0.640000,0.650000,0.660000,0.670000,0.680000,0.690000,0.700000,0.710000,0.720000,0.730000,0.740000,0.750000,0.760000,0.770000,0.780000,0.790000,0.800000,0.810000,0.820000,0.830000,0.839999,0.849999,0.859999,0.869999,0.879999,0.889999,FLR,108.499290,119.967339,124.719147,127.321243,128.753189,129.540329,129.997726,130.297424,130.469086,130.613205,130.709045,130.780579,130.833145,130.894302,130.939362,130.969055,131.023056,131.037003,131.066681,131.098862,131.129974,131.161453,131.163605,131.199722,131.217239,131.216171,131.233337,131.252640,131.250504,131.274109,131.273743,131.266953,131.128189,131.086700,130.937225,130.780579,130.741592,130.594604,130.541321,130.387543,130.366089,130.191208,130.137924,129.982712,129.775284,129.737732,129.565353,129.389053,129.325394,129.161591,128.996368,128.913406,128.752823,128.558990,128.355499,128.263947,128.096939,127.917053,127.717850,127.526161,129.716995,130.036713,130.103592,130.097153,130.046005,129.998093,129.953384,129.891159,129.837875,129.776352,129.725571,129.682663,129.609711,129.544968,129.477020,129.423019,129.357941,129.284973,129.218460,129.170181,129.107590,129.023560,128.965256,128.899811,128.832214,128.758194,128.700607,128.626587,128.552917,128.481033,PAR,7015.842773,7015.842773,7015.842773,7015.842773,7015.842773,7015.842773,7015.842773,7015.842773,7015.842773,7015.842773,7015.842773,7015.842773,7015.842773,7015.842773,7015.842773,7015.842773,7015.842773,7015.842773,7015.842773,7015.842773,7015.842773,7015.842773,7015.842773,7015.842773,7015.842773,7015.842773,7015.842773,7015.842773,7015.842773,7015.842773,6957.388672,6898.934570,6840.480469,6782.026367,6723.572266,6665.118164,6606.664062,6548.209961,6489.755859,6431.301758,6372.847656,6314.393066,6255.938965,6197.484863,6139.030762,6080.576660,6022.122559,5963.668457,5905.214355,5846.760254,5788.306152,5729.852051,5671.397949,5612.943848,5554.489746,5496.035645,5437.581055,5379.126953,5320.672852,5262.218750,7015.842773,7015.842773,7015.842773,7015.842773,7015.842773,7015.842773,7015.842773,7015.842773,7015.842773,7015.842773,7015.842773,7015.842773,7015.842773,7015.842773,7015.842773,7015.842773,7015.842773,7015.842773,7015.842773,7015.842773,7015.842773,7015.842773,7015.842773,7015.842773,7015.842773,7015.842773,7015.842773,7015.842773,7015.842773,7015.842773,PHASE,1,1,1,1,1,1,1,1,1,1,1,1,1,1,1,1,1,1,1,1,1,1,1,1,1,1,1,1,1,1,2,2,2,2,2,2,2,2,2,2,2,2,2,2,2,2,2,2,2,2,2,2,2,2,2,2,2,2,2,2,3,3,3,3,3,3,3,3,3,3,3,3,3,3,3,3,3,3,3,3,3,3,3,3,3,3,3,3,3,3,FLASH_END
18,09:37:21,2026-06-12,Auto gsw+F,LI-COR Default,,018,,,0.131581,2.914950,0.125898,3.599918,1.719105,1.620942,4.431276,2.712170,16.552681,17.555105,45.251156,0.441786,7.500000,PSF-00578_20260612093721_270,0.000000,0.000000,0.000000,92.089531,144.587891,0.363090,0.5,0.80,265.184753,1.000000,42.67,40.23,29.03,30.69,30.69,97.93,155.9,155.5,0.2,1826,4.082,09:29:14,2026-06-12,-0.57,1,0.000,-0.003,-9999.000,-0.355,-0.965,-9999.000,1,150,0.005,2.000000,0.058905,0.000000,0.029230,0.000000,0.000000,-0.000068,standard,0,mpf,7000,500,5.000000,2.000000,300,300,300,133.436676,25,-7.681760,132.438538,133.638733,-1.200195,2.461395,2.450726,1.640816,0.931260,0.232389,0.019508,0.229500,1.632325,92.089531,0.000282,2.397709,-0.000030,1.000000,2.383926,-0.000024,1.000000,0.601714,0.600514,0.106642,0.000000,PSF-00578_20260612093721_270,PFA-00612,PSA-00572,PSF-00578,RHS-0697,3.0.0,2022-04-21T19:36:20.491Z,MEASUREMENT_END
PSF-00578_20260612093721_270,09:37:21,2026-06-12,PFA-00612,PSA-00572,PSF-00578,0.000000,0.000000,0.000000,144.587891,92.089531,0.363090,1832.542236,TIME,0.000000,0.010000,0.020000,0.030000,0.040000,0.050000,0.060000,0.070000,0.080000,0.090000,0.100000,0.110000,0.120000,0.130000,0.140000,0.150000,0.160000,0.170000,0.180000,0.190000,0.200000,0.210000,0.220000,0.230000,0.240000,0.250000,0.260000,0.270000,0.280000,0.290000,0.300000,0.310000,0.320000,0.330000,0.340000,0.350000,0.360000,0.370000,0.380000,0.390000,0.400000,0.410000,0.420000,0.430000,0.440000,0.450000,0.460000,0.470000,0.480000,0.490000,0.500000,0.510000,0.520000,0.530000,0.540000,0.550000,0.560000,0.570000,0.580000,0.590000,0.600000,0.610000,0.620000,0.630000,0.640000,0.650000,0.660000,0.670000,0.680000,0.690000,0.700000,0.710000,0.720000,0.730000,0.740000,0.750000,0.760000,0.770000,0.780000,0.790000,0.800000,0.810000,0.820000,0.830000,0.839999,0.849999,0.859999,0.869999,0.879999,0.889999,FLR,109.909058,121.707199,126.586319,129.276031,130.785233,131.625656,132.133835,132.425308,132.643814,132.774002,132.907745,132.946732,133.038635,133.054016,133.107300,133.126968,133.190994,133.216019,133.247498,133.280045,133.317230,133.342270,133.349426,133.378387,133.377670,133.405930,133.423096,133.429169,133.436676,133.432739,133.429886,133.442764,133.311508,133.297562,133.157730,132.987503,132.958893,132.820129,132.774002,132.640244,132.606979,132.430679,132.386688,132.251862,132.074112,132.020828,131.871704,131.688232,131.629944,131.476166,131.301636,131.222961,131.054169,130.895737,130.702972,130.640030,130.452988,130.283829,130.107162,129.914398,132.068390,132.361298,132.438538,132.426376,132.394913,132.359146,132.300858,132.241486,132.197495,132.141708,132.079834,132.014389,131.957886,131.890289,131.835587,131.778717,131.709335,131.648895,131.598114,131.525879,131.480820,131.400711,131.342773,131.269104,131.210083,131.143921,131.072052,130.995865,130.945801,130.867126,PAR,7015.842773,7015.842773,7015.842773,7015.842773,7015.842773,7015.842773,7015.842773,7015.842773,7015.842773,7015.842773,7015.842773,7015.842773,7015.842773,7015.842773,7015.842773,7015.842773,7015.842773,7015.842773,7015.842773,7015.842773,7015.842773,7015.842773,7015.842773,7015.842773,7015.842773,7015.842773,7015.842773,7015.842773,7015.842773,7015.842773,6957.388672,6898.934570,6840.480469,6782.026367,6723.572266,6665.118164,6606.664062,6548.209961,6489.755859,6431.301758,6372.847656,6314.393066,6255.938965,6197.484863,6139.030762,6080.576660,6022.122559,5963.668457,5905.214355,5846.760254,5788.306152,5729.852051,5671.397949,5612.943848,5554.489746,5496.035645,5437.581055,5379.126953,5320.672852,5262.218750,7015.842773,7015.842773,7015.842773,7015.842773,7015.842773,7015.842773,7015.842773,7015.842773,7015.842773,7015.842773,7015.842773,7015.842773,7015.842773,7015.842773,7015.842773,7015.842773,7015.842773,7015.842773,7015.842773,7015.842773,7015.842773,7015.842773,7015.842773,7015.842773,7015.842773,7015.842773,7015.842773,7015.842773,7015.842773,7015.842773,PHASE,1,1,1,1,1,1,1,1,1,1,1,1,1,1,1,1,1,1,1,1,1,1,1,1,1,1,1,1,1,1,2,2,2,2,2,2,2,2,2,2,2,2,2,2,2,2,2,2,2,2,2,2,2,2,2,2,2,2,2,2,3,3,3,3,3,3,3,3,3,3,3,3,3,3,3,3,3,3,3,3,3,3,3,3,3,3,3,3,3,3,FLASH_END
19,09:37:54,2026-06-12,Auto gsw+F,LI-COR Default,,019,,,0.202843,2.916916,0.189654,5.103228,1.712452,1.573511,4.266822,2.554369,16.069481,17.488415,43.574902,0.441786,7.500000,PSF-00578_20260612093754_84d,0.000000,0.000000,0.000000,93.372345,153.765335,0.392761,0.5,0.80,311.253754,1.000000,42.43,38.98,29.06,30.03,30.03,97.92,156.1,155.6,0.3,1981,4.081,09:29:14,2026-06-12,-0.57,1,-0.000,-0.001,-9999.000,-0.590,-1.525,-9999.000,1,150,0.005,2.000000,0.058905,0.000000,0.029230,0.000000,0.000000,-0.000068,standard,0,mpf,7000,500,5.000000,2.000000,300,300,300,141.343109,25,-8.471114,140.940063,141.691071,-0.751007,2.459709,2.450401,1.642819,0.931327,0.232093,0.011434,0.233102,1.762092,93.372345,0.000273,2.397709,-0.000030,1.000000,2.383926,-0.000024,1.000000,0.601714,0.600514,0.106642,0.000000,PSF-00578_20260612093754_84d,PFA-00612,PSA-00572,PSF-00578,RHS-0697,3.0.0,2022-04-21T19:36:20.491Z,MEASUREMENT_END
PSF-00578_20260612093754_84d,09:37:54,2026-06-12,PFA-00612,PSA-00572,PSF-00578,0.000000,0.000000,0.000000,153.765335,93.372345,0.392761,1987.843506,TIME,0.000000,0.010000,0.020000,0.030000,0.040000,0.050000,0.060000,0.070000,0.080000,0.090000,0.100000,0.110000,0.120000,0.130000,0.140000,0.150000,0.160000,0.170000,0.180000,0.190000,0.200000,0.210000,0.220000,0.230000,0.240000,0.250000,0.260000,0.270000,0.280000,0.290000,0.300000,0.310000,0.320000,0.330000,0.340000,0.350000,0.360000,0.370000,0.380000,0.390000,0.400000,0.410000,0.420000,0.430000,0.440000,0.450000,0.460000,0.470000,0.480000,0.490000,0.500000,0.510000,0.520000,0.530000,0.540000,0.550000,0.560000,0.570000,0.580000,0.590000,0.600000,0.610000,0.620000,0.630000,0.640000,0.650000,0.660000,0.670000,0.680000,0.690000,0.700000,0.710000,0.720000,0.730000,0.740000,0.750000,0.760000,0.770000,0.780000,0.790000,0.800000,0.810000,0.820000,0.830000,0.839999,0.849999,0.859999,0.869999,0.879999,0.889999,FLR,113.396645,126.979355,132.462494,135.550980,137.292618,138.328674,138.987778,139.421219,139.729141,139.953735,140.116455,140.234833,140.320297,140.424728,140.491241,140.581726,140.645737,140.720840,140.787720,140.833862,140.927551,140.978333,141.019821,141.065247,141.139984,141.178604,141.217590,141.265152,141.308075,141.343109,141.390686,141.413208,141.277664,141.283386,141.129257,140.938278,140.935425,140.802032,140.775208,140.595673,140.596390,140.420792,140.370728,140.200851,139.988068,139.948013,139.773483,139.553543,139.508850,139.312149,139.141205,139.041428,138.871185,138.654831,138.445969,138.376953,138.183121,137.956024,137.734650,137.509705,140.320663,140.774490,140.911453,140.940063,140.928268,140.896439,140.869263,140.823486,140.778061,140.748016,140.705460,140.629288,140.577789,140.526657,140.476944,140.445114,140.372162,140.318512,140.255920,140.216232,140.185120,140.100357,140.038132,139.987701,139.899017,139.841797,139.771698,139.694092,139.645813,139.566071,PAR,7015.842773,7015.842773,7015.842773,7015.842773,7015.842773,7015.842773,7015.842773,7015.842773,7015.842773,7015.842773,7015.842773,7015.842773,7015.842773,7015.842773,7015.842773,7015.842773,7015.842773,7015.842773,7015.842773,7015.842773,7015.842773,7015.842773,7015.842773,7015.842773,7015.842773,7015.842773,7015.842773,7015.842773,7015.842773,7015.842773,6957.388672,6898.934570,6840.480469,6782.026367,6723.572266,6665.118164,6606.664062,6548.209961,6489.755859,6431.301758,6372.847656,6314.393066,6255.938965,6197.484863,6139.030762,6080.576660,6022.122559,5963.668457,5905.214355,5846.760254,5788.306152,5729.852051,5671.397949,5612.943848,5554.489746,5496.035645,5437.581055,5379.126953,5320.672852,5262.218750,7015.842773,7015.842773,7015.842773,7015.842773,7015.842773,7015.842773,7015.842773,7015.842773,7015.842773,7015.842773,7015.842773,7015.842773,7015.842773,7015.842773,7015.842773,7015.842773,7015.842773,7015.842773,7015.842773,7015.842773,7015.842773,7015.842773,7015.842773,7015.842773,7015.842773,7015.842773,7015.842773,7015.842773,7015.842773,7015.842773,PHASE,1,1,1,1,1,1,1,1,1,1,1,1,1,1,1,1,1,1,1,1,1,1,1,1,1,1,1,1,1,1,2,2,2,2,2,2,2,2,2,2,2,2,2,2,2,2,2,2,2,2,2,2,2,2,2,2,2,2,2,2,3,3,3,3,3,3,3,3,3,3,3,3,3,3,3,3,3,3,3,3,3,3,3,3,3,3,3,3,3,3,FLASH_END
20,09:38:22,2026-06-12,Auto gsw+F,LI-COR Default,,020,,,0.241303,2.915375,0.222857,5.956396,1.689405,1.526996,4.227536,2.538131,15.593999,17.252560,43.172482,0.441786,7.500000,PSF-00578_20260612093822_114,0.000000,0.000000,0.000000,100.489136,166.151718,0.395197,0.5,0.80,313.159485,1.000000,41.81,37.79,29.08,29.87,29.87,97.92,155.9,155.5,0.3,1981,4.080,09:29:14,2026-06-12,-0.57,1,0.000,0.000,0.016,-0.831,-1.561,-3.526,1,150,0.005,2.000000,0.058905,0.000000,0.029230,0.000000,0.000000,-0.000068,standard,0,mpf,7000,500,5.000000,2.000000,300,300,300,150.728348,25,-10.716326,149.680847,150.877258,-1.196411,2.458097,2.449595,1.641248,0.931184,0.231932,0.009363,0.236239,1.761962,100.489136,0.000284,2.397709,-0.000030,1.000000,2.383926,-0.000024,1.000000,0.601714,0.600514,0.106642,0.000000,PSF-00578_20260612093822_114,PFA-00612,PSA-00572,PSF-00578,RHS-0697,3.0.0,2022-04-21T19:36:20.491Z,MEASUREMENT_END
PSF-00578_20260612093822_114,09:38:22,2026-06-12,PFA-00612,PSA-00572,PSF-00578,0.000000,0.000000,0.000000,166.151718,100.489136,0.395197,1987.688110,TIME,0.000000,0.010000,0.020000,0.030000,0.040000,0.050000,0.060000,0.070000,0.080000,0.090000,0.100000,0.110000,0.120000,0.130000,0.140000,0.150000,0.160000,0.170000,0.180000,0.190000,0.200000,0.210000,0.220000,0.230000,0.240000,0.250000,0.260000,0.270000,0.280000,0.290000,0.300000,0.310000,0.320000,0.330000,0.340000,0.350000,0.360000,0.370000,0.380000,0.390000,0.400000,0.410000,0.420000,0.430000,0.440000,0.450000,0.460000,0.470000,0.480000,0.490000,0.500000,0.510000,0.520000,0.530000,0.540000,0.550000,0.560000,0.570000,0.580000,0.590000,0.600000,0.610000,0.620000,0.630000,0.640000,0.650000,0.660000,0.670000,0.680000,0.690000,0.700000,0.710000,0.720000,0.730000,0.740000,0.750000,0.760000,0.770000,0.780000,0.790000,0.800000,0.810000,0.820000,0.830000,0.839999,0.849999,0.859999,0.869999,0.879999,0.889999,FLR,122.742531,137.357712,143.114441,146.199707,147.904160,148.864395,149.462708,149.850372,150.113220,150.276306,150.423294,150.492310,150.553101,150.592453,150.619980,150.655029,150.665039,150.668976,150.686142,150.696152,150.722260,150.728348,150.720840,150.719757,150.717621,150.715118,150.712250,150.712967,150.726913,150.694733,150.707596,150.692581,150.471573,150.434021,150.235535,150.001999,149.912598,149.713394,149.642593,149.441956,149.389740,149.159424,149.093277,148.878693,148.647659,148.554688,148.361557,148.115158,148.041122,147.824768,147.604828,147.496460,147.280457,147.021530,146.778351,146.692520,146.488663,146.254059,145.999435,145.774841,148.813599,149.396896,149.593231,149.660828,149.680847,149.669052,149.640442,149.616119,149.580353,149.550674,149.528503,149.470932,149.433380,149.390457,149.324661,149.288528,149.254562,149.222733,149.163727,149.121521,149.086121,149.032837,148.985260,148.929840,148.880478,148.851151,148.778198,148.723129,148.662689,148.606903,PAR,7015.842773,7015.842773,7015.842773,7015.842773,7015.842773,7015.842773,7015.842773,7015.842773,7015.842773,7015.842773,7015.842773,7015.842773,7015.842773,7015.842773,7015.842773,7015.842773,7015.842773,7015.842773,7015.842773,7015.842773,7015.842773,7015.842773,7015.842773,7015.842773,7015.842773,7015.842773,7015.842773,7015.842773,7015.842773,7015.842773,6957.388672,6898.934570,6840.480469,6782.026367,6723.572266,6665.118164,6606.664062,6548.209961,6489.755859,6431.301758,6372.847656,6314.393066,6255.938965,6197.484863,6139.030762,6080.576660,6022.122559,5963.668457,5905.214355,5846.760254,5788.306152,5729.852051,5671.397949,5612.943848,5554.489746,5496.035645,5437.581055,5379.126953,5320.672852,5262.218750,7015.842773,7015.842773,7015.842773,7015.842773,7015.842773,7015.842773,7015.842773,7015.842773,7015.842773,7015.842773,7015.842773,7015.842773,7015.842773,7015.842773,7015.842773,7015.842773,7015.842773,7015.842773,7015.842773,7015.842773,7015.842773,7015.842773,7015.842773,7015.842773,7015.842773,7015.842773,7015.842773,7015.842773,7015.842773,7015.842773,PHASE,1,1,1,1,1,1,1,1,1,1,1,1,1,1,1,1,1,1,1,1,1,1,1,1,1,1,1,1,1,1,2,2,2,2,2,2,2,2,2,2,2,2,2,2,2,2,2,2,2,2,2,2,2,2,2,2,2,2,2,2,3,3,3,3,3,3,3,3,3,3,3,3,3,3,3,3,3,3,3,3,3,3,3,3,3,3,3,3,3,3,FLASH_END
21,09:38:55,2026-06-12,Auto gsw+F,LI-COR Default,,021,,,0.276712,2.915747,0.252727,6.917739,1.769237,1.580827,4.365622,2.596385,16.143782,18.067867,44.582756,0.441786,7.500000,PSF-00578_20260612093855_2e4,0.000000,0.000000,0.000000,99.596497,165.323181,0.397565,0.5,0.80,320.363220,1.000000,43.73,39.07,29.10,30.43,30.43,97.92,156.0,155.5,0.3,2015,4.079,09:29:14,2026-06-12,-0.57,1,0.001,0.001,0.018,-0.112,-0.592,-1.705,1,150,0.005,2.000000,0.058905,0.000000,0.029230,0.000000,0.000000,-0.000068,standard,0,mpf,7000,500,5.000000,2.000000,300,300,300,149.899719,25,-10.681488,148.887283,150.098373,-1.211090,2.459820,2.452091,1.641627,0.931085,0.231710,0.015600,0.239770,1.789953,99.596497,0.000294,2.397709,-0.000030,1.000000,2.383926,-0.000024,1.000000,0.601714,0.600514,0.106642,0.000000,PSF-00578_20260612093855_2e4,PFA-00612,PSA-00572,PSF-00578,RHS-0697,3.0.0,2022-04-21T19:36:20.491Z,MEASUREMENT_END
PSF-00578_20260612093855_2e4,09:38:55,2026-06-12,PFA-00612,PSA-00572,PSF-00578,0.000000,0.000000,0.000000,165.323181,99.596497,0.397565,2021.186279,TIME,0.000000,0.010000,0.020000,0.030000,0.040000,0.050000,0.060000,0.070000,0.080000,0.090000,0.100000,0.110000,0.120000,0.130000,0.140000,0.150000,0.160000,0.170000,0.180000,0.190000,0.200000,0.210000,0.220000,0.230000,0.240000,0.250000,0.260000,0.270000,0.280000,0.290000,0.300000,0.310000,0.320000,0.330000,0.340000,0.350000,0.360000,0.370000,0.380000,0.390000,0.400000,0.410000,0.420000,0.430000,0.440000,0.450000,0.460000,0.470000,0.480000,0.490000,0.500000,0.510000,0.520000,0.530000,0.540000,0.550000,0.560000,0.570000,0.580000,0.590000,0.600000,0.610000,0.620000,0.630000,0.640000,0.650000,0.660000,0.670000,0.680000,0.690000,0.700000,0.710000,0.720000,0.730000,0.740000,0.750000,0.760000,0.770000,0.780000,0.790000,0.800000,0.810000,0.820000,0.830000,0.839999,0.849999,0.859999,0.869999,0.879999,0.889999,FLR,121.787666,135.951523,141.798019,145.019180,146.844864,147.896652,148.538589,148.924469,149.207001,149.379730,149.504181,149.577850,149.637222,149.685501,149.740219,149.737717,149.780273,149.797440,149.822113,149.826401,149.853943,149.859665,149.839279,149.882919,149.889343,149.890060,149.899719,149.897583,149.891846,149.880402,149.897583,149.867172,149.693375,149.654739,149.439819,149.198059,149.138336,148.937698,148.880844,148.672699,148.614044,148.396973,148.340469,148.142700,147.904160,147.814392,147.610901,147.347687,147.290115,147.076248,146.844864,146.729706,146.519775,146.266937,146.013382,145.924683,145.705826,145.466568,145.228027,144.959808,148.054367,148.615845,148.804306,148.860092,148.887283,148.862961,148.822906,148.779984,148.734573,148.694153,148.645874,148.576859,148.526428,148.477432,148.425934,148.381226,148.331161,148.274658,148.208496,148.146271,148.094772,148.040771,147.962448,147.903091,147.841568,147.787933,147.722839,147.678848,147.601608,147.524719,PAR,7015.842773,7015.842773,7015.842773,7015.842773,7015.842773,7015.842773,7015.842773,7015.842773,7015.842773,7015.842773,7015.842773,7015.842773,7015.842773,7015.842773,7015.842773,7015.842773,7015.842773,7015.842773,7015.842773,7015.842773,7015.842773,7015.842773,7015.842773,7015.842773,7015.842773,7015.842773,7015.842773,7015.842773,7015.842773,7015.842773,6957.388672,6898.934570,6840.480469,6782.026367,6723.572266,6665.118164,6606.664062,6548.209961,6489.755859,6431.301758,6372.847656,6314.393066,6255.938965,6197.484863,6139.030762,6080.576660,6022.122559,5963.668457,5905.214355,5846.760254,5788.306152,5729.852051,5671.397949,5612.943848,5554.489746,5496.035645,5437.581055,5379.126953,5320.672852,5262.218750,7015.842773,7015.842773,7015.842773,7015.842773,7015.842773,7015.842773,7015.842773,7015.842773,7015.842773,7015.842773,7015.842773,7015.842773,7015.842773,7015.842773,7015.842773,7015.842773,7015.842773,7015.842773,7015.842773,7015.842773,7015.842773,7015.842773,7015.842773,7015.842773,7015.842773,7015.842773,7015.842773,7015.842773,7015.842773,7015.842773,PHASE,1,1,1,1,1,1,1,1,1,1,1,1,1,1,1,1,1,1,1,1,1,1,1,1,1,1,1,1,1,1,2,2,2,2,2,2,2,2,2,2,2,2,2,2,2,2,2,2,2,2,2,2,2,2,2,2,2,2,2,2,3,3,3,3,3,3,3,3,3,3,3,3,3,3,3,3,3,3,3,3,3,3,3,3,3,3,3,3,3,3,FLASH_END
22,09:39:45,2026-06-12,Auto gsw+F,LI-COR Default,,022,,,0.185461,2.916307,0.174372,4.797823,1.652141,1.521362,4.265136,2.612995,15.535954,16.871449,43.555019,0.441786,7.500000,PSF-00578_20260612093945_9c0,0.000000,0.000000,0.000000,94.542503,153.194397,0.382859,0.5,0.80,308.017273,1.000000,40.72,37.50,29.15,30.02,30.02,97.93,156.0,155.6,0.3,2011,4.077,09:39:35,2026-06-12,-0.49,1,0.002,0.002,0.025,-1.313,-2.812,-3.862,1,150,0.005,2.000000,0.058905,0.000000,0.029230,0.000000,0.000000,-0.000068,standard,0,mpf,7000,500,5.000000,2.000000,300,300,300,139.388687,25,-9.527253,138.321167,139.614777,-1.293610,2.457686,2.448048,1.642197,0.931383,0.231278,0.010327,0.245189,1.787246,94.542503,0.000276,2.397709,-0.000030,1.000000,2.383926,-0.000024,1.000000,0.601714,0.600514,0.106642,0.000000,PSF-00578_20260612093945_9c0,PFA-00612,PSA-00572,PSF-00578,RHS-0697,3.0.0,2022-04-21T19:36:20.491Z,MEASUREMENT_END
PSF-00578_20260612093945_9c0,09:39:45,2026-06-12,PFA-00612,PSA-00572,PSF-00578,0.000000,0.000000,0.000000,153.194397,94.542503,0.382859,2017.947510,TIME,0.000000,0.010000,0.020000,0.030000,0.040000,0.050000,0.060000,0.070000,0.080000,0.090000,0.100000,0.110000,0.120000,0.130000,0.140000,0.150000,0.160000,0.170000,0.180000,0.190000,0.200000,0.210000,0.220000,0.230000,0.240000,0.250000,0.260000,0.270000,0.280000,0.290000,0.300000,0.310000,0.320000,0.330000,0.340000,0.350000,0.360000,0.370000,0.380000,0.390000,0.400000,0.410000,0.420000,0.430000,0.440000,0.450000,0.460000,0.470000,0.480000,0.490000,0.500000,0.510000,0.520000,0.530000,0.540000,0.550000,0.560000,0.570000,0.580000,0.590000,0.600000,0.610000,0.620000,0.630000,0.640000,0.650000,0.660000,0.670000,0.680000,0.690000,0.700000,0.710000,0.720000,0.730000,0.740000,0.750000,0.760000,0.770000,0.780000,0.790000,0.800000,0.810000,0.820000,0.830000,0.839999,0.849999,0.859999,0.869999,0.879999,0.889999,FLR,113.587616,126.644257,131.839508,134.721634,136.359222,137.309082,137.878769,138.241760,138.499619,138.673431,138.805740,138.888000,138.954880,139.014954,139.056091,139.095779,139.130478,139.164810,139.182693,139.212723,139.266724,139.259583,139.287827,139.315369,139.321808,139.341827,139.350052,139.378311,139.388687,139.385468,139.407639,139.387604,139.221664,139.201996,139.027481,138.811111,138.739227,138.583664,138.528580,138.353699,138.309357,138.129837,138.059738,137.873764,137.665634,137.611633,137.404922,137.191055,137.117386,136.928909,136.726852,136.619919,136.426086,136.202576,135.973694,135.901093,135.675781,135.467285,135.218384,135.015610,137.760757,138.185257,138.311142,138.321167,138.299347,138.251068,138.213867,138.155228,138.121964,138.067245,138.014679,137.948517,137.885574,137.829422,137.763626,137.687088,137.612335,137.559052,137.485748,137.416718,137.367371,137.301926,137.221451,137.161377,137.086273,137.008667,136.923553,136.882065,136.798386,136.740799,PAR,7015.842773,7015.842773,7015.842773,7015.842773,7015.842773,7015.842773,7015.842773,7015.842773,7015.842773,7015.842773,7015.842773,7015.842773,7015.842773,7015.842773,7015.842773,7015.842773,7015.842773,7015.842773,7015.842773,7015.842773,7015.842773,7015.842773,7015.842773,7015.842773,7015.842773,7015.842773,7015.842773,7015.842773,7015.842773,7015.842773,6957.388672,6898.934570,6840.480469,6782.026367,6723.572266,6665.118164,6606.664062,6548.209961,6489.755859,6431.301758,6372.847656,6314.393066,6255.938965,6197.484863,6139.030762,6080.576660,6022.122559,5963.668457,5905.214355,5846.760254,5788.306152,5729.852051,5671.397949,5612.943848,5554.489746,5496.035645,5437.581055,5379.126953,5320.672852,5262.218750,7015.842773,7015.842773,7015.842773,7015.842773,7015.842773,7015.842773,7015.842773,7015.842773,7015.842773,7015.842773,7015.842773,7015.842773,7015.842773,7015.842773,7015.842773,7015.842773,7015.842773,7015.842773,7015.842773,7015.842773,7015.842773,7015.842773,7015.842773,7015.842773,7015.842773,7015.842773,7015.842773,7015.842773,7015.842773,7015.842773,PHASE,1,1,1,1,1,1,1,1,1,1,1,1,1,1,1,1,1,1,1,1,1,1,1,1,1,1,1,1,1,1,2,2,2,2,2,2,2,2,2,2,2,2,2,2,2,2,2,2,2,2,2,2,2,2,2,2,2,2,2,2,3,3,3,3,3,3,3,3,3,3,3,3,3,3,3,3,3,3,3,3,3,3,3,3,3,3,3,3,3,3,FLASH_END
23,09:40:08,2026-06-12,Auto gsw+F,LI-COR Default,,023,,,0.188215,2.914438,0.176797,4.956203,1.645434,1.510130,4.307175,2.661741,15.421176,16.802879,43.984093,0.441786,7.500000,PSF-00578_20260612094008_b16,0.000000,0.000000,0.000000,102.084877,165.483536,0.383112,0.5,0.80,308.058014,1.000000,40.54,37.20,29.16,30.19,30.19,97.93,155.8,155.6,0.1,2010,4.077,09:39:35,2026-06-12,-0.49,1,0.004,0.003,-9999.000,-1.375,-2.315,-9999.000,1,150,0.005,2.000000,0.058905,0.000000,0.029230,0.000000,0.000000,-0.000068,standard,0,mpf,7000,500,5.000000,2.000000,300,300,300,150.869965,25,-10.092911,149.859314,151.097656,-1.238342,2.457282,2.447801,1.640296,0.931498,0.231195,0.012209,0.247589,1.786362,102.084877,0.000288,2.397709,-0.000030,1.000000,2.383926,-0.000024,1.000000,0.601714,0.600514,0.106642,0.000000,PSF-00578_20260612094008_b16,PFA-00612,PSA-00572,PSF-00578,RHS-0697,3.0.0,2022-04-21T19:36:20.491Z,MEASUREMENT_END
PSF-00578_20260612094008_b16,09:40:08,2026-06-12,PFA-00612,PSA-00572,PSF-00578,0.000000,0.000000,0.000000,165.483536,102.084877,0.383112,2016.888672,TIME,0.000000,0.010000,0.020000,0.030000,0.040000,0.050000,0.060000,0.070000,0.080000,0.090000,0.100000,0.110000,0.120000,0.130000,0.140000,0.150000,0.160000,0.170000,0.180000,0.190000,0.200000,0.210000,0.220000,0.230000,0.240000,0.250000,0.260000,0.270000,0.280000,0.290000,0.300000,0.310000,0.320000,0.330000,0.340000,0.350000,0.360000,0.370000,0.380000,0.390000,0.400000,0.410000,0.420000,0.430000,0.440000,0.450000,0.460000,0.470000,0.480000,0.490000,0.500000,0.510000,0.520000,0.530000,0.540000,0.550000,0.560000,0.570000,0.580000,0.590000,0.600000,0.610000,0.620000,0.630000,0.640000,0.650000,0.660000,0.670000,0.680000,0.690000,0.700000,0.710000,0.720000,0.730000,0.740000,0.750000,0.760000,0.770000,0.780000,0.790000,0.800000,0.810000,0.820000,0.830000,0.839999,0.849999,0.859999,0.869999,0.879999,0.889999,FLR,123.097298,137.873047,143.615479,146.610611,148.207428,149.071457,149.603241,149.927612,150.157211,150.291687,150.427582,150.495178,150.542023,150.597809,150.630005,150.666473,150.700455,150.709396,150.749802,150.758392,150.795227,150.802368,150.807022,150.825974,150.829559,150.832062,150.849945,150.859238,150.868530,150.869965,150.902512,150.865311,150.698303,150.667191,150.474075,150.273087,150.210495,150.001282,149.950500,149.768829,149.718765,149.503464,149.435165,149.247055,149.021027,148.924469,148.737427,148.504257,148.415924,148.223160,148.005005,147.920258,147.721405,147.480011,147.239685,147.163513,146.965378,146.729706,146.480804,146.240829,149.201279,149.692657,149.832489,149.859314,149.838562,149.797791,149.749512,149.697662,149.657608,149.590729,149.557114,149.503113,149.436234,149.389023,149.338608,149.270294,149.219162,149.161942,149.109726,149.038559,148.984909,148.921616,148.869751,148.808960,148.736710,148.683075,148.614761,148.551102,148.498535,148.437378,PAR,7015.842773,7015.842773,7015.842773,7015.842773,7015.842773,7015.842773,7015.842773,7015.842773,7015.842773,7015.842773,7015.842773,7015.842773,7015.842773,7015.842773,7015.842773,7015.842773,7015.842773,7015.842773,7015.842773,7015.842773,7015.842773,7015.842773,7015.842773,7015.842773,7015.842773,7015.842773,7015.842773,7015.842773,7015.842773,7015.842773,6957.388672,6898.934570,6840.480469,6782.026367,6723.572266,6665.118164,6606.664062,6548.209961,6489.755859,6431.301758,6372.847656,6314.393066,6255.938965,6197.484863,6139.030762,6080.576660,6022.122559,5963.668457,5905.214355,5846.760254,5788.306152,5729.852051,5671.397949,5612.943848,5554.489746,5496.035645,5437.581055,5379.126953,5320.672852,5262.218750,7015.842773,7015.842773,7015.842773,7015.842773,7015.842773,7015.842773,7015.842773,7015.842773,7015.842773,7015.842773,7015.842773,7015.842773,7015.842773,7015.842773,7015.842773,7015.842773,7015.842773,7015.842773,7015.842773,7015.842773,7015.842773,7015.842773,7015.842773,7015.842773,7015.842773,7015.842773,7015.842773,7015.842773,7015.842773,7015.842773,PHASE,1,1,1,1,1,1,1,1,1,1,1,1,1,1,1,1,1,1,1,1,1,1,1,1,1,1,1,1,1,1,2,2,2,2,2,2,2,2,2,2,2,2,2,2,2,2,2,2,2,2,2,2,2,2,2,2,2,2,2,2,3,3,3,3,3,3,3,3,3,3,3,3,3,3,3,3,3,3,3,3,3,3,3,3,3,3,3,3,3,3,FLASH_END
24,09:40:26,2026-06-12,Auto gsw+F,LI-COR Default,,024,,,0.214527,2.916715,0.199829,5.628251,1.737953,1.584713,4.409688,2.671735,16.181599,17.746349,45.027607,0.441786,7.500000,PSF-00578_20260612094026_41c,0.000000,0.000000,0.000000,92.088463,150.909363,0.389776,0.5,0.80,307.754883,1.000000,42.81,39.03,29.16,30.60,30.60,97.93,156.1,155.8,0.2,1974,4.041,09:39:35,2026-06-12,-0.49,1,0.001,-0.001,-9999.000,-0.903,-1.754,-9999.000,1,150,0.005,2.000000,0.058905,0.000000,0.029230,0.000000,0.000000,-0.000068,standard,0,mpf,7000,500,5.000000,2.000000,300,300,300,137.734299,25,-9.032187,136.665344,138.035370,-1.370026,2.459760,2.450780,1.642614,0.931867,0.231172,0.016972,0.249547,1.756015,92.088463,0.000293,2.397709,-0.000030,1.000000,2.383926,-0.000024,1.000000,0.601714,0.600514,0.106642,0.000000,PSF-00578_20260612094026_41c,PFA-00612,PSA-00572,PSF-00578,RHS-0697,3.0.0,2022-04-21T19:36:20.491Z,MEASUREMENT_END
PSF-00578_20260612094026_41c,09:40:26,2026-06-12,PFA-00612,PSA-00572,PSF-00578,0.000000,0.000000,0.000000,150.909363,92.088463,0.389776,1980.571411,TIME,0.000000,0.010000,0.020000,0.030000,0.040000,0.050000,0.060000,0.070000,0.080000,0.090000,0.100000,0.110000,0.120000,0.130000,0.140000,0.150000,0.160000,0.170000,0.180000,0.190000,0.200000,0.210000,0.220000,0.230000,0.240000,0.250000,0.260000,0.270000,0.280000,0.290000,0.300000,0.310000,0.320000,0.330000,0.340000,0.350000,0.360000,0.370000,0.380000,0.390000,0.400000,0.410000,0.420000,0.430000,0.440000,0.450000,0.460000,0.470000,0.480000,0.490000,0.500000,0.510000,0.520000,0.530000,0.540000,0.550000,0.560000,0.570000,0.580000,0.590000,0.600000,0.610000,0.620000,0.630000,0.640000,0.650000,0.660000,0.670000,0.680000,0.690000,0.700000,0.710000,0.720000,0.730000,0.740000,0.750000,0.760000,0.770000,0.780000,0.790000,0.800000,0.810000,0.820000,0.830000,0.839999,0.849999,0.859999,0.869999,0.879999,0.889999,FLR,111.668587,124.570374,129.718063,132.539398,134.138702,135.077835,135.693314,136.088852,136.377457,136.595245,136.755112,136.877060,136.988647,137.065536,137.151001,137.203217,137.280106,137.325165,137.382034,137.434250,137.477524,137.510773,137.547974,137.586594,137.609482,137.647751,137.674576,137.689941,137.716415,137.734299,137.760040,137.755753,137.633087,137.612701,137.458206,137.281174,137.240417,137.065170,137.039062,136.860962,136.826996,136.641739,136.595612,136.416443,136.220810,136.159653,135.965469,135.751602,135.691162,135.494110,135.316376,135.191925,134.998795,134.806747,134.572144,134.499191,134.297134,134.070755,133.854385,133.630508,136.180405,136.563782,136.653900,136.665344,136.629944,136.595245,136.551254,136.485809,136.426804,136.360641,136.309143,136.240845,136.171097,136.098511,136.031631,135.972260,135.904663,135.829208,135.765198,135.686157,135.646469,135.569931,135.495895,135.447983,135.385757,135.309937,135.235901,135.141846,135.077835,134.990570,PAR,7015.842773,7015.842773,7015.842773,7015.842773,7015.842773,7015.842773,7015.842773,7015.842773,7015.842773,7015.842773,7015.842773,7015.842773,7015.842773,7015.842773,7015.842773,7015.842773,7015.842773,7015.842773,7015.842773,7015.842773,7015.842773,7015.842773,7015.842773,7015.842773,7015.842773,7015.842773,7015.842773,7015.842773,7015.842773,7015.842773,6957.388672,6898.934570,6840.480469,6782.026367,6723.572266,6665.118164,6606.664062,6548.209961,6489.755859,6431.301758,6372.847656,6314.393066,6255.938965,6197.484863,6139.030762,6080.576660,6022.122559,5963.668457,5905.214355,5846.760254,5788.306152,5729.852051,5671.397949,5612.943848,5554.489746,5496.035645,5437.581055,5379.126953,5320.672852,5262.218750,7015.842773,7015.842773,7015.842773,7015.842773,7015.842773,7015.842773,7015.842773,7015.842773,7015.842773,7015.842773,7015.842773,7015.842773,7015.842773,7015.842773,7015.842773,7015.842773,7015.842773,7015.842773,7015.842773,7015.842773,7015.842773,7015.842773,7015.842773,7015.842773,7015.842773,7015.842773,7015.842773,7015.842773,7015.842773,7015.842773,PHASE,1,1,1,1,1,1,1,1,1,1,1,1,1,1,1,1,1,1,1,1,1,1,1,1,1,1,1,1,1,1,2,2,2,2,2,2,2,2,2,2,2,2,2,2,2,2,2,2,2,2,2,2,2,2,2,2,2,2,2,2,3,3,3,3,3,3,3,3,3,3,3,3,3,3,3,3,3,3,3,3,3,3,3,3,3,3,3,3,3,3,FLASH_END
25,09:40:42,2026-06-12,Auto gsw+F,LI-COR Default,,025,,,0.159902,2.916131,0.151590,4.306292,1.739674,1.622379,4.433910,2.694235,16.566853,17.764605,45.276665,0.441786,7.500000,PSF-00578_20260612094042_7fe,0.000000,0.000000,0.000000,94.111923,151.196762,0.377553,0.5,0.80,286.460205,1.000000,42.84,39.95,29.17,30.70,30.70,97.93,156.0,155.5,0.3,1897,4.076,09:39:35,2026-06-12,-0.49,1,0.002,0.004,-9999.000,-0.952,-1.327,-9999.000,1,150,0.005,2.000000,0.058905,0.000000,0.029230,0.000000,0.000000,-0.000068,standard,0,mpf,7000,500,5.000000,2.000000,300,300,300,137.605545,25,-9.370482,136.078827,137.840591,-1.761765,2.460990,2.450817,1.642018,0.931174,0.231122,0.018029,0.251111,1.691592,94.111923,0.000278,2.397709,-0.000030,1.000000,2.383926,-0.000024,1.000000,0.601714,0.600514,0.106642,0.000000,PSF-00578_20260612094042_7fe,PFA-00612,PSA-00572,PSF-00578,RHS-0697,3.0.0,2022-04-21T19:36:20.491Z,MEASUREMENT_END
PSF-00578_20260612094042_7fe,09:40:42,2026-06-12,PFA-00612,PSA-00572,PSF-00578,0.000000,0.000000,0.000000,151.196762,94.111923,0.377553,1903.471313,TIME,0.000000,0.010000,0.020000,0.030000,0.040000,0.050000,0.060000,0.070000,0.080000,0.090000,0.100000,0.110000,0.120000,0.130000,0.140000,0.150000,0.160000,0.170000,0.180000,0.190000,0.200000,0.210000,0.220000,0.230000,0.240000,0.250000,0.260000,0.270000,0.280000,0.290000,0.300000,0.310000,0.320000,0.330000,0.340000,0.350000,0.360000,0.370000,0.380000,0.390000,0.400000,0.410000,0.420000,0.430000,0.440000,0.450000,0.460000,0.470000,0.480000,0.490000,0.500000,0.510000,0.520000,0.530000,0.540000,0.550000,0.560000,0.570000,0.580000,0.590000,0.600000,0.610000,0.620000,0.630000,0.640000,0.650000,0.660000,0.670000,0.680000,0.690000,0.700000,0.710000,0.720000,0.730000,0.740000,0.750000,0.760000,0.770000,0.780000,0.790000,0.800000,0.810000,0.820000,0.830000,0.839999,0.849999,0.859999,0.869999,0.879999,0.889999,FLR,112.732887,125.491264,130.492691,133.178833,134.680862,135.576721,136.144287,136.502975,136.754028,136.927124,137.066956,137.142426,137.197495,137.265091,137.300842,137.353424,137.400269,137.413498,137.437469,137.459274,137.510056,137.520432,137.532227,137.549042,137.552261,137.582306,137.605545,137.595886,137.586594,137.601608,137.611633,137.593384,137.448547,137.412430,137.253998,137.069458,137.017242,136.851318,136.788361,136.614563,136.568420,136.388184,136.313080,136.126755,135.933640,135.855682,135.657547,135.460846,135.365372,135.179398,134.988068,134.896515,134.686584,134.500259,134.274246,134.168747,133.976700,133.757477,133.532166,133.313660,135.684372,136.010880,136.070251,136.078827,136.022324,135.957962,135.914322,135.842804,135.777710,135.692947,135.653259,135.578506,135.518433,135.433670,135.364655,135.306000,135.240204,135.161514,135.107162,135.016327,134.958740,134.868973,134.793518,134.719849,134.664780,134.578583,134.516006,134.434464,134.359360,134.297852,PAR,7015.842773,7015.842773,7015.842773,7015.842773,7015.842773,7015.842773,7015.842773,7015.842773,7015.842773,7015.842773,7015.842773,7015.842773,7015.842773,7015.842773,7015.842773,7015.842773,7015.842773,7015.842773,7015.842773,7015.842773,7015.842773,7015.842773,7015.842773,7015.842773,7015.842773,7015.842773,7015.842773,7015.842773,7015.842773,7015.842773,6957.388672,6898.934570,6840.480469,6782.026367,6723.572266,6665.118164,6606.664062,6548.209961,6489.755859,6431.301758,6372.847656,6314.393066,6255.938965,6197.484863,6139.030762,6080.576660,6022.122559,5963.668457,5905.214355,5846.760254,5788.306152,5729.852051,5671.397949,5612.943848,5554.489746,5496.035645,5437.581055,5379.126953,5320.672852,5262.218750,7015.842773,7015.842773,7015.842773,7015.842773,7015.842773,7015.842773,7015.842773,7015.842773,7015.842773,7015.842773,7015.842773,7015.842773,7015.842773,7015.842773,7015.842773,7015.842773,7015.842773,7015.842773,7015.842773,7015.842773,7015.842773,7015.842773,7015.842773,7015.842773,7015.842773,7015.842773,7015.842773,7015.842773,7015.842773,7015.842773,PHASE,1,1,1,1,1,1,1,1,1,1,1,1,1,1,1,1,1,1,1,1,1,1,1,1,1,1,1,1,1,1,2,2,2,2,2,2,2,2,2,2,2,2,2,2,2,2,2,2,2,2,2,2,2,2,2,2,2,2,2,2,3,3,3,3,3,3,3,3,3,3,3,3,3,3,3,3,3,3,3,3,3,3,3,3,3,3,3,3,3,3,FLASH_END
26,09:40:59,2026-06-12,Auto gsw+F,LI-COR Default,,026,,,0.174849,2.917849,0.164963,4.509209,1.800716,1.678134,4.392990,2.592275,17.135754,18.387455,44.857670,0.441786,7.500000,PSF-00578_20260612094059_539,0.000000,0.000000,0.000000,93.881248,153.837402,0.389737,0.5,0.80,292.920471,1.000000,44.31,41.29,29.18,30.53,30.53,97.93,156.2,155.6,0.4,1879,4.075,09:39:35,2026-06-12,-0.49,1,0.005,0.004,-9999.000,-0.743,-0.825,-9999.000,1,150,0.005,2.000000,0.058905,0.000000,0.029230,0.000000,0.000000,-0.000068,standard,0,mpf,7000,500,5.000000,2.000000,300,300,300,139.761322,25,-9.739947,138.312225,139.954605,-1.642380,2.462787,2.452731,1.643773,0.931376,0.231012,0.015993,0.252921,1.676670,93.881248,0.000287,2.397709,-0.000030,1.000000,2.383926,-0.000024,1.000000,0.601714,0.600514,0.106642,0.000000,PSF-00578_20260612094059_539,PFA-00612,PSA-00572,PSF-00578,RHS-0697,3.0.0,2022-04-21T19:36:20.491Z,MEASUREMENT_END
PSF-00578_20260612094059_539,09:40:59,2026-06-12,PFA-00612,PSA-00572,PSF-00578,0.000000,0.000000,0.000000,153.837402,93.881248,0.389737,1885.613525,TIME,0.000000,0.010000,0.020000,0.030000,0.040000,0.050000,0.060000,0.070000,0.080000,0.090000,0.100000,0.110000,0.120000,0.130000,0.140000,0.150000,0.160000,0.170000,0.180000,0.190000,0.200000,0.210000,0.220000,0.230000,0.240000,0.250000,0.260000,0.270000,0.280000,0.290000,0.300000,0.310000,0.320000,0.330000,0.340000,0.350000,0.360000,0.370000,0.380000,0.390000,0.400000,0.410000,0.420000,0.430000,0.440000,0.450000,0.460000,0.470000,0.480000,0.490000,0.500000,0.510000,0.520000,0.530000,0.540000,0.550000,0.560000,0.570000,0.580000,0.590000,0.600000,0.610000,0.620000,0.630000,0.640000,0.650000,0.660000,0.670000,0.680000,0.690000,0.700000,0.710000,0.720000,0.730000,0.740000,0.750000,0.760000,0.770000,0.780000,0.790000,0.800000,0.810000,0.820000,0.830000,0.839999,0.849999,0.859999,0.869999,0.879999,0.889999,FLR,113.624451,126.952530,132.317307,135.240906,136.897446,137.879135,138.487457,138.876205,139.129761,139.308212,139.412994,139.493469,139.561417,139.593964,139.628647,139.656540,139.676575,139.690155,139.719849,139.724136,139.739868,139.743454,139.734512,139.761322,139.759186,139.748459,139.752029,139.761322,139.752747,139.752029,139.755600,139.739868,139.565704,139.538879,139.351135,139.147278,139.091141,138.900162,138.855820,138.670212,138.619781,138.421661,138.346909,138.158798,137.932770,137.866257,137.677078,137.482880,137.385971,137.193207,136.996155,136.874908,136.678574,136.469727,136.244415,136.147858,135.938293,135.728363,135.503052,135.273819,137.828354,138.211365,138.312225,138.306854,138.277176,138.210648,138.145203,138.092636,138.026840,137.973541,137.917038,137.845154,137.763626,137.711411,137.637375,137.574432,137.485382,137.429596,137.354141,137.294418,137.231827,137.134903,137.077682,137.000793,136.924271,136.846298,136.754028,136.688950,136.616699,136.528366,PAR,7015.842773,7015.842773,7015.842773,7015.842773,7015.842773,7015.842773,7015.842773,7015.842773,7015.842773,7015.842773,7015.842773,7015.842773,7015.842773,7015.842773,7015.842773,7015.842773,7015.842773,7015.842773,7015.842773,7015.842773,7015.842773,7015.842773,7015.842773,7015.842773,7015.842773,7015.842773,7015.842773,7015.842773,7015.842773,7015.842773,6957.388672,6898.934570,6840.480469,6782.026367,6723.572266,6665.118164,6606.664062,6548.209961,6489.755859,6431.301758,6372.847656,6314.393066,6255.938965,6197.484863,6139.030762,6080.576660,6022.122559,5963.668457,5905.214355,5846.760254,5788.306152,5729.852051,5671.397949,5612.943848,5554.489746,5496.035645,5437.581055,5379.126953,5320.672852,5262.218750,7015.842773,7015.842773,7015.842773,7015.842773,7015.842773,7015.842773,7015.842773,7015.842773,7015.842773,7015.842773,7015.842773,7015.842773,7015.842773,7015.842773,7015.842773,7015.842773,7015.842773,7015.842773,7015.842773,7015.842773,7015.842773,7015.842773,7015.842773,7015.842773,7015.842773,7015.842773,7015.842773,7015.842773,7015.842773,7015.842773,PHASE,1,1,1,1,1,1,1,1,1,1,1,1,1,1,1,1,1,1,1,1,1,1,1,1,1,1,1,1,1,1,2,2,2,2,2,2,2,2,2,2,2,2,2,2,2,2,2,2,2,2,2,2,2,2,2,2,2,2,2,2,3,3,3,3,3,3,3,3,3,3,3,3,3,3,3,3,3,3,3,3,3,3,3,3,3,3,3,3,3,3,FLASH_END
27,09:41:30,2026-06-12,Auto gsw+F,LI-COR Default,,027,,,0.201969,2.915823,0.188886,5.420643,1.803973,1.656382,4.523659,2.719686,16.913424,18.420479,46.191364,0.441786,7.500000,PSF-00578_20260612094130_4b2,0.000000,0.000000,0.000000,87.846283,146.992340,0.402375,0.5,0.80,307.016998,1.000000,44.33,40.70,29.20,31.05,31.05,97.93,156.0,155.5,0.3,1908,4.074,09:39:35,2026-06-12,-0.49,1,0.000,-0.003,-9999.000,-0.064,0.028,-9999.000,1,150,0.005,2.000000,0.058905,0.000000,0.029230,0.000000,0.000000,-0.000068,standard,0,mpf,7000,500,5.000000,2.000000,300,300,300,134.267090,25,-8.744317,133.400909,134.528671,-1.127762,2.461992,2.452751,1.641704,0.931141,0.230792,0.021731,0.256091,1.700541,87.846283,0.000278,2.397709,-0.000030,1.000000,2.383926,-0.000024,1.000000,0.601714,0.600514,0.106642,0.000000,PSF-00578_20260612094130_4b2,PFA-00612,PSA-00572,PSF-00578,RHS-0697,3.0.0,2022-04-21T19:36:20.491Z,MEASUREMENT_END
PSF-00578_20260612094130_4b2,09:41:30,2026-06-12,PFA-00612,PSA-00572,PSF-00578,0.000000,0.000000,0.000000,146.992340,87.846283,0.402375,1914.181519,TIME,0.000000,0.010000,0.020000,0.030000,0.040000,0.050000,0.060000,0.070000,0.080000,0.090000,0.100000,0.110000,0.120000,0.130000,0.140000,0.150000,0.160000,0.170000,0.180000,0.190000,0.200000,0.210000,0.220000,0.230000,0.240000,0.250000,0.260000,0.270000,0.280000,0.290000,0.300000,0.310000,0.320000,0.330000,0.340000,0.350000,0.360000,0.370000,0.380000,0.390000,0.400000,0.410000,0.420000,0.430000,0.440000,0.450000,0.460000,0.470000,0.480000,0.490000,0.500000,0.510000,0.520000,0.530000,0.540000,0.550000,0.560000,0.570000,0.580000,0.590000,0.600000,0.610000,0.620000,0.630000,0.640000,0.650000,0.660000,0.670000,0.680000,0.690000,0.700000,0.710000,0.720000,0.730000,0.740000,0.750000,0.760000,0.770000,0.780000,0.790000,0.800000,0.810000,0.820000,0.830000,0.839999,0.849999,0.859999,0.869999,0.879999,0.889999,FLR,107.518677,120.615723,126.166466,129.268524,130.981201,131.953598,132.525085,132.883072,133.132690,133.293625,133.438110,133.513214,133.602982,133.685226,133.734589,133.791092,133.834000,133.883713,133.929489,133.987778,134.030701,134.062881,134.100082,134.134415,134.163376,134.176971,134.211655,134.243484,134.255295,134.267090,134.289978,134.273178,134.144775,134.129761,133.975266,133.793945,133.753540,133.582596,133.556839,133.391617,133.364792,133.165237,133.128403,132.955307,132.762909,132.681015,132.505066,132.314087,132.243988,132.055527,131.886368,131.787292,131.622070,131.407852,131.197571,131.098862,130.903961,130.690811,130.496979,130.270248,132.848022,133.273605,133.380173,133.400909,133.366943,133.317596,133.281830,133.242126,133.169891,133.125900,133.081558,133.016113,132.943512,132.896667,132.835510,132.781143,132.717133,132.665634,132.602341,132.545471,132.470734,132.404572,132.325165,132.274033,132.200714,132.156372,132.083420,132.002594,131.926422,131.855606,PAR,7015.842773,7015.842773,7015.842773,7015.842773,7015.842773,7015.842773,7015.842773,7015.842773,7015.842773,7015.842773,7015.842773,7015.842773,7015.842773,7015.842773,7015.842773,7015.842773,7015.842773,7015.842773,7015.842773,7015.842773,7015.842773,7015.842773,7015.842773,7015.842773,7015.842773,7015.842773,7015.842773,7015.842773,7015.842773,7015.842773,6957.388672,6898.934570,6840.480469,6782.026367,6723.572266,6665.118164,6606.664062,6548.209961,6489.755859,6431.301758,6372.847656,6314.393066,6255.938965,6197.484863,6139.030762,6080.576660,6022.122559,5963.668457,5905.214355,5846.760254,5788.306152,5729.852051,5671.397949,5612.943848,5554.489746,5496.035645,5437.581055,5379.126953,5320.672852,5262.218750,7015.842773,7015.842773,7015.842773,7015.842773,7015.842773,7015.842773,7015.842773,7015.842773,7015.842773,7015.842773,7015.842773,7015.842773,7015.842773,7015.842773,7015.842773,7015.842773,7015.842773,7015.842773,7015.842773,7015.842773,7015.842773,7015.842773,7015.842773,7015.842773,7015.842773,7015.842773,7015.842773,7015.842773,7015.842773,7015.842773,PHASE,1,1,1,1,1,1,1,1,1,1,1,1,1,1,1,1,1,1,1,1,1,1,1,1,1,1,1,1,1,1,2,2,2,2,2,2,2,2,2,2,2,2,2,2,2,2,2,2,2,2,2,2,2,2,2,2,2,2,2,2,3,3,3,3,3,3,3,3,3,3,3,3,3,3,3,3,3,3,3,3,3,3,3,3,3,3,3,3,3,3,FLASH_END
28,09:42:17,2026-06-12,Auto gsw+F,LI-COR Default,,028,,,0.149513,2.914799,0.142218,4.224538,1.779934,1.664791,4.594288,2.814354,16.999502,18.175251,46.913166,0.441786,7.500000,PSF-00578_20260612094217_379,0.000000,0.000000,0.000000,91.828827,141.583969,0.351418,0.5,0.80,284.400208,1.000000,43.64,40.82,29.24,31.32,31.32,97.93,155.9,155.7,0.1,2023,4.075,09:39:35,2026-06-12,-0.49,1,-0.003,-0.000,-9999.000,-0.829,-2.020,-9999.000,1,150,0.005,2.000000,0.058905,0.000000,0.029230,0.000000,0.000000,-0.000068,standard,0,mpf,7000,500,5.000000,2.000000,300,300,300,129.616501,25,-8.224499,128.298279,129.861221,-1.562943,2.462142,2.451853,1.640663,0.931607,0.230448,0.024498,0.261008,1.797221,91.828827,0.000288,2.397709,-0.000030,1.000000,2.383926,-0.000024,1.000000,0.601714,0.600514,0.106642,0.000000,PSF-00578_20260612094217_379,PFA-00612,PSA-00572,PSF-00578,RHS-0697,3.0.0,2022-04-21T19:36:20.491Z,MEASUREMENT_END
PSF-00578_20260612094217_379,09:42:17,2026-06-12,PFA-00612,PSA-00572,PSF-00578,0.000000,0.000000,0.000000,141.583969,91.828827,0.351418,2029.885254,TIME,0.000000,0.010000,0.020000,0.030000,0.040000,0.050000,0.060000,0.070000,0.080000,0.090000,0.100000,0.110000,0.120000,0.130000,0.140000,0.150000,0.160000,0.170000,0.180000,0.190000,0.200000,0.210000,0.220000,0.230000,0.240000,0.250000,0.260000,0.270000,0.280000,0.290000,0.300000,0.310000,0.320000,0.330000,0.340000,0.350000,0.360000,0.370000,0.380000,0.390000,0.400000,0.410000,0.420000,0.430000,0.440000,0.450000,0.460000,0.470000,0.480000,0.490000,0.500000,0.510000,0.520000,0.530000,0.540000,0.550000,0.560000,0.570000,0.580000,0.590000,0.600000,0.610000,0.620000,0.630000,0.640000,0.650000,0.660000,0.670000,0.680000,0.690000,0.700000,0.710000,0.720000,0.730000,0.740000,0.750000,0.760000,0.770000,0.780000,0.790000,0.800000,0.810000,0.820000,0.830000,0.839999,0.849999,0.859999,0.869999,0.879999,0.889999,FLR,107.847687,118.786453,123.262878,125.719429,127.073761,127.828720,128.269669,128.537888,128.727798,128.863693,128.996017,129.065399,129.131912,129.197006,129.251007,129.301071,129.341843,129.371887,129.403717,129.433395,129.489182,129.494186,129.514572,129.526733,129.559631,129.566788,129.579666,129.579666,129.613281,129.616501,129.633301,129.629379,129.490250,129.457718,129.320389,129.138000,129.111526,128.986008,128.952377,128.796814,128.767853,128.588318,128.556488,128.394836,128.231049,128.157730,127.976776,127.805115,127.731087,127.560852,127.366661,127.275108,127.097008,126.906395,126.709702,126.614929,126.463654,126.257301,126.045586,125.858185,127.914551,128.233917,128.298279,128.282898,128.244278,128.197433,128.138428,128.071899,128.003952,127.946732,127.883080,127.836945,127.770065,127.717850,127.642395,127.588745,127.515076,127.447487,127.358078,127.303719,127.240059,127.156738,127.085564,127.022980,126.957893,126.883507,126.821640,126.765129,126.699326,126.634598,PAR,7015.842773,7015.842773,7015.842773,7015.842773,7015.842773,7015.842773,7015.842773,7015.842773,7015.842773,7015.842773,7015.842773,7015.842773,7015.842773,7015.842773,7015.842773,7015.842773,7015.842773,7015.842773,7015.842773,7015.842773,7015.842773,7015.842773,7015.842773,7015.842773,7015.842773,7015.842773,7015.842773,7015.842773,7015.842773,7015.842773,6957.388672,6898.934570,6840.480469,6782.026367,6723.572266,6665.118164,6606.664062,6548.209961,6489.755859,6431.301758,6372.847656,6314.393066,6255.938965,6197.484863,6139.030762,6080.576660,6022.122559,5963.668457,5905.214355,5846.760254,5788.306152,5729.852051,5671.397949,5612.943848,5554.489746,5496.035645,5437.581055,5379.126953,5320.672852,5262.218750,7015.842773,7015.842773,7015.842773,7015.842773,7015.842773,7015.842773,7015.842773,7015.842773,7015.842773,7015.842773,7015.842773,7015.842773,7015.842773,7015.842773,7015.842773,7015.842773,7015.842773,7015.842773,7015.842773,7015.842773,7015.842773,7015.842773,7015.842773,7015.842773,7015.842773,7015.842773,7015.842773,7015.842773,7015.842773,7015.842773,PHASE,1,1,1,1,1,1,1,1,1,1,1,1,1,1,1,1,1,1,1,1,1,1,1,1,1,1,1,1,1,1,2,2,2,2,2,2,2,2,2,2,2,2,2,2,2,2,2,2,2,2,2,2,2,2,2,2,2,2,2,2,3,3,3,3,3,3,3,3,3,3,3,3,3,3,3,3,3,3,3,3,3,3,3,3,3,3,3,3,3,3,FLASH_END
29,09:42:46,2026-06-12,Auto gsw+F,LI-COR Default,,029,,,0.139299,2.916849,0.132949,3.835984,1.666412,1.561902,4.404525,2.738112,15.948473,17.015623,44.974304,0.441786,7.500000,PSF-00578_20260612094246_2a7,0.000000,0.000000,0.000000,89.104416,148.952393,0.401793,0.5,0.80,297.481812,1.000000,40.83,38.27,29.26,30.58,30.58,97.93,156.1,155.8,0.2,1851,4.073,09:39:35,2026-06-12,-0.49,1,0.007,0.004,-9999.000,-0.182,-0.689,-9999.000,1,150,0.005,2.000000,0.058905,0.000000,0.029230,0.000000,0.000000,-0.000068,standard,0,mpf,7000,500,5.000000,2.000000,300,300,300,135.093567,25,-9.532754,133.606552,135.364929,-1.758377,2.458711,2.448170,1.642751,0.931913,0.230330,0.015663,0.263982,1.653278,89.104416,0.000281,2.397709,-0.000030,1.000000,2.383926,-0.000024,1.000000,0.601714,0.600514,0.106642,0.000000,PSF-00578_20260612094246_2a7,PFA-00612,PSA-00572,PSF-00578,RHS-0697,3.0.0,2022-04-21T19:36:20.491Z,MEASUREMENT_END
PSF-00578_20260612094246_2a7,09:42:46,2026-06-12,PFA-00612,PSA-00572,PSF-00578,0.000000,0.000000,0.000000,148.952393,89.104416,0.401793,1857.617798,TIME,0.000000,0.010000,0.020000,0.030000,0.040000,0.050000,0.060000,0.070000,0.080000,0.090000,0.100000,0.110000,0.120000,0.130000,0.140000,0.150000,0.160000,0.170000,0.180000,0.190000,0.200000,0.210000,0.220000,0.230000,0.240000,0.250000,0.260000,0.270000,0.280000,0.290000,0.300000,0.310000,0.320000,0.330000,0.340000,0.350000,0.360000,0.370000,0.380000,0.390000,0.400000,0.410000,0.420000,0.430000,0.440000,0.450000,0.460000,0.470000,0.480000,0.490000,0.500000,0.510000,0.520000,0.530000,0.540000,0.550000,0.560000,0.570000,0.580000,0.590000,0.600000,0.610000,0.620000,0.630000,0.640000,0.650000,0.660000,0.670000,0.680000,0.690000,0.700000,0.710000,0.720000,0.730000,0.740000,0.750000,0.760000,0.770000,0.780000,0.790000,0.800000,0.810000,0.820000,0.830000,0.839999,0.849999,0.859999,0.869999,0.879999,0.889999,FLR,108.075142,121.167542,126.768349,129.952316,131.692886,132.683517,133.283615,133.665924,133.925552,134.079697,134.243134,134.316437,134.410507,134.478088,134.533875,134.600037,134.647614,134.701965,134.756332,134.796387,134.866119,134.905457,134.937286,134.983063,135.005234,135.024185,135.048157,135.059952,135.089279,135.093567,135.114670,135.097153,134.960175,134.906174,134.760620,134.560349,134.525650,134.349701,134.299988,134.110443,134.063965,133.906250,133.827927,133.653763,133.438110,133.356934,133.172028,132.959244,132.872345,132.681366,132.467148,132.377380,132.176041,131.946091,131.726868,131.624573,131.423950,131.207230,130.958679,130.725143,133.167023,133.538239,133.606552,133.569366,133.506775,133.443481,133.379456,133.305786,133.233551,133.151291,133.080475,133.003952,132.912750,132.844803,132.750031,132.677078,132.595901,132.500412,132.417084,132.345917,132.285828,132.191422,132.114166,132.030136,131.964691,131.866333,131.786224,131.716125,131.627075,131.526230,PAR,7015.842773,7015.842773,7015.842773,7015.842773,7015.842773,7015.842773,7015.842773,7015.842773,7015.842773,7015.842773,7015.842773,7015.842773,7015.842773,7015.842773,7015.842773,7015.842773,7015.842773,7015.842773,7015.842773,7015.842773,7015.842773,7015.842773,7015.842773,7015.842773,7015.842773,7015.842773,7015.842773,7015.842773,7015.842773,7015.842773,6957.388672,6898.934570,6840.480469,6782.026367,6723.572266,6665.118164,6606.664062,6548.209961,6489.755859,6431.301758,6372.847656,6314.393066,6255.938965,6197.484863,6139.030762,6080.576660,6022.122559,5963.668457,5905.214355,5846.760254,5788.306152,5729.852051,5671.397949,5612.943848,5554.489746,5496.035645,5437.581055,5379.126953,5320.672852,5262.218750,7015.842773,7015.842773,7015.842773,7015.842773,7015.842773,7015.842773,7015.842773,7015.842773,7015.842773,7015.842773,7015.842773,7015.842773,7015.842773,7015.842773,7015.842773,7015.842773,7015.842773,7015.842773,7015.842773,7015.842773,7015.842773,7015.842773,7015.842773,7015.842773,7015.842773,7015.842773,7015.842773,7015.842773,7015.842773,7015.842773,PHASE,1,1,1,1,1,1,1,1,1,1,1,1,1,1,1,1,1,1,1,1,1,1,1,1,1,1,1,1,1,1,2,2,2,2,2,2,2,2,2,2,2,2,2,2,2,2,2,2,2,2,2,2,2,2,2,2,2,2,2,2,3,3,3,3,3,3,3,3,3,3,3,3,3,3,3,3,3,3,3,3,3,3,3,3,3,3,3,3,3,3,FLASH_END
30,09:43:11,2026-06-12,Auto gsw+F,LI-COR Default,,030,,,0.163559,2.915467,0.154871,4.316101,1.583127,1.465321,4.231105,2.647978,14.964166,16.167225,43.208939,0.441786,7.500000,PSF-00578_20260612094311_42f,0.000000,0.000000,0.000000,91.310974,144.512100,0.368143,0.5,0.80,296.773743,1.000000,38.75,35.86,29.27,29.88,29.88,97.92,155.9,155.6,0.2,2015,4.073,09:39:35,2026-06-12,-0.49,1,0.002,0.004,-9999.000,-0.686,-1.787,-9999.000,1,150,0.005,2.000000,0.058905,0.000000,0.029230,0.000000,0.000000,-0.000068,standard,0,mpf,7000,500,5.000000,2.000000,300,300,300,132.984283,25,-7.921041,132.470734,133.221878,-0.751144,2.455438,2.445418,1.641342,0.931470,0.230162,0.007295,0.266571,1.790628,91.310974,0.000293,2.397709,-0.000030,1.000000,2.383926,-0.000024,1.000000,0.601714,0.600514,0.106642,0.000000,PSF-00578_20260612094311_42f,PFA-00612,PSA-00572,PSF-00578,RHS-0697,3.0.0,2022-04-21T19:36:20.491Z,MEASUREMENT_END
PSF-00578_20260612094311_42f,09:43:11,2026-06-12,PFA-00612,PSA-00572,PSF-00578,0.000000,0.000000,0.000000,144.512100,91.310974,0.368143,2021.994263,TIME,0.000000,0.010000,0.020000,0.030000,0.040000,0.050000,0.060000,0.070000,0.080000,0.090000,0.100000,0.110000,0.120000,0.130000,0.140000,0.150000,0.160000,0.170000,0.180000,0.190000,0.200000,0.210000,0.220000,0.230000,0.240000,0.250000,0.260000,0.270000,0.280000,0.290000,0.300000,0.310000,0.320000,0.330000,0.340000,0.350000,0.360000,0.370000,0.380000,0.390000,0.400000,0.410000,0.420000,0.430000,0.440000,0.450000,0.460000,0.470000,0.480000,0.490000,0.500000,0.510000,0.520000,0.530000,0.540000,0.550000,0.560000,0.570000,0.580000,0.590000,0.600000,0.610000,0.620000,0.630000,0.640000,0.650000,0.660000,0.670000,0.680000,0.690000,0.700000,0.710000,0.720000,0.730000,0.740000,0.750000,0.760000,0.770000,0.780000,0.790000,0.800000,0.810000,0.820000,0.830000,0.839999,0.849999,0.859999,0.869999,0.879999,0.889999,FLR,108.729958,120.543839,125.448349,128.257874,129.867203,130.799530,131.368164,131.726868,131.972198,132.120605,132.254364,132.346634,132.413513,132.478241,132.532959,132.571579,132.604843,132.639893,132.684235,132.701035,132.736450,132.757904,132.792953,132.818344,132.846237,132.878418,132.909897,132.927414,132.955307,132.984283,133.021469,133.022903,132.890579,132.864471,132.746094,132.532593,132.505768,132.357361,132.317307,132.175323,132.152084,131.979340,131.945007,131.778366,131.607773,131.557343,131.392120,131.214020,131.168243,130.990509,130.825287,130.762344,130.573517,130.393631,130.190491,130.138992,129.942291,129.765991,129.561066,129.356140,131.897095,132.308014,132.437469,132.470734,132.453201,132.447845,132.417084,132.373093,132.351639,132.292633,132.246490,132.197144,132.141708,132.088058,132.049805,131.999023,131.938583,131.898529,131.847382,131.798035,131.764404,131.686096,131.654266,131.590958,131.540894,131.485825,131.424301,131.356720,131.312378,131.251572,PAR,7015.842773,7015.842773,7015.842773,7015.842773,7015.842773,7015.842773,7015.842773,7015.842773,7015.842773,7015.842773,7015.842773,7015.842773,7015.842773,7015.842773,7015.842773,7015.842773,7015.842773,7015.842773,7015.842773,7015.842773,7015.842773,7015.842773,7015.842773,7015.842773,7015.842773,7015.842773,7015.842773,7015.842773,7015.842773,7015.842773,6957.388672,6898.934570,6840.480469,6782.026367,6723.572266,6665.118164,6606.664062,6548.209961,6489.755859,6431.301758,6372.847656,6314.393066,6255.938965,6197.484863,6139.030762,6080.576660,6022.122559,5963.668457,5905.214355,5846.760254,5788.306152,5729.852051,5671.397949,5612.943848,5554.489746,5496.035645,5437.581055,5379.126953,5320.672852,5262.218750,7015.842773,7015.842773,7015.842773,7015.842773,7015.842773,7015.842773,7015.842773,7015.842773,7015.842773,7015.842773,7015.842773,7015.842773,7015.842773,7015.842773,7015.842773,7015.842773,7015.842773,7015.842773,7015.842773,7015.842773,7015.842773,7015.842773,7015.842773,7015.842773,7015.842773,7015.842773,7015.842773,7015.842773,7015.842773,7015.842773,PHASE,1,1,1,1,1,1,1,1,1,1,1,1,1,1,1,1,1,1,1,1,1,1,1,1,1,1,1,1,1,1,2,2,2,2,2,2,2,2,2,2,2,2,2,2,2,2,2,2,2,2,2,2,2,2,2,2,2,2,2,2,3,3,3,3,3,3,3,3,3,3,3,3,3,3,3,3,3,3,3,3,3,3,3,3,3,3,3,3,3,3,FLASH_END
31,09:43:43,2026-06-12,Auto gsw+F,LI-COR Default,,031,,,0.170377,2.917488,0.160976,4.585111,1.666802,1.541961,4.369971,2.703168,15.746789,17.021694,44.626945,0.441786,7.500000,PSF-00578_20260612094343_ec9,0.000000,0.000000,0.000000,91.835617,147.329773,0.376666,0.5,0.80,302.329071,1.000000,40.77,37.71,29.29,30.44,30.44,97.92,156.2,155.6,0.4,2007,4.072,09:39:35,2026-06-12,-0.49,1,-0.001,0.003,-9999.000,-1.105,-2.168,-9999.000,1,150,0.005,2.000000,0.058905,0.000000,0.029230,0.000000,0.000000,-0.000068,standard,0,mpf,7000,500,5.000000,2.000000,300,300,300,134.343628,25,-8.955177,133.315445,134.565552,-1.250107,2.457954,2.448083,1.643403,0.931395,0.230051,0.013701,0.269690,1.783332,91.835617,0.000281,2.397709,-0.000030,1.000000,2.383926,-0.000024,1.000000,0.601714,0.600514,0.106642,0.000000,PSF-00578_20260612094343_ec9,PFA-00612,PSA-00572,PSF-00578,RHS-0697,3.0.0,2022-04-21T19:36:20.491Z,MEASUREMENT_END
PSF-00578_20260612094343_ec9,09:43:43,2026-06-12,PFA-00612,PSA-00572,PSF-00578,0.000000,0.000000,0.000000,147.329773,91.835617,0.376666,2013.262695,TIME,0.000000,0.010000,0.020000,0.030000,0.040000,0.050000,0.060000,0.070000,0.080000,0.090000,0.100000,0.110000,0.120000,0.130000,0.140000,0.150000,0.160000,0.170000,0.180000,0.190000,0.200000,0.210000,0.220000,0.230000,0.240000,0.250000,0.260000,0.270000,0.280000,0.290000,0.300000,0.310000,0.320000,0.330000,0.340000,0.350000,0.360000,0.370000,0.380000,0.390000,0.400000,0.410000,0.420000,0.430000,0.440000,0.450000,0.460000,0.470000,0.480000,0.490000,0.500000,0.510000,0.520000,0.530000,0.540000,0.550000,0.560000,0.570000,0.580000,0.590000,0.600000,0.610000,0.620000,0.630000,0.640000,0.650000,0.660000,0.670000,0.680000,0.690000,0.700000,0.710000,0.720000,0.730000,0.740000,0.750000,0.760000,0.770000,0.780000,0.790000,0.800000,0.810000,0.820000,0.830000,0.839999,0.849999,0.859999,0.869999,0.879999,0.889999,FLR,109.728813,122.087715,127.076271,129.826065,131.351349,132.247208,132.826920,133.178467,133.420593,133.602264,133.720642,133.796448,133.875854,133.935577,133.985992,134.028549,134.066101,134.108658,134.138702,134.154800,134.194855,134.208801,134.226318,134.240265,134.258865,134.282822,134.290695,134.310364,134.327179,134.343628,134.342545,134.340408,134.188049,134.178757,133.997086,133.822922,133.761765,133.599762,133.561127,133.408432,133.343338,133.159164,133.099792,132.932419,132.733231,132.677429,132.495041,132.292267,132.226822,132.028336,131.841309,131.766205,131.564499,131.354568,131.133911,131.063461,130.873917,130.667206,130.449417,130.224823,132.787949,133.206360,133.297913,133.315445,133.297211,133.252136,133.204941,133.130554,133.096573,133.022903,132.990005,132.928131,132.870911,132.815475,132.757538,132.716415,132.650970,132.576584,132.524017,132.459991,132.421371,132.316940,132.261520,132.204300,132.139206,132.086273,132.013672,131.953949,131.897446,131.816620,PAR,7015.842773,7015.842773,7015.842773,7015.842773,7015.842773,7015.842773,7015.842773,7015.842773,7015.842773,7015.842773,7015.842773,7015.842773,7015.842773,7015.842773,7015.842773,7015.842773,7015.842773,7015.842773,7015.842773,7015.842773,7015.842773,7015.842773,7015.842773,7015.842773,7015.842773,7015.842773,7015.842773,7015.842773,7015.842773,7015.842773,6957.388672,6898.934570,6840.480469,6782.026367,6723.572266,6665.118164,6606.664062,6548.209961,6489.755859,6431.301758,6372.847656,6314.393066,6255.938965,6197.484863,6139.030762,6080.576660,6022.122559,5963.668457,5905.214355,5846.760254,5788.306152,5729.852051,5671.397949,5612.943848,5554.489746,5496.035645,5437.581055,5379.126953,5320.672852,5262.218750,7015.842773,7015.842773,7015.842773,7015.842773,7015.842773,7015.842773,7015.842773,7015.842773,7015.842773,7015.842773,7015.842773,7015.842773,7015.842773,7015.842773,7015.842773,7015.842773,7015.842773,7015.842773,7015.842773,7015.842773,7015.842773,7015.842773,7015.842773,7015.842773,7015.842773,7015.842773,7015.842773,7015.842773,7015.842773,7015.842773,PHASE,1,1,1,1,1,1,1,1,1,1,1,1,1,1,1,1,1,1,1,1,1,1,1,1,1,1,1,1,1,1,2,2,2,2,2,2,2,2,2,2,2,2,2,2,2,2,2,2,2,2,2,2,2,2,2,2,2,2,2,2,3,3,3,3,3,3,3,3,3,3,3,3,3,3,3,3,3,3,3,3,3,3,3,3,3,3,3,3,3,3,FLASH_END
32,09:44:20,2026-06-12,Auto gsw+F,LI-COR Default,,032,,,0.128281,2.916011,0.122875,3.615964,1.604022,1.505390,4.397357,2.793335,15.373394,16.380650,44.906845,0.441786,7.500000,PSF-00578_20260612094420_51b,0.000000,0.000000,0.000000,86.289169,133.075546,0.351578,0.5,0.80,284.677795,1.000000,39.15,36.74,29.32,30.55,30.55,97.92,156.0,155.5,0.3,2024,4.071,09:39:35,2026-06-12,-0.49,1,-0.001,0.000,-9999.000,-0.667,-1.591,-9999.000,1,150,0.005,2.000000,0.058905,0.000000,0.029230,0.000000,0.000000,-0.000068,standard,0,mpf,7000,500,5.000000,2.000000,300,300,300,121.031281,25,-8.242834,119.579674,121.326660,-1.746986,2.456628,2.445942,1.641896,0.931264,0.229721,0.014554,0.273310,1.798103,86.289169,0.000287,2.397709,-0.000030,1.000000,2.383926,-0.000024,1.000000,0.601714,0.600514,0.106642,0.000000,PSF-00578_20260612094420_51b,PFA-00612,PSA-00572,PSF-00578,RHS-0697,3.0.0,2022-04-21T19:36:20.491Z,MEASUREMENT_END
PSF-00578_20260612094420_51b,09:44:20,2026-06-12,PFA-00612,PSA-00572,PSF-00578,0.000000,0.000000,0.000000,133.075546,86.289169,0.351578,2030.940308,TIME,0.000000,0.010000,0.020000,0.030000,0.040000,0.050000,0.060000,0.070000,0.080000,0.090000,0.100000,0.110000,0.120000,0.130000,0.140000,0.150000,0.160000,0.170000,0.180000,0.190000,0.200000,0.210000,0.220000,0.230000,0.240000,0.250000,0.260000,0.270000,0.280000,0.290000,0.300000,0.310000,0.320000,0.330000,0.340000,0.350000,0.360000,0.370000,0.380000,0.390000,0.400000,0.410000,0.420000,0.430000,0.440000,0.450000,0.460000,0.470000,0.480000,0.490000,0.500000,0.510000,0.520000,0.530000,0.540000,0.550000,0.560000,0.570000,0.580000,0.590000,0.600000,0.610000,0.620000,0.630000,0.640000,0.650000,0.660000,0.670000,0.680000,0.690000,0.700000,0.710000,0.720000,0.730000,0.740000,0.750000,0.760000,0.770000,0.780000,0.790000,0.800000,0.810000,0.820000,0.830000,0.839999,0.849999,0.859999,0.869999,0.879999,0.889999,FLR,100.247383,109.727028,113.740685,116.211174,117.711067,118.628380,119.216324,119.589325,119.848969,120.040657,120.162605,120.253799,120.343925,120.419739,120.488762,120.552063,120.607140,120.667580,120.713715,120.757698,120.804550,120.852470,120.879295,120.909691,120.941162,120.963692,120.999458,121.006248,121.023773,121.031281,121.077415,121.058823,120.961548,120.926498,120.793106,120.647194,120.587112,120.463730,120.417595,120.266678,120.220184,120.071053,120.007034,119.851830,119.675156,119.591835,119.449142,119.266388,119.180557,119.012474,118.839027,118.719574,118.559357,118.377686,118.174911,118.076561,117.909195,117.713928,117.514015,117.311951,119.228127,119.532822,119.579674,119.544624,119.503143,119.448784,119.364380,119.314667,119.230629,119.150520,119.092941,119.002464,118.925568,118.858337,118.789673,118.717789,118.623016,118.553635,118.478897,118.395569,118.329765,118.236069,118.167755,118.089439,118.007187,117.914558,117.845177,117.767212,117.695328,117.611290,PAR,7015.842773,7015.842773,7015.842773,7015.842773,7015.842773,7015.842773,7015.842773,7015.842773,7015.842773,7015.842773,7015.842773,7015.842773,7015.842773,7015.842773,7015.842773,7015.842773,7015.842773,7015.842773,7015.842773,7015.842773,7015.842773,7015.842773,7015.842773,7015.842773,7015.842773,7015.842773,7015.842773,7015.842773,7015.842773,7015.842773,6957.388672,6898.934570,6840.480469,6782.026367,6723.572266,6665.118164,6606.664062,6548.209961,6489.755859,6431.301758,6372.847656,6314.393066,6255.938965,6197.484863,6139.030762,6080.576660,6022.122559,5963.668457,5905.214355,5846.760254,5788.306152,5729.852051,5671.397949,5612.943848,5554.489746,5496.035645,5437.581055,5379.126953,5320.672852,5262.218750,7015.842773,7015.842773,7015.842773,7015.842773,7015.842773,7015.842773,7015.842773,7015.842773,7015.842773,7015.842773,7015.842773,7015.842773,7015.842773,7015.842773,7015.842773,7015.842773,7015.842773,7015.842773,7015.842773,7015.842773,7015.842773,7015.842773,7015.842773,7015.842773,7015.842773,7015.842773,7015.842773,7015.842773,7015.842773,7015.842773,PHASE,1,1,1,1,1,1,1,1,1,1,1,1,1,1,1,1,1,1,1,1,1,1,1,1,1,1,1,1,1,1,2,2,2,2,2,2,2,2,2,2,2,2,2,2,2,2,2,2,2,2,2,2,2,2,2,2,2,2,2,2,3,3,3,3,3,3,3,3,3,3,3,3,3,3,3,3,3,3,3,3,3,3,3,3,3,3,3,3,3,3,FLASH_END
33,09:44:41,2026-06-12,Auto gsw+F,LI-COR Default,,033,,,0.176932,2.915116,0.166808,4.832138,1.711806,1.580063,4.458899,2.747093,16.136881,17.482349,45.537884,0.441786,7.500000,PSF-00578_20260612094441_149,0.000000,0.000000,0.000000,90.195175,143.782730,0.372698,0.5,0.80,304.603912,1.000000,41.75,38.54,29.33,30.79,30.79,97.92,155.9,155.5,0.2,2043,4.071,09:39:35,2026-06-12,-0.49,1,-0.003,0.000,-9999.000,-0.709,-1.181,-9999.000,1,150,0.005,2.000000,0.058905,0.000000,0.029230,0.000000,0.000000,-0.000068,standard,0,mpf,7000,500,5.000000,2.000000,300,300,300,131.571289,25,-8.434443,130.857468,131.760742,-0.903275,2.459060,2.449366,1.640985,0.931159,0.229609,0.017257,0.275420,1.813934,90.195175,0.000281,2.397709,-0.000030,1.000000,2.383926,-0.000024,1.000000,0.601714,0.600514,0.106642,0.000000,PSF-00578_20260612094441_149,PFA-00612,PSA-00572,PSF-00578,RHS-0697,3.0.0,2022-04-21T19:36:20.491Z,MEASUREMENT_END
PSF-00578_20260612094441_149,09:44:41,2026-06-12,PFA-00612,PSA-00572,PSF-00578,0.000000,0.000000,0.000000,143.782730,90.195175,0.372698,2049.886475,TIME,0.000000,0.010000,0.020000,0.030000,0.040000,0.050000,0.060000,0.070000,0.080000,0.090000,0.100000,0.110000,0.120000,0.130000,0.140000,0.150000,0.160000,0.170000,0.180000,0.190000,0.200000,0.210000,0.220000,0.230000,0.240000,0.250000,0.260000,0.270000,0.280000,0.290000,0.300000,0.310000,0.320000,0.330000,0.340000,0.350000,0.360000,0.370000,0.380000,0.390000,0.400000,0.410000,0.420000,0.430000,0.440000,0.450000,0.460000,0.470000,0.480000,0.490000,0.500000,0.510000,0.520000,0.530000,0.540000,0.550000,0.560000,0.570000,0.580000,0.590000,0.600000,0.610000,0.620000,0.630000,0.640000,0.650000,0.660000,0.670000,0.680000,0.690000,0.700000,0.710000,0.720000,0.730000,0.740000,0.750000,0.760000,0.770000,0.780000,0.790000,0.800000,0.810000,0.820000,0.830000,0.839999,0.849999,0.859999,0.869999,0.879999,0.889999,FLR,107.642410,119.565010,124.586823,127.384186,128.950241,129.821426,130.355713,130.669708,130.876419,131.007675,131.110306,131.176117,131.242279,131.275894,131.306641,131.337769,131.362793,131.407852,131.417160,131.452911,131.487610,131.491180,131.520508,131.533020,131.541611,131.547333,131.561630,131.565567,131.563782,131.571289,131.590607,131.568436,131.429672,131.403931,131.256226,131.040924,130.994797,130.844589,130.809189,130.638245,130.613571,130.420807,130.375031,130.209091,130.016678,129.961258,129.808182,129.600769,129.548553,129.361511,129.186279,129.106873,128.930923,128.751038,128.548981,128.476746,128.287552,128.108032,127.888443,127.686378,130.240555,130.682587,130.827072,130.857468,130.852814,130.834930,130.808472,130.760193,130.732651,130.703323,130.656128,130.603546,130.564926,130.521301,130.478378,130.447266,130.396851,130.343918,130.291336,130.250580,130.215164,130.159729,130.109314,130.071396,130.017044,129.950531,129.901535,129.848602,129.796021,129.739166,PAR,7015.842773,7015.842773,7015.842773,7015.842773,7015.842773,7015.842773,7015.842773,7015.842773,7015.842773,7015.842773,7015.842773,7015.842773,7015.842773,7015.842773,7015.842773,7015.842773,7015.842773,7015.842773,7015.842773,7015.842773,7015.842773,7015.842773,7015.842773,7015.842773,7015.842773,7015.842773,7015.842773,7015.842773,7015.842773,7015.842773,6957.388672,6898.934570,6840.480469,6782.026367,6723.572266,6665.118164,6606.664062,6548.209961,6489.755859,6431.301758,6372.847656,6314.393066,6255.938965,6197.484863,6139.030762,6080.576660,6022.122559,5963.668457,5905.214355,5846.760254,5788.306152,5729.852051,5671.397949,5612.943848,5554.489746,5496.035645,5437.581055,5379.126953,5320.672852,5262.218750,7015.842773,7015.842773,7015.842773,7015.842773,7015.842773,7015.842773,7015.842773,7015.842773,7015.842773,7015.842773,7015.842773,7015.842773,7015.842773,7015.842773,7015.842773,7015.842773,7015.842773,7015.842773,7015.842773,7015.842773,7015.842773,7015.842773,7015.842773,7015.842773,7015.842773,7015.842773,7015.842773,7015.842773,7015.842773,7015.842773,PHASE,1,1,1,1,1,1,1,1,1,1,1,1,1,1,1,1,1,1,1,1,1,1,1,1,1,1,1,1,1,1,2,2,2,2,2,2,2,2,2,2,2,2,2,2,2,2,2,2,2,2,2,2,2,2,2,2,2,2,2,2,3,3,3,3,3,3,3,3,3,3,3,3,3,3,3,3,3,3,3,3,3,3,3,3,3,3,3,3,3,3,FLASH_END
34,09:45:16,2026-06-12,Auto gsw+F,LI-COR Default,,034,,,0.160033,2.916779,0.151709,4.546155,1.698538,1.574731,4.539393,2.840855,16.081690,17.346050,46.357822,0.441786,7.500000,PSF-00578_20260612094516_fb3,0.000000,0.000000,0.000000,87.988258,139.379059,0.368712,0.5,0.80,303.428711,1.000000,41.39,38.37,29.35,31.11,31.11,97.92,156.1,155.4,0.4,2057,4.070,09:39:35,2026-06-12,-0.49,1,0.008,0.002,-0.010,-0.216,-0.362,-1.480,1,150,0.005,2.000000,0.058905,0.000000,0.029230,0.000000,0.000000,-0.000068,standard,0,mpf,7000,500,5.000000,2.000000,300,300,300,128.570084,25,-7.379220,128.081558,128.861115,-0.779556,2.458837,2.448892,1.642678,0.930991,0.229473,0.020766,0.278954,1.825731,87.988258,0.000279,2.397709,-0.000030,1.000000,2.383926,-0.000024,1.000000,0.601714,0.600514,0.106642,0.000000,PSF-00578_20260612094516_fb3,PFA-00612,PSA-00572,PSF-00578,RHS-0697,3.0.0,2022-04-21T19:36:20.491Z,MEASUREMENT_END
PSF-00578_20260612094516_fb3,09:45:16,2026-06-12,PFA-00612,PSA-00572,PSF-00578,0.000000,0.000000,0.000000,139.379059,87.988258,0.368712,2064.004639,TIME,0.000000,0.010000,0.020000,0.030000,0.040000,0.050000,0.060000,0.070000,0.080000,0.090000,0.100000,0.110000,0.120000,0.130000,0.140000,0.150000,0.160000,0.170000,0.180000,0.190000,0.200000,0.210000,0.220000,0.230000,0.240000,0.250000,0.260000,0.270000,0.280000,0.290000,0.300000,0.310000,0.320000,0.330000,0.340000,0.350000,0.360000,0.370000,0.380000,0.390000,0.400000,0.410000,0.420000,0.430000,0.440000,0.450000,0.460000,0.470000,0.480000,0.490000,0.500000,0.510000,0.520000,0.530000,0.540000,0.550000,0.560000,0.570000,0.580000,0.590000,0.600000,0.610000,0.620000,0.630000,0.640000,0.650000,0.660000,0.670000,0.680000,0.690000,0.700000,0.710000,0.720000,0.730000,0.740000,0.750000,0.760000,0.770000,0.780000,0.790000,0.800000,0.810000,0.820000,0.830000,0.839999,0.849999,0.859999,0.869999,0.879999,0.889999,FLR,104.781029,116.196869,121.061684,123.780014,125.316742,126.177551,126.701477,127.030853,127.248642,127.404930,127.538681,127.632736,127.698540,127.792953,127.870560,127.927780,127.978561,128.044006,128.101944,128.145569,128.227829,128.244278,128.305786,128.334045,128.391617,128.435974,128.479248,128.517868,128.529312,128.570084,128.614426,128.642319,128.502487,128.509277,128.380539,128.228546,128.221039,128.078705,128.042221,127.892372,127.866623,127.731796,127.695679,127.561569,127.387405,127.339127,127.196793,127.020119,126.958611,126.795174,126.638535,126.557350,126.374962,126.207588,126.019478,125.966553,125.792023,125.628593,125.432968,125.243423,127.590538,127.978561,128.070831,128.081558,128.056168,128.029343,127.989647,127.956032,127.920624,127.874496,127.841591,127.786873,127.746819,127.701042,127.640961,127.581238,127.559067,127.497551,127.460007,127.399567,127.372025,127.314445,127.270462,127.219322,127.171394,127.123116,127.074478,127.006531,126.955391,126.898529,PAR,7015.842773,7015.842773,7015.842773,7015.842773,7015.842773,7015.842773,7015.842773,7015.842773,7015.842773,7015.842773,7015.842773,7015.842773,7015.842773,7015.842773,7015.842773,7015.842773,7015.842773,7015.842773,7015.842773,7015.842773,7015.842773,7015.842773,7015.842773,7015.842773,7015.842773,7015.842773,7015.842773,7015.842773,7015.842773,7015.842773,6957.388672,6898.934570,6840.480469,6782.026367,6723.572266,6665.118164,6606.664062,6548.209961,6489.755859,6431.301758,6372.847656,6314.393066,6255.938965,6197.484863,6139.030762,6080.576660,6022.122559,5963.668457,5905.214355,5846.760254,5788.306152,5729.852051,5671.397949,5612.943848,5554.489746,5496.035645,5437.581055,5379.126953,5320.672852,5262.218750,7015.842773,7015.842773,7015.842773,7015.842773,7015.842773,7015.842773,7015.842773,7015.842773,7015.842773,7015.842773,7015.842773,7015.842773,7015.842773,7015.842773,7015.842773,7015.842773,7015.842773,7015.842773,7015.842773,7015.842773,7015.842773,7015.842773,7015.842773,7015.842773,7015.842773,7015.842773,7015.842773,7015.842773,7015.842773,7015.842773,PHASE,1,1,1,1,1,1,1,1,1,1,1,1,1,1,1,1,1,1,1,1,1,1,1,1,1,1,1,1,1,1,2,2,2,2,2,2,2,2,2,2,2,2,2,2,2,2,2,2,2,2,2,2,2,2,2,2,2,2,2,2,3,3,3,3,3,3,3,3,3,3,3,3,3,3,3,3,3,3,3,3,3,3,3,3,3,3,3,3,3,3,FLASH_END
35,09:45:32,2026-06-12,Auto gsw+F,LI-COR Default,,035,,,0.185855,2.916186,0.174720,5.038283,1.668368,1.531063,4.404252,2.735884,15.637057,17.039377,44.981510,0.441786,7.500000,PSF-00578_20260612094532_c53,0.000000,0.000000,0.000000,93.447090,150.364288,0.378529,0.5,0.80,310.619629,1.000000,40.65,37.31,29.35,30.58,30.58,97.91,156.0,155.5,0.3,2051,4.069,09:39:35,2026-06-12,-0.49,1,-0.001,0.000,0.010,-0.615,-1.487,-4.073,1,150,0.005,2.000000,0.058905,0.000000,0.029230,0.000000,0.000000,-0.000068,standard,0,mpf,7000,500,5.000000,2.000000,300,300,300,137.772202,25,-8.630635,137.202148,138.062653,-0.860504,2.457392,2.447922,1.642075,0.931155,0.229463,0.014545,0.280572,1.820835,93.447090,0.000278,2.397709,-0.000030,1.000000,2.383926,-0.000024,1.000000,0.601714,0.600514,0.106642,0.000000,PSF-00578_20260612094532_c53,PFA-00612,PSA-00572,PSF-00578,RHS-0697,3.0.0,2022-04-21T19:36:20.491Z,MEASUREMENT_END
PSF-00578_20260612094532_c53,09:45:32,2026-06-12,PFA-00612,PSA-00572,PSF-00578,0.000000,0.000000,0.000000,150.364288,93.447090,0.378529,2058.145020,TIME,0.000000,0.010000,0.020000,0.030000,0.040000,0.050000,0.060000,0.070000,0.080000,0.090000,0.100000,0.110000,0.120000,0.130000,0.140000,0.150000,0.160000,0.170000,0.180000,0.190000,0.200000,0.210000,0.220000,0.230000,0.240000,0.250000,0.260000,0.270000,0.280000,0.290000,0.300000,0.310000,0.320000,0.330000,0.340000,0.350000,0.360000,0.370000,0.380000,0.390000,0.400000,0.410000,0.420000,0.430000,0.440000,0.450000,0.460000,0.470000,0.480000,0.490000,0.500000,0.510000,0.520000,0.530000,0.540000,0.550000,0.560000,0.570000,0.580000,0.590000,0.600000,0.610000,0.620000,0.630000,0.640000,0.650000,0.660000,0.670000,0.680000,0.690000,0.700000,0.710000,0.720000,0.730000,0.740000,0.750000,0.760000,0.770000,0.780000,0.790000,0.800000,0.810000,0.820000,0.830000,0.839999,0.849999,0.859999,0.869999,0.879999,0.889999,FLR,111.942886,124.412300,129.692673,132.690308,134.389404,135.388260,135.983704,136.351700,136.615280,136.782288,136.915329,136.986496,137.068039,137.126328,137.189987,137.230759,137.275818,137.325165,137.369873,137.426727,137.488251,137.514709,137.562637,137.601257,137.649185,137.656326,137.697098,137.710693,137.740372,137.772202,137.804031,137.812973,137.674210,137.664917,137.510422,137.329102,137.301926,137.133835,137.098434,136.932129,136.910324,136.722916,136.694305,136.506912,136.317368,136.258362,136.095291,135.895020,135.822052,135.634308,135.457275,135.367874,135.179764,134.982712,134.768494,134.679077,134.482391,134.262436,134.062881,133.848312,136.567352,137.034775,137.181763,137.199646,137.202148,137.157089,137.109161,137.037277,136.980774,136.925339,136.904602,136.819489,136.793015,136.769775,136.697174,136.649612,136.579865,136.518356,136.454346,136.397476,136.362427,136.288406,136.204010,136.161087,136.101364,136.023041,135.971909,135.891800,135.833862,135.763046,PAR,7015.842773,7015.842773,7015.842773,7015.842773,7015.842773,7015.842773,7015.842773,7015.842773,7015.842773,7015.842773,7015.842773,7015.842773,7015.842773,7015.842773,7015.842773,7015.842773,7015.842773,7015.842773,7015.842773,7015.842773,7015.842773,7015.842773,7015.842773,7015.842773,7015.842773,7015.842773,7015.842773,7015.842773,7015.842773,7015.842773,6957.388672,6898.934570,6840.480469,6782.026367,6723.572266,6665.118164,6606.664062,6548.209961,6489.755859,6431.301758,6372.847656,6314.393066,6255.938965,6197.484863,6139.030762,6080.576660,6022.122559,5963.668457,5905.214355,5846.760254,5788.306152,5729.852051,5671.397949,5612.943848,5554.489746,5496.035645,5437.581055,5379.126953,5320.672852,5262.218750,7015.842773,7015.842773,7015.842773,7015.842773,7015.842773,7015.842773,7015.842773,7015.842773,7015.842773,7015.842773,7015.842773,7015.842773,7015.842773,7015.842773,7015.842773,7015.842773,7015.842773,7015.842773,7015.842773,7015.842773,7015.842773,7015.842773,7015.842773,7015.842773,7015.842773,7015.842773,7015.842773,7015.842773,7015.842773,7015.842773,PHASE,1,1,1,1,1,1,1,1,1,1,1,1,1,1,1,1,1,1,1,1,1,1,1,1,1,1,1,1,1,1,2,2,2,2,2,2,2,2,2,2,2,2,2,2,2,2,2,2,2,2,2,2,2,2,2,2,2,2,2,2,3,3,3,3,3,3,3,3,3,3,3,3,3,3,3,3,3,3,3,3,3,3,3,3,3,3,3,3,3,3,FLASH_END
36,09:45:55,2026-06-12,Auto gsw+F,LI-COR Default,,036,,,0.105705,2.914927,0.102006,3.207730,1.751964,1.664528,4.729334,2.977370,16.998680,17.891605,48.297443,0.441786,7.500000,PSF-00578_20260612094555_b28,0.000000,0.000000,0.000000,83.393097,118.159645,0.294234,0.5,0.80,241.101120,1.000000,42.67,40.54,29.36,31.83,31.83,97.92,155.9,155.5,0.2,2049,4.069,09:39:35,2026-06-12,-0.49,1,-0.001,-0.001,-9999.000,-0.088,-0.396,-9999.000,1,150,0.005,2.000000,0.058905,0.000000,0.029230,0.000000,0.000000,-0.000068,standard,0,mpf,7000,500,5.000000,2.000000,300,300,300,109.458092,25,-5.979286,108.648422,109.637093,-0.988670,2.461754,2.450571,1.640793,0.931102,0.229405,0.029203,0.282893,1.818376,83.393097,0.000282,2.397709,-0.000030,1.000000,2.383926,-0.000024,1.000000,0.601714,0.600514,0.106642,0.000000,PSF-00578_20260612094555_b28,PFA-00612,PSA-00572,PSF-00578,RHS-0697,3.0.0,2022-04-21T19:36:20.491Z,MEASUREMENT_END
PSF-00578_20260612094555_b28,09:45:55,2026-06-12,PFA-00612,PSA-00572,PSF-00578,0.000000,0.000000,0.000000,118.159645,83.393097,0.294234,2055.202881,TIME,0.000000,0.010000,0.020000,0.030000,0.040000,0.050000,0.060000,0.070000,0.080000,0.090000,0.100000,0.110000,0.120000,0.130000,0.140000,0.150000,0.160000,0.170000,0.180000,0.190000,0.200000,0.210000,0.220000,0.230000,0.240000,0.250000,0.260000,0.270000,0.280000,0.290000,0.300000,0.310000,0.320000,0.330000,0.340000,0.350000,0.360000,0.370000,0.380000,0.390000,0.400000,0.410000,0.420000,0.430000,0.440000,0.450000,0.460000,0.470000,0.480000,0.490000,0.500000,0.510000,0.520000,0.530000,0.540000,0.550000,0.560000,0.570000,0.580000,0.590000,0.600000,0.610000,0.620000,0.630000,0.640000,0.650000,0.660000,0.670000,0.680000,0.690000,0.700000,0.710000,0.720000,0.730000,0.740000,0.750000,0.760000,0.770000,0.780000,0.790000,0.800000,0.810000,0.820000,0.830000,0.839999,0.849999,0.859999,0.869999,0.879999,0.889999,FLR,93.767166,100.920441,104.003189,105.861786,106.970787,107.643127,108.055832,108.327629,108.513237,108.662369,108.783958,108.852623,108.924149,108.980652,109.053970,109.093666,109.148743,109.181641,109.233856,109.265327,109.294655,109.312531,109.343292,109.368324,109.396935,109.410522,109.423401,109.436630,109.454514,109.458092,109.479187,109.474182,109.386917,109.377625,109.261749,109.142303,109.112976,108.988884,108.963486,108.847618,108.828667,108.711006,108.651283,108.561516,108.421684,108.377335,108.255745,108.115196,108.069061,107.952477,107.826233,107.754349,107.638840,107.501862,107.345581,107.289078,107.171417,107.030869,106.885674,106.736542,108.287575,108.566521,108.647346,108.648422,108.635185,108.604073,108.584045,108.542564,108.503220,108.461739,108.438492,108.395218,108.348724,108.319763,108.274338,108.237144,108.205673,108.153465,108.114479,108.080505,108.057617,107.987526,107.950333,107.905266,107.868790,107.825157,107.771515,107.712151,107.701065,107.652428,PAR,7015.842773,7015.842773,7015.842773,7015.842773,7015.842773,7015.842773,7015.842773,7015.842773,7015.842773,7015.842773,7015.842773,7015.842773,7015.842773,7015.842773,7015.842773,7015.842773,7015.842773,7015.842773,7015.842773,7015.842773,7015.842773,7015.842773,7015.842773,7015.842773,7015.842773,7015.842773,7015.842773,7015.842773,7015.842773,7015.842773,6957.388672,6898.934570,6840.480469,6782.026367,6723.572266,6665.118164,6606.664062,6548.209961,6489.755859,6431.301758,6372.847656,6314.393066,6255.938965,6197.484863,6139.030762,6080.576660,6022.122559,5963.668457,5905.214355,5846.760254,5788.306152,5729.852051,5671.397949,5612.943848,5554.489746,5496.035645,5437.581055,5379.126953,5320.672852,5262.218750,7015.842773,7015.842773,7015.842773,7015.842773,7015.842773,7015.842773,7015.842773,7015.842773,7015.842773,7015.842773,7015.842773,7015.842773,7015.842773,7015.842773,7015.842773,7015.842773,7015.842773,7015.842773,7015.842773,7015.842773,7015.842773,7015.842773,7015.842773,7015.842773,7015.842773,7015.842773,7015.842773,7015.842773,7015.842773,7015.842773,PHASE,1,1,1,1,1,1,1,1,1,1,1,1,1,1,1,1,1,1,1,1,1,1,1,1,1,1,1,1,1,1,2,2,2,2,2,2,2,2,2,2,2,2,2,2,2,2,2,2,2,2,2,2,2,2,2,2,2,2,2,2,3,3,3,3,3,3,3,3,3,3,3,3,3,3,3,3,3,3,3,3,3,3,3,3,3,3,3,3,3,3,FLASH_END
Obs#,Time,Date,configName,configAuthor,remark,Observation,,,gsw,gbw,gtw,E_apparent,VPcham,VPref,VPleaf,VPDleaf,H2O_r,H2O_s,H2O_leaf,leaf_area,leaf_width,flashID,Fo,Fm,Fv/Fm,Fs,Fm',PhiPS2,PS2/1,abs,ETR,TRANS,rh_s,rh_r,Tref,Tmeas,Tleaf,P_atm,flow,flow_s,leak_pct,Qamb,batt,match_time,match_date,rh_adj,type,gsw1sec,gsw2sec,gsw4sec,flr1sec,flr2sec,flr4sec,auto,flow_set,gsw_limit,gsw_period,aw,Bla,Blb,Blc,Bld,Ble,chamber,dark,flash_type,flash_intensity,modrate,flr_limit,flr_period,P1_dur,P2_dur,P3_dur,P1_Fmax,P2_ramp,P2_slp,P3_Fmax,P3_Pred,P3_DeltaF,v_humA,v_humB,v_flowIn,v_flowOut,v_temp,v_irt,v_pres,v_par,v_F,i_LED,b_rhr,m_rhr,span_rhr,b_rhs,m_rhs,span_rhs,z_flowIn,z_flowOut,z_quantum,z_flr,flashId,lciSerNum,lcpSerNum,lcfSerNum,lcrhSerNum,version,configUpdatedAt,MEASUREMENT_HEADER_END
flashId,time,date,lciSerialNumber,lcpSerialNumber,lcfSerialNumber,Fm,Fo,Fv/Fm,Fm',Fs,PhiPS2,LightIntensity,data[],FLASH_HEADER_END
1,11:29:17,2026-06-12,Auto gsw+F,LI-COR Default,,001,,,0.218396,2.915455,0.203176,9.326933,1.875560,1.621651,6.187476,4.311916,16.553965,19.145884,63.162327,0.441786,7.500000,PSF-00578_20260612112917_3ab,0.000000,0.000000,0.000000,93.021866,147.782761,0.370550,0.5,0.80,318.611084,1.000000,25.31,21.89,39.99,36.66,36.66,97.96,155.9,154.4,1.0,2150,4.066,11:29:09,2026-06-12,0.12,1,0.001,0.001,-9999.000,-1.156,-2.211,-9999.000,1,150,0.005,2.000000,0.058905,0.000000,0.029230,0.000000,0.000000,-0.000068,standard,0,mpf,7000,500,5.000000,2.000000,300,300,300,130.985504,25,-11.820138,127.878784,130.934982,-3.056198,2.434322,2.424879,1.641330,0.928493,0.151732,-0.041720,0.062774,1.902796,93.021866,0.000296,2.397709,-0.000030,1.000000,2.383926,-0.000024,1.000000,0.601714,0.600514,0.106642,0.000000,PSF-00578_20260612112917_3ab,PFA-00612,PSA-00572,PSF-00578,RHS-0697,3.0.0,2022-04-21T19:36:20.491Z,MEASUREMENT_END
PSF-00578_20260612112917_3ab,11:29:17,2026-06-12,PFA-00612,PSA-00572,PSF-00578,0.000000,0.000000,0.000000,147.782761,93.021866,0.370550,2156.234131,TIME,0.000000,0.010000,0.020000,0.030000,0.040000,0.050000,0.060000,0.070000,0.080000,0.090000,0.100000,0.110000,0.120000,0.130000,0.140000,0.150000,0.160000,0.170000,0.180000,0.190000,0.200000,0.210000,0.220000,0.230000,0.240000,0.250000,0.260000,0.270000,0.280000,0.290000,0.300000,0.310000,0.320000,0.330000,0.340000,0.350000,0.360000,0.370000,0.380000,0.390000,0.400000,0.410000,0.420000,0.430000,0.440000,0.450000,0.460000,0.470000,0.480000,0.490000,0.500000,0.510000,0.520000,0.530000,0.540000,0.550000,0.560000,0.570000,0.580000,0.590000,0.600000,0.610000,0.620000,0.630000,0.640000,0.650000,0.660000,0.670000,0.680000,0.690000,0.700000,0.710000,0.720000,0.730000,0.740000,0.750000,0.760000,0.770000,0.780000,0.790000,0.800000,0.810000,0.820000,0.830000,0.839999,0.849999,0.859999,0.869999,0.879999,0.889999,FLR,107.766510,118.128059,122.651337,125.360016,127.038002,128.081924,128.742096,129.189484,129.520294,129.781006,129.985931,130.128265,130.279541,130.383972,130.482315,130.578522,130.667572,130.734436,130.799530,130.842804,130.890366,130.918976,130.951523,130.977631,130.985504,130.977982,130.838150,130.635025,130.585663,130.553848,130.532379,130.496628,130.324966,130.279892,130.116455,129.909760,129.822128,129.629013,129.552124,129.400497,129.416229,129.282471,129.210236,128.993515,128.697388,128.563278,128.294708,128.015762,127.817276,127.573013,127.339485,127.229332,127.041580,126.783371,126.425743,126.186844,125.911118,125.648972,125.397560,125.175835,127.452133,127.822998,127.878784,127.838013,127.731445,127.638100,127.527596,127.433182,127.351639,127.240417,127.140640,127.033356,126.913902,126.808403,126.724365,126.649979,126.604912,126.531960,126.317024,126.123192,126.029846,125.936867,125.813843,125.662926,125.575302,125.573158,125.436905,125.259163,125.053879,124.913338,PAR,7015.842773,7015.842773,7015.842773,7015.842773,7015.842773,7015.842773,7015.842773,7015.842773,7015.842773,7015.842773,7015.842773,7015.842773,7015.842773,7015.842773,7015.842773,7015.842773,7015.842773,7015.842773,7015.842773,7015.842773,7015.842773,7015.842773,7015.842773,7015.842773,7015.842773,7015.842773,7015.842773,7015.842773,7015.842773,7015.842773,6957.388672,6898.934570,6840.480469,6782.026367,6723.572266,6665.118164,6606.664062,6548.209961,6489.755859,6431.301758,6372.847656,6314.393066,6255.938965,6197.484863,6139.030762,6080.576660,6022.122559,5963.668457,5905.214355,5846.760254,5788.306152,5729.852051,5671.397949,5612.943848,5554.489746,5496.035645,5437.581055,5379.126953,5320.672852,5262.218750,7015.842773,7015.842773,7015.842773,7015.842773,7015.842773,7015.842773,7015.842773,7015.842773,7015.842773,7015.842773,7015.842773,7015.842773,7015.842773,7015.842773,7015.842773,7015.842773,7015.842773,7015.842773,7015.842773,7015.842773,7015.842773,7015.842773,7015.842773,7015.842773,7015.842773,7015.842773,7015.842773,7015.842773,7015.842773,7015.842773,PHASE,1,1,1,1,1,1,1,1,1,1,1,1,1,1,1,1,1,1,1,1,1,1,1,1,1,1,1,1,1,1,2,2,2,2,2,2,2,2,2,2,2,2,2,2,2,2,2,2,2,2,2,2,2,2,2,2,2,2,2,2,3,3,3,3,3,3,3,3,3,3,3,3,3,3,3,3,3,3,3,3,3,3,3,3,3,3,3,3,3,3,FLASH_END
2,11:30:05,2026-06-12,Auto gsw+F,LI-COR Default,,002,,,0.279643,2.915176,0.255166,9.011337,1.825593,1.580080,5.161983,3.336390,16.128653,18.634724,52.690903,0.441786,7.500000,PSF-00578_20260612113005_b08,0.000000,0.000000,0.000000,87.454674,216.866531,0.596735,0.5,0.80,443.018890,1.000000,25.15,21.77,39.60,33.38,33.38,97.97,155.9,154.6,0.8,1856,4.064,11:29:09,2026-06-12,0.12,1,-0.000,-0.002,0.015,0.185,0.553,1.513,1,150,0.005,2.000000,0.058905,0.000000,0.029230,0.000000,0.000000,-0.000068,standard,0,mpf,7000,500,5.000000,2.000000,300,300,300,177.834747,25,-32.858570,162.695282,170.031723,-7.336441,2.434189,2.424693,1.641046,0.928877,0.153982,-0.076771,0.069080,1.657494,87.454674,0.000319,2.397709,-0.000030,1.000000,2.383926,-0.000024,1.000000,0.601714,0.600514,0.106642,0.000000,PSF-00578_20260612113005_b08,PFA-00612,PSA-00572,PSF-00578,RHS-0697,3.0.0,2022-04-21T19:36:20.491Z,MEASUREMENT_END
PSF-00578_20260612113005_b08,11:30:05,2026-06-12,PFA-00612,PSA-00572,PSF-00578,0.000000,0.000000,0.000000,216.866531,87.454674,0.596735,1862.663452,TIME,0.000000,0.010000,0.020000,0.030000,0.040000,0.050000,0.060000,0.070000,0.080000,0.090000,0.100000,0.110000,0.120000,0.130000,0.140000,0.150000,0.160000,0.170000,0.180000,0.190000,0.200000,0.210000,0.220000,0.230000,0.240000,0.250000,0.260000,0.270000,0.280000,0.290000,0.300000,0.310000,0.320000,0.330000,0.340000,0.350000,0.360000,0.370000,0.380000,0.390000,0.400000,0.410000,0.420000,0.430000,0.440000,0.450000,0.460000,0.470000,0.480000,0.490000,0.500000,0.510000,0.520000,0.530000,0.540000,0.550000,0.560000,0.570000,0.580000,0.590000,0.600000,0.610000,0.620000,0.630000,0.640000,0.650000,0.660000,0.670000,0.680000,0.690000,0.700000,0.710000,0.720000,0.730000,0.740000,0.750000,0.760000,0.770000,0.780000,0.790000,0.800000,0.810000,0.820000,0.830000,0.839999,0.849999,0.859999,0.869999,0.879999,0.889999,FLR,139.811752,159.822113,160.370712,161.260849,163.230301,166.178589,169.440506,172.372696,174.640778,176.197891,177.162766,177.626968,177.834747,177.742126,177.498932,177.168854,176.738617,176.293365,175.789124,175.305252,174.816010,174.301392,173.814651,173.338654,172.885544,172.426697,171.986816,171.564102,171.171432,170.772675,170.407532,170.001633,169.346100,168.955566,168.262131,167.547943,167.115921,166.442154,166.074875,165.414688,165.098541,164.444809,164.114349,163.490295,162.831192,162.483215,161.873459,161.221863,160.901779,160.315628,159.714096,159.400467,158.854370,158.261780,157.653458,157.364136,156.826965,156.249405,155.656464,155.067093,161.029099,162.108063,162.525421,162.657028,162.695282,162.670609,162.604095,162.510391,162.416702,162.299759,162.202484,162.094116,161.982544,161.888840,161.782257,161.687134,161.582703,161.489014,161.377426,161.274429,161.192184,161.061646,160.958282,160.864594,160.752289,160.653229,160.553452,160.442947,160.329941,160.207993,PAR,7015.842773,7015.842773,7015.842773,7015.842773,7015.842773,7015.842773,7015.842773,7015.842773,7015.842773,7015.842773,7015.842773,7015.842773,7015.842773,7015.842773,7015.842773,7015.842773,7015.842773,7015.842773,7015.842773,7015.842773,7015.842773,7015.842773,7015.842773,7015.842773,7015.842773,7015.842773,7015.842773,7015.842773,7015.842773,7015.842773,6957.388672,6898.934570,6840.480469,6782.026367,6723.572266,6665.118164,6606.664062,6548.209961,6489.755859,6431.301758,6372.847656,6314.393066,6255.938965,6197.484863,6139.030762,6080.576660,6022.122559,5963.668457,5905.214355,5846.760254,5788.306152,5729.852051,5671.397949,5612.943848,5554.489746,5496.035645,5437.581055,5379.126953,5320.672852,5262.218750,7015.842773,7015.842773,7015.842773,7015.842773,7015.842773,7015.842773,7015.842773,7015.842773,7015.842773,7015.842773,7015.842773,7015.842773,7015.842773,7015.842773,7015.842773,7015.842773,7015.842773,7015.842773,7015.842773,7015.842773,7015.842773,7015.842773,7015.842773,7015.842773,7015.842773,7015.842773,7015.842773,7015.842773,7015.842773,7015.842773,PHASE,1,1,1,1,1,1,1,1,1,1,1,1,1,1,1,1,1,1,1,1,1,1,1,1,1,1,1,1,1,1,2,2,2,2,2,2,2,2,2,2,2,2,2,2,2,2,2,2,2,2,2,2,2,2,2,2,2,2,2,2,3,3,3,3,3,3,3,3,3,3,3,3,3,3,3,3,3,3,3,3,3,3,3,3,3,3,3,3,3,3,FLASH_END
3,11:30:40,2026-06-12,Auto gsw+F,LI-COR Default,,003,,,0.287137,2.916634,0.261403,8.526022,1.790116,1.558014,4.876621,3.086505,15.903989,18.273249,49.779846,0.441786,7.500000,PSF-00578_20260612113040_556,0.000000,0.000000,0.000000,78.331589,182.926712,0.571787,0.5,0.80,445.392273,1.000000,25.14,21.88,39.25,32.37,32.37,97.96,156.1,154.4,1.1,1947,4.061,11:29:09,2026-06-12,0.12,1,0.008,0.004,-9999.000,0.935,1.494,-9999.000,1,150,0.005,2.000000,0.058905,0.000000,0.029230,0.000000,0.000000,-0.000068,standard,0,mpf,7000,500,5.000000,2.000000,300,300,300,153.363342,25,-24.831182,143.146988,147.533691,-4.386703,2.434385,2.424710,1.642531,0.928315,0.156087,-0.084318,0.073823,1.733831,78.331589,0.000316,2.397709,-0.000030,1.000000,2.383926,-0.000024,1.000000,0.601714,0.600514,0.106642,0.000000,PSF-00578_20260612113040_556,PFA-00612,PSA-00572,PSF-00578,RHS-0697,3.0.0,2022-04-21T19:36:20.491Z,MEASUREMENT_END
PSF-00578_20260612113040_556,11:30:40,2026-06-12,PFA-00612,PSA-00572,PSF-00578,0.000000,0.000000,0.000000,182.926712,78.331589,0.571787,1954.021362,TIME,0.000000,0.010000,0.020000,0.030000,0.040000,0.050000,0.060000,0.070000,0.080000,0.090000,0.100000,0.110000,0.120000,0.130000,0.140000,0.150000,0.160000,0.170000,0.180000,0.190000,0.200000,0.210000,0.220000,0.230000,0.240000,0.250000,0.260000,0.270000,0.280000,0.290000,0.300000,0.310000,0.320000,0.330000,0.340000,0.350000,0.360000,0.370000,0.380000,0.390000,0.400000,0.410000,0.420000,0.430000,0.440000,0.450000,0.460000,0.470000,0.480000,0.490000,0.500000,0.510000,0.520000,0.530000,0.540000,0.550000,0.560000,0.570000,0.580000,0.590000,0.600000,0.610000,0.620000,0.630000,0.640000,0.650000,0.660000,0.670000,0.680000,0.690000,0.700000,0.710000,0.720000,0.730000,0.740000,0.750000,0.760000,0.770000,0.780000,0.790000,0.800000,0.810000,0.820000,0.830000,0.839999,0.849999,0.859999,0.869999,0.879999,0.889999,FLR,116.844177,134.711273,136.973618,138.668777,140.922195,143.756393,146.665695,149.118301,150.957230,152.178528,152.915955,153.263931,153.363342,153.274658,153.087967,152.824051,152.513977,152.189972,151.828766,151.464340,151.111725,150.733353,150.366074,150.018448,149.650818,149.336456,149.009232,148.714539,148.403046,148.125534,147.848373,147.573349,147.030823,146.728989,146.206146,145.616409,145.327454,144.796722,144.537445,144.032120,143.779633,143.273239,143.041138,142.560486,142.064453,141.822693,141.366364,140.886429,140.660400,140.216583,139.751678,139.524933,139.095062,138.650543,138.174530,137.968536,137.550110,137.119171,136.664276,136.221527,141.477234,142.458557,142.879837,143.046494,143.138763,143.146988,143.146271,143.126602,143.112656,143.077972,143.064377,143.026108,142.987488,142.986053,142.958527,142.925262,142.885925,142.866608,142.824417,142.792587,142.780060,142.729996,142.711395,142.670273,142.633438,142.614120,142.572998,142.561203,142.532227,142.493958,PAR,7015.842773,7015.842773,7015.842773,7015.842773,7015.842773,7015.842773,7015.842773,7015.842773,7015.842773,7015.842773,7015.842773,7015.842773,7015.842773,7015.842773,7015.842773,7015.842773,7015.842773,7015.842773,7015.842773,7015.842773,7015.842773,7015.842773,7015.842773,7015.842773,7015.842773,7015.842773,7015.842773,7015.842773,7015.842773,7015.842773,6957.388672,6898.934570,6840.480469,6782.026367,6723.572266,6665.118164,6606.664062,6548.209961,6489.755859,6431.301758,6372.847656,6314.393066,6255.938965,6197.484863,6139.030762,6080.576660,6022.122559,5963.668457,5905.214355,5846.760254,5788.306152,5729.852051,5671.397949,5612.943848,5554.489746,5496.035645,5437.581055,5379.126953,5320.672852,5262.218750,7015.842773,7015.842773,7015.842773,7015.842773,7015.842773,7015.842773,7015.842773,7015.842773,7015.842773,7015.842773,7015.842773,7015.842773,7015.842773,7015.842773,7015.842773,7015.842773,7015.842773,7015.842773,7015.842773,7015.842773,7015.842773,7015.842773,7015.842773,7015.842773,7015.842773,7015.842773,7015.842773,7015.842773,7015.842773,7015.842773,PHASE,1,1,1,1,1,1,1,1,1,1,1,1,1,1,1,1,1,1,1,1,1,1,1,1,1,1,1,1,1,1,2,2,2,2,2,2,2,2,2,2,2,2,2,2,2,2,2,2,2,2,2,2,2,2,2,2,2,2,2,2,3,3,3,3,3,3,3,3,3,3,3,3,3,3,3,3,3,3,3,3,3,3,3,3,3,3,3,3,3,3,FLASH_END
4,11:31:31,2026-06-12,Auto gsw+F,LI-COR Default,,004,,,0.248056,2.915566,0.228606,8.807930,1.658227,1.417961,5.298031,3.639804,14.476707,16.929712,54.090385,0.441786,7.500000,PSF-00578_20260612113131_f1e,0.000000,0.000000,0.000000,107.035873,192.918839,0.445177,0.5,0.80,21.783485,1.000000,23.91,20.44,38.76,33.85,33.85,97.95,155.9,154.6,0.8,122,4.060,11:29:09,2026-06-12,0.12,1,0.002,0.002,-9999.000,-2.744,-3.008,-9999.000,1,150,0.005,2.000000,0.058905,0.000000,0.029230,0.000000,0.000000,-0.000068,standard,0,mpf,7000,500,5.000000,2.000000,300,300,300,177.346222,25,-10.588893,177.675598,177.826004,-0.150406,2.432305,2.423015,1.641443,0.929004,0.159036,-0.060390,0.080557,0.208859,107.035873,0.000299,2.397709,-0.000030,1.000000,2.383926,-0.000024,1.000000,0.601714,0.600514,0.106642,0.000000,PSF-00578_20260612113131_f1e,PFA-00612,PSA-00572,PSF-00578,RHS-0697,3.0.0,2022-04-21T19:36:20.491Z,MEASUREMENT_END
PSF-00578_20260612113131_f1e,11:31:31,2026-06-12,PFA-00612,PSA-00572,PSF-00578,0.000000,0.000000,0.000000,192.918839,107.035873,0.445177,128.982269,TIME,0.000000,0.010000,0.020000,0.030000,0.040000,0.050000,0.060000,0.070000,0.080000,0.090000,0.100000,0.110000,0.120000,0.130000,0.140000,0.150000,0.160000,0.170000,0.180000,0.190000,0.200000,0.210000,0.220000,0.230000,0.240000,0.250000,0.260000,0.270000,0.280000,0.290000,0.300000,0.310000,0.320000,0.330000,0.340000,0.350000,0.360000,0.370000,0.380000,0.390000,0.400000,0.410000,0.420000,0.430000,0.440000,0.450000,0.460000,0.470000,0.480000,0.490000,0.500000,0.510000,0.520000,0.530000,0.540000,0.550000,0.560000,0.570000,0.580000,0.590000,0.600000,0.610000,0.620000,0.630000,0.640000,0.650000,0.660000,0.670000,0.680000,0.690000,0.700000,0.710000,0.720000,0.730000,0.740000,0.750000,0.760000,0.770000,0.780000,0.790000,0.800000,0.810000,0.820000,0.830000,0.839999,0.849999,0.859999,0.869999,0.879999,0.889999,FLR,136.653549,158.973450,167.161346,170.825958,172.708160,173.838974,174.570679,175.070999,175.405380,175.652496,175.844193,175.985092,176.130295,176.236511,176.366684,176.445007,176.538712,176.609879,176.672455,176.720383,176.763290,176.792984,176.830170,176.876663,176.946762,177.039383,177.128082,177.222488,177.281143,177.346222,177.424194,177.491074,177.331573,177.384140,177.203186,176.973938,176.940674,176.694275,176.652069,176.403519,176.386719,176.152115,176.147461,175.923950,175.661087,175.625320,175.381775,175.125717,175.055984,174.838898,174.611450,174.568176,174.361465,174.107910,173.822159,173.723816,173.452377,173.150543,172.858719,172.571533,176.529404,177.262192,177.502151,177.615524,177.675598,177.658432,177.640198,177.597992,177.545074,177.518600,177.534698,177.536850,177.541855,177.539703,177.540070,177.515030,177.474976,177.401306,177.315475,177.224640,177.195312,177.138443,177.137024,177.155609,177.146667,177.126282,177.079086,177.020782,176.936386,176.849121,PAR,7015.842773,7015.842773,7015.842773,7015.842773,7015.842773,7015.842773,7015.842773,7015.842773,7015.842773,7015.842773,7015.842773,7015.842773,7015.842773,7015.842773,7015.842773,7015.842773,7015.842773,7015.842773,7015.842773,7015.842773,7015.842773,7015.842773,7015.842773,7015.842773,7015.842773,7015.842773,7015.842773,7015.842773,7015.842773,7015.842773,6957.388672,6898.934570,6840.480469,6782.026367,6723.572266,6665.118164,6606.664062,6548.209961,6489.755859,6431.301758,6372.847656,6314.393066,6255.938965,6197.484863,6139.030762,6080.576660,6022.122559,5963.668457,5905.214355,5846.760254,5788.306152,5729.852051,5671.397949,5612.943848,5554.489746,5496.035645,5437.581055,5379.126953,5320.672852,5262.218750,7015.842773,7015.842773,7015.842773,7015.842773,7015.842773,7015.842773,7015.842773,7015.842773,7015.842773,7015.842773,7015.842773,7015.842773,7015.842773,7015.842773,7015.842773,7015.842773,7015.842773,7015.842773,7015.842773,7015.842773,7015.842773,7015.842773,7015.842773,7015.842773,7015.842773,7015.842773,7015.842773,7015.842773,7015.842773,7015.842773,PHASE,1,1,1,1,1,1,1,1,1,1,1,1,1,1,1,1,1,1,1,1,1,1,1,1,1,1,1,1,1,1,2,2,2,2,2,2,2,2,2,2,2,2,2,2,2,2,2,2,2,2,2,2,2,2,2,2,2,2,2,2,3,3,3,3,3,3,3,3,3,3,3,3,3,3,3,3,3,3,3,3,3,3,3,3,3,3,3,3,3,3,FLASH_END
5,11:31:57,2026-06-12,Auto gsw+F,LI-COR Default,,005,,,0.170796,2.916724,0.161348,6.865385,1.788539,1.601705,5.794488,4.005949,16.354319,18.261999,59.165009,0.441786,7.500000,PSF-00578_20260612113157_382,0.000000,0.000000,0.000000,97.811935,200.700836,0.512648,0.5,0.80,292.731903,1.000000,26.17,23.44,38.49,35.46,35.46,97.94,156.1,154.6,0.9,1428,4.060,11:29:09,2026-06-12,0.12,1,0.002,-0.002,-9999.000,0.206,-0.913,-9999.000,1,150,0.005,2.000000,0.058905,0.000000,0.029230,0.000000,0.000000,-0.000068,standard,0,mpf,7000,500,5.000000,2.000000,300,300,300,176.101685,25,-17.231934,174.116486,176.139374,-2.022888,2.436742,2.426244,1.642623,0.928994,0.160724,-0.037305,0.083754,1.299477,97.811935,0.000309,2.397709,-0.000030,1.000000,2.383926,-0.000024,1.000000,0.601714,0.600514,0.106642,0.000000,PSF-00578_20260612113157_382,PFA-00612,PSA-00572,PSF-00578,RHS-0697,3.0.0,2022-04-21T19:36:20.491Z,MEASUREMENT_END
PSF-00578_20260612113157_382,11:31:57,2026-06-12,PFA-00612,PSA-00572,PSF-00578,0.000000,0.000000,0.000000,200.700836,97.811935,0.512648,1434.199707,TIME,0.000000,0.010000,0.020000,0.030000,0.040000,0.050000,0.060000,0.070000,0.080000,0.090000,0.100000,0.110000,0.120000,0.130000,0.140000,0.150000,0.160000,0.170000,0.180000,0.190000,0.200000,0.210000,0.220000,0.230000,0.240000,0.250000,0.260000,0.270000,0.280000,0.290000,0.300000,0.310000,0.320000,0.330000,0.340000,0.350000,0.360000,0.370000,0.380000,0.390000,0.400000,0.410000,0.420000,0.430000,0.440000,0.450000,0.460000,0.470000,0.480000,0.490000,0.500000,0.510000,0.520000,0.530000,0.540000,0.550000,0.560000,0.570000,0.580000,0.590000,0.600000,0.610000,0.620000,0.630000,0.640000,0.650000,0.660000,0.670000,0.680000,0.690000,0.700000,0.710000,0.720000,0.730000,0.740000,0.750000,0.760000,0.770000,0.780000,0.790000,0.800000,0.810000,0.820000,0.830000,0.839999,0.849999,0.859999,0.869999,0.879999,0.889999,FLR,130.281693,153.522491,162.632706,167.166351,169.820663,171.691772,173.069000,174.042816,174.705856,175.148254,175.453308,175.639267,175.769089,175.877808,175.953979,176.011917,176.067001,176.085236,176.098816,176.091309,176.101685,176.068420,176.068787,176.058411,176.051254,176.026581,176.010849,175.986176,175.959702,175.926804,175.904633,175.858139,175.539490,175.430054,175.126785,174.740555,174.621109,174.284576,174.176575,173.820740,173.732040,173.374771,173.250320,172.908783,172.518250,172.383789,172.043320,171.664597,171.529770,171.185013,170.819885,170.671463,170.314545,169.948700,169.558884,169.434433,169.090393,168.738846,168.369415,167.998199,172.748917,173.708435,173.997040,174.101471,174.116486,174.104691,174.086807,174.048904,174.021729,173.992035,173.988464,173.940903,173.899765,173.864365,173.829315,173.782471,173.727753,173.678040,173.639053,173.588638,173.582916,173.542145,173.504227,173.465607,173.418396,173.386932,173.318268,173.263199,173.205612,173.143036,PAR,7015.842773,7015.842773,7015.842773,7015.842773,7015.842773,7015.842773,7015.842773,7015.842773,7015.842773,7015.842773,7015.842773,7015.842773,7015.842773,7015.842773,7015.842773,7015.842773,7015.842773,7015.842773,7015.842773,7015.842773,7015.842773,7015.842773,7015.842773,7015.842773,7015.842773,7015.842773,7015.842773,7015.842773,7015.842773,7015.842773,6957.388672,6898.934570,6840.480469,6782.026367,6723.572266,6665.118164,6606.664062,6548.209961,6489.755859,6431.301758,6372.847656,6314.393066,6255.938965,6197.484863,6139.030762,6080.576660,6022.122559,5963.668457,5905.214355,5846.760254,5788.306152,5729.852051,5671.397949,5612.943848,5554.489746,5496.035645,5437.581055,5379.126953,5320.672852,5262.218750,7015.842773,7015.842773,7015.842773,7015.842773,7015.842773,7015.842773,7015.842773,7015.842773,7015.842773,7015.842773,7015.842773,7015.842773,7015.842773,7015.842773,7015.842773,7015.842773,7015.842773,7015.842773,7015.842773,7015.842773,7015.842773,7015.842773,7015.842773,7015.842773,7015.842773,7015.842773,7015.842773,7015.842773,7015.842773,7015.842773,PHASE,1,1,1,1,1,1,1,1,1,1,1,1,1,1,1,1,1,1,1,1,1,1,1,1,1,1,1,1,1,1,2,2,2,2,2,2,2,2,2,2,2,2,2,2,2,2,2,2,2,2,2,2,2,2,2,2,2,2,2,2,3,3,3,3,3,3,3,3,3,3,3,3,3,3,3,3,3,3,3,3,3,3,3,3,3,3,3,3,3,3,FLASH_END
6,11:32:30,2026-06-12,Auto gsw+F,LI-COR Default,,006,,,0.184097,2.915784,0.173164,7.704403,1.645540,1.435407,5.836500,4.190961,14.656436,16.802023,59.594437,0.441786,7.500000,PSF-00578_20260612113230_ffd,0.000000,0.000000,0.000000,87.486145,142.119598,0.384419,0.5,0.80,325.579041,1.000000,24.51,21.38,38.15,35.59,35.59,97.94,156.0,154.8,0.8,2117,4.058,11:29:09,2026-06-12,0.12,1,0.001,0.001,-9999.000,-0.013,-0.150,-9999.000,1,150,0.005,2.000000,0.058905,0.000000,0.029230,0.000000,0.000000,-0.000068,standard,0,mpf,7000,500,5.000000,2.000000,300,300,300,126.681091,25,-10.605394,124.743462,127.003250,-2.259789,2.433766,2.423944,1.641664,0.929291,0.162790,-0.031515,0.088148,1.875860,87.486145,0.000296,2.397709,-0.000030,1.000000,2.383926,-0.000024,1.000000,0.601714,0.600514,0.106642,0.000000,PSF-00578_20260612113230_ffd,PFA-00612,PSA-00572,PSF-00578,RHS-0697,3.0.0,2022-04-21T19:36:20.491Z,MEASUREMENT_END
PSF-00578_20260612113230_ffd,11:32:30,2026-06-12,PFA-00612,PSA-00572,PSF-00578,0.000000,0.000000,0.000000,142.119598,87.486145,0.384419,2123.997314,TIME,0.000000,0.010000,0.020000,0.030000,0.040000,0.050000,0.060000,0.070000,0.080000,0.090000,0.100000,0.110000,0.120000,0.130000,0.140000,0.150000,0.160000,0.170000,0.180000,0.190000,0.200000,0.210000,0.220000,0.230000,0.240000,0.250000,0.260000,0.270000,0.280000,0.290000,0.300000,0.310000,0.320000,0.330000,0.340000,0.350000,0.360000,0.370000,0.380000,0.390000,0.400000,0.410000,0.420000,0.430000,0.440000,0.450000,0.460000,0.470000,0.480000,0.490000,0.500000,0.510000,0.520000,0.530000,0.540000,0.550000,0.560000,0.570000,0.580000,0.590000,0.600000,0.610000,0.620000,0.630000,0.640000,0.650000,0.660000,0.670000,0.680000,0.690000,0.700000,0.710000,0.720000,0.730000,0.740000,0.750000,0.760000,0.770000,0.780000,0.790000,0.800000,0.810000,0.820000,0.830000,0.839999,0.849999,0.859999,0.869999,0.879999,0.889999,FLR,102.363823,113.009689,118.021843,120.987297,122.725006,123.709915,124.317528,124.706268,124.992371,125.193001,125.368591,125.507713,125.636818,125.738380,125.838875,125.941872,126.039864,126.134277,126.205086,126.275185,126.393555,126.428604,126.484749,126.529457,126.564148,126.598122,126.621010,126.640678,126.658920,126.681091,126.710770,126.686096,126.531242,126.496193,126.318100,126.116394,126.065971,125.887871,125.831367,125.631805,125.571373,125.371811,125.285629,125.095726,124.873642,124.770645,124.574661,124.326469,124.232773,124.019264,123.789665,123.678802,123.460648,123.213890,122.972847,122.824074,122.583031,122.350571,122.099518,121.861694,124.225975,124.659058,124.743462,124.740242,124.707703,124.641891,124.595406,124.517082,124.444130,124.390480,124.351501,124.261734,124.184845,124.125122,124.041077,123.971703,123.880508,123.805763,123.727081,123.659851,123.599770,123.493553,123.420242,123.334412,123.273972,123.187424,123.106239,123.038651,122.968910,122.881653,PAR,7015.842773,7015.842773,7015.842773,7015.842773,7015.842773,7015.842773,7015.842773,7015.842773,7015.842773,7015.842773,7015.842773,7015.842773,7015.842773,7015.842773,7015.842773,7015.842773,7015.842773,7015.842773,7015.842773,7015.842773,7015.842773,7015.842773,7015.842773,7015.842773,7015.842773,7015.842773,7015.842773,7015.842773,7015.842773,7015.842773,6957.388672,6898.934570,6840.480469,6782.026367,6723.572266,6665.118164,6606.664062,6548.209961,6489.755859,6431.301758,6372.847656,6314.393066,6255.938965,6197.484863,6139.030762,6080.576660,6022.122559,5963.668457,5905.214355,5846.760254,5788.306152,5729.852051,5671.397949,5612.943848,5554.489746,5496.035645,5437.581055,5379.126953,5320.672852,5262.218750,7015.842773,7015.842773,7015.842773,7015.842773,7015.842773,7015.842773,7015.842773,7015.842773,7015.842773,7015.842773,7015.842773,7015.842773,7015.842773,7015.842773,7015.842773,7015.842773,7015.842773,7015.842773,7015.842773,7015.842773,7015.842773,7015.842773,7015.842773,7015.842773,7015.842773,7015.842773,7015.842773,7015.842773,7015.842773,7015.842773,PHASE,1,1,1,1,1,1,1,1,1,1,1,1,1,1,1,1,1,1,1,1,1,1,1,1,1,1,1,1,1,1,2,2,2,2,2,2,2,2,2,2,2,2,2,2,2,2,2,2,2,2,2,2,2,2,2,2,2,2,2,2,3,3,3,3,3,3,3,3,3,3,3,3,3,3,3,3,3,3,3,3,3,3,3,3,3,3,3,3,3,3,FLASH_END
7,11:33:01,2026-06-12,Auto gsw+F,LI-COR Default,,007,,,0.296282,2.916364,0.268958,10.090786,1.666559,1.391528,5.211905,3.545345,14.208503,17.016773,53.217319,0.441786,7.500000,PSF-00578_20260612113301_2c1,0.000000,0.000000,0.000000,89.188095,145.824402,0.388387,0.5,0.80,312.938416,1.000000,25.24,21.07,37.85,33.56,33.56,97.94,156.0,154.8,0.8,2014,4.058,11:29:09,2026-06-12,0.12,1,0.007,0.005,-9999.000,-0.450,-1.337,-9999.000,1,150,0.005,2.000000,0.058905,0.000000,0.029230,0.000000,0.000000,-0.000068,standard,0,mpf,7000,500,5.000000,2.000000,300,300,300,133.671280,25,-8.254752,133.659485,134.058533,-0.399048,2.433336,2.425004,1.642256,0.929434,0.164702,-0.052416,0.091926,1.789796,89.188095,0.000308,2.397709,-0.000030,1.000000,2.383926,-0.000024,1.000000,0.601714,0.600514,0.106642,0.000000,PSF-00578_20260612113301_2c1,PFA-00612,PSA-00572,PSF-00578,RHS-0697,3.0.0,2022-04-21T19:36:20.491Z,MEASUREMENT_END
PSF-00578_20260612113301_2c1,11:33:01,2026-06-12,PFA-00612,PSA-00572,PSF-00578,0.000000,0.000000,0.000000,145.824402,89.188095,0.388387,2020.998291,TIME,0.000000,0.010000,0.020000,0.030000,0.040000,0.050000,0.060000,0.070000,0.080000,0.090000,0.100000,0.110000,0.120000,0.130000,0.140000,0.150000,0.160000,0.170000,0.180000,0.190000,0.200000,0.210000,0.220000,0.230000,0.240000,0.250000,0.260000,0.270000,0.280000,0.290000,0.300000,0.310000,0.320000,0.330000,0.340000,0.350000,0.360000,0.370000,0.380000,0.390000,0.400000,0.410000,0.420000,0.430000,0.440000,0.450000,0.460000,0.470000,0.480000,0.490000,0.500000,0.510000,0.520000,0.530000,0.540000,0.550000,0.560000,0.570000,0.580000,0.590000,0.600000,0.610000,0.620000,0.630000,0.640000,0.650000,0.660000,0.670000,0.680000,0.690000,0.700000,0.710000,0.720000,0.730000,0.740000,0.750000,0.760000,0.770000,0.780000,0.790000,0.800000,0.810000,0.820000,0.830000,0.839999,0.849999,0.859999,0.869999,0.879999,0.889999,FLR,106.236938,117.762566,122.862335,126.069901,128.113388,129.438049,130.342133,130.955460,131.384964,131.700043,131.941086,132.107727,132.264740,132.409927,132.507568,132.621292,132.740021,132.813690,132.911331,132.968185,133.027191,133.071182,133.137344,133.200287,133.273605,133.367661,133.459930,133.529312,133.607986,133.671280,133.716705,133.756042,133.614426,133.622284,133.504272,133.329391,133.356216,133.219604,133.212448,133.057236,133.041138,132.856613,132.809402,132.638092,132.413147,132.351990,132.170319,131.970047,131.914612,131.726868,131.538040,131.447906,131.255859,131.062027,130.855316,130.798462,130.638596,130.433319,130.243423,130.043869,132.875198,133.408783,133.591888,133.658768,133.659485,133.647675,133.626938,133.598679,133.569366,133.538239,133.509995,133.455276,133.419510,133.358353,133.319016,133.299347,133.261078,133.242126,133.194565,133.140213,133.098724,133.020401,132.972839,132.933502,132.887726,132.855179,132.799393,132.748962,132.676727,132.600189,PAR,7015.842773,7015.842773,7015.842773,7015.842773,7015.842773,7015.842773,7015.842773,7015.842773,7015.842773,7015.842773,7015.842773,7015.842773,7015.842773,7015.842773,7015.842773,7015.842773,7015.842773,7015.842773,7015.842773,7015.842773,7015.842773,7015.842773,7015.842773,7015.842773,7015.842773,7015.842773,7015.842773,7015.842773,7015.842773,7015.842773,6957.388672,6898.934570,6840.480469,6782.026367,6723.572266,6665.118164,6606.664062,6548.209961,6489.755859,6431.301758,6372.847656,6314.393066,6255.938965,6197.484863,6139.030762,6080.576660,6022.122559,5963.668457,5905.214355,5846.760254,5788.306152,5729.852051,5671.397949,5612.943848,5554.489746,5496.035645,5437.581055,5379.126953,5320.672852,5262.218750,7015.842773,7015.842773,7015.842773,7015.842773,7015.842773,7015.842773,7015.842773,7015.842773,7015.842773,7015.842773,7015.842773,7015.842773,7015.842773,7015.842773,7015.842773,7015.842773,7015.842773,7015.842773,7015.842773,7015.842773,7015.842773,7015.842773,7015.842773,7015.842773,7015.842773,7015.842773,7015.842773,7015.842773,7015.842773,7015.842773,PHASE,1,1,1,1,1,1,1,1,1,1,1,1,1,1,1,1,1,1,1,1,1,1,1,1,1,1,1,1,1,1,2,2,2,2,2,2,2,2,2,2,2,2,2,2,2,2,2,2,2,2,2,2,2,2,2,2,2,2,2,2,3,3,3,3,3,3,3,3,3,3,3,3,3,3,3,3,3,3,3,3,3,3,3,3,3,3,3,3,3,3,FLASH_END
8,11:33:22,2026-06-12,Auto gsw+F,LI-COR Default,,008,,,0.214568,2.916454,0.199864,6.472830,1.491924,1.315181,4.565843,3.073919,13.427961,15.232496,46.617111,0.441786,7.500000,PSF-00578_20260612113322_0a2,0.000000,0.000000,0.000000,79.432365,201.884933,0.606546,0.5,0.80,429.655579,1.000000,22.86,20.15,37.64,31.21,31.21,97.94,156.1,154.9,0.7,1771,4.057,11:29:09,2026-06-12,0.12,1,-0.002,-0.002,0.007,0.426,1.039,2.277,1,150,0.005,2.000000,0.058905,0.000000,0.029230,0.000000,0.000000,-0.000068,standard,0,mpf,7000,500,5.000000,2.000000,300,300,300,167.975662,25,-27.487114,156.061646,162.706299,-6.644653,2.431975,2.421623,1.642347,0.929678,0.166054,-0.077578,0.094331,1.586384,79.432365,0.000298,2.397709,-0.000030,1.000000,2.383926,-0.000024,1.000000,0.601714,0.600514,0.106642,0.000000,PSF-00578_20260612113322_0a2,PFA-00612,PSA-00572,PSF-00578,RHS-0697,3.0.0,2022-04-21T19:36:20.491Z,MEASUREMENT_END
PSF-00578_20260612113322_0a2,11:33:22,2026-06-12,PFA-00612,PSA-00572,PSF-00578,0.000000,0.000000,0.000000,201.884933,79.432365,0.606546,1777.561646,TIME,0.000000,0.010000,0.020000,0.030000,0.040000,0.050000,0.060000,0.070000,0.080000,0.090000,0.100000,0.110000,0.120000,0.130000,0.140000,0.150000,0.160000,0.170000,0.180000,0.190000,0.200000,0.210000,0.220000,0.230000,0.240000,0.250000,0.260000,0.270000,0.280000,0.290000,0.300000,0.310000,0.320000,0.330000,0.340000,0.350000,0.360000,0.370000,0.380000,0.390000,0.400000,0.410000,0.420000,0.430000,0.440000,0.450000,0.460000,0.470000,0.480000,0.490000,0.500000,0.510000,0.520000,0.530000,0.540000,0.550000,0.560000,0.570000,0.580000,0.590000,0.600000,0.610000,0.620000,0.630000,0.640000,0.650000,0.660000,0.670000,0.680000,0.690000,0.700000,0.710000,0.720000,0.730000,0.740000,0.750000,0.760000,0.770000,0.780000,0.790000,0.800000,0.810000,0.820000,0.830000,0.839999,0.849999,0.859999,0.869999,0.879999,0.889999,FLR,123.857620,144.944427,147.570496,149.505966,152.221802,155.670410,159.151550,162.118073,164.380066,165.973663,167.009354,167.596222,167.892334,167.975662,167.879456,167.695648,167.446732,167.150970,166.836258,166.499374,166.164993,165.814163,165.459747,165.122864,164.763092,164.431931,164.095764,163.773178,163.452026,163.172012,162.882324,162.564392,162.021164,161.702515,161.154984,160.580994,160.278076,159.730911,159.415482,158.931259,158.650879,158.101913,157.821533,157.314056,156.768326,156.477219,155.967590,155.418991,155.150055,154.658676,154.135468,153.855804,153.363708,152.856232,152.340530,152.068741,151.586655,151.094910,150.568481,150.059586,155.072449,155.750519,155.979752,156.061646,156.048767,155.997284,155.924683,155.845993,155.753738,155.651810,155.567047,155.455475,155.367859,155.250198,155.180099,155.095337,155.002716,154.929047,154.846436,154.779190,154.706238,154.634720,154.556396,154.487015,154.421570,154.352905,154.302841,154.249191,154.189117,154.137604,PAR,7015.842773,7015.842773,7015.842773,7015.842773,7015.842773,7015.842773,7015.842773,7015.842773,7015.842773,7015.842773,7015.842773,7015.842773,7015.842773,7015.842773,7015.842773,7015.842773,7015.842773,7015.842773,7015.842773,7015.842773,7015.842773,7015.842773,7015.842773,7015.842773,7015.842773,7015.842773,7015.842773,7015.842773,7015.842773,7015.842773,6957.388672,6898.934570,6840.480469,6782.026367,6723.572266,6665.118164,6606.664062,6548.209961,6489.755859,6431.301758,6372.847656,6314.393066,6255.938965,6197.484863,6139.030762,6080.576660,6022.122559,5963.668457,5905.214355,5846.760254,5788.306152,5729.852051,5671.397949,5612.943848,5554.489746,5496.035645,5437.581055,5379.126953,5320.672852,5262.218750,7015.842773,7015.842773,7015.842773,7015.842773,7015.842773,7015.842773,7015.842773,7015.842773,7015.842773,7015.842773,7015.842773,7015.842773,7015.842773,7015.842773,7015.842773,7015.842773,7015.842773,7015.842773,7015.842773,7015.842773,7015.842773,7015.842773,7015.842773,7015.842773,7015.842773,7015.842773,7015.842773,7015.842773,7015.842773,7015.842773,PHASE,1,1,1,1,1,1,1,1,1,1,1,1,1,1,1,1,1,1,1,1,1,1,1,1,1,1,1,1,1,1,2,2,2,2,2,2,2,2,2,2,2,2,2,2,2,2,2,2,2,2,2,2,2,2,2,2,2,2,2,2,3,3,3,3,3,3,3,3,3,3,3,3,3,3,3,3,3,3,3,3,3,3,3,3,3,3,3,3,3,3,FLASH_END
9,11:33:53,2026-06-12,Auto gsw+F,LI-COR Default,,009,,,0.175248,2.916351,0.165314,6.730521,1.469800,1.285930,5.319947,3.850146,13.126896,15.003859,54.306503,0.441786,7.500000,PSF-00578_20260612113353_071,0.000000,0.000000,0.000000,92.870590,147.971207,0.372374,0.5,0.80,320.064362,1.000000,22.88,20.02,37.34,33.92,33.92,97.96,156.0,154.9,0.7,2149,4.056,11:29:09,2026-06-12,0.12,1,-0.001,-0.001,-9999.000,-1.086,-1.499,-9999.000,1,150,0.005,2.000000,0.058905,0.000000,0.029230,0.000000,0.000000,-0.000068,standard,0,mpf,7000,500,5.000000,2.000000,300,300,300,135.735153,25,-8.297841,134.984848,136.143921,-1.159073,2.431809,2.421690,1.642243,0.929587,0.167954,-0.041651,0.098010,1.902151,92.870590,0.000297,2.397709,-0.000030,1.000000,2.383926,-0.000024,1.000000,0.601714,0.600514,0.106642,0.000000,PSF-00578_20260612113353_071,PFA-00612,PSA-00572,PSF-00578,RHS-0697,3.0.0,2022-04-21T19:36:20.491Z,MEASUREMENT_END
PSF-00578_20260612113353_071,11:33:53,2026-06-12,PFA-00612,PSA-00572,PSF-00578,0.000000,0.000000,0.000000,147.971207,92.870590,0.372374,2155.461914,TIME,0.000000,0.010000,0.020000,0.030000,0.040000,0.050000,0.060000,0.070000,0.080000,0.090000,0.100000,0.110000,0.120000,0.130000,0.140000,0.150000,0.160000,0.170000,0.180000,0.190000,0.200000,0.210000,0.220000,0.230000,0.240000,0.250000,0.260000,0.270000,0.280000,0.290000,0.300000,0.310000,0.320000,0.330000,0.340000,0.350000,0.360000,0.370000,0.380000,0.390000,0.400000,0.410000,0.420000,0.430000,0.440000,0.450000,0.460000,0.470000,0.480000,0.490000,0.500000,0.510000,0.520000,0.530000,0.540000,0.550000,0.560000,0.570000,0.580000,0.590000,0.600000,0.610000,0.620000,0.630000,0.640000,0.650000,0.660000,0.670000,0.680000,0.690000,0.700000,0.710000,0.720000,0.730000,0.740000,0.750000,0.760000,0.770000,0.780000,0.790000,0.800000,0.810000,0.820000,0.830000,0.839999,0.849999,0.859999,0.869999,0.879999,0.889999,FLR,109.838249,121.405724,126.409294,129.341843,131.084198,132.113098,132.762192,133.206726,133.523941,133.741028,133.925552,134.077545,134.214523,134.336121,134.455566,134.564636,134.676941,134.791733,134.879349,134.982712,135.079987,135.168671,135.253784,135.366791,135.421158,135.489105,135.569580,135.620361,135.684723,135.735153,135.799881,135.825272,135.708694,135.721924,135.590668,135.439392,135.423660,135.266663,135.248779,135.089279,135.066742,134.895798,134.859680,134.711624,134.527451,134.456284,134.295349,134.092209,134.028915,133.846161,133.636948,133.556122,133.353714,133.147354,132.971054,132.880219,132.681015,132.477524,132.243637,132.030136,134.474152,134.880783,134.982346,134.984848,134.944794,134.927994,134.855743,134.817123,134.757751,134.706619,134.648682,134.577148,134.515640,134.445541,134.375809,134.313583,134.233826,134.161957,134.085770,134.024261,133.935577,133.869049,133.794312,133.719925,133.658768,133.589752,133.528946,133.456711,133.377319,133.308289,PAR,7015.842773,7015.842773,7015.842773,7015.842773,7015.842773,7015.842773,7015.842773,7015.842773,7015.842773,7015.842773,7015.842773,7015.842773,7015.842773,7015.842773,7015.842773,7015.842773,7015.842773,7015.842773,7015.842773,7015.842773,7015.842773,7015.842773,7015.842773,7015.842773,7015.842773,7015.842773,7015.842773,7015.842773,7015.842773,7015.842773,6957.388672,6898.934570,6840.480469,6782.026367,6723.572266,6665.118164,6606.664062,6548.209961,6489.755859,6431.301758,6372.847656,6314.393066,6255.938965,6197.484863,6139.030762,6080.576660,6022.122559,5963.668457,5905.214355,5846.760254,5788.306152,5729.852051,5671.397949,5612.943848,5554.489746,5496.035645,5437.581055,5379.126953,5320.672852,5262.218750,7015.842773,7015.842773,7015.842773,7015.842773,7015.842773,7015.842773,7015.842773,7015.842773,7015.842773,7015.842773,7015.842773,7015.842773,7015.842773,7015.842773,7015.842773,7015.842773,7015.842773,7015.842773,7015.842773,7015.842773,7015.842773,7015.842773,7015.842773,7015.842773,7015.842773,7015.842773,7015.842773,7015.842773,7015.842773,7015.842773,PHASE,1,1,1,1,1,1,1,1,1,1,1,1,1,1,1,1,1,1,1,1,1,1,1,1,1,1,1,1,1,1,2,2,2,2,2,2,2,2,2,2,2,2,2,2,2,2,2,2,2,2,2,2,2,2,2,2,2,2,2,2,3,3,3,3,3,3,3,3,3,3,3,3,3,3,3,3,3,3,3,3,3,3,3,3,3,3,3,3,3,3,FLASH_END
10,11:34:25,2026-06-12,Auto gsw+F,LI-COR Default,,010,,,0.156471,2.917129,0.148505,6.670980,1.553189,1.371243,5.788126,4.234937,13.999951,15.857560,59.094917,0.441786,7.500000,PSF-00578_20260612113425_6dc,0.000000,0.000000,0.000000,88.820816,153.153336,0.420053,0.5,0.80,329.968445,1.000000,24.59,21.71,37.04,35.44,35.44,97.95,156.1,155.1,0.7,1964,4.055,11:29:09,2026-06-12,0.12,1,0.001,-0.000,-9999.000,0.003,-0.378,-9999.000,1,150,0.005,2.000000,0.058905,0.000000,0.029230,0.000000,0.000000,-0.000068,standard,0,mpf,7000,500,5.000000,2.000000,300,300,300,136.756897,25,-11.238894,135.102158,137.134033,-2.031876,2.434359,2.424166,1.643036,0.930184,0.169950,-0.019406,0.101888,1.747602,88.820816,0.000292,2.397709,-0.000030,1.000000,2.383926,-0.000024,1.000000,0.601714,0.600514,0.106642,0.000000,PSF-00578_20260612113425_6dc,PFA-00612,PSA-00572,PSF-00578,RHS-0697,3.0.0,2022-04-21T19:36:20.491Z,MEASUREMENT_END
PSF-00578_20260612113425_6dc,11:34:25,2026-06-12,PFA-00612,PSA-00572,PSF-00578,0.000000,0.000000,0.000000,153.153336,88.820816,0.420053,1970.501831,TIME,0.000000,0.010000,0.020000,0.030000,0.040000,0.050000,0.060000,0.070000,0.080000,0.090000,0.100000,0.110000,0.120000,0.130000,0.140000,0.150000,0.160000,0.170000,0.180000,0.190000,0.200000,0.210000,0.220000,0.230000,0.240000,0.250000,0.260000,0.270000,0.280000,0.290000,0.300000,0.310000,0.320000,0.330000,0.340000,0.350000,0.360000,0.370000,0.380000,0.390000,0.400000,0.410000,0.420000,0.430000,0.440000,0.450000,0.460000,0.470000,0.480000,0.490000,0.500000,0.510000,0.520000,0.530000,0.540000,0.550000,0.560000,0.570000,0.580000,0.590000,0.600000,0.610000,0.620000,0.630000,0.640000,0.650000,0.660000,0.670000,0.680000,0.690000,0.700000,0.710000,0.720000,0.730000,0.740000,0.750000,0.760000,0.770000,0.780000,0.790000,0.800000,0.810000,0.820000,0.830000,0.839999,0.849999,0.859999,0.869999,0.879999,0.889999,FLR,107.381699,120.463371,126.393555,129.757401,131.717560,132.874130,133.601898,134.119385,134.481674,134.760620,135.011322,135.197281,135.354996,135.495178,135.642883,135.766983,135.886429,135.990143,136.094574,136.173599,136.274460,136.340973,136.426453,136.483307,136.553406,136.597748,136.652115,136.694305,136.740448,136.756897,136.787659,136.797668,136.637802,136.609558,136.425735,136.197571,136.137482,135.954025,135.896088,135.676865,135.645752,135.397552,135.337479,135.104294,134.864685,134.767776,134.549622,134.307144,134.202362,133.965256,133.721710,133.593323,133.364441,133.096573,132.851593,132.712128,132.465363,132.228973,131.956100,131.670349,134.514206,135.000580,135.100723,135.102158,135.062454,135.007736,134.922623,134.867188,134.804611,134.749176,134.675140,134.585739,134.516357,134.453064,134.364365,134.297134,134.218094,134.134048,134.059662,133.967407,133.922699,133.820053,133.758194,133.671997,133.577225,133.491760,133.429886,133.345840,133.253220,133.158798,PAR,7015.842773,7015.842773,7015.842773,7015.842773,7015.842773,7015.842773,7015.842773,7015.842773,7015.842773,7015.842773,7015.842773,7015.842773,7015.842773,7015.842773,7015.842773,7015.842773,7015.842773,7015.842773,7015.842773,7015.842773,7015.842773,7015.842773,7015.842773,7015.842773,7015.842773,7015.842773,7015.842773,7015.842773,7015.842773,7015.842773,6957.388672,6898.934570,6840.480469,6782.026367,6723.572266,6665.118164,6606.664062,6548.209961,6489.755859,6431.301758,6372.847656,6314.393066,6255.938965,6197.484863,6139.030762,6080.576660,6022.122559,5963.668457,5905.214355,5846.760254,5788.306152,5729.852051,5671.397949,5612.943848,5554.489746,5496.035645,5437.581055,5379.126953,5320.672852,5262.218750,7015.842773,7015.842773,7015.842773,7015.842773,7015.842773,7015.842773,7015.842773,7015.842773,7015.842773,7015.842773,7015.842773,7015.842773,7015.842773,7015.842773,7015.842773,7015.842773,7015.842773,7015.842773,7015.842773,7015.842773,7015.842773,7015.842773,7015.842773,7015.842773,7015.842773,7015.842773,7015.842773,7015.842773,7015.842773,7015.842773,PHASE,1,1,1,1,1,1,1,1,1,1,1,1,1,1,1,1,1,1,1,1,1,1,1,1,1,1,1,1,1,1,2,2,2,2,2,2,2,2,2,2,2,2,2,2,2,2,2,2,2,2,2,2,2,2,2,2,2,2,2,2,3,3,3,3,3,3,3,3,3,3,3,3,3,3,3,3,3,3,3,3,3,3,3,3,3,3,3,3,3,3,FLASH_END
11,11:34:59,2026-06-12,Auto gsw+F,LI-COR Default,,011,,,0.167600,2.916801,0.158493,5.911810,1.398645,1.237087,4.934348,3.535703,12.628844,14.278120,50.372463,0.441786,7.500000,PSF-00578_20260612113459_58b,0.000000,0.000000,0.000000,102.148888,182.880447,0.441444,0.5,0.80,343.163605,1.000000,22.53,19.93,36.72,32.58,32.58,97.96,156.1,155.1,0.6,1943,4.055,11:29:09,2026-06-12,0.12,1,0.000,0.001,-9999.000,-0.202,0.377,-9999.000,1,150,0.005,2.000000,0.058905,0.000000,0.029230,0.000000,0.000000,-0.000068,standard,0,mpf,7000,500,5.000000,2.000000,300,300,300,165.667542,25,-11.850391,164.713028,165.989548,-1.276520,2.431731,2.421243,1.642702,0.930178,0.172060,-0.049914,0.105974,1.730525,102.148888,0.000295,2.397709,-0.000030,1.000000,2.383926,-0.000024,1.000000,0.601714,0.600514,0.106642,0.000000,PSF-00578_20260612113459_58b,PFA-00612,PSA-00572,PSF-00578,RHS-0697,3.0.0,2022-04-21T19:36:20.491Z,MEASUREMENT_END
PSF-00578_20260612113459_58b,11:34:59,2026-06-12,PFA-00612,PSA-00572,PSF-00578,0.000000,0.000000,0.000000,182.880447,102.148888,0.441444,1950.064941,TIME,0.000000,0.010000,0.020000,0.030000,0.040000,0.050000,0.060000,0.070000,0.080000,0.090000,0.100000,0.110000,0.120000,0.130000,0.140000,0.150000,0.160000,0.170000,0.180000,0.190000,0.200000,0.210000,0.220000,0.230000,0.240000,0.250000,0.260000,0.270000,0.280000,0.290000,0.300000,0.310000,0.320000,0.330000,0.340000,0.350000,0.360000,0.370000,0.380000,0.390000,0.400000,0.410000,0.420000,0.430000,0.440000,0.450000,0.460000,0.470000,0.480000,0.490000,0.500000,0.510000,0.520000,0.530000,0.540000,0.550000,0.560000,0.570000,0.580000,0.590000,0.600000,0.610000,0.620000,0.630000,0.640000,0.650000,0.660000,0.670000,0.680000,0.690000,0.700000,0.710000,0.720000,0.730000,0.740000,0.750000,0.760000,0.770000,0.780000,0.790000,0.800000,0.810000,0.820000,0.830000,0.839999,0.849999,0.859999,0.869999,0.879999,0.889999,FLR,129.520660,148.607254,155.859955,159.455902,161.384933,162.521835,163.290741,163.869385,164.342880,164.661530,164.947983,165.105698,165.240891,165.321350,165.379288,165.416840,165.445450,165.464752,165.465836,165.491943,165.541656,165.571335,165.627121,165.654663,165.667542,165.660736,165.667542,165.656799,165.643219,165.640350,165.657883,165.670044,165.474411,165.450455,165.217636,164.960144,164.914734,164.669037,164.647934,164.423706,164.392593,164.153702,164.116852,163.891190,163.629059,163.541794,163.290375,163.004990,162.928467,162.650223,162.395233,162.280441,162.025101,161.749725,161.456818,161.354904,161.072372,160.789490,160.488373,160.204407,163.947708,164.503448,164.668320,164.713028,164.701218,164.657944,164.612885,164.573914,164.533493,164.487717,164.456970,164.391876,164.350754,164.316422,164.268845,164.204834,164.146896,164.080017,164.031036,163.990265,163.946991,163.870819,163.829330,163.783188,163.717743,163.682343,163.610458,163.567535,163.507812,163.443085,PAR,7015.842773,7015.842773,7015.842773,7015.842773,7015.842773,7015.842773,7015.842773,7015.842773,7015.842773,7015.842773,7015.842773,7015.842773,7015.842773,7015.842773,7015.842773,7015.842773,7015.842773,7015.842773,7015.842773,7015.842773,7015.842773,7015.842773,7015.842773,7015.842773,7015.842773,7015.842773,7015.842773,7015.842773,7015.842773,7015.842773,6957.388672,6898.934570,6840.480469,6782.026367,6723.572266,6665.118164,6606.664062,6548.209961,6489.755859,6431.301758,6372.847656,6314.393066,6255.938965,6197.484863,6139.030762,6080.576660,6022.122559,5963.668457,5905.214355,5846.760254,5788.306152,5729.852051,5671.397949,5612.943848,5554.489746,5496.035645,5437.581055,5379.126953,5320.672852,5262.218750,7015.842773,7015.842773,7015.842773,7015.842773,7015.842773,7015.842773,7015.842773,7015.842773,7015.842773,7015.842773,7015.842773,7015.842773,7015.842773,7015.842773,7015.842773,7015.842773,7015.842773,7015.842773,7015.842773,7015.842773,7015.842773,7015.842773,7015.842773,7015.842773,7015.842773,7015.842773,7015.842773,7015.842773,7015.842773,7015.842773,PHASE,1,1,1,1,1,1,1,1,1,1,1,1,1,1,1,1,1,1,1,1,1,1,1,1,1,1,1,1,1,1,2,2,2,2,2,2,2,2,2,2,2,2,2,2,2,2,2,2,2,2,2,2,2,2,2,2,2,2,2,2,3,3,3,3,3,3,3,3,3,3,3,3,3,3,3,3,3,3,3,3,3,3,3,3,3,3,3,3,3,3,FLASH_END
12,11:35:32,2026-06-12,Auto gsw+F,LI-COR Default,,012,,,0.231334,2.915245,0.214326,8.265534,1.510490,1.284579,5.159852,3.649362,13.112833,15.418902,52.671165,0.441786,7.500000,PSF-00578_20260612113532_da8,0.000000,0.000000,0.000000,88.434578,169.387619,0.477916,0.5,0.80,351.097931,1.000000,24.72,21.02,36.43,33.38,33.38,97.96,155.9,155.2,0.5,1837,4.055,11:29:09,2026-06-12,0.12,1,-0.002,-0.002,-0.004,-0.625,0.055,1.192,1,150,0.005,2.000000,0.058905,0.000000,0.029230,0.000000,0.000000,-0.000068,standard,0,mpf,7000,500,5.000000,2.000000,300,300,300,149.168365,25,-14.895959,145.697235,148.155731,-2.458496,2.433404,2.424421,1.641116,0.930288,0.173995,-0.036859,0.109939,1.641281,88.434578,0.000309,2.397709,-0.000030,1.000000,2.383926,-0.000024,1.000000,0.601714,0.600514,0.106642,0.000000,PSF-00578_20260612113532_da8,PFA-00612,PSA-00572,PSF-00578,RHS-0697,3.0.0,2022-04-21T19:36:20.491Z,MEASUREMENT_END
PSF-00578_20260612113532_da8,11:35:32,2026-06-12,PFA-00612,PSA-00572,PSF-00578,0.000000,0.000000,0.000000,169.387619,88.434578,0.477916,1843.260986,TIME,0.000000,0.010000,0.020000,0.030000,0.040000,0.050000,0.060000,0.070000,0.080000,0.090000,0.100000,0.110000,0.120000,0.130000,0.140000,0.150000,0.160000,0.170000,0.180000,0.190000,0.200000,0.210000,0.220000,0.230000,0.240000,0.250000,0.260000,0.270000,0.280000,0.290000,0.300000,0.310000,0.320000,0.330000,0.340000,0.350000,0.360000,0.370000,0.380000,0.390000,0.400000,0.410000,0.420000,0.430000,0.440000,0.450000,0.460000,0.470000,0.480000,0.490000,0.500000,0.510000,0.520000,0.530000,0.540000,0.550000,0.560000,0.570000,0.580000,0.590000,0.600000,0.610000,0.620000,0.630000,0.640000,0.650000,0.660000,0.670000,0.680000,0.690000,0.700000,0.710000,0.720000,0.730000,0.740000,0.750000,0.760000,0.770000,0.780000,0.790000,0.800000,0.810000,0.820000,0.830000,0.839999,0.849999,0.859999,0.869999,0.879999,0.889999,FLR,115.936516,131.171112,136.514069,139.768478,142.038696,143.800018,145.264511,146.449692,147.386307,148.085831,148.563980,148.868683,149.029617,149.131897,149.168365,149.160858,149.103638,149.065018,149.012802,148.908020,148.852951,148.738861,148.646240,148.561127,148.466354,148.388748,148.315079,148.239609,148.180252,148.102646,148.042557,147.963165,147.704956,147.591949,147.303345,146.972534,146.814102,146.528366,146.411423,146.124237,146.030182,145.727280,145.614975,145.329956,145.000580,144.879333,144.580719,144.257782,144.129761,143.842941,143.545395,143.415207,143.111588,142.826553,142.496460,142.385956,142.076614,141.773697,141.490814,141.165024,144.671921,145.304565,145.570999,145.678284,145.697235,145.686508,145.662903,145.618561,145.571716,145.529510,145.485870,145.409698,145.373947,145.296692,145.240189,145.171524,145.089630,145.035263,144.967682,144.892212,144.828918,144.758820,144.696945,144.616119,144.537094,144.452698,144.366867,144.286758,144.196991,144.115097,PAR,7015.842773,7015.842773,7015.842773,7015.842773,7015.842773,7015.842773,7015.842773,7015.842773,7015.842773,7015.842773,7015.842773,7015.842773,7015.842773,7015.842773,7015.842773,7015.842773,7015.842773,7015.842773,7015.842773,7015.842773,7015.842773,7015.842773,7015.842773,7015.842773,7015.842773,7015.842773,7015.842773,7015.842773,7015.842773,7015.842773,6957.388672,6898.934570,6840.480469,6782.026367,6723.572266,6665.118164,6606.664062,6548.209961,6489.755859,6431.301758,6372.847656,6314.393066,6255.938965,6197.484863,6139.030762,6080.576660,6022.122559,5963.668457,5905.214355,5846.760254,5788.306152,5729.852051,5671.397949,5612.943848,5554.489746,5496.035645,5437.581055,5379.126953,5320.672852,5262.218750,7015.842773,7015.842773,7015.842773,7015.842773,7015.842773,7015.842773,7015.842773,7015.842773,7015.842773,7015.842773,7015.842773,7015.842773,7015.842773,7015.842773,7015.842773,7015.842773,7015.842773,7015.842773,7015.842773,7015.842773,7015.842773,7015.842773,7015.842773,7015.842773,7015.842773,7015.842773,7015.842773,7015.842773,7015.842773,7015.842773,PHASE,1,1,1,1,1,1,1,1,1,1,1,1,1,1,1,1,1,1,1,1,1,1,1,1,1,1,1,1,1,1,2,2,2,2,2,2,2,2,2,2,2,2,2,2,2,2,2,2,2,2,2,2,2,2,2,2,2,2,2,2,3,3,3,3,3,3,3,3,3,3,3,3,3,3,3,3,3,3,3,3,3,3,3,3,3,3,3,3,3,3,FLASH_END
13,11:36:03,2026-06-12,Auto gsw+F,LI-COR Default,,013,,,0.201009,2.916451,0.188048,7.713372,1.468558,1.257850,5.346984,3.878426,12.840187,14.991098,54.582226,0.441786,7.500000,PSF-00578_20260612113603_1b3,0.000000,0.000000,0.000000,98.983170,151.123260,0.345017,0.5,0.80,299.386871,1.000000,24.34,20.85,36.19,34.01,34.01,97.96,156.1,154.9,0.7,2169,4.055,11:29:09,2026-06-12,0.12,1,-0.000,-0.001,-9999.000,-0.734,-1.388,-9999.000,1,150,0.005,2.000000,0.058905,0.000000,0.029230,0.000000,0.000000,-0.000068,standard,0,mpf,7000,500,5.000000,2.000000,300,300,300,139.312500,25,-8.024639,138.617996,139.685379,-1.067383,2.433167,2.423905,1.642345,0.929627,0.175562,-0.026352,0.113284,1.919325,98.983170,0.000283,2.397709,-0.000030,1.000000,2.383926,-0.000024,1.000000,0.601714,0.600514,0.106642,0.000000,PSF-00578_20260612113603_1b3,PFA-00612,PSA-00572,PSF-00578,RHS-0697,3.0.0,2022-04-21T19:36:20.491Z,MEASUREMENT_END
PSF-00578_20260612113603_1b3,11:36:03,2026-06-12,PFA-00612,PSA-00572,PSF-00578,0.000000,0.000000,0.000000,151.123260,98.983170,0.345017,2176.014893,TIME,0.000000,0.010000,0.020000,0.030000,0.040000,0.050000,0.060000,0.070000,0.080000,0.090000,0.100000,0.110000,0.120000,0.130000,0.140000,0.150000,0.160000,0.170000,0.180000,0.190000,0.200000,0.210000,0.220000,0.230000,0.240000,0.250000,0.260000,0.270000,0.280000,0.290000,0.300000,0.310000,0.320000,0.330000,0.340000,0.350000,0.360000,0.370000,0.380000,0.390000,0.400000,0.410000,0.420000,0.430000,0.440000,0.450000,0.460000,0.470000,0.480000,0.490000,0.500000,0.510000,0.520000,0.530000,0.540000,0.550000,0.560000,0.570000,0.580000,0.590000,0.600000,0.610000,0.620000,0.630000,0.640000,0.650000,0.660000,0.670000,0.680000,0.690000,0.700000,0.710000,0.720000,0.730000,0.740000,0.750000,0.760000,0.770000,0.780000,0.790000,0.800000,0.810000,0.820000,0.830000,0.839999,0.849999,0.859999,0.869999,0.879999,0.889999,FLR,115.461945,125.703339,129.950165,132.607346,134.321457,135.400421,136.135345,136.636383,137.006516,137.284393,137.508987,137.660629,137.809402,137.943146,138.078339,138.200287,138.325806,138.424515,138.509628,138.617279,138.712051,138.785370,138.848297,138.926620,139.011734,139.077179,139.126892,139.213440,139.256363,139.312500,139.376526,139.387253,139.279251,139.276749,139.150146,138.978836,138.970978,138.854385,138.825775,138.677002,138.652328,138.462784,138.434174,138.266449,138.090134,138.034698,137.879486,137.674210,137.639877,137.477158,137.306564,137.215012,137.012238,136.823776,136.601334,136.508698,136.338120,136.130692,135.905380,135.710831,138.061172,138.462784,138.586517,138.617996,138.596527,138.586884,138.546829,138.503189,138.456696,138.409500,138.359070,138.280746,138.239624,138.170242,138.100143,138.064392,138.006454,137.958176,137.888428,137.830139,137.760040,137.684937,137.595886,137.536880,137.472870,137.382385,137.325165,137.241119,137.164597,137.094498,PAR,7015.842773,7015.842773,7015.842773,7015.842773,7015.842773,7015.842773,7015.842773,7015.842773,7015.842773,7015.842773,7015.842773,7015.842773,7015.842773,7015.842773,7015.842773,7015.842773,7015.842773,7015.842773,7015.842773,7015.842773,7015.842773,7015.842773,7015.842773,7015.842773,7015.842773,7015.842773,7015.842773,7015.842773,7015.842773,7015.842773,6957.388672,6898.934570,6840.480469,6782.026367,6723.572266,6665.118164,6606.664062,6548.209961,6489.755859,6431.301758,6372.847656,6314.393066,6255.938965,6197.484863,6139.030762,6080.576660,6022.122559,5963.668457,5905.214355,5846.760254,5788.306152,5729.852051,5671.397949,5612.943848,5554.489746,5496.035645,5437.581055,5379.126953,5320.672852,5262.218750,7015.842773,7015.842773,7015.842773,7015.842773,7015.842773,7015.842773,7015.842773,7015.842773,7015.842773,7015.842773,7015.842773,7015.842773,7015.842773,7015.842773,7015.842773,7015.842773,7015.842773,7015.842773,7015.842773,7015.842773,7015.842773,7015.842773,7015.842773,7015.842773,7015.842773,7015.842773,7015.842773,7015.842773,7015.842773,7015.842773,PHASE,1,1,1,1,1,1,1,1,1,1,1,1,1,1,1,1,1,1,1,1,1,1,1,1,1,1,1,1,1,1,2,2,2,2,2,2,2,2,2,2,2,2,2,2,2,2,2,2,2,2,2,2,2,2,2,2,2,2,2,2,3,3,3,3,3,3,3,3,3,3,3,3,3,3,3,3,3,3,3,3,3,3,3,3,3,3,3,3,3,3,FLASH_END
14,11:36:42,2026-06-12,Auto gsw+F,LI-COR Default,,014,,,0.194445,2.916898,0.182293,7.097978,1.495531,1.301781,5.179469,3.683939,13.290292,15.268345,52.878838,0.441786,7.500000,PSF-00578_20260612113642_baa,0.000000,0.000000,0.000000,91.957214,142.262253,0.353608,0.5,0.80,294.880890,1.000000,25.18,21.92,35.91,33.44,33.44,97.95,156.1,154.9,0.8,2085,4.053,11:29:09,2026-06-12,0.12,1,0.003,0.003,0.001,-0.534,-1.382,-3.032,1,150,0.005,2.000000,0.058905,0.000000,0.029230,0.000000,0.000000,-0.000068,standard,0,mpf,7000,500,5.000000,2.000000,300,300,300,132.283325,25,-6.715466,132.523651,132.690399,-0.166748,2.434788,2.425131,1.642801,0.929631,0.177510,-0.029687,0.117406,1.848667,91.957214,0.000291,2.397709,-0.000030,1.000000,2.383926,-0.000024,1.000000,0.601714,0.600514,0.106642,0.000000,PSF-00578_20260612113642_baa,PFA-00612,PSA-00572,PSF-00578,RHS-0697,3.0.0,2022-04-21T19:36:20.491Z,MEASUREMENT_END
PSF-00578_20260612113642_baa,11:36:42,2026-06-12,PFA-00612,PSA-00572,PSF-00578,0.000000,0.000000,0.000000,142.262253,91.957214,0.353608,2091.453613,TIME,0.000000,0.010000,0.020000,0.030000,0.040000,0.050000,0.060000,0.070000,0.080000,0.090000,0.100000,0.110000,0.120000,0.130000,0.140000,0.150000,0.160000,0.170000,0.180000,0.190000,0.200000,0.210000,0.220000,0.230000,0.240000,0.250000,0.260000,0.270000,0.280000,0.290000,0.300000,0.310000,0.320000,0.330000,0.340000,0.350000,0.360000,0.370000,0.380000,0.390000,0.400000,0.410000,0.420000,0.430000,0.440000,0.450000,0.460000,0.470000,0.480000,0.490000,0.500000,0.510000,0.520000,0.530000,0.540000,0.550000,0.560000,0.570000,0.580000,0.590000,0.600000,0.610000,0.620000,0.630000,0.640000,0.650000,0.660000,0.670000,0.680000,0.690000,0.700000,0.710000,0.720000,0.730000,0.740000,0.750000,0.760000,0.770000,0.780000,0.790000,0.800000,0.810000,0.820000,0.830000,0.839999,0.849999,0.859999,0.869999,0.879999,0.889999,FLR,107.853767,118.612289,123.199585,125.925781,127.569794,128.574722,129.227753,129.651550,129.963043,130.193710,130.388260,130.532379,130.665771,130.798462,130.912903,131.022690,131.139282,131.248001,131.343842,131.438263,131.536606,131.617783,131.714340,131.796234,131.884933,131.991867,132.062668,132.157806,132.213593,132.283325,132.356293,132.392044,132.315872,132.313721,132.217163,132.095932,132.107025,131.980057,131.982559,131.853104,131.850952,131.688599,131.677505,131.546967,131.384964,131.361008,131.234406,131.056671,131.029846,130.862122,130.695816,130.631439,130.468018,130.272385,130.096085,130.015610,129.861832,129.686951,129.497055,129.307144,131.806976,132.292984,132.442123,132.502563,132.521149,132.523651,132.515076,132.500046,132.482880,132.474655,132.480743,132.461792,132.438187,132.416718,132.393127,132.374878,132.353790,132.332321,132.316940,132.294418,132.276886,132.250793,132.223969,132.215378,132.160660,132.152802,132.119888,132.093079,132.073395,132.040146,PAR,7015.842773,7015.842773,7015.842773,7015.842773,7015.842773,7015.842773,7015.842773,7015.842773,7015.842773,7015.842773,7015.842773,7015.842773,7015.842773,7015.842773,7015.842773,7015.842773,7015.842773,7015.842773,7015.842773,7015.842773,7015.842773,7015.842773,7015.842773,7015.842773,7015.842773,7015.842773,7015.842773,7015.842773,7015.842773,7015.842773,6957.388672,6898.934570,6840.480469,6782.026367,6723.572266,6665.118164,6606.664062,6548.209961,6489.755859,6431.301758,6372.847656,6314.393066,6255.938965,6197.484863,6139.030762,6080.576660,6022.122559,5963.668457,5905.214355,5846.760254,5788.306152,5729.852051,5671.397949,5612.943848,5554.489746,5496.035645,5437.581055,5379.126953,5320.672852,5262.218750,7015.842773,7015.842773,7015.842773,7015.842773,7015.842773,7015.842773,7015.842773,7015.842773,7015.842773,7015.842773,7015.842773,7015.842773,7015.842773,7015.842773,7015.842773,7015.842773,7015.842773,7015.842773,7015.842773,7015.842773,7015.842773,7015.842773,7015.842773,7015.842773,7015.842773,7015.842773,7015.842773,7015.842773,7015.842773,7015.842773,PHASE,1,1,1,1,1,1,1,1,1,1,1,1,1,1,1,1,1,1,1,1,1,1,1,1,1,1,1,1,1,1,2,2,2,2,2,2,2,2,2,2,2,2,2,2,2,2,2,2,2,2,2,2,2,2,2,2,2,2,2,2,3,3,3,3,3,3,3,3,3,3,3,3,3,3,3,3,3,3,3,3,3,3,3,3,3,3,3,3,3,3,FLASH_END
15,11:37:03,2026-06-12,Auto gsw+F,LI-COR Default,,015,,,0.115728,2.915587,0.111310,4.724275,1.456519,1.327375,5.466928,4.010409,13.551314,14.869759,55.812458,0.441786,7.500000,PSF-00578_20260612113703_6a5,0.000000,0.000000,0.000000,115.111115,181.166351,0.364611,0.5,0.80,290.408539,1.000000,24.73,22.54,35.75,34.41,34.41,97.95,155.9,155.0,0.6,1991,4.051,11:29:09,2026-06-12,0.12,1,0.003,0.002,-9999.000,-1.084,-2.386,-9999.000,1,150,0.005,2.000000,0.058905,0.000000,0.029230,0.000000,0.000000,-0.000068,standard,0,mpf,7000,500,5.000000,2.000000,300,300,300,165.392883,25,-11.024366,163.983826,165.452820,-1.468994,2.435726,2.424512,1.641465,0.929797,0.178581,-0.016139,0.120139,1.770473,115.111115,0.000310,2.397709,-0.000030,1.000000,2.383926,-0.000024,1.000000,0.601714,0.600514,0.106642,0.000000,PSF-00578_20260612113703_6a5,PFA-00612,PSA-00572,PSF-00578,RHS-0697,3.0.0,2022-04-21T19:36:20.491Z,MEASUREMENT_END
PSF-00578_20260612113703_6a5,11:37:03,2026-06-12,PFA-00612,PSA-00572,PSF-00578,0.000000,0.000000,0.000000,181.166351,115.111115,0.364611,1997.873657,TIME,0.000000,0.010000,0.020000,0.030000,0.040000,0.050000,0.060000,0.070000,0.080000,0.090000,0.100000,0.110000,0.120000,0.130000,0.140000,0.150000,0.160000,0.170000,0.180000,0.190000,0.200000,0.210000,0.220000,0.230000,0.240000,0.250000,0.260000,0.270000,0.280000,0.290000,0.300000,0.310000,0.320000,0.330000,0.340000,0.350000,0.360000,0.370000,0.380000,0.390000,0.400000,0.410000,0.420000,0.430000,0.440000,0.450000,0.460000,0.470000,0.480000,0.490000,0.500000,0.510000,0.520000,0.530000,0.540000,0.550000,0.560000,0.570000,0.580000,0.590000,0.600000,0.610000,0.620000,0.630000,0.640000,0.650000,0.660000,0.670000,0.680000,0.690000,0.700000,0.710000,0.720000,0.730000,0.740000,0.750000,0.760000,0.770000,0.780000,0.790000,0.800000,0.810000,0.820000,0.830000,0.839999,0.849999,0.859999,0.869999,0.879999,0.889999,FLR,137.673492,152.340179,157.612320,160.264496,161.780838,162.787918,163.497086,164.018158,164.399750,164.656876,164.860718,164.988754,165.096039,165.190460,165.230865,165.280579,165.327789,165.320633,165.348892,165.351395,165.392883,165.384644,165.390015,165.378922,165.379288,165.364624,165.342087,165.319565,165.290588,165.269501,165.289169,165.257339,165.061005,165.005920,164.819244,164.558533,164.493088,164.262772,164.193756,163.962723,163.913727,163.683411,163.590073,163.385864,163.146622,163.058990,162.840134,162.584427,162.493225,162.282944,162.056213,161.958572,161.745071,161.515121,161.260483,161.167862,160.943634,160.700089,160.462982,160.226944,163.148041,163.717743,163.890121,163.967377,163.983826,163.968079,163.945908,163.902283,163.865799,163.828613,163.809662,163.762802,163.737411,163.721680,163.682693,163.651230,163.606171,163.555023,163.521057,163.455612,163.429138,163.383011,163.355469,163.320419,163.305038,163.260696,163.221710,163.172729,163.120514,163.077591,PAR,7015.842773,7015.842773,7015.842773,7015.842773,7015.842773,7015.842773,7015.842773,7015.842773,7015.842773,7015.842773,7015.842773,7015.842773,7015.842773,7015.842773,7015.842773,7015.842773,7015.842773,7015.842773,7015.842773,7015.842773,7015.842773,7015.842773,7015.842773,7015.842773,7015.842773,7015.842773,7015.842773,7015.842773,7015.842773,7015.842773,6957.388672,6898.934570,6840.480469,6782.026367,6723.572266,6665.118164,6606.664062,6548.209961,6489.755859,6431.301758,6372.847656,6314.393066,6255.938965,6197.484863,6139.030762,6080.576660,6022.122559,5963.668457,5905.214355,5846.760254,5788.306152,5729.852051,5671.397949,5612.943848,5554.489746,5496.035645,5437.581055,5379.126953,5320.672852,5262.218750,7015.842773,7015.842773,7015.842773,7015.842773,7015.842773,7015.842773,7015.842773,7015.842773,7015.842773,7015.842773,7015.842773,7015.842773,7015.842773,7015.842773,7015.842773,7015.842773,7015.842773,7015.842773,7015.842773,7015.842773,7015.842773,7015.842773,7015.842773,7015.842773,7015.842773,7015.842773,7015.842773,7015.842773,7015.842773,7015.842773,PHASE,1,1,1,1,1,1,1,1,1,1,1,1,1,1,1,1,1,1,1,1,1,1,1,1,1,1,1,1,1,1,2,2,2,2,2,2,2,2,2,2,2,2,2,2,2,2,2,2,2,2,2,2,2,2,2,2,2,2,2,2,3,3,3,3,3,3,3,3,3,3,3,3,3,3,3,3,3,3,3,3,3,3,3,3,3,3,3,3,3,3,FLASH_END
16,11:37:44,2026-06-12,Auto gsw+F,LI-COR Default,,016,,,0.229599,2.916905,0.212845,8.574846,1.624976,1.391221,5.429079,3.804102,14.202983,16.589388,55.425484,0.441786,7.500000,PSF-00578_20260612113744_131,0.000000,0.000000,0.000000,88.023308,142.605606,0.382750,0.5,0.80,323.976501,1.000000,27.99,23.96,35.50,34.29,34.29,97.95,156.1,155.0,0.7,2116,4.051,11:29:09,2026-06-12,0.12,1,0.004,0.005,0.006,-0.521,-1.045,-1.746,1,150,0.005,2.000000,0.058905,0.000000,0.029230,0.000000,0.000000,-0.000068,standard,0,mpf,7000,500,5.000000,2.000000,300,300,300,127.962830,25,-10.094745,126.818420,128.217102,-1.398682,2.437838,2.429129,1.642808,0.929805,0.180371,-0.014502,0.124968,1.874828,88.023308,0.000285,2.397709,-0.000030,1.000000,2.383926,-0.000024,1.000000,0.601714,0.600514,0.106642,0.000000,PSF-00578_20260612113744_131,PFA-00612,PSA-00572,PSF-00578,RHS-0697,3.0.0,2022-04-21T19:36:20.491Z,MEASUREMENT_END
PSF-00578_20260612113744_131,11:37:44,2026-06-12,PFA-00612,PSA-00572,PSF-00578,0.000000,0.000000,0.000000,142.605606,88.023308,0.382750,2122.761963,TIME,0.000000,0.010000,0.020000,0.030000,0.040000,0.050000,0.060000,0.070000,0.080000,0.090000,0.100000,0.110000,0.120000,0.130000,0.140000,0.150000,0.160000,0.170000,0.180000,0.190000,0.200000,0.210000,0.220000,0.230000,0.240000,0.250000,0.260000,0.270000,0.280000,0.290000,0.300000,0.310000,0.320000,0.330000,0.340000,0.350000,0.360000,0.370000,0.380000,0.390000,0.400000,0.410000,0.420000,0.430000,0.440000,0.450000,0.460000,0.470000,0.480000,0.490000,0.500000,0.510000,0.520000,0.530000,0.540000,0.550000,0.560000,0.570000,0.580000,0.590000,0.600000,0.610000,0.620000,0.630000,0.640000,0.650000,0.660000,0.670000,0.680000,0.690000,0.700000,0.710000,0.720000,0.730000,0.740000,0.750000,0.760000,0.770000,0.780000,0.790000,0.800000,0.810000,0.820000,0.830000,0.839999,0.849999,0.859999,0.869999,0.879999,0.889999,FLR,103.598000,114.297508,119.110466,122.093796,123.938797,125.085709,125.822426,126.318810,126.675011,126.897812,127.084496,127.214310,127.331253,127.422096,127.497192,127.537964,127.595901,127.637741,127.697113,127.731445,127.770782,127.781509,127.806900,127.856255,127.871635,127.888443,127.907394,127.937080,127.953171,127.962830,127.976776,127.966400,127.812622,127.777573,127.586243,127.371666,127.327324,127.146362,127.082703,126.886009,126.844879,126.639603,126.552704,126.359940,126.147865,126.075623,125.876068,125.637177,125.554565,125.357147,125.156166,125.039223,124.825356,124.611496,124.360802,124.264954,124.061821,123.823639,123.588326,123.348709,126.025558,126.553772,126.752258,126.804474,126.818420,126.809479,126.781227,126.769424,126.724716,126.676437,126.630661,126.553055,126.508713,126.446846,126.386765,126.338837,126.275185,126.219749,126.158951,126.113174,126.061676,125.973343,125.907181,125.848534,125.776649,125.720505,125.649330,125.598907,125.509857,125.445847,PAR,7015.842773,7015.842773,7015.842773,7015.842773,7015.842773,7015.842773,7015.842773,7015.842773,7015.842773,7015.842773,7015.842773,7015.842773,7015.842773,7015.842773,7015.842773,7015.842773,7015.842773,7015.842773,7015.842773,7015.842773,7015.842773,7015.842773,7015.842773,7015.842773,7015.842773,7015.842773,7015.842773,7015.842773,7015.842773,7015.842773,6957.388672,6898.934570,6840.480469,6782.026367,6723.572266,6665.118164,6606.664062,6548.209961,6489.755859,6431.301758,6372.847656,6314.393066,6255.938965,6197.484863,6139.030762,6080.576660,6022.122559,5963.668457,5905.214355,5846.760254,5788.306152,5729.852051,5671.397949,5612.943848,5554.489746,5496.035645,5437.581055,5379.126953,5320.672852,5262.218750,7015.842773,7015.842773,7015.842773,7015.842773,7015.842773,7015.842773,7015.842773,7015.842773,7015.842773,7015.842773,7015.842773,7015.842773,7015.842773,7015.842773,7015.842773,7015.842773,7015.842773,7015.842773,7015.842773,7015.842773,7015.842773,7015.842773,7015.842773,7015.842773,7015.842773,7015.842773,7015.842773,7015.842773,7015.842773,7015.842773,PHASE,1,1,1,1,1,1,1,1,1,1,1,1,1,1,1,1,1,1,1,1,1,1,1,1,1,1,1,1,1,1,2,2,2,2,2,2,2,2,2,2,2,2,2,2,2,2,2,2,2,2,2,2,2,2,2,2,2,2,2,2,3,3,3,3,3,3,3,3,3,3,3,3,3,3,3,3,3,3,3,3,3,3,3,3,3,3,3,3,3,3,FLASH_END
17,11:38:15,2026-06-12,Auto gsw+F,LI-COR Default,,017,,,0.296749,2.915196,0.269333,9.683110,1.539426,1.274869,4.944491,3.405066,13.015147,15.716005,50.478333,0.441786,7.500000,PSF-00578_20260612113815_d8a,0.000000,0.000000,0.000000,88.419556,159.464264,0.445521,0.5,0.80,361.277771,1.000000,26.77,22.17,35.32,32.62,32.62,97.95,155.9,155.2,0.4,2027,4.051,11:29:09,2026-06-12,0.12,1,-0.002,-0.004,-9999.000,0.614,0.800,-9999.000,1,150,0.005,2.000000,0.058905,0.000000,0.029230,0.000000,0.000000,-0.000068,standard,0,mpf,7000,500,5.000000,2.000000,300,300,300,142.005081,25,-12.281281,140.583511,141.959198,-1.375687,2.435229,2.427451,1.641067,0.930476,0.181613,-0.032331,0.128624,1.800599,88.419556,0.000307,2.397709,-0.000030,1.000000,2.383926,-0.000024,1.000000,0.601714,0.600514,0.106642,0.000000,PSF-00578_20260612113815_d8a,PFA-00612,PSA-00572,PSF-00578,RHS-0697,3.0.0,2022-04-21T19:36:20.491Z,MEASUREMENT_END
PSF-00578_20260612113815_d8a,11:38:15,2026-06-12,PFA-00612,PSA-00572,PSF-00578,0.000000,0.000000,0.000000,159.464264,88.419556,0.445521,2033.927734,TIME,0.000000,0.010000,0.020000,0.030000,0.040000,0.050000,0.060000,0.070000,0.080000,0.090000,0.100000,0.110000,0.120000,0.130000,0.140000,0.150000,0.160000,0.170000,0.180000,0.190000,0.200000,0.210000,0.220000,0.230000,0.240000,0.250000,0.260000,0.270000,0.280000,0.290000,0.300000,0.310000,0.320000,0.330000,0.340000,0.350000,0.360000,0.370000,0.380000,0.390000,0.400000,0.410000,0.420000,0.430000,0.440000,0.450000,0.460000,0.470000,0.480000,0.490000,0.500000,0.510000,0.520000,0.530000,0.540000,0.550000,0.560000,0.570000,0.580000,0.590000,0.600000,0.610000,0.620000,0.630000,0.640000,0.650000,0.660000,0.670000,0.680000,0.690000,0.700000,0.710000,0.720000,0.730000,0.740000,0.750000,0.760000,0.770000,0.780000,0.790000,0.800000,0.810000,0.820000,0.830000,0.839999,0.849999,0.859999,0.869999,0.879999,0.889999,FLR,111.952187,126.066681,131.351715,134.528168,136.578796,137.966400,138.971329,139.736298,140.367508,140.870697,141.253357,141.518707,141.698959,141.834137,141.892075,141.956085,142.001862,142.005081,142.000443,141.986130,141.976120,141.936066,141.910309,141.868118,141.839508,141.830200,141.813751,141.799805,141.795868,141.782288,141.768692,141.734009,141.535873,141.479736,141.231888,140.975113,140.892502,140.631439,140.548462,140.298126,140.211227,139.974472,139.895447,139.635086,139.368301,139.281387,139.062164,138.794296,138.699173,138.459564,138.209946,138.086197,137.842651,137.557983,137.268311,137.157791,136.930344,136.668213,136.383896,136.130341,139.494537,140.128250,140.411133,140.520935,140.564209,140.582794,140.583511,140.560989,140.545609,140.518784,140.502335,140.462631,140.416504,140.354996,140.310638,140.246628,140.194412,140.131836,140.072464,140.042419,139.999512,139.932632,139.878265,139.827133,139.769562,139.721985,139.679428,139.630081,139.581802,139.552124,PAR,7015.842773,7015.842773,7015.842773,7015.842773,7015.842773,7015.842773,7015.842773,7015.842773,7015.842773,7015.842773,7015.842773,7015.842773,7015.842773,7015.842773,7015.842773,7015.842773,7015.842773,7015.842773,7015.842773,7015.842773,7015.842773,7015.842773,7015.842773,7015.842773,7015.842773,7015.842773,7015.842773,7015.842773,7015.842773,7015.842773,6957.388672,6898.934570,6840.480469,6782.026367,6723.572266,6665.118164,6606.664062,6548.209961,6489.755859,6431.301758,6372.847656,6314.393066,6255.938965,6197.484863,6139.030762,6080.576660,6022.122559,5963.668457,5905.214355,5846.760254,5788.306152,5729.852051,5671.397949,5612.943848,5554.489746,5496.035645,5437.581055,5379.126953,5320.672852,5262.218750,7015.842773,7015.842773,7015.842773,7015.842773,7015.842773,7015.842773,7015.842773,7015.842773,7015.842773,7015.842773,7015.842773,7015.842773,7015.842773,7015.842773,7015.842773,7015.842773,7015.842773,7015.842773,7015.842773,7015.842773,7015.842773,7015.842773,7015.842773,7015.842773,7015.842773,7015.842773,7015.842773,7015.842773,7015.842773,7015.842773,PHASE,1,1,1,1,1,1,1,1,1,1,1,1,1,1,1,1,1,1,1,1,1,1,1,1,1,1,1,1,1,1,2,2,2,2,2,2,2,2,2,2,2,2,2,2,2,2,2,2,2,2,2,2,2,2,2,2,2,2,2,2,3,3,3,3,3,3,3,3,3,3,3,3,3,3,3,3,3,3,3,3,3,3,3,3,3,3,3,3,3,3,FLASH_END
18,11:38:40,2026-06-12,Auto gsw+F,LI-COR Default,,018,,,0.299999,2.915551,0.272010,10.810322,1.548553,1.253320,5.305092,3.756540,12.795606,15.809745,54.161644,0.441786,7.500000,PSF-00578_20260612113840_050,0.000000,0.000000,0.000000,92.821953,155.276398,0.402215,0.5,0.80,346.358490,1.000000,27.14,21.96,35.19,33.87,33.87,97.95,155.9,155.4,0.4,2153,4.050,11:29:09,2026-06-12,0.12,1,0.001,-0.002,-0.006,-0.078,-0.041,-0.310,1,150,0.005,2.000000,0.058905,0.000000,0.029230,0.000000,0.000000,-0.000068,standard,0,mpf,7000,500,5.000000,2.000000,300,300,300,139.804245,25,-10.627398,138.943069,140.128677,-1.185608,2.434930,2.427974,1.641427,0.930841,0.182570,-0.015687,0.131360,1.905502,92.821953,0.000291,2.397709,-0.000030,1.000000,2.383926,-0.000024,1.000000,0.601714,0.600514,0.106642,0.000000,PSF-00578_20260612113840_050,PFA-00612,PSA-00572,PSF-00578,RHS-0697,3.0.0,2022-04-21T19:36:20.491Z,MEASUREMENT_END
PSF-00578_20260612113840_050,11:38:40,2026-06-12,PFA-00612,PSA-00572,PSF-00578,0.000000,0.000000,0.000000,155.276398,92.821953,0.402215,2159.472656,TIME,0.000000,0.010000,0.020000,0.030000,0.040000,0.050000,0.060000,0.070000,0.080000,0.090000,0.100000,0.110000,0.120000,0.130000,0.140000,0.150000,0.160000,0.170000,0.180000,0.190000,0.200000,0.210000,0.220000,0.230000,0.240000,0.250000,0.260000,0.270000,0.280000,0.290000,0.300000,0.310000,0.320000,0.330000,0.340000,0.350000,0.360000,0.370000,0.380000,0.390000,0.400000,0.410000,0.420000,0.430000,0.440000,0.450000,0.460000,0.470000,0.480000,0.490000,0.500000,0.510000,0.520000,0.530000,0.540000,0.550000,0.560000,0.570000,0.580000,0.590000,0.600000,0.610000,0.620000,0.630000,0.640000,0.650000,0.660000,0.670000,0.680000,0.690000,0.700000,0.710000,0.720000,0.730000,0.740000,0.750000,0.760000,0.770000,0.780000,0.790000,0.800000,0.810000,0.820000,0.830000,0.839999,0.849999,0.859999,0.869999,0.879999,0.889999,FLR,112.338066,124.820709,130.146149,133.316879,135.260223,136.438248,137.188904,137.714630,138.090851,138.336899,138.560776,138.716339,138.850098,138.978836,139.072891,139.157288,139.222382,139.298553,139.372223,139.424805,139.487747,139.533157,139.558914,139.600754,139.649384,139.684799,139.719849,139.749527,139.784576,139.804245,139.843231,139.847153,139.685150,139.658691,139.478806,139.224884,139.168732,138.980270,138.936279,138.727432,138.696671,138.481735,138.407349,138.209946,137.973190,137.883423,137.695663,137.439255,137.347336,137.135986,136.896011,136.784073,136.560196,136.330597,136.055237,135.960098,135.728363,135.479095,135.238052,134.996292,138.112671,138.671997,138.873703,138.920547,138.943069,138.912674,138.877625,138.825409,138.770340,138.727783,138.701675,138.636597,138.598328,138.533234,138.505692,138.442749,138.378738,138.312576,138.250000,138.175613,138.133759,138.061874,137.990707,137.930267,137.859467,137.799026,137.734650,137.656326,137.609131,137.534027,PAR,7015.842773,7015.842773,7015.842773,7015.842773,7015.842773,7015.842773,7015.842773,7015.842773,7015.842773,7015.842773,7015.842773,7015.842773,7015.842773,7015.842773,7015.842773,7015.842773,7015.842773,7015.842773,7015.842773,7015.842773,7015.842773,7015.842773,7015.842773,7015.842773,7015.842773,7015.842773,7015.842773,7015.842773,7015.842773,7015.842773,6957.388672,6898.934570,6840.480469,6782.026367,6723.572266,6665.118164,6606.664062,6548.209961,6489.755859,6431.301758,6372.847656,6314.393066,6255.938965,6197.484863,6139.030762,6080.576660,6022.122559,5963.668457,5905.214355,5846.760254,5788.306152,5729.852051,5671.397949,5612.943848,5554.489746,5496.035645,5437.581055,5379.126953,5320.672852,5262.218750,7015.842773,7015.842773,7015.842773,7015.842773,7015.842773,7015.842773,7015.842773,7015.842773,7015.842773,7015.842773,7015.842773,7015.842773,7015.842773,7015.842773,7015.842773,7015.842773,7015.842773,7015.842773,7015.842773,7015.842773,7015.842773,7015.842773,7015.842773,7015.842773,7015.842773,7015.842773,7015.842773,7015.842773,7015.842773,7015.842773,PHASE,1,1,1,1,1,1,1,1,1,1,1,1,1,1,1,1,1,1,1,1,1,1,1,1,1,1,1,1,1,1,2,2,2,2,2,2,2,2,2,2,2,2,2,2,2,2,2,2,2,2,2,2,2,2,2,2,2,2,2,2,3,3,3,3,3,3,3,3,3,3,3,3,3,3,3,3,3,3,3,3,3,3,3,3,3,3,3,3,3,3,FLASH_END
19,11:40:09,2026-06-12,Auto gsw+F,LI-COR Default,,019,,,0.171854,2.916234,0.162290,5.719478,1.404293,1.247945,4.747783,3.343490,12.740961,14.337197,48.472729,0.441786,7.500000,PSF-00578_20260612114009_b41,0.000000,0.000000,0.000000,130.456573,202.414032,0.355496,0.5,0.80,305.838715,1.000000,25.18,22.37,34.77,31.90,31.90,97.95,156.0,154.9,0.7,2151,4.049,11:39:59,2026-06-12,-0.19,1,0.003,0.000,-9999.000,-1.672,-1.406,-9999.000,1,150,0.005,2.000000,0.058905,0.000000,0.029230,0.000000,0.000000,-0.000068,standard,0,mpf,7000,500,5.000000,2.000000,300,300,300,186.427475,25,-11.006948,185.095306,186.725327,-1.630020,2.435582,2.425699,1.642123,0.929568,0.185516,-0.034168,0.141360,1.903802,130.456573,0.000298,2.397709,-0.000030,1.000000,2.383926,-0.000024,1.000000,0.601714,0.600514,0.106642,0.000000,PSF-00578_20260612114009_b41,PFA-00612,PSA-00572,PSF-00578,RHS-0697,3.0.0,2022-04-21T19:36:20.491Z,MEASUREMENT_END
PSF-00578_20260612114009_b41,11:40:09,2026-06-12,PFA-00612,PSA-00572,PSF-00578,0.000000,0.000000,0.000000,202.414032,130.456573,0.355496,2157.437988,TIME,0.000000,0.010000,0.020000,0.030000,0.040000,0.050000,0.060000,0.070000,0.080000,0.090000,0.100000,0.110000,0.120000,0.130000,0.140000,0.150000,0.160000,0.170000,0.180000,0.190000,0.200000,0.210000,0.220000,0.230000,0.240000,0.250000,0.260000,0.270000,0.280000,0.290000,0.300000,0.310000,0.320000,0.330000,0.340000,0.350000,0.360000,0.370000,0.380000,0.390000,0.400000,0.410000,0.420000,0.430000,0.440000,0.450000,0.460000,0.470000,0.480000,0.490000,0.500000,0.510000,0.520000,0.530000,0.540000,0.550000,0.560000,0.570000,0.580000,0.590000,0.600000,0.610000,0.620000,0.630000,0.640000,0.650000,0.660000,0.670000,0.680000,0.690000,0.700000,0.710000,0.720000,0.730000,0.740000,0.750000,0.760000,0.770000,0.780000,0.790000,0.800000,0.810000,0.820000,0.830000,0.839999,0.849999,0.859999,0.869999,0.879999,0.889999,FLR,155.484802,173.352951,179.516678,182.365891,183.760651,184.497360,184.950836,185.222626,185.412888,185.558075,185.659653,185.725815,185.800552,185.870285,185.942169,185.992950,186.056976,186.110977,186.155670,186.176056,186.228271,186.256531,186.278702,186.255814,186.268326,186.311600,186.353806,186.377762,186.393143,186.427475,186.462158,186.432831,186.264755,186.228271,186.022644,185.810928,185.745483,185.528046,185.480118,185.253738,185.231201,184.989456,184.926147,184.733032,184.515244,184.424408,184.224838,183.981659,183.867935,183.630829,183.365814,183.249237,183.003540,182.742828,182.505005,182.407028,182.187073,181.943893,181.667084,181.387421,184.486267,184.996964,185.093170,185.095306,185.045593,185.001251,184.946182,184.901123,184.828873,184.768433,184.716583,184.633972,184.566025,184.503799,184.422974,184.365387,184.294586,184.241302,184.165115,184.093948,184.031372,183.938736,183.863281,183.785675,183.714157,183.644409,183.578613,183.503143,183.425186,183.340424,PAR,7015.842773,7015.842773,7015.842773,7015.842773,7015.842773,7015.842773,7015.842773,7015.842773,7015.842773,7015.842773,7015.842773,7015.842773,7015.842773,7015.842773,7015.842773,7015.842773,7015.842773,7015.842773,7015.842773,7015.842773,7015.842773,7015.842773,7015.842773,7015.842773,7015.842773,7015.842773,7015.842773,7015.842773,7015.842773,7015.842773,6957.388672,6898.934570,6840.480469,6782.026367,6723.572266,6665.118164,6606.664062,6548.209961,6489.755859,6431.301758,6372.847656,6314.393066,6255.938965,6197.484863,6139.030762,6080.576660,6022.122559,5963.668457,5905.214355,5846.760254,5788.306152,5729.852051,5671.397949,5612.943848,5554.489746,5496.035645,5437.581055,5379.126953,5320.672852,5262.218750,7015.842773,7015.842773,7015.842773,7015.842773,7015.842773,7015.842773,7015.842773,7015.842773,7015.842773,7015.842773,7015.842773,7015.842773,7015.842773,7015.842773,7015.842773,7015.842773,7015.842773,7015.842773,7015.842773,7015.842773,7015.842773,7015.842773,7015.842773,7015.842773,7015.842773,7015.842773,7015.842773,7015.842773,7015.842773,7015.842773,PHASE,1,1,1,1,1,1,1,1,1,1,1,1,1,1,1,1,1,1,1,1,1,1,1,1,1,1,1,1,1,1,2,2,2,2,2,2,2,2,2,2,2,2,2,2,2,2,2,2,2,2,2,2,2,2,2,2,2,2,2,2,3,3,3,3,3,3,3,3,3,3,3,3,3,3,3,3,3,3,3,3,3,3,3,3,3,3,3,3,3,3,FLASH_END
20,11:40:27,2026-06-12,Auto gsw+F,LI-COR Default,,020,,,0.228983,2.916565,0.212314,7.110471,1.478250,1.284069,4.655973,3.177724,13.109200,15.091610,47.533333,0.441786,7.500000,PSF-00578_20260612114027_7ca,0.000000,0.000000,0.000000,87.237953,165.008224,0.471311,0.5,0.80,358.201416,1.000000,26.64,23.14,34.68,31.55,31.55,97.95,156.1,155.1,0.6,1900,4.048,11:39:59,2026-06-12,-0.19,1,0.009,0.001,-9999.000,0.078,0.883,-9999.000,1,150,0.005,2.000000,0.058905,0.000000,0.029230,0.000000,0.000000,-0.000068,standard,0,mpf,7000,500,5.000000,2.000000,300,300,300,148.021103,25,-12.140097,146.984344,147.704391,-0.720047,2.436726,2.427781,1.642461,0.930114,0.186195,-0.037076,0.143367,1.694270,87.237953,0.000303,2.397709,-0.000030,1.000000,2.383926,-0.000024,1.000000,0.601714,0.600514,0.106642,0.000000,PSF-00578_20260612114027_7ca,PFA-00612,PSA-00572,PSF-00578,RHS-0697,3.0.0,2022-04-21T19:36:20.491Z,MEASUREMENT_END
PSF-00578_20260612114027_7ca,11:40:27,2026-06-12,PFA-00612,PSA-00572,PSF-00578,0.000000,0.000000,0.000000,165.008224,87.237953,0.471311,1906.676636,TIME,0.000000,0.010000,0.020000,0.030000,0.040000,0.050000,0.060000,0.070000,0.080000,0.090000,0.100000,0.110000,0.120000,0.130000,0.140000,0.150000,0.160000,0.170000,0.180000,0.190000,0.200000,0.210000,0.220000,0.230000,0.240000,0.250000,0.260000,0.270000,0.280000,0.290000,0.300000,0.310000,0.320000,0.330000,0.340000,0.350000,0.360000,0.370000,0.380000,0.390000,0.400000,0.410000,0.420000,0.430000,0.440000,0.450000,0.460000,0.470000,0.480000,0.490000,0.500000,0.510000,0.520000,0.530000,0.540000,0.550000,0.560000,0.570000,0.580000,0.590000,0.600000,0.610000,0.620000,0.630000,0.640000,0.650000,0.660000,0.670000,0.680000,0.690000,0.700000,0.710000,0.720000,0.730000,0.740000,0.750000,0.760000,0.770000,0.780000,0.790000,0.800000,0.810000,0.820000,0.830000,0.839999,0.849999,0.859999,0.869999,0.879999,0.889999,FLR,113.332275,129.289627,135.398621,139.023895,141.334885,142.981415,144.316788,145.424011,146.296616,146.945709,147.433517,147.703888,147.867676,147.964600,148.018234,148.021103,148.006790,147.973541,147.952438,147.948151,147.920609,147.869110,147.871979,147.811172,147.751801,147.699600,147.654892,147.608047,147.594452,147.587662,147.586945,147.567276,147.325516,147.267227,146.991852,146.692871,146.592377,146.337036,146.240112,146.004791,145.969391,145.729416,145.667557,145.447250,145.153641,145.062439,144.807465,144.527786,144.455902,144.249207,143.988846,143.906586,143.650177,143.365860,143.080475,142.986771,142.733215,142.466782,142.209656,141.947510,145.662186,146.403549,146.707535,146.835205,146.911743,146.934265,146.948929,146.954300,146.962158,146.980408,146.984344,146.966095,146.981125,146.964676,146.945709,146.927826,146.897079,146.883484,146.894211,146.889206,146.912094,146.922470,146.916748,146.922470,146.947861,146.923538,146.913177,146.892426,146.879913,146.857025,PAR,7015.842773,7015.842773,7015.842773,7015.842773,7015.842773,7015.842773,7015.842773,7015.842773,7015.842773,7015.842773,7015.842773,7015.842773,7015.842773,7015.842773,7015.842773,7015.842773,7015.842773,7015.842773,7015.842773,7015.842773,7015.842773,7015.842773,7015.842773,7015.842773,7015.842773,7015.842773,7015.842773,7015.842773,7015.842773,7015.842773,6957.388672,6898.934570,6840.480469,6782.026367,6723.572266,6665.118164,6606.664062,6548.209961,6489.755859,6431.301758,6372.847656,6314.393066,6255.938965,6197.484863,6139.030762,6080.576660,6022.122559,5963.668457,5905.214355,5846.760254,5788.306152,5729.852051,5671.397949,5612.943848,5554.489746,5496.035645,5437.581055,5379.126953,5320.672852,5262.218750,7015.842773,7015.842773,7015.842773,7015.842773,7015.842773,7015.842773,7015.842773,7015.842773,7015.842773,7015.842773,7015.842773,7015.842773,7015.842773,7015.842773,7015.842773,7015.842773,7015.842773,7015.842773,7015.842773,7015.842773,7015.842773,7015.842773,7015.842773,7015.842773,7015.842773,7015.842773,7015.842773,7015.842773,7015.842773,7015.842773,PHASE,1,1,1,1,1,1,1,1,1,1,1,1,1,1,1,1,1,1,1,1,1,1,1,1,1,1,1,1,1,1,2,2,2,2,2,2,2,2,2,2,2,2,2,2,2,2,2,2,2,2,2,2,2,2,2,2,2,2,2,2,3,3,3,3,3,3,3,3,3,3,3,3,3,3,3,3,3,3,3,3,3,3,3,3,3,3,3,3,3,3,FLASH_END
21,11:41:00,2026-06-12,Auto gsw+F,LI-COR Default,,021,,,0.178168,2.916634,0.167911,6.065906,1.427158,1.261427,4.852259,3.425101,12.878244,14.570232,49.537994,0.441786,7.500000,PSF-00578_20260612114100_30e,0.000000,0.000000,0.000000,91.298103,165.684738,0.448965,0.5,0.80,332.022675,1.000000,25.97,22.96,34.50,32.28,32.28,97.95,156.1,155.3,0.5,1849,4.046,11:39:59,2026-06-12,-0.19,1,0.002,0.000,-9999.000,0.458,1.040,-9999.000,1,150,0.005,2.000000,0.058905,0.000000,0.029230,0.000000,0.000000,-0.000068,standard,0,mpf,7000,500,5.000000,2.000000,300,300,300,147.254700,25,-13.711470,143.429520,146.141159,-2.711639,2.436472,2.426857,1.642531,0.930562,0.187471,-0.026362,0.147325,1.651487,91.298103,0.000313,2.397709,-0.000030,1.000000,2.383926,-0.000024,1.000000,0.601714,0.600514,0.106642,0.000000,PSF-00578_20260612114100_30e,PFA-00612,PSA-00572,PSF-00578,RHS-0697,3.0.0,2022-04-21T19:36:20.491Z,MEASUREMENT_END
PSF-00578_20260612114100_30e,11:41:00,2026-06-12,PFA-00612,PSA-00572,PSF-00578,0.000000,0.000000,0.000000,165.684738,91.298103,0.448965,1855.474731,TIME,0.000000,0.010000,0.020000,0.030000,0.040000,0.050000,0.060000,0.070000,0.080000,0.090000,0.100000,0.110000,0.120000,0.130000,0.140000,0.150000,0.160000,0.170000,0.180000,0.190000,0.200000,0.210000,0.220000,0.230000,0.240000,0.250000,0.260000,0.270000,0.280000,0.290000,0.300000,0.310000,0.320000,0.330000,0.340000,0.350000,0.360000,0.370000,0.380000,0.390000,0.400000,0.410000,0.420000,0.430000,0.440000,0.450000,0.460000,0.470000,0.480000,0.490000,0.500000,0.510000,0.520000,0.530000,0.540000,0.550000,0.560000,0.570000,0.580000,0.590000,0.600000,0.610000,0.620000,0.630000,0.640000,0.650000,0.660000,0.670000,0.680000,0.690000,0.700000,0.710000,0.720000,0.730000,0.740000,0.750000,0.760000,0.770000,0.780000,0.790000,0.800000,0.810000,0.820000,0.830000,0.839999,0.849999,0.859999,0.869999,0.879999,0.889999,FLR,115.118980,128.973129,134.227402,137.291199,139.313583,140.959747,142.462128,143.804306,144.931198,145.759109,146.366714,146.760101,147.025818,147.158859,147.244339,147.254700,147.233963,147.207138,147.131317,147.059448,146.992920,146.886703,146.800873,146.702530,146.617767,146.525864,146.422501,146.330948,146.235107,146.161072,146.086334,145.993347,145.734787,145.630722,145.366425,145.082474,144.944427,144.656540,144.543884,144.255280,144.146912,143.883698,143.757812,143.498184,143.205643,143.095490,142.828705,142.564056,142.433884,142.161728,141.891006,141.752960,141.479019,141.225815,140.929337,140.799881,140.547394,140.305283,140.042419,139.772415,142.709610,143.172028,143.361572,143.428085,143.429520,143.427017,143.395538,143.359070,143.317581,143.263931,143.234253,143.184189,143.108719,143.071167,143.015381,142.961746,142.901657,142.846222,142.794724,142.731430,142.681000,142.611618,142.556549,142.516846,142.440674,142.395966,142.339111,142.307632,142.253281,142.179611,PAR,7015.842773,7015.842773,7015.842773,7015.842773,7015.842773,7015.842773,7015.842773,7015.842773,7015.842773,7015.842773,7015.842773,7015.842773,7015.842773,7015.842773,7015.842773,7015.842773,7015.842773,7015.842773,7015.842773,7015.842773,7015.842773,7015.842773,7015.842773,7015.842773,7015.842773,7015.842773,7015.842773,7015.842773,7015.842773,7015.842773,6957.388672,6898.934570,6840.480469,6782.026367,6723.572266,6665.118164,6606.664062,6548.209961,6489.755859,6431.301758,6372.847656,6314.393066,6255.938965,6197.484863,6139.030762,6080.576660,6022.122559,5963.668457,5905.214355,5846.760254,5788.306152,5729.852051,5671.397949,5612.943848,5554.489746,5496.035645,5437.581055,5379.126953,5320.672852,5262.218750,7015.842773,7015.842773,7015.842773,7015.842773,7015.842773,7015.842773,7015.842773,7015.842773,7015.842773,7015.842773,7015.842773,7015.842773,7015.842773,7015.842773,7015.842773,7015.842773,7015.842773,7015.842773,7015.842773,7015.842773,7015.842773,7015.842773,7015.842773,7015.842773,7015.842773,7015.842773,7015.842773,7015.842773,7015.842773,7015.842773,PHASE,1,1,1,1,1,1,1,1,1,1,1,1,1,1,1,1,1,1,1,1,1,1,1,1,1,1,1,1,1,1,2,2,2,2,2,2,2,2,2,2,2,2,2,2,2,2,2,2,2,2,2,2,2,2,2,2,2,2,2,2,3,3,3,3,3,3,3,3,3,3,3,3,3,3,3,3,3,3,3,3,3,3,3,3,3,3,3,3,3,3,FLASH_END
22,11:41:34,2026-06-12,Auto gsw+F,LI-COR Default,,022,,,0.272232,2.917008,0.248994,8.951124,1.521777,1.277543,4.926893,3.405116,13.043506,15.537095,50.302776,0.441786,7.500000,PSF-00578_20260612114134_9d9,0.000000,0.000000,0.000000,93.349815,155.554932,0.399892,0.5,0.80,336.317657,1.000000,27.93,23.45,34.35,32.55,32.55,97.94,156.1,155.1,0.6,2103,4.045,11:39:59,2026-06-12,-0.19,1,0.002,0.003,-9999.000,-0.299,-0.191,-9999.000,1,150,0.005,2.000000,0.058905,0.000000,0.029230,0.000000,0.000000,-0.000068,standard,0,mpf,7000,500,5.000000,2.000000,300,300,300,139.968399,25,-10.775917,138.940216,140.195526,-1.255310,2.437210,2.429623,1.642913,0.930200,0.188581,-0.021326,0.151315,1.863501,93.349815,0.000295,2.397709,-0.000030,1.000000,2.383926,-0.000024,1.000000,0.601714,0.600514,0.106642,0.000000,PSF-00578_20260612114134_9d9,PFA-00612,PSA-00572,PSF-00578,RHS-0697,3.0.0,2022-04-21T19:36:20.491Z,MEASUREMENT_END
PSF-00578_20260612114134_9d9,11:41:34,2026-06-12,PFA-00612,PSA-00572,PSF-00578,0.000000,0.000000,0.000000,155.554932,93.349815,0.399892,2109.206543,TIME,0.000000,0.010000,0.020000,0.030000,0.040000,0.050000,0.060000,0.070000,0.080000,0.090000,0.100000,0.110000,0.120000,0.130000,0.140000,0.150000,0.160000,0.170000,0.180000,0.190000,0.200000,0.210000,0.220000,0.230000,0.240000,0.250000,0.260000,0.270000,0.280000,0.290000,0.300000,0.310000,0.320000,0.330000,0.340000,0.350000,0.360000,0.370000,0.380000,0.390000,0.400000,0.410000,0.420000,0.430000,0.440000,0.450000,0.460000,0.470000,0.480000,0.490000,0.500000,0.510000,0.520000,0.530000,0.540000,0.550000,0.560000,0.570000,0.580000,0.590000,0.600000,0.610000,0.620000,0.630000,0.640000,0.650000,0.660000,0.670000,0.680000,0.690000,0.700000,0.710000,0.720000,0.730000,0.740000,0.750000,0.760000,0.770000,0.780000,0.790000,0.800000,0.810000,0.820000,0.830000,0.839999,0.849999,0.859999,0.869999,0.879999,0.889999,FLR,112.241150,125.014183,130.788803,134.286758,136.337753,137.547607,138.296844,138.748520,139.047867,139.253143,139.393692,139.480942,139.548187,139.614349,139.660477,139.701599,139.731644,139.762039,139.792084,139.819626,139.846451,139.855743,139.867905,139.877563,139.885422,139.901520,139.911896,139.920837,139.964813,139.968399,139.975555,139.971970,139.790649,139.750244,139.548904,139.303558,139.232758,139.023178,138.971329,138.771057,138.699890,138.479584,138.420227,138.184906,137.925262,137.858398,137.663849,137.432098,137.360214,137.154938,136.941071,136.828064,136.616699,136.345978,136.093857,135.979416,135.759827,135.512360,135.260590,135.004883,138.021118,138.635162,138.847946,138.921265,138.940216,138.922333,138.887283,138.862610,138.804321,138.761047,138.737793,138.666275,138.615494,138.559341,138.516785,138.459564,138.396271,138.360138,138.297562,138.242126,138.190628,138.122681,138.053299,137.993210,137.921326,137.835861,137.780075,137.701035,137.622360,137.549408,PAR,7015.842773,7015.842773,7015.842773,7015.842773,7015.842773,7015.842773,7015.842773,7015.842773,7015.842773,7015.842773,7015.842773,7015.842773,7015.842773,7015.842773,7015.842773,7015.842773,7015.842773,7015.842773,7015.842773,7015.842773,7015.842773,7015.842773,7015.842773,7015.842773,7015.842773,7015.842773,7015.842773,7015.842773,7015.842773,7015.842773,6957.388672,6898.934570,6840.480469,6782.026367,6723.572266,6665.118164,6606.664062,6548.209961,6489.755859,6431.301758,6372.847656,6314.393066,6255.938965,6197.484863,6139.030762,6080.576660,6022.122559,5963.668457,5905.214355,5846.760254,5788.306152,5729.852051,5671.397949,5612.943848,5554.489746,5496.035645,5437.581055,5379.126953,5320.672852,5262.218750,7015.842773,7015.842773,7015.842773,7015.842773,7015.842773,7015.842773,7015.842773,7015.842773,7015.842773,7015.842773,7015.842773,7015.842773,7015.842773,7015.842773,7015.842773,7015.842773,7015.842773,7015.842773,7015.842773,7015.842773,7015.842773,7015.842773,7015.842773,7015.842773,7015.842773,7015.842773,7015.842773,7015.842773,7015.842773,7015.842773,PHASE,1,1,1,1,1,1,1,1,1,1,1,1,1,1,1,1,1,1,1,1,1,1,1,1,1,1,1,1,1,1,2,2,2,2,2,2,2,2,2,2,2,2,2,2,2,2,2,2,2,2,2,2,2,2,2,2,2,2,2,2,3,3,3,3,3,3,3,3,3,3,3,3,3,3,3,3,3,3,3,3,3,3,3,3,3,3,3,3,3,3,FLASH_END
23,11:42:13,2026-06-12,Auto gsw+F,LI-COR Default,,023,,,0.290433,2.916583,0.264131,9.968111,1.580304,1.308384,5.149827,3.569523,13.357838,16.133984,52.576752,0.441786,7.500000,PSF-00578_20260612114213_03c,0.000000,0.000000,0.000000,94.881889,148.422562,0.360731,0.5,0.80,313.475250,1.000000,29.27,24.23,34.19,33.34,33.34,97.95,156.1,155.3,0.5,2172,4.044,11:39:59,2026-06-12,-0.19,1,-0.000,-0.002,-9999.000,-0.646,-1.455,-9999.000,1,150,0.005,2.000000,0.058905,0.000000,0.029230,0.000000,0.000000,-0.000068,standard,0,mpf,7000,500,5.000000,2.000000,300,300,300,135.996582,25,-8.539873,135.445480,136.250290,-0.804810,2.438381,2.431506,1.642479,0.930611,0.189795,-0.009959,0.155617,1.921944,94.881889,0.000297,2.397709,-0.000030,1.000000,2.383926,-0.000024,1.000000,0.601714,0.600514,0.106642,0.000000,PSF-00578_20260612114213_03c,PFA-00612,PSA-00572,PSF-00578,RHS-0697,3.0.0,2022-04-21T19:36:20.491Z,MEASUREMENT_END
PSF-00578_20260612114213_03c,11:42:13,2026-06-12,PFA-00612,PSA-00572,PSF-00578,0.000000,0.000000,0.000000,148.422562,94.881889,0.360731,2179.149414,TIME,0.000000,0.010000,0.020000,0.030000,0.040000,0.050000,0.060000,0.070000,0.080000,0.090000,0.100000,0.110000,0.120000,0.130000,0.140000,0.150000,0.160000,0.170000,0.180000,0.190000,0.200000,0.210000,0.220000,0.230000,0.240000,0.250000,0.260000,0.270000,0.280000,0.290000,0.300000,0.310000,0.320000,0.330000,0.340000,0.350000,0.360000,0.370000,0.380000,0.390000,0.400000,0.410000,0.420000,0.430000,0.440000,0.450000,0.460000,0.470000,0.480000,0.490000,0.500000,0.510000,0.520000,0.530000,0.540000,0.550000,0.560000,0.570000,0.580000,0.590000,0.600000,0.610000,0.620000,0.630000,0.640000,0.650000,0.660000,0.670000,0.680000,0.690000,0.700000,0.710000,0.720000,0.730000,0.740000,0.750000,0.760000,0.770000,0.780000,0.790000,0.800000,0.810000,0.820000,0.830000,0.839999,0.849999,0.859999,0.869999,0.879999,0.889999,FLR,111.578819,122.476814,127.103806,129.914398,131.667145,132.775070,133.504623,133.982773,134.343628,134.601471,134.800674,134.930130,135.038132,135.147568,135.242340,135.322098,135.391113,135.441895,135.524872,135.568497,135.645752,135.668991,135.719421,135.773422,135.797379,135.852463,135.887497,135.928986,135.954025,135.996582,136.011963,135.979767,135.854248,135.833496,135.702255,135.511993,135.486603,135.336395,135.292404,135.139709,135.100006,134.950882,134.897583,134.733444,134.528870,134.482391,134.310730,134.111526,134.039993,133.867981,133.682724,133.593674,133.407349,133.186691,132.974976,132.883423,132.697815,132.491470,132.289413,132.066254,134.681229,135.172607,135.363586,135.429031,135.445480,135.432602,135.415436,135.388611,135.356430,135.327103,135.287048,135.240555,135.194427,135.161163,135.107513,135.062103,135.038132,134.984848,134.949799,134.889008,134.862183,134.817474,134.759903,134.689087,134.627945,134.565704,134.505981,134.455566,134.376175,134.341125,PAR,7015.842773,7015.842773,7015.842773,7015.842773,7015.842773,7015.842773,7015.842773,7015.842773,7015.842773,7015.842773,7015.842773,7015.842773,7015.842773,7015.842773,7015.842773,7015.842773,7015.842773,7015.842773,7015.842773,7015.842773,7015.842773,7015.842773,7015.842773,7015.842773,7015.842773,7015.842773,7015.842773,7015.842773,7015.842773,7015.842773,6957.388672,6898.934570,6840.480469,6782.026367,6723.572266,6665.118164,6606.664062,6548.209961,6489.755859,6431.301758,6372.847656,6314.393066,6255.938965,6197.484863,6139.030762,6080.576660,6022.122559,5963.668457,5905.214355,5846.760254,5788.306152,5729.852051,5671.397949,5612.943848,5554.489746,5496.035645,5437.581055,5379.126953,5320.672852,5262.218750,7015.842773,7015.842773,7015.842773,7015.842773,7015.842773,7015.842773,7015.842773,7015.842773,7015.842773,7015.842773,7015.842773,7015.842773,7015.842773,7015.842773,7015.842773,7015.842773,7015.842773,7015.842773,7015.842773,7015.842773,7015.842773,7015.842773,7015.842773,7015.842773,7015.842773,7015.842773,7015.842773,7015.842773,7015.842773,7015.842773,PHASE,1,1,1,1,1,1,1,1,1,1,1,1,1,1,1,1,1,1,1,1,1,1,1,1,1,1,1,1,1,1,2,2,2,2,2,2,2,2,2,2,2,2,2,2,2,2,2,2,2,2,2,2,2,2,2,2,2,2,2,2,3,3,3,3,3,3,3,3,3,3,3,3,3,3,3,3,3,3,3,3,3,3,3,3,3,3,3,3,3,3,FLASH_END
24,11:42:48,2026-06-12,Auto gsw+F,LI-COR Default,,024,,,0.168752,2.915545,0.159519,6.271385,1.339521,1.167887,5.064200,3.724679,11.924146,13.676534,51.705585,0.441786,7.500000,PSF-00578_20260612114248_f88,0.000000,0.000000,0.000000,103.499290,163.847946,0.368321,0.5,0.80,294.247711,1.000000,25.00,21.80,34.05,33.04,33.04,97.94,155.9,155.4,0.3,1997,4.045,11:39:59,2026-06-12,-0.19,1,0.000,0.000,-9999.000,-1.056,-2.047,-9999.000,1,150,0.005,2.000000,0.058905,0.000000,0.029230,0.000000,0.000000,-0.000068,standard,0,mpf,7000,500,5.000000,2.000000,300,300,300,150.423645,25,-9.221963,149.731995,150.703461,-0.971466,2.434799,2.425525,1.641422,0.930896,0.190802,-0.011890,0.159560,1.775487,103.499290,0.000294,2.397709,-0.000030,1.000000,2.383926,-0.000024,1.000000,0.601714,0.600514,0.106642,0.000000,PSF-00578_20260612114248_f88,PFA-00612,PSA-00572,PSF-00578,RHS-0697,3.0.0,2022-04-21T19:36:20.491Z,MEASUREMENT_END
PSF-00578_20260612114248_f88,11:42:48,2026-06-12,PFA-00612,PSA-00572,PSF-00578,0.000000,0.000000,0.000000,163.847946,103.499290,0.368321,2003.874512,TIME,0.000000,0.010000,0.020000,0.030000,0.040000,0.050000,0.060000,0.070000,0.080000,0.090000,0.100000,0.110000,0.120000,0.130000,0.140000,0.150000,0.160000,0.170000,0.180000,0.190000,0.200000,0.210000,0.220000,0.230000,0.240000,0.250000,0.260000,0.270000,0.280000,0.290000,0.300000,0.310000,0.320000,0.330000,0.340000,0.350000,0.360000,0.370000,0.380000,0.390000,0.400000,0.410000,0.420000,0.430000,0.440000,0.450000,0.460000,0.470000,0.480000,0.490000,0.500000,0.510000,0.520000,0.530000,0.540000,0.550000,0.560000,0.570000,0.580000,0.590000,0.600000,0.610000,0.620000,0.630000,0.640000,0.650000,0.660000,0.670000,0.680000,0.690000,0.700000,0.710000,0.720000,0.730000,0.740000,0.750000,0.760000,0.770000,0.780000,0.790000,0.800000,0.810000,0.820000,0.830000,0.839999,0.849999,0.859999,0.869999,0.879999,0.889999,FLR,123.305801,136.536957,141.840576,144.792435,146.471146,147.487518,148.133759,148.566483,148.874039,149.105789,149.294617,149.416214,149.530289,149.632935,149.711258,149.798874,149.852875,149.926178,149.971954,150.027390,150.090332,150.123245,150.169022,150.201202,150.243759,150.278809,150.312424,150.332458,150.385025,150.423645,150.449036,150.466202,150.317078,150.271652,150.110718,149.911530,149.874329,149.708038,149.666550,149.495956,149.457687,149.281738,149.230240,149.034973,148.832565,148.762466,148.573990,148.373367,148.301117,148.109436,147.914536,147.836212,147.625565,147.419571,147.182816,147.096283,146.877411,146.668549,146.436447,146.197556,149.036407,149.538513,149.685501,149.731995,149.727341,149.720901,149.689072,149.647232,149.601456,149.576065,149.527786,149.479507,149.435883,149.384018,149.323944,149.277084,149.203064,149.148346,149.078613,149.032120,148.990631,148.898010,148.836136,148.789291,148.720261,148.660187,148.601181,148.538239,148.447388,148.389099,PAR,7015.842773,7015.842773,7015.842773,7015.842773,7015.842773,7015.842773,7015.842773,7015.842773,7015.842773,7015.842773,7015.842773,7015.842773,7015.842773,7015.842773,7015.842773,7015.842773,7015.842773,7015.842773,7015.842773,7015.842773,7015.842773,7015.842773,7015.842773,7015.842773,7015.842773,7015.842773,7015.842773,7015.842773,7015.842773,7015.842773,6957.388672,6898.934570,6840.480469,6782.026367,6723.572266,6665.118164,6606.664062,6548.209961,6489.755859,6431.301758,6372.847656,6314.393066,6255.938965,6197.484863,6139.030762,6080.576660,6022.122559,5963.668457,5905.214355,5846.760254,5788.306152,5729.852051,5671.397949,5612.943848,5554.489746,5496.035645,5437.581055,5379.126953,5320.672852,5262.218750,7015.842773,7015.842773,7015.842773,7015.842773,7015.842773,7015.842773,7015.842773,7015.842773,7015.842773,7015.842773,7015.842773,7015.842773,7015.842773,7015.842773,7015.842773,7015.842773,7015.842773,7015.842773,7015.842773,7015.842773,7015.842773,7015.842773,7015.842773,7015.842773,7015.842773,7015.842773,7015.842773,7015.842773,7015.842773,7015.842773,PHASE,1,1,1,1,1,1,1,1,1,1,1,1,1,1,1,1,1,1,1,1,1,1,1,1,1,1,1,1,1,1,2,2,2,2,2,2,2,2,2,2,2,2,2,2,2,2,2,2,2,2,2,2,2,2,2,2,2,2,2,2,3,3,3,3,3,3,3,3,3,3,3,3,3,3,3,3,3,3,3,3,3,3,3,3,3,3,3,3,3,3,FLASH_END
25,11:43:34,2026-06-12,Auto gsw+F,LI-COR Default,,025,,,0.239676,2.916242,0.221474,8.717618,1.458562,1.220410,5.182979,3.724417,12.460700,14.892294,52.919537,0.441786,7.500000,PSF-00578_20260612114334_f8b,0.000000,0.000000,0.000000,97.963570,161.723587,0.394253,0.5,0.80,341.320465,1.000000,27.46,22.98,33.89,33.46,33.46,97.94,156.0,155.3,0.5,2164,4.044,11:39:59,2026-06-12,-0.19,1,0.000,-0.001,-9999.000,-0.249,-0.642,-9999.000,1,150,0.005,2.000000,0.058905,0.000000,0.029230,0.000000,0.000000,-0.000068,standard,0,mpf,7000,500,5.000000,2.000000,300,300,300,147.296188,25,-9.823375,146.408920,147.721878,-1.312958,2.436572,2.429026,1.642132,0.930678,0.191986,-0.005037,0.164841,1.915135,97.963570,0.000277,2.397709,-0.000030,1.000000,2.383926,-0.000024,1.000000,0.601714,0.600514,0.106642,0.000000,PSF-00578_20260612114334_f8b,PFA-00612,PSA-00572,PSF-00578,RHS-0697,3.0.0,2022-04-21T19:36:20.491Z,MEASUREMENT_END
PSF-00578_20260612114334_f8b,11:43:34,2026-06-12,PFA-00612,PSA-00572,PSF-00578,0.000000,0.000000,0.000000,161.723587,97.963570,0.394253,2171.000488,TIME,0.000000,0.010000,0.020000,0.030000,0.040000,0.050000,0.060000,0.070000,0.080000,0.090000,0.100000,0.110000,0.120000,0.130000,0.140000,0.150000,0.160000,0.170000,0.180000,0.190000,0.200000,0.210000,0.220000,0.230000,0.240000,0.250000,0.260000,0.270000,0.280000,0.290000,0.300000,0.310000,0.320000,0.330000,0.340000,0.350000,0.360000,0.370000,0.380000,0.390000,0.400000,0.410000,0.420000,0.430000,0.440000,0.450000,0.460000,0.470000,0.480000,0.490000,0.500000,0.510000,0.520000,0.530000,0.540000,0.550000,0.560000,0.570000,0.580000,0.590000,0.600000,0.610000,0.620000,0.630000,0.640000,0.650000,0.660000,0.670000,0.680000,0.690000,0.700000,0.710000,0.720000,0.730000,0.740000,0.750000,0.760000,0.770000,0.780000,0.790000,0.800000,0.810000,0.820000,0.830000,0.839999,0.849999,0.859999,0.869999,0.879999,0.889999,FLR,118.592621,131.097443,136.471512,139.757401,141.780853,143.065460,143.899445,144.444107,144.849304,145.140762,145.369644,145.534164,145.692947,145.822403,145.955795,146.095276,146.211151,146.326309,146.433228,146.531937,146.631714,146.711472,146.798370,146.889923,146.971100,147.044418,147.112366,147.193192,147.239334,147.296188,147.348053,147.378448,147.228241,147.204285,147.050858,146.876694,146.854523,146.698593,146.684296,146.491531,146.451477,146.240829,146.181107,145.979767,145.761612,145.697235,145.499115,145.278091,145.226959,145.011307,144.780640,144.663696,144.435883,144.191620,143.954880,143.844009,143.623352,143.387680,143.119812,142.872330,145.844223,146.259430,146.383530,146.408920,146.396042,146.341675,146.300201,146.255142,146.192902,146.121384,146.074890,145.992630,145.903229,145.833496,145.737640,145.682938,145.606400,145.556686,145.483734,145.403259,145.323868,145.219452,145.153290,145.058517,144.971603,144.891861,144.802444,144.728775,144.630081,144.559616,PAR,7015.842773,7015.842773,7015.842773,7015.842773,7015.842773,7015.842773,7015.842773,7015.842773,7015.842773,7015.842773,7015.842773,7015.842773,7015.842773,7015.842773,7015.842773,7015.842773,7015.842773,7015.842773,7015.842773,7015.842773,7015.842773,7015.842773,7015.842773,7015.842773,7015.842773,7015.842773,7015.842773,7015.842773,7015.842773,7015.842773,6957.388672,6898.934570,6840.480469,6782.026367,6723.572266,6665.118164,6606.664062,6548.209961,6489.755859,6431.301758,6372.847656,6314.393066,6255.938965,6197.484863,6139.030762,6080.576660,6022.122559,5963.668457,5905.214355,5846.760254,5788.306152,5729.852051,5671.397949,5612.943848,5554.489746,5496.035645,5437.581055,5379.126953,5320.672852,5262.218750,7015.842773,7015.842773,7015.842773,7015.842773,7015.842773,7015.842773,7015.842773,7015.842773,7015.842773,7015.842773,7015.842773,7015.842773,7015.842773,7015.842773,7015.842773,7015.842773,7015.842773,7015.842773,7015.842773,7015.842773,7015.842773,7015.842773,7015.842773,7015.842773,7015.842773,7015.842773,7015.842773,7015.842773,7015.842773,7015.842773,PHASE,1,1,1,1,1,1,1,1,1,1,1,1,1,1,1,1,1,1,1,1,1,1,1,1,1,1,1,1,1,1,2,2,2,2,2,2,2,2,2,2,2,2,2,2,2,2,2,2,2,2,2,2,2,2,2,2,2,2,2,2,3,3,3,3,3,3,3,3,3,3,3,3,3,3,3,3,3,3,3,3,3,3,3,3,3,3,3,3,3,3,FLASH_END
26,11:44:03,2026-06-12,Auto gsw+F,LI-COR Default,,026,,,0.202747,2.915969,0.189566,7.198696,1.464995,1.268305,5.060423,3.595428,12.949488,14.957709,51.667286,0.441786,7.500000,PSF-00578_20260612114403_9d9,0.000000,0.000000,0.000000,104.455589,175.479584,0.404742,0.5,0.80,324.658264,1.000000,27.71,23.99,33.81,33.03,33.03,97.94,156.0,155.3,0.4,2005,4.043,11:39:59,2026-06-12,-0.19,1,0.006,0.004,0.011,-0.761,-1.797,-5.323,1,150,0.005,2.000000,0.058905,0.000000,0.029230,0.000000,0.000000,-0.000068,standard,0,mpf,7000,500,5.000000,2.000000,300,300,300,160.026672,25,-10.501798,158.833618,160.510895,-1.677277,2.438069,2.429384,1.641853,0.930685,0.192604,-0.009146,0.167830,1.782270,104.455589,0.000274,2.397709,-0.000030,1.000000,2.383926,-0.000024,1.000000,0.601714,0.600514,0.106642,0.000000,PSF-00578_20260612114403_9d9,PFA-00612,PSA-00572,PSF-00578,RHS-0697,3.0.0,2022-04-21T19:36:20.491Z,MEASUREMENT_END
PSF-00578_20260612114403_9d9,11:44:03,2026-06-12,PFA-00612,PSA-00572,PSF-00578,0.000000,0.000000,0.000000,175.479584,104.455589,0.404742,2011.991577,TIME,0.000000,0.010000,0.020000,0.030000,0.040000,0.050000,0.060000,0.070000,0.080000,0.090000,0.100000,0.110000,0.120000,0.130000,0.140000,0.150000,0.160000,0.170000,0.180000,0.190000,0.200000,0.210000,0.220000,0.230000,0.240000,0.250000,0.260000,0.270000,0.280000,0.290000,0.300000,0.310000,0.320000,0.330000,0.340000,0.350000,0.360000,0.370000,0.380000,0.390000,0.400000,0.410000,0.420000,0.430000,0.440000,0.450000,0.460000,0.470000,0.480000,0.490000,0.500000,0.510000,0.520000,0.530000,0.540000,0.550000,0.560000,0.570000,0.580000,0.590000,0.600000,0.610000,0.620000,0.630000,0.640000,0.650000,0.660000,0.670000,0.680000,0.690000,0.700000,0.710000,0.720000,0.730000,0.740000,0.750000,0.760000,0.770000,0.780000,0.790000,0.800000,0.810000,0.820000,0.830000,0.839999,0.849999,0.859999,0.869999,0.879999,0.889999,FLR,128.217819,142.161377,148.033264,151.645309,153.893356,155.318497,156.249054,156.840927,157.284378,157.582642,157.830124,158.003571,158.172729,158.337952,158.468842,158.612610,158.722397,158.855087,158.947708,159.071442,159.187668,159.294968,159.401886,159.509186,159.623978,159.726624,159.832123,159.905792,159.973740,160.026672,160.071381,160.087112,159.956223,159.954071,159.776337,159.574631,159.572128,159.409760,159.380798,159.205917,159.171219,158.960220,158.905869,158.701294,158.480652,158.384079,158.172729,157.921310,157.854797,157.605164,157.368057,157.251480,157.009720,156.753296,156.474716,156.376358,156.112076,155.849579,155.558472,155.254120,158.312195,158.724182,158.833618,158.811813,158.766754,158.712738,158.646942,158.584351,158.521774,158.455612,158.390884,158.287521,158.222443,158.128021,158.047562,157.941345,157.888412,157.770401,157.678482,157.580490,157.498962,157.395248,157.300110,157.213928,157.101990,157.012589,156.913513,156.816956,156.703232,156.586639,PAR,7015.842773,7015.842773,7015.842773,7015.842773,7015.842773,7015.842773,7015.842773,7015.842773,7015.842773,7015.842773,7015.842773,7015.842773,7015.842773,7015.842773,7015.842773,7015.842773,7015.842773,7015.842773,7015.842773,7015.842773,7015.842773,7015.842773,7015.842773,7015.842773,7015.842773,7015.842773,7015.842773,7015.842773,7015.842773,7015.842773,6957.388672,6898.934570,6840.480469,6782.026367,6723.572266,6665.118164,6606.664062,6548.209961,6489.755859,6431.301758,6372.847656,6314.393066,6255.938965,6197.484863,6139.030762,6080.576660,6022.122559,5963.668457,5905.214355,5846.760254,5788.306152,5729.852051,5671.397949,5612.943848,5554.489746,5496.035645,5437.581055,5379.126953,5320.672852,5262.218750,7015.842773,7015.842773,7015.842773,7015.842773,7015.842773,7015.842773,7015.842773,7015.842773,7015.842773,7015.842773,7015.842773,7015.842773,7015.842773,7015.842773,7015.842773,7015.842773,7015.842773,7015.842773,7015.842773,7015.842773,7015.842773,7015.842773,7015.842773,7015.842773,7015.842773,7015.842773,7015.842773,7015.842773,7015.842773,7015.842773,PHASE,1,1,1,1,1,1,1,1,1,1,1,1,1,1,1,1,1,1,1,1,1,1,1,1,1,1,1,1,1,1,2,2,2,2,2,2,2,2,2,2,2,2,2,2,2,2,2,2,2,2,2,2,2,2,2,2,2,2,2,2,3,3,3,3,3,3,3,3,3,3,3,3,3,3,3,3,3,3,3,3,3,3,3,3,3,3,3,3,3,3,FLASH_END
27,11:44:22,2026-06-12,Auto gsw+F,LI-COR Default,,027,,,0.182757,2.916878,0.171982,6.565785,1.656873,1.477953,5.264075,3.607202,15.089434,16.916143,53.744526,0.441786,7.500000,PSF-00578_20260612114422_177,0.000000,0.000000,0.000000,113.088730,168.837997,0.330194,0.5,0.80,286.834412,1.000000,31.43,28.04,33.76,33.73,33.73,97.95,156.1,155.2,0.6,2172,4.042,11:39:59,2026-06-12,-0.19,1,0.001,-0.000,-9999.000,-1.583,-3.447,-9999.000,1,150,0.005,2.000000,0.058905,0.000000,0.029230,0.000000,0.000000,-0.000068,standard,0,mpf,7000,500,5.000000,2.000000,300,300,300,155.048843,25,-9.513501,153.875473,155.277969,-1.402496,2.443907,2.434533,1.642781,0.930314,0.192996,-0.000087,0.169906,1.921288,113.088730,0.000303,2.397709,-0.000030,1.000000,2.383926,-0.000024,1.000000,0.601714,0.600514,0.106642,0.000000,PSF-00578_20260612114422_177,PFA-00612,PSA-00572,PSF-00578,RHS-0697,3.0.0,2022-04-21T19:36:20.491Z,MEASUREMENT_END
PSF-00578_20260612114422_177,11:44:22,2026-06-12,PFA-00612,PSA-00572,PSF-00578,0.000000,0.000000,0.000000,168.837997,113.088730,0.330194,2178.364014,TIME,0.000000,0.010000,0.020000,0.030000,0.040000,0.050000,0.060000,0.070000,0.080000,0.090000,0.100000,0.110000,0.120000,0.130000,0.140000,0.150000,0.160000,0.170000,0.180000,0.190000,0.200000,0.210000,0.220000,0.230000,0.240000,0.250000,0.260000,0.270000,0.280000,0.290000,0.300000,0.310000,0.320000,0.330000,0.340000,0.350000,0.360000,0.370000,0.380000,0.390000,0.400000,0.410000,0.420000,0.430000,0.440000,0.450000,0.460000,0.470000,0.480000,0.490000,0.500000,0.510000,0.520000,0.530000,0.540000,0.550000,0.560000,0.570000,0.580000,0.590000,0.600000,0.610000,0.620000,0.630000,0.640000,0.650000,0.660000,0.670000,0.680000,0.690000,0.700000,0.710000,0.720000,0.730000,0.740000,0.750000,0.760000,0.770000,0.780000,0.790000,0.800000,0.810000,0.820000,0.830000,0.839999,0.849999,0.859999,0.869999,0.879999,0.889999,FLR,131.314880,143.466003,148.093704,150.552750,151.931046,152.734283,153.227097,153.573273,153.826828,153.988129,154.154785,154.243118,154.323578,154.416916,154.477722,154.553177,154.601807,154.661179,154.705887,154.739853,154.799942,154.807449,154.837845,154.896133,154.912598,154.969101,154.995209,155.011658,155.028107,155.048843,155.040619,155.023819,154.886490,154.843567,154.689789,154.519196,154.444809,154.286026,154.214508,154.033539,153.995987,153.776413,153.725266,153.546814,153.324722,153.246765,153.064011,152.859085,152.764313,152.573349,152.370209,152.260071,152.091629,151.868103,151.652817,151.547668,151.354187,151.146774,150.921112,150.699371,153.189896,153.661972,153.811813,153.860809,153.875473,153.872604,153.871536,153.843277,153.833633,153.780334,153.760666,153.698441,153.635147,153.578644,153.514984,153.440948,153.383728,153.319366,153.246048,153.181671,153.124451,153.029327,152.990341,152.940994,152.875549,152.814743,152.760742,152.685287,152.631638,152.568695,PAR,7015.842773,7015.842773,7015.842773,7015.842773,7015.842773,7015.842773,7015.842773,7015.842773,7015.842773,7015.842773,7015.842773,7015.842773,7015.842773,7015.842773,7015.842773,7015.842773,7015.842773,7015.842773,7015.842773,7015.842773,7015.842773,7015.842773,7015.842773,7015.842773,7015.842773,7015.842773,7015.842773,7015.842773,7015.842773,7015.842773,6957.388672,6898.934570,6840.480469,6782.026367,6723.572266,6665.118164,6606.664062,6548.209961,6489.755859,6431.301758,6372.847656,6314.393066,6255.938965,6197.484863,6139.030762,6080.576660,6022.122559,5963.668457,5905.214355,5846.760254,5788.306152,5729.852051,5671.397949,5612.943848,5554.489746,5496.035645,5437.581055,5379.126953,5320.672852,5262.218750,7015.842773,7015.842773,7015.842773,7015.842773,7015.842773,7015.842773,7015.842773,7015.842773,7015.842773,7015.842773,7015.842773,7015.842773,7015.842773,7015.842773,7015.842773,7015.842773,7015.842773,7015.842773,7015.842773,7015.842773,7015.842773,7015.842773,7015.842773,7015.842773,7015.842773,7015.842773,7015.842773,7015.842773,7015.842773,7015.842773,PHASE,1,1,1,1,1,1,1,1,1,1,1,1,1,1,1,1,1,1,1,1,1,1,1,1,1,1,1,1,1,1,2,2,2,2,2,2,2,2,2,2,2,2,2,2,2,2,2,2,2,2,2,2,2,2,2,2,2,2,2,2,3,3,3,3,3,3,3,3,3,3,3,3,3,3,3,3,3,3,3,3,3,3,3,3,3,3,3,3,3,3,FLASH_END
28,11:44:48,2026-06-12,Auto gsw+F,LI-COR Default,,028,,,0.330212,2.917595,0.296639,10.489117,1.584639,1.298773,4.932566,3.347927,13.260907,16.179689,50.363144,0.441786,7.500000,PSF-00578_20260612114448_5c1,0.000000,0.000000,0.000000,91.429710,154.358002,0.407678,0.5,0.80,348.879761,1.000000,30.18,24.74,33.69,32.57,32.57,97.94,156.2,155.0,0.8,2139,4.040,11:39:59,2026-06-12,-0.19,1,0.005,0.004,-9999.000,-0.181,-0.066,-9999.000,1,150,0.005,2.000000,0.058905,0.000000,0.029230,0.000000,0.000000,-0.000068,standard,0,mpf,7000,500,5.000000,2.000000,300,300,300,138.155228,25,-11.249896,137.143845,138.323013,-1.179169,2.439175,2.432830,1.643513,0.929781,0.193543,-0.013060,0.172940,1.894317,91.429710,0.000301,2.397709,-0.000030,1.000000,2.383926,-0.000024,1.000000,0.601714,0.600514,0.106642,0.000000,PSF-00578_20260612114448_5c1,PFA-00612,PSA-00572,PSF-00578,RHS-0697,3.0.0,2022-04-21T19:36:20.491Z,MEASUREMENT_END
PSF-00578_20260612114448_5c1,11:44:48,2026-06-12,PFA-00612,PSA-00572,PSF-00578,0.000000,0.000000,0.000000,154.358002,91.429710,0.407678,2146.086182,TIME,0.000000,0.010000,0.020000,0.030000,0.040000,0.050000,0.060000,0.070000,0.080000,0.090000,0.100000,0.110000,0.120000,0.130000,0.140000,0.150000,0.160000,0.170000,0.180000,0.190000,0.200000,0.210000,0.220000,0.230000,0.240000,0.250000,0.260000,0.270000,0.280000,0.290000,0.300000,0.310000,0.320000,0.330000,0.340000,0.350000,0.360000,0.370000,0.380000,0.390000,0.400000,0.410000,0.420000,0.430000,0.440000,0.450000,0.460000,0.470000,0.480000,0.490000,0.500000,0.510000,0.520000,0.530000,0.540000,0.550000,0.560000,0.570000,0.580000,0.590000,0.600000,0.610000,0.620000,0.630000,0.640000,0.650000,0.660000,0.670000,0.680000,0.690000,0.700000,0.710000,0.720000,0.730000,0.740000,0.750000,0.760000,0.770000,0.780000,0.790000,0.800000,0.810000,0.820000,0.830000,0.839999,0.849999,0.859999,0.869999,0.879999,0.889999,FLR,110.549210,122.984650,128.694183,132.228607,134.430176,135.750885,136.539459,137.013672,137.304779,137.494324,137.625214,137.707474,137.789368,137.860535,137.943863,137.977127,138.015030,138.038284,138.049011,138.047211,138.061874,138.051147,138.069397,138.100143,138.139130,138.149857,138.140198,138.155228,138.136627,138.114456,138.110519,138.109451,137.926697,137.919189,137.736084,137.448547,137.351273,137.065536,136.931778,136.718994,136.698608,136.539108,136.514786,136.299850,136.024124,135.897156,135.616776,135.328171,135.218384,135.022049,134.876495,134.846085,134.640457,134.371872,134.111877,133.967407,133.676285,133.409500,133.160583,132.982132,136.065247,136.734726,136.978989,137.072678,137.096283,137.092346,137.066238,137.044785,137.053375,137.143845,137.132767,137.125259,137.073761,136.995438,136.958603,136.921768,136.875275,136.825912,136.763336,136.721848,136.676788,136.580582,136.527298,136.485809,136.436111,136.362427,136.266953,136.161804,136.095642,136.044861,PAR,7015.842773,7015.842773,7015.842773,7015.842773,7015.842773,7015.842773,7015.842773,7015.842773,7015.842773,7015.842773,7015.842773,7015.842773,7015.842773,7015.842773,7015.842773,7015.842773,7015.842773,7015.842773,7015.842773,7015.842773,7015.842773,7015.842773,7015.842773,7015.842773,7015.842773,7015.842773,7015.842773,7015.842773,7015.842773,7015.842773,6957.388672,6898.934570,6840.480469,6782.026367,6723.572266,6665.118164,6606.664062,6548.209961,6489.755859,6431.301758,6372.847656,6314.393066,6255.938965,6197.484863,6139.030762,6080.576660,6022.122559,5963.668457,5905.214355,5846.760254,5788.306152,5729.852051,5671.397949,5612.943848,5554.489746,5496.035645,5437.581055,5379.126953,5320.672852,5262.218750,7015.842773,7015.842773,7015.842773,7015.842773,7015.842773,7015.842773,7015.842773,7015.842773,7015.842773,7015.842773,7015.842773,7015.842773,7015.842773,7015.842773,7015.842773,7015.842773,7015.842773,7015.842773,7015.842773,7015.842773,7015.842773,7015.842773,7015.842773,7015.842773,7015.842773,7015.842773,7015.842773,7015.842773,7015.842773,7015.842773,PHASE,1,1,1,1,1,1,1,1,1,1,1,1,1,1,1,1,1,1,1,1,1,1,1,1,1,1,1,1,1,1,2,2,2,2,2,2,2,2,2,2,2,2,2,2,2,2,2,2,2,2,2,2,2,2,2,2,2,2,2,2,3,3,3,3,3,3,3,3,3,3,3,3,3,3,3,3,3,3,3,3,3,3,3,3,3,3,3,3,3,3,FLASH_END
29,11:45:49,2026-06-12,Auto gsw+F,LI-COR Default,,029,,,0.132864,2.916413,0.127074,5.158715,1.394705,1.253708,5.235969,3.841263,12.801171,14.240843,53.462620,0.441786,7.500000,PSF-00578_20260612114549_b2f,0.000000,0.000000,0.000000,155.200119,223.580093,0.305841,0.5,0.80,216.958328,1.000000,26.74,24.03,33.57,33.64,33.64,97.94,156.0,155.4,0.4,1773,4.039,11:39:59,2026-06-12,-0.19,1,-0.000,0.001,-0.005,-2.103,-3.440,-7.041,1,150,0.005,2.000000,0.058905,0.000000,0.029230,0.000000,0.000000,-0.000068,standard,0,mpf,7000,500,5.000000,2.000000,300,300,300,212.458130,25,-7.677176,213.014252,212.637466,0.376785,2.438158,2.428043,1.642306,0.930968,0.194407,0.001005,0.179249,1.588512,155.200119,0.000301,2.397709,-0.000030,1.000000,2.383926,-0.000024,1.000000,0.601714,0.600514,0.106642,0.000000,PSF-00578_20260612114549_b2f,PFA-00612,PSA-00572,PSF-00578,RHS-0697,3.0.0,2022-04-21T19:36:20.491Z,MEASUREMENT_END
PSF-00578_20260612114549_b2f,11:45:49,2026-06-12,PFA-00612,PSA-00572,PSF-00578,0.000000,0.000000,0.000000,223.580093,155.200119,0.305841,1780.108154,TIME,0.000000,0.010000,0.020000,0.030000,0.040000,0.050000,0.060000,0.070000,0.080000,0.090000,0.100000,0.110000,0.120000,0.130000,0.140000,0.150000,0.160000,0.170000,0.180000,0.190000,0.200000,0.210000,0.220000,0.230000,0.240000,0.250000,0.260000,0.270000,0.280000,0.290000,0.300000,0.310000,0.320000,0.330000,0.340000,0.350000,0.360000,0.370000,0.380000,0.390000,0.400000,0.410000,0.420000,0.430000,0.440000,0.450000,0.460000,0.470000,0.480000,0.490000,0.500000,0.510000,0.520000,0.530000,0.540000,0.550000,0.560000,0.570000,0.580000,0.590000,0.600000,0.610000,0.620000,0.630000,0.640000,0.650000,0.660000,0.670000,0.680000,0.690000,0.700000,0.710000,0.720000,0.730000,0.740000,0.750000,0.760000,0.770000,0.780000,0.790000,0.800000,0.810000,0.820000,0.830000,0.839999,0.849999,0.859999,0.869999,0.879999,0.889999,FLR,182.133438,201.215393,206.714981,208.924057,210.064880,210.727219,211.166382,211.460709,211.663483,211.804382,211.903809,211.957809,212.021469,212.058670,212.110519,212.125900,212.164520,212.193481,212.214233,212.223892,212.253922,212.262863,212.287552,212.311142,212.324738,212.339401,212.372299,212.403778,212.439178,212.458130,212.485672,212.498184,212.361572,212.334396,212.184906,212.000015,211.920258,211.786514,211.758255,211.597687,211.576935,211.390610,211.371658,211.214661,211.016891,210.988281,210.860611,210.664627,210.622787,210.464722,210.298065,210.254074,210.086700,209.891434,209.697250,209.648254,209.476944,209.306000,209.124680,208.942291,211.755753,212.459564,212.670563,212.761765,212.803604,212.846512,212.865112,212.879776,212.903015,212.921265,212.959885,212.965607,212.960602,212.969177,212.990997,213.000305,212.987427,212.983841,212.992432,212.995285,213.014252,213.004593,213.012100,213.000305,213.001373,213.001007,212.993500,212.991714,212.994217,213.006012,PAR,7015.842773,7015.842773,7015.842773,7015.842773,7015.842773,7015.842773,7015.842773,7015.842773,7015.842773,7015.842773,7015.842773,7015.842773,7015.842773,7015.842773,7015.842773,7015.842773,7015.842773,7015.842773,7015.842773,7015.842773,7015.842773,7015.842773,7015.842773,7015.842773,7015.842773,7015.842773,7015.842773,7015.842773,7015.842773,7015.842773,6957.388672,6898.934570,6840.480469,6782.026367,6723.572266,6665.118164,6606.664062,6548.209961,6489.755859,6431.301758,6372.847656,6314.393066,6255.938965,6197.484863,6139.030762,6080.576660,6022.122559,5963.668457,5905.214355,5846.760254,5788.306152,5729.852051,5671.397949,5612.943848,5554.489746,5496.035645,5437.581055,5379.126953,5320.672852,5262.218750,7015.842773,7015.842773,7015.842773,7015.842773,7015.842773,7015.842773,7015.842773,7015.842773,7015.842773,7015.842773,7015.842773,7015.842773,7015.842773,7015.842773,7015.842773,7015.842773,7015.842773,7015.842773,7015.842773,7015.842773,7015.842773,7015.842773,7015.842773,7015.842773,7015.842773,7015.842773,7015.842773,7015.842773,7015.842773,7015.842773,PHASE,1,1,1,1,1,1,1,1,1,1,1,1,1,1,1,1,1,1,1,1,1,1,1,1,1,1,1,1,1,1,2,2,2,2,2,2,2,2,2,2,2,2,2,2,2,2,2,2,2,2,2,2,2,2,2,2,2,2,2,2,3,3,3,3,3,3,3,3,3,3,3,3,3,3,3,3,3,3,3,3,3,3,3,3,3,3,3,3,3,3,FLASH_END
30,11:46:20,2026-06-12,Auto gsw+F,LI-COR Default,,030,,,0.202817,2.915551,0.189626,7.057822,1.496336,1.303521,5.019958,3.523622,13.310880,15.279804,51.261196,0.441786,7.500000,PSF-00578_20260612114620_c86,0.000000,0.000000,0.000000,112.324837,181.100449,0.379765,0.5,0.80,319.045135,1.000000,28.81,25.10,33.49,32.89,32.89,97.93,155.9,155.1,0.5,2100,4.036,11:39:59,2026-06-12,-0.19,1,-0.001,-0.001,-9999.000,-1.137,-2.531,-9999.000,1,150,0.005,2.000000,0.058905,0.000000,0.029230,0.000000,0.000000,-0.000068,standard,0,mpf,7000,500,5.000000,2.000000,300,300,300,165.448303,25,-10.790586,164.734131,165.720139,-0.986008,2.439720,2.430955,1.641427,0.930197,0.195003,-0.007041,0.182613,1.861600,112.324837,0.000298,2.397709,-0.000030,1.000000,2.383926,-0.000024,1.000000,0.601714,0.600514,0.106642,0.000000,PSF-00578_20260612114620_c86,PFA-00612,PSA-00572,PSF-00578,RHS-0697,3.0.0,2022-04-21T19:36:20.491Z,MEASUREMENT_END
PSF-00578_20260612114620_c86,11:46:20,2026-06-12,PFA-00612,PSA-00572,PSF-00578,0.000000,0.000000,0.000000,181.100449,112.324837,0.379765,2106.931641,TIME,0.000000,0.010000,0.020000,0.030000,0.040000,0.050000,0.060000,0.070000,0.080000,0.090000,0.100000,0.110000,0.120000,0.130000,0.140000,0.150000,0.160000,0.170000,0.180000,0.190000,0.200000,0.210000,0.220000,0.230000,0.240000,0.250000,0.260000,0.270000,0.280000,0.290000,0.300000,0.310000,0.320000,0.330000,0.340000,0.350000,0.360000,0.370000,0.380000,0.390000,0.400000,0.410000,0.420000,0.430000,0.440000,0.450000,0.460000,0.470000,0.480000,0.490000,0.500000,0.510000,0.520000,0.530000,0.540000,0.550000,0.560000,0.570000,0.580000,0.590000,0.600000,0.610000,0.620000,0.630000,0.640000,0.650000,0.660000,0.670000,0.680000,0.690000,0.700000,0.710000,0.720000,0.730000,0.740000,0.750000,0.760000,0.770000,0.780000,0.790000,0.800000,0.810000,0.820000,0.830000,0.839999,0.849999,0.859999,0.869999,0.879999,0.889999,FLR,135.243057,151.829834,158.099060,161.036606,162.485367,163.256760,163.736694,164.043182,164.254898,164.401886,164.547440,164.623611,164.705872,164.809586,164.865738,164.930099,164.990540,165.049194,165.088898,165.107132,165.158630,165.159348,165.188675,165.212280,165.256973,165.304535,165.327789,165.379639,165.409683,165.448303,165.464752,165.472275,165.306686,165.270920,165.063141,164.812088,164.782043,164.574615,164.528839,164.330002,164.270996,164.028168,163.965576,163.718826,163.447388,163.379074,163.180588,162.943848,162.854431,162.640930,162.408478,162.297958,162.071579,161.840561,161.606308,161.519409,161.291962,161.063431,160.805939,160.560959,163.751358,164.434082,164.625046,164.710876,164.734131,164.725540,164.717682,164.695145,164.690491,164.667603,164.649017,164.587494,164.542084,164.506668,164.458755,164.409760,164.397949,164.352173,164.317139,164.269562,164.243103,164.196259,164.174789,164.127594,164.076096,164.041046,163.987762,163.923737,163.895126,163.837189,PAR,7015.842773,7015.842773,7015.842773,7015.842773,7015.842773,7015.842773,7015.842773,7015.842773,7015.842773,7015.842773,7015.842773,7015.842773,7015.842773,7015.842773,7015.842773,7015.842773,7015.842773,7015.842773,7015.842773,7015.842773,7015.842773,7015.842773,7015.842773,7015.842773,7015.842773,7015.842773,7015.842773,7015.842773,7015.842773,7015.842773,6957.388672,6898.934570,6840.480469,6782.026367,6723.572266,6665.118164,6606.664062,6548.209961,6489.755859,6431.301758,6372.847656,6314.393066,6255.938965,6197.484863,6139.030762,6080.576660,6022.122559,5963.668457,5905.214355,5846.760254,5788.306152,5729.852051,5671.397949,5612.943848,5554.489746,5496.035645,5437.581055,5379.126953,5320.672852,5262.218750,7015.842773,7015.842773,7015.842773,7015.842773,7015.842773,7015.842773,7015.842773,7015.842773,7015.842773,7015.842773,7015.842773,7015.842773,7015.842773,7015.842773,7015.842773,7015.842773,7015.842773,7015.842773,7015.842773,7015.842773,7015.842773,7015.842773,7015.842773,7015.842773,7015.842773,7015.842773,7015.842773,7015.842773,7015.842773,7015.842773,PHASE,1,1,1,1,1,1,1,1,1,1,1,1,1,1,1,1,1,1,1,1,1,1,1,1,1,1,1,1,1,1,2,2,2,2,2,2,2,2,2,2,2,2,2,2,2,2,2,2,2,2,2,2,2,2,2,2,2,2,2,2,3,3,3,3,3,3,3,3,3,3,3,3,3,3,3,3,3,3,3,3,3,3,3,3,3,3,3,3,3,3,FLASH_END
31,11:47:54,2026-06-12,Auto gsw+F,LI-COR Default,,031,,,0.261004,2.915071,0.239555,6.778037,1.510743,1.325523,4.200860,2.690116,13.535107,15.426412,42.895565,0.441786,7.500000,PSF-00578_20260612114754_7e3,0.000000,0.000000,0.000000,88.932396,213.554672,0.583561,0.5,0.80,309.339844,1.000000,29.23,25.64,33.41,29.75,29.75,97.93,155.9,155.2,0.4,1325,4.036,11:39:59,2026-06-12,-0.19,1,0.000,0.003,-9999.000,0.389,1.214,-9999.000,1,150,0.005,2.000000,0.058905,0.000000,0.029230,0.000000,0.000000,-0.000068,standard,0,mpf,7000,500,5.000000,2.000000,300,300,300,180.023788,25,-26.191694,168.334015,176.222458,-7.888443,2.440519,2.431543,1.640939,0.930516,0.195649,-0.042699,0.193153,1.213976,88.932396,0.000311,2.397709,-0.000030,1.000000,2.383926,-0.000024,1.000000,0.601714,0.600514,0.106642,0.000000,PSF-00578_20260612114754_7e3,PFA-00612,PSA-00572,PSF-00578,RHS-0697,3.0.0,2022-04-21T19:36:20.491Z,MEASUREMENT_END
PSF-00578_20260612114754_7e3,11:47:54,2026-06-12,PFA-00612,PSA-00572,PSF-00578,0.000000,0.000000,0.000000,213.554672,88.932396,0.583561,1331.875610,TIME,0.000000,0.010000,0.020000,0.030000,0.040000,0.050000,0.060000,0.070000,0.080000,0.090000,0.100000,0.110000,0.120000,0.130000,0.140000,0.150000,0.160000,0.170000,0.180000,0.190000,0.200000,0.210000,0.220000,0.230000,0.240000,0.250000,0.260000,0.270000,0.280000,0.290000,0.300000,0.310000,0.320000,0.330000,0.340000,0.350000,0.360000,0.370000,0.380000,0.390000,0.400000,0.410000,0.420000,0.430000,0.440000,0.450000,0.460000,0.470000,0.480000,0.490000,0.500000,0.510000,0.520000,0.530000,0.540000,0.550000,0.560000,0.570000,0.580000,0.590000,0.600000,0.610000,0.620000,0.630000,0.640000,0.650000,0.660000,0.670000,0.680000,0.690000,0.700000,0.710000,0.720000,0.730000,0.740000,0.750000,0.760000,0.770000,0.780000,0.790000,0.800000,0.810000,0.820000,0.830000,0.839999,0.849999,0.859999,0.869999,0.879999,0.889999,FLR,141.929977,159.195541,159.089325,159.718399,161.972519,165.443665,169.104340,172.277573,174.780243,176.653503,178.029297,178.926224,179.499512,179.845337,179.991959,180.023788,179.947617,179.808853,179.618591,179.399734,179.180145,178.890472,178.613312,178.329712,178.013916,177.737122,177.435989,177.142380,176.853424,176.545135,176.270126,175.971863,175.504440,175.195450,174.728043,174.229141,173.931961,173.450592,173.155182,172.654861,172.374130,171.891327,171.587341,171.103119,170.607803,170.310257,169.847137,169.350388,169.063217,168.573975,168.104416,167.796494,167.328354,166.833405,166.332367,166.060562,165.578125,165.094971,164.612885,164.119003,167.992111,168.260330,168.334015,168.277145,168.185944,168.048264,167.905212,167.742844,167.616959,167.457108,167.310837,167.150620,166.990402,166.855576,166.700363,166.566605,166.444305,166.303391,166.152481,166.031601,165.911438,165.777328,165.660385,165.532349,165.405396,165.290955,165.176865,165.062790,164.941910,164.833542,PAR,7015.842773,7015.842773,7015.842773,7015.842773,7015.842773,7015.842773,7015.842773,7015.842773,7015.842773,7015.842773,7015.842773,7015.842773,7015.842773,7015.842773,7015.842773,7015.842773,7015.842773,7015.842773,7015.842773,7015.842773,7015.842773,7015.842773,7015.842773,7015.842773,7015.842773,7015.842773,7015.842773,7015.842773,7015.842773,7015.842773,6957.388672,6898.934570,6840.480469,6782.026367,6723.572266,6665.118164,6606.664062,6548.209961,6489.755859,6431.301758,6372.847656,6314.393066,6255.938965,6197.484863,6139.030762,6080.576660,6022.122559,5963.668457,5905.214355,5846.760254,5788.306152,5729.852051,5671.397949,5612.943848,5554.489746,5496.035645,5437.581055,5379.126953,5320.672852,5262.218750,7015.842773,7015.842773,7015.842773,7015.842773,7015.842773,7015.842773,7015.842773,7015.842773,7015.842773,7015.842773,7015.842773,7015.842773,7015.842773,7015.842773,7015.842773,7015.842773,7015.842773,7015.842773,7015.842773,7015.842773,7015.842773,7015.842773,7015.842773,7015.842773,7015.842773,7015.842773,7015.842773,7015.842773,7015.842773,7015.842773,PHASE,1,1,1,1,1,1,1,1,1,1,1,1,1,1,1,1,1,1,1,1,1,1,1,1,1,1,1,1,1,1,2,2,2,2,2,2,2,2,2,2,2,2,2,2,2,2,2,2,2,2,2,2,2,2,2,2,2,2,2,2,3,3,3,3,3,3,3,3,3,3,3,3,3,3,3,3,3,3,3,3,3,3,3,3,3,3,3,3,3,3,FLASH_END
Obs#,Time,Date,configName,configAuthor,remark,Observation,,,gsw,gbw,gtw,E_apparent,VPcham,VPref,VPleaf,VPDleaf,H2O_r,H2O_s,H2O_leaf,leaf_area,leaf_width,flashID,Fo,Fm,Fv/Fm,Fs,Fm',PhiPS2,PS2/1,abs,ETR,TRANS,rh_s,rh_r,Tref,Tmeas,Tleaf,P_atm,flow,flow_s,leak_pct,Qamb,batt,match_time,match_date,rh_adj,type,gsw1sec,gsw2sec,gsw4sec,flr1sec,flr2sec,flr4sec,auto,flow_set,gsw_limit,gsw_period,aw,Bla,Blb,Blc,Bld,Ble,chamber,dark,flash_type,flash_intensity,modrate,flr_limit,flr_period,P1_dur,P2_dur,P3_dur,P1_Fmax,P2_ramp,P2_slp,P3_Fmax,P3_Pred,P3_DeltaF,v_humA,v_humB,v_flowIn,v_flowOut,v_temp,v_irt,v_pres,v_par,v_F,i_LED,b_rhr,m_rhr,span_rhr,b_rhs,m_rhs,span_rhs,z_flowIn,z_flowOut,z_quantum,z_flr,flashId,lciSerNum,lcpSerNum,lcfSerNum,lcrhSerNum,version,configUpdatedAt,MEASUREMENT_HEADER_END
flashId,time,date,lciSerialNumber,lcpSerialNumber,lcfSerialNumber,Fm,Fo,Fv/Fm,Fm',Fs,PhiPS2,LightIntensity,data[],FLASH_HEADER_END
1,11:51:05,2026-06-12,Auto gsw+F,LI-COR Default,,001,,,0.215063,2.916850,0.200295,7.591128,1.436755,1.229468,5.025547,3.588791,12.555490,14.672334,51.321541,0.441786,7.500000,PSF-00578_20260612115105_05c,0.000000,0.000000,0.000000,92.872383,136.672150,0.320473,0.5,0.80,279.314941,1.000000,28.28,24.20,33.10,32.91,32.91,97.92,156.1,142.3,8.8,2179,4.029,11:50:04,2026-06-12,-0.21,1,0.002,0.003,0.008,-1.052,-1.881,-3.472,1,150,0.005,2.000000,0.058905,0.000000,0.029230,0.000000,0.000000,-0.000068,standard,0,mpf,7000,500,5.000000,2.000000,300,300,300,125.070335,25,-7.966881,123.257156,125.316589,-2.059433,2.438452,2.430281,1.642752,0.898423,0.198007,-0.002120,0.277015,1.927315,92.872383,0.000288,2.397709,-0.000030,1.000000,2.383926,-0.000024,1.000000,0.601714,0.600514,0.106642,0.000000,PSF-00578_20260612115105_05c,PFA-00612,PSA-00572,PSF-00578,RHS-0697,3.0.0,2022-04-21T19:36:20.491Z,MEASUREMENT_END
PSF-00578_20260612115105_05c,11:51:05,2026-06-12,PFA-00612,PSA-00572,PSF-00578,0.000000,0.000000,0.000000,136.672150,92.872383,0.320473,2185.577148,TIME,0.000000,0.010000,0.020000,0.030000,0.040000,0.050000,0.060000,0.070000,0.080000,0.090000,0.100000,0.110000,0.120000,0.130000,0.140000,0.150000,0.160000,0.170000,0.180000,0.190000,0.200000,0.210000,0.220000,0.230000,0.240000,0.250000,0.260000,0.270000,0.280000,0.290000,0.300000,0.310000,0.320000,0.330000,0.340000,0.350000,0.360000,0.370000,0.380000,0.390000,0.400000,0.410000,0.420000,0.430000,0.440000,0.450000,0.460000,0.470000,0.480000,0.490000,0.500000,0.510000,0.520000,0.530000,0.540000,0.550000,0.560000,0.570000,0.580000,0.590000,0.600000,0.610000,0.620000,0.630000,0.640000,0.650000,0.660000,0.670000,0.680000,0.690000,0.700000,0.710000,0.720000,0.730000,0.740000,0.750000,0.760000,0.770000,0.780000,0.790000,0.800000,0.810000,0.820000,0.830000,0.839999,0.849999,0.859999,0.869999,0.879999,0.889999,FLR,105.454803,114.472748,118.118408,120.164749,121.387840,122.146729,122.672081,123.058319,123.348000,123.571518,123.753548,123.900177,124.020699,124.150871,124.256012,124.356506,124.444130,124.527451,124.612930,124.681946,124.760269,124.809624,124.867920,124.902603,124.955177,124.989868,125.017044,125.033142,125.062820,125.070335,125.076416,125.075340,124.973770,124.924423,124.823212,124.682663,124.640465,124.485252,124.438049,124.293205,124.256729,124.095444,124.022484,123.871925,123.710632,123.611572,123.468872,123.307945,123.223183,123.059753,122.885582,122.790817,122.627731,122.465370,122.272614,122.177124,122.025131,121.836662,121.659279,121.481537,123.020767,123.213173,123.257156,123.251083,123.213890,123.161316,123.089073,123.022911,122.949600,122.883797,122.824074,122.744682,122.666000,122.591614,122.513290,122.435692,122.365234,122.294067,122.205734,122.147079,122.081635,121.987938,121.927498,121.844528,121.776222,121.706841,121.625305,121.555923,121.486900,121.398209,PAR,7015.842773,7015.842773,7015.842773,7015.842773,7015.842773,7015.842773,7015.842773,7015.842773,7015.842773,7015.842773,7015.842773,7015.842773,7015.842773,7015.842773,7015.842773,7015.842773,7015.842773,7015.842773,7015.842773,7015.842773,7015.842773,7015.842773,7015.842773,7015.842773,7015.842773,7015.842773,7015.842773,7015.842773,7015.842773,7015.842773,6957.388672,6898.934570,6840.480469,6782.026367,6723.572266,6665.118164,6606.664062,6548.209961,6489.755859,6431.301758,6372.847656,6314.393066,6255.938965,6197.484863,6139.030762,6080.576660,6022.122559,5963.668457,5905.214355,5846.760254,5788.306152,5729.852051,5671.397949,5612.943848,5554.489746,5496.035645,5437.581055,5379.126953,5320.672852,5262.218750,7015.842773,7015.842773,7015.842773,7015.842773,7015.842773,7015.842773,7015.842773,7015.842773,7015.842773,7015.842773,7015.842773,7015.842773,7015.842773,7015.842773,7015.842773,7015.842773,7015.842773,7015.842773,7015.842773,7015.842773,7015.842773,7015.842773,7015.842773,7015.842773,7015.842773,7015.842773,7015.842773,7015.842773,7015.842773,7015.842773,PHASE,1,1,1,1,1,1,1,1,1,1,1,1,1,1,1,1,1,1,1,1,1,1,1,1,1,1,1,1,1,1,2,2,2,2,2,2,2,2,2,2,2,2,2,2,2,2,2,2,2,2,2,2,2,2,2,2,2,2,2,2,3,3,3,3,3,3,3,3,3,3,3,3,3,3,3,3,3,3,3,3,3,3,3,3,3,3,3,3,3,3,FLASH_END
2,11:51:52,2026-06-12,Auto gsw+F,LI-COR Default,,002,,,0.191768,2.914987,0.179930,5.598237,1.329956,1.176695,4.289212,2.959257,12.016690,13.581820,43.802444,0.441786,7.500000,PSF-00578_20260612115152_bbc,0.000000,0.000000,0.000000,84.320068,182.062531,0.536862,0.5,0.80,385.448090,1.000000,26.29,23.26,33.02,30.12,30.12,97.92,155.9,155.3,0.3,1795,4.027,11:50:04,2026-06-12,-0.21,1,0.000,-0.001,-9999.000,0.060,-0.003,-9999.000,1,150,0.005,2.000000,0.058905,0.000000,0.029230,0.000000,0.000000,-0.000068,standard,0,mpf,7000,500,5.000000,2.000000,300,300,300,159.715897,25,-17.768253,154.544952,156.736633,-2.191681,2.437088,2.427503,1.640854,0.930759,0.198633,-0.033896,0.281528,1.606440,84.320068,0.000307,2.397709,-0.000030,1.000000,2.383926,-0.000024,1.000000,0.601714,0.600514,0.106642,0.000000,PSF-00578_20260612115152_bbc,PFA-00612,PSA-00572,PSF-00578,RHS-0697,3.0.0,2022-04-21T19:36:20.491Z,MEASUREMENT_END
PSF-00578_20260612115152_bbc,11:51:52,2026-06-12,PFA-00612,PSA-00572,PSF-00578,0.000000,0.000000,0.000000,182.062531,84.320068,0.536862,1801.564087,TIME,0.000000,0.010000,0.020000,0.030000,0.040000,0.050000,0.060000,0.070000,0.080000,0.090000,0.100000,0.110000,0.120000,0.130000,0.140000,0.150000,0.160000,0.170000,0.180000,0.190000,0.200000,0.210000,0.220000,0.230000,0.240000,0.250000,0.260000,0.270000,0.280000,0.290000,0.300000,0.310000,0.320000,0.330000,0.340000,0.350000,0.360000,0.370000,0.380000,0.390000,0.400000,0.410000,0.420000,0.430000,0.440000,0.450000,0.460000,0.470000,0.480000,0.490000,0.500000,0.510000,0.520000,0.530000,0.540000,0.550000,0.560000,0.570000,0.580000,0.590000,0.600000,0.610000,0.620000,0.630000,0.640000,0.650000,0.660000,0.670000,0.680000,0.690000,0.700000,0.710000,0.720000,0.730000,0.740000,0.750000,0.760000,0.770000,0.780000,0.790000,0.800000,0.810000,0.820000,0.830000,0.839999,0.849999,0.859999,0.869999,0.879999,0.889999,FLR,121.774437,142.080551,146.240829,148.567917,150.549530,152.588364,154.622910,156.379578,157.737488,158.651596,159.246323,159.571411,159.704453,159.715897,159.673340,159.552460,159.390442,159.213776,159.025665,158.821823,158.632278,158.409470,158.214920,157.998199,157.825470,157.650940,157.479279,157.285812,157.119156,156.955002,156.806946,156.647446,156.276230,156.127090,155.748367,155.355331,155.171509,154.795654,154.637222,154.266357,154.107925,153.746719,153.609039,153.249619,152.867676,152.727478,152.383804,152.019379,151.878113,151.540161,151.198624,151.040909,150.712616,150.378586,150.006287,149.888992,149.565338,149.210220,148.873322,148.534653,153.005722,153.844711,154.216293,154.383667,154.469849,154.502747,154.544952,154.537445,154.536011,154.533142,154.538513,154.540298,154.526352,154.507751,154.512054,154.497025,154.497742,154.489517,154.487015,154.469849,154.488449,154.476288,154.473419,154.479141,154.480927,154.478790,154.485947,154.482010,154.489868,154.473068,PAR,7015.842773,7015.842773,7015.842773,7015.842773,7015.842773,7015.842773,7015.842773,7015.842773,7015.842773,7015.842773,7015.842773,7015.842773,7015.842773,7015.842773,7015.842773,7015.842773,7015.842773,7015.842773,7015.842773,7015.842773,7015.842773,7015.842773,7015.842773,7015.842773,7015.842773,7015.842773,7015.842773,7015.842773,7015.842773,7015.842773,6957.388672,6898.934570,6840.480469,6782.026367,6723.572266,6665.118164,6606.664062,6548.209961,6489.755859,6431.301758,6372.847656,6314.393066,6255.938965,6197.484863,6139.030762,6080.576660,6022.122559,5963.668457,5905.214355,5846.760254,5788.306152,5729.852051,5671.397949,5612.943848,5554.489746,5496.035645,5437.581055,5379.126953,5320.672852,5262.218750,7015.842773,7015.842773,7015.842773,7015.842773,7015.842773,7015.842773,7015.842773,7015.842773,7015.842773,7015.842773,7015.842773,7015.842773,7015.842773,7015.842773,7015.842773,7015.842773,7015.842773,7015.842773,7015.842773,7015.842773,7015.842773,7015.842773,7015.842773,7015.842773,7015.842773,7015.842773,7015.842773,7015.842773,7015.842773,7015.842773,PHASE,1,1,1,1,1,1,1,1,1,1,1,1,1,1,1,1,1,1,1,1,1,1,1,1,1,1,1,1,1,1,2,2,2,2,2,2,2,2,2,2,2,2,2,2,2,2,2,2,2,2,2,2,2,2,2,2,2,2,2,2,3,3,3,3,3,3,3,3,3,3,3,3,3,3,3,3,3,3,3,3,3,3,3,3,3,3,3,3,3,3,FLASH_END
3,11:53:10,2026-06-12,Auto gsw+F,LI-COR Default,,003,,,0.147907,2.916475,0.140768,5.334858,1.564102,1.418565,5.148232,3.584131,14.485652,15.971795,52.571068,0.441786,7.500000,PSF-00578_20260612115310_39e,0.000000,0.000000,0.000000,98.542213,164.359543,0.400447,0.5,0.80,331.610199,1.000000,31.17,28.27,32.88,33.34,33.34,97.93,156.1,155.2,0.5,2070,4.028,11:50:04,2026-06-12,-0.21,1,0.001,-0.003,-9999.000,-0.041,1.414,-9999.000,1,150,0.005,2.000000,0.058905,0.000000,0.029230,0.000000,0.000000,-0.000068,standard,0,mpf,7000,500,5.000000,2.000000,300,300,300,149.591446,25,-10.128665,148.215652,149.922699,-1.707047,2.444354,2.434316,1.642368,0.930448,0.199752,0.005696,0.289139,1.836506,98.542213,0.000293,2.397709,-0.000030,1.000000,2.383926,-0.000024,1.000000,0.601714,0.600514,0.106642,0.000000,PSF-00578_20260612115310_39e,PFA-00612,PSA-00572,PSF-00578,RHS-0697,3.0.0,2022-04-21T19:36:20.491Z,MEASUREMENT_END
PSF-00578_20260612115310_39e,11:53:10,2026-06-12,PFA-00612,PSA-00572,PSF-00578,0.000000,0.000000,0.000000,164.359543,98.542213,0.400447,2076.900391,TIME,0.000000,0.010000,0.020000,0.030000,0.040000,0.050000,0.060000,0.070000,0.080000,0.090000,0.100000,0.110000,0.120000,0.130000,0.140000,0.150000,0.160000,0.170000,0.180000,0.190000,0.200000,0.210000,0.220000,0.230000,0.240000,0.250000,0.260000,0.270000,0.280000,0.290000,0.300000,0.310000,0.320000,0.330000,0.340000,0.350000,0.360000,0.370000,0.380000,0.390000,0.400000,0.410000,0.420000,0.430000,0.440000,0.450000,0.460000,0.470000,0.480000,0.490000,0.500000,0.510000,0.520000,0.530000,0.540000,0.550000,0.560000,0.570000,0.580000,0.590000,0.600000,0.610000,0.620000,0.630000,0.640000,0.650000,0.660000,0.670000,0.680000,0.690000,0.700000,0.710000,0.720000,0.730000,0.740000,0.750000,0.760000,0.770000,0.780000,0.790000,0.800000,0.810000,0.820000,0.830000,0.839999,0.849999,0.859999,0.869999,0.879999,0.889999,FLR,120.336060,136.247284,142.524002,145.467636,146.933914,147.633438,148.023605,148.278229,148.445602,148.558258,148.686295,148.749237,148.820404,148.902298,148.966675,149.038193,149.098282,149.159790,149.202698,149.248840,149.322159,149.345047,149.391891,149.419067,149.464844,149.505615,149.543518,149.554260,149.584656,149.591446,149.620407,149.620773,149.468414,149.443390,149.271362,149.077179,149.047852,148.838287,148.789291,148.623352,148.563263,148.352631,148.305054,148.102280,147.890213,147.822983,147.606613,147.362000,147.286896,147.054428,146.828415,146.750092,146.519775,146.284454,146.051285,145.969742,145.740158,145.504837,145.217651,144.988419,147.817612,148.185608,148.215652,148.192413,148.111588,148.051498,147.967453,147.919540,147.844437,147.770767,147.691010,147.622345,147.535797,147.465698,147.390961,147.320145,147.236816,147.162445,147.070175,146.997574,146.933197,146.833771,146.749374,146.660690,146.594528,146.521576,146.435730,146.362061,146.284454,146.220093,PAR,7015.842773,7015.842773,7015.842773,7015.842773,7015.842773,7015.842773,7015.842773,7015.842773,7015.842773,7015.842773,7015.842773,7015.842773,7015.842773,7015.842773,7015.842773,7015.842773,7015.842773,7015.842773,7015.842773,7015.842773,7015.842773,7015.842773,7015.842773,7015.842773,7015.842773,7015.842773,7015.842773,7015.842773,7015.842773,7015.842773,6957.388672,6898.934570,6840.480469,6782.026367,6723.572266,6665.118164,6606.664062,6548.209961,6489.755859,6431.301758,6372.847656,6314.393066,6255.938965,6197.484863,6139.030762,6080.576660,6022.122559,5963.668457,5905.214355,5846.760254,5788.306152,5729.852051,5671.397949,5612.943848,5554.489746,5496.035645,5437.581055,5379.126953,5320.672852,5262.218750,7015.842773,7015.842773,7015.842773,7015.842773,7015.842773,7015.842773,7015.842773,7015.842773,7015.842773,7015.842773,7015.842773,7015.842773,7015.842773,7015.842773,7015.842773,7015.842773,7015.842773,7015.842773,7015.842773,7015.842773,7015.842773,7015.842773,7015.842773,7015.842773,7015.842773,7015.842773,7015.842773,7015.842773,7015.842773,7015.842773,PHASE,1,1,1,1,1,1,1,1,1,1,1,1,1,1,1,1,1,1,1,1,1,1,1,1,1,1,1,1,1,1,2,2,2,2,2,2,2,2,2,2,2,2,2,2,2,2,2,2,2,2,2,2,2,2,2,2,2,2,2,2,3,3,3,3,3,3,3,3,3,3,3,3,3,3,3,3,3,3,3,3,3,3,3,3,3,3,3,3,3,3,FLASH_END
4,11:53:37,2026-06-12,Auto gsw+F,LI-COR Default,,004,,,0.151712,2.917834,0.144214,5.537275,1.442534,1.291464,5.077055,3.634521,13.189239,14.732061,51.850063,0.441786,7.500000,PSF-00578_20260612115337_dea,0.000000,0.000000,0.000000,78.308701,118.876701,0.341261,0.5,0.80,241.857513,1.000000,28.79,25.77,32.85,33.09,33.09,97.92,156.2,155.5,0.5,1772,4.025,11:50:04,2026-06-12,-0.21,1,-0.001,0.001,-9999.000,-0.838,-1.829,-9999.000,1,150,0.005,2.000000,0.058905,0.000000,0.029230,0.000000,0.000000,-0.000068,standard,0,mpf,7000,500,5.000000,2.000000,300,300,300,109.040741,25,-6.759472,107.954262,109.242119,-1.287857,2.440776,2.431026,1.643757,0.931162,0.199939,0.003012,0.291788,1.587121,78.308701,0.000301,2.397709,-0.000030,1.000000,2.383926,-0.000024,1.000000,0.601714,0.600514,0.106642,0.000000,PSF-00578_20260612115337_dea,PFA-00612,PSA-00572,PSF-00578,RHS-0697,3.0.0,2022-04-21T19:36:20.491Z,MEASUREMENT_END
PSF-00578_20260612115337_dea,11:53:37,2026-06-12,PFA-00612,PSA-00572,PSF-00578,0.000000,0.000000,0.000000,118.876701,78.308701,0.341261,1778.443726,TIME,0.000000,0.010000,0.020000,0.030000,0.040000,0.050000,0.060000,0.070000,0.080000,0.090000,0.100000,0.110000,0.120000,0.130000,0.140000,0.150000,0.160000,0.170000,0.180000,0.190000,0.200000,0.210000,0.220000,0.230000,0.240000,0.250000,0.260000,0.270000,0.280000,0.290000,0.300000,0.310000,0.320000,0.330000,0.340000,0.350000,0.360000,0.370000,0.380000,0.390000,0.400000,0.410000,0.420000,0.430000,0.440000,0.450000,0.460000,0.470000,0.480000,0.490000,0.500000,0.510000,0.520000,0.530000,0.540000,0.550000,0.560000,0.570000,0.580000,0.590000,0.600000,0.610000,0.620000,0.630000,0.640000,0.650000,0.660000,0.670000,0.680000,0.690000,0.700000,0.710000,0.720000,0.730000,0.740000,0.750000,0.760000,0.770000,0.780000,0.790000,0.800000,0.810000,0.820000,0.830000,0.839999,0.849999,0.859999,0.869999,0.879999,0.889999,FLR,90.699074,98.902702,102.392075,104.543564,105.883598,106.715080,107.282997,107.689621,107.979294,108.197090,108.383415,108.479980,108.579758,108.646988,108.704567,108.749985,108.807922,108.847260,108.879448,108.918427,108.957054,108.964920,108.996033,108.988167,109.018562,109.024284,109.038589,109.038589,109.040741,109.039665,109.051826,109.057190,108.955620,108.932373,108.827232,108.688477,108.655930,108.508232,108.482834,108.362671,108.317970,108.199600,108.150604,108.013626,107.881668,107.799057,107.685326,107.542633,107.475754,107.325912,107.184647,107.108475,106.972214,106.816650,106.654289,106.590271,106.450798,106.288437,106.143951,105.972649,107.634186,107.900261,107.954262,107.944962,107.914566,107.860924,107.822296,107.746483,107.696770,107.633118,107.590195,107.504013,107.445000,107.380630,107.299446,107.241508,107.168556,107.088448,107.022285,106.952194,106.902122,106.819153,106.746552,106.661079,106.590988,106.524109,106.448654,106.385712,106.319191,106.228706,PAR,7015.842773,7015.842773,7015.842773,7015.842773,7015.842773,7015.842773,7015.842773,7015.842773,7015.842773,7015.842773,7015.842773,7015.842773,7015.842773,7015.842773,7015.842773,7015.842773,7015.842773,7015.842773,7015.842773,7015.842773,7015.842773,7015.842773,7015.842773,7015.842773,7015.842773,7015.842773,7015.842773,7015.842773,7015.842773,7015.842773,6957.388672,6898.934570,6840.480469,6782.026367,6723.572266,6665.118164,6606.664062,6548.209961,6489.755859,6431.301758,6372.847656,6314.393066,6255.938965,6197.484863,6139.030762,6080.576660,6022.122559,5963.668457,5905.214355,5846.760254,5788.306152,5729.852051,5671.397949,5612.943848,5554.489746,5496.035645,5437.581055,5379.126953,5320.672852,5262.218750,7015.842773,7015.842773,7015.842773,7015.842773,7015.842773,7015.842773,7015.842773,7015.842773,7015.842773,7015.842773,7015.842773,7015.842773,7015.842773,7015.842773,7015.842773,7015.842773,7015.842773,7015.842773,7015.842773,7015.842773,7015.842773,7015.842773,7015.842773,7015.842773,7015.842773,7015.842773,7015.842773,7015.842773,7015.842773,7015.842773,PHASE,1,1,1,1,1,1,1,1,1,1,1,1,1,1,1,1,1,1,1,1,1,1,1,1,1,1,1,1,1,1,2,2,2,2,2,2,2,2,2,2,2,2,2,2,2,2,2,2,2,2,2,2,2,2,2,2,2,2,2,2,3,3,3,3,3,3,3,3,3,3,3,3,3,3,3,3,3,3,3,3,3,3,3,3,3,3,3,3,3,3,FLASH_END
5,11:54:40,2026-06-12,Auto gsw+F,LI-COR Default,,005,,,0.082389,2.916402,0.080125,2.898129,1.345834,1.266586,4.777309,3.431476,12.933285,13.742498,48.781780,0.441786,7.500000,PSF-00578_20260612115440_588,0.000000,0.000000,0.000000,143.201706,234.912857,0.390405,0.5,0.80,249.676666,1.000000,26.84,25.26,32.86,32.01,32.01,97.93,156.0,155.3,0.5,1599,4.024,11:50:04,2026-06-12,-0.21,1,0.002,-0.000,0.000,-1.925,-2.161,-10.613,1,150,0.005,2.000000,0.058905,0.000000,0.029230,0.000000,0.000000,-0.000068,standard,0,mpf,7000,500,5.000000,2.000000,300,300,300,223.300690,25,-7.930210,223.093994,223.609573,-0.515579,2.440034,2.428298,1.642294,0.930554,0.199857,-0.009933,0.298225,1.442598,143.201706,0.000290,2.397709,-0.000030,1.000000,2.383926,-0.000024,1.000000,0.601714,0.600514,0.106642,0.000000,PSF-00578_20260612115440_588,PFA-00612,PSA-00572,PSF-00578,RHS-0697,3.0.0,2022-04-21T19:36:20.491Z,MEASUREMENT_END
PSF-00578_20260612115440_588,11:54:40,2026-06-12,PFA-00612,PSA-00572,PSF-00578,0.000000,0.000000,0.000000,234.912857,143.201706,0.390405,1605.482788,TIME,0.000000,0.010000,0.020000,0.030000,0.040000,0.050000,0.060000,0.070000,0.080000,0.090000,0.100000,0.110000,0.120000,0.130000,0.140000,0.150000,0.160000,0.170000,0.180000,0.190000,0.200000,0.210000,0.220000,0.230000,0.240000,0.250000,0.260000,0.270000,0.280000,0.290000,0.300000,0.310000,0.320000,0.330000,0.340000,0.350000,0.360000,0.370000,0.380000,0.390000,0.400000,0.410000,0.420000,0.430000,0.440000,0.450000,0.460000,0.470000,0.480000,0.490000,0.500000,0.510000,0.520000,0.530000,0.540000,0.550000,0.560000,0.570000,0.580000,0.590000,0.600000,0.610000,0.620000,0.630000,0.640000,0.650000,0.660000,0.670000,0.680000,0.690000,0.700000,0.710000,0.720000,0.730000,0.740000,0.750000,0.760000,0.770000,0.780000,0.790000,0.800000,0.810000,0.820000,0.830000,0.839999,0.849999,0.859999,0.869999,0.879999,0.889999,FLR,179.635757,203.713058,211.204285,214.750534,217.004303,218.735214,220.011948,220.899582,221.482513,221.827621,222.105499,222.249634,222.390167,222.492462,222.588654,222.664474,222.747086,222.806808,222.855087,222.916245,222.990631,223.030685,223.087906,223.135834,223.181610,223.200195,223.221664,223.238113,223.264221,223.300690,223.335022,223.357910,223.250992,223.251343,223.112946,222.966309,222.924835,222.788208,222.738144,222.560043,222.548599,222.369797,222.359421,222.191330,222.001068,221.945282,221.784348,221.584442,221.529358,221.374161,221.202850,221.133469,220.970749,220.795151,220.604538,220.544464,220.343475,220.134613,219.902161,219.693298,222.529648,222.981339,223.070740,223.070740,223.093994,223.065369,223.025330,222.979553,222.932693,222.885849,222.878693,222.815750,222.790710,222.778915,222.775345,222.763535,222.715622,222.698456,222.627991,222.605820,222.565414,222.494598,222.453476,222.409485,222.383743,222.351196,222.317581,222.265717,222.223526,222.158432,PAR,7015.842773,7015.842773,7015.842773,7015.842773,7015.842773,7015.842773,7015.842773,7015.842773,7015.842773,7015.842773,7015.842773,7015.842773,7015.842773,7015.842773,7015.842773,7015.842773,7015.842773,7015.842773,7015.842773,7015.842773,7015.842773,7015.842773,7015.842773,7015.842773,7015.842773,7015.842773,7015.842773,7015.842773,7015.842773,7015.842773,6957.388672,6898.934570,6840.480469,6782.026367,6723.572266,6665.118164,6606.664062,6548.209961,6489.755859,6431.301758,6372.847656,6314.393066,6255.938965,6197.484863,6139.030762,6080.576660,6022.122559,5963.668457,5905.214355,5846.760254,5788.306152,5729.852051,5671.397949,5612.943848,5554.489746,5496.035645,5437.581055,5379.126953,5320.672852,5262.218750,7015.842773,7015.842773,7015.842773,7015.842773,7015.842773,7015.842773,7015.842773,7015.842773,7015.842773,7015.842773,7015.842773,7015.842773,7015.842773,7015.842773,7015.842773,7015.842773,7015.842773,7015.842773,7015.842773,7015.842773,7015.842773,7015.842773,7015.842773,7015.842773,7015.842773,7015.842773,7015.842773,7015.842773,7015.842773,7015.842773,PHASE,1,1,1,1,1,1,1,1,1,1,1,1,1,1,1,1,1,1,1,1,1,1,1,1,1,1,1,1,1,1,2,2,2,2,2,2,2,2,2,2,2,2,2,2,2,2,2,2,2,2,2,2,2,2,2,2,2,2,2,2,3,3,3,3,3,3,3,3,3,3,3,3,3,3,3,3,3,3,3,3,3,3,3,3,3,3,3,3,3,3,FLASH_END
6,11:55:03,2026-06-12,Auto gsw+F,LI-COR Default,,006,,,0.156766,2.915945,0.148768,5.341390,1.352681,1.206578,4.759207,3.406527,12.320282,13.812131,48.595943,0.441786,7.500000,PSF-00578_20260612115503_517,0.000000,0.000000,0.000000,105.767731,166.538986,0.364907,0.5,0.80,241.999100,1.000000,27.01,24.09,32.85,31.94,31.94,97.93,156.0,155.3,0.4,1658,4.023,11:50:04,2026-06-12,-0.21,1,0.002,0.004,-9999.000,-0.496,-0.138,-9999.000,1,150,0.005,2.000000,0.058905,0.000000,0.029230,0.000000,0.000000,-0.000068,standard,0,mpf,7000,500,5.000000,2.000000,300,300,300,156.907074,25,-6.601785,157.355194,157.129166,0.226028,2.438324,2.428531,1.641829,0.930660,0.199997,-0.010512,0.300284,1.491997,105.767731,0.000303,2.397709,-0.000030,1.000000,2.383926,-0.000024,1.000000,0.601714,0.600514,0.106642,0.000000,PSF-00578_20260612115503_517,PFA-00612,PSA-00572,PSF-00578,RHS-0697,3.0.0,2022-04-21T19:36:20.491Z,MEASUREMENT_END
PSF-00578_20260612115503_517,11:55:03,2026-06-12,PFA-00612,PSA-00572,PSF-00578,0.000000,0.000000,0.000000,166.538986,105.767731,0.364907,1664.601807,TIME,0.000000,0.010000,0.020000,0.030000,0.040000,0.050000,0.060000,0.070000,0.080000,0.090000,0.100000,0.110000,0.120000,0.130000,0.140000,0.150000,0.160000,0.170000,0.180000,0.190000,0.200000,0.210000,0.220000,0.230000,0.240000,0.250000,0.260000,0.270000,0.280000,0.290000,0.300000,0.310000,0.320000,0.330000,0.340000,0.350000,0.360000,0.370000,0.380000,0.390000,0.400000,0.410000,0.420000,0.430000,0.440000,0.450000,0.460000,0.470000,0.480000,0.490000,0.500000,0.510000,0.520000,0.530000,0.540000,0.550000,0.560000,0.570000,0.580000,0.590000,0.600000,0.610000,0.620000,0.630000,0.640000,0.650000,0.660000,0.670000,0.680000,0.690000,0.700000,0.710000,0.720000,0.730000,0.740000,0.750000,0.760000,0.770000,0.780000,0.790000,0.800000,0.810000,0.820000,0.830000,0.839999,0.849999,0.859999,0.869999,0.879999,0.889999,FLR,127.179977,141.497620,147.484665,150.820969,152.731781,153.870819,154.625061,155.129669,155.504105,155.750870,155.943985,156.070587,156.175369,156.263000,156.321640,156.387451,156.445023,156.474716,156.497604,156.529068,156.589157,156.607391,156.639938,156.678909,156.725769,156.771545,156.804794,156.836273,156.870956,156.907074,156.946426,156.974670,156.839844,156.847717,156.716461,156.538010,156.543381,156.409622,156.382080,156.241180,156.235092,156.087036,156.061295,155.943268,155.769470,155.764465,155.617477,155.453674,155.442947,155.292389,155.126450,155.078888,154.932266,154.755234,154.591797,154.554962,154.412979,154.250977,154.067154,153.884415,156.641724,157.074814,157.230728,157.289749,157.329086,157.328003,157.350189,157.355194,157.343033,157.344101,157.337662,157.304764,157.300476,157.277222,157.272583,157.254333,157.229309,157.226089,157.193176,157.193893,157.177094,157.135956,157.131668,157.090546,157.068726,157.043335,157.020096,156.993271,156.988266,156.949997,PAR,7015.842773,7015.842773,7015.842773,7015.842773,7015.842773,7015.842773,7015.842773,7015.842773,7015.842773,7015.842773,7015.842773,7015.842773,7015.842773,7015.842773,7015.842773,7015.842773,7015.842773,7015.842773,7015.842773,7015.842773,7015.842773,7015.842773,7015.842773,7015.842773,7015.842773,7015.842773,7015.842773,7015.842773,7015.842773,7015.842773,6957.388672,6898.934570,6840.480469,6782.026367,6723.572266,6665.118164,6606.664062,6548.209961,6489.755859,6431.301758,6372.847656,6314.393066,6255.938965,6197.484863,6139.030762,6080.576660,6022.122559,5963.668457,5905.214355,5846.760254,5788.306152,5729.852051,5671.397949,5612.943848,5554.489746,5496.035645,5437.581055,5379.126953,5320.672852,5262.218750,7015.842773,7015.842773,7015.842773,7015.842773,7015.842773,7015.842773,7015.842773,7015.842773,7015.842773,7015.842773,7015.842773,7015.842773,7015.842773,7015.842773,7015.842773,7015.842773,7015.842773,7015.842773,7015.842773,7015.842773,7015.842773,7015.842773,7015.842773,7015.842773,7015.842773,7015.842773,7015.842773,7015.842773,7015.842773,7015.842773,PHASE,1,1,1,1,1,1,1,1,1,1,1,1,1,1,1,1,1,1,1,1,1,1,1,1,1,1,1,1,1,1,2,2,2,2,2,2,2,2,2,2,2,2,2,2,2,2,2,2,2,2,2,2,2,2,2,2,2,2,2,2,3,3,3,3,3,3,3,3,3,3,3,3,3,3,3,3,3,3,3,3,3,3,3,3,3,3,3,3,3,3,FLASH_END
7,11:55:19,2026-06-12,Auto gsw+F,LI-COR Default,,007,,,0.125183,2.917292,0.120033,4.046359,1.331705,1.221120,4.534180,3.202475,12.469032,13.598228,46.299152,0.441786,7.500000,PSF-00578_20260612115519_53d,0.000000,0.000000,0.000000,119.659065,218.761902,0.453017,0.5,0.80,286.372833,1.000000,26.61,24.40,32.83,31.09,31.09,97.93,156.2,155.4,0.5,1580,4.022,11:50:04,2026-06-12,-0.21,1,-0.000,-0.002,-9999.000,-3.086,-3.716,-9999.000,1,150,0.005,2.000000,0.058905,0.000000,0.029230,0.000000,0.000000,-0.000068,standard,0,mpf,7000,500,5.000000,2.000000,300,300,300,202.767136,25,-11.056454,201.742172,203.002640,-1.260468,2.438776,2.427968,1.643202,0.931005,0.200094,-0.020376,0.301739,1.427168,119.659065,0.000295,2.397709,-0.000030,1.000000,2.383926,-0.000024,1.000000,0.601714,0.600514,0.106642,0.000000,PSF-00578_20260612115519_53d,PFA-00612,PSA-00572,PSF-00578,RHS-0697,3.0.0,2022-04-21T19:36:20.491Z,MEASUREMENT_END
PSF-00578_20260612115519_53d,11:55:19,2026-06-12,PFA-00612,PSA-00572,PSF-00578,0.000000,0.000000,0.000000,218.761902,119.659065,0.453017,1587.016846,TIME,0.000000,0.010000,0.020000,0.030000,0.040000,0.050000,0.060000,0.070000,0.080000,0.090000,0.100000,0.110000,0.120000,0.130000,0.140000,0.150000,0.160000,0.170000,0.180000,0.190000,0.200000,0.210000,0.220000,0.230000,0.240000,0.250000,0.260000,0.270000,0.280000,0.290000,0.300000,0.310000,0.320000,0.330000,0.340000,0.350000,0.360000,0.370000,0.380000,0.390000,0.400000,0.410000,0.420000,0.430000,0.440000,0.450000,0.460000,0.470000,0.480000,0.490000,0.500000,0.510000,0.520000,0.530000,0.540000,0.550000,0.560000,0.570000,0.580000,0.590000,0.600000,0.610000,0.620000,0.630000,0.640000,0.650000,0.660000,0.670000,0.680000,0.690000,0.700000,0.710000,0.720000,0.730000,0.740000,0.750000,0.760000,0.770000,0.780000,0.790000,0.800000,0.810000,0.820000,0.830000,0.839999,0.849999,0.859999,0.869999,0.879999,0.889999,FLR,159.055359,183.550354,191.531189,195.333481,197.569016,199.176910,200.398209,201.213242,201.728943,202.037933,202.228546,202.341919,202.411652,202.477814,202.525375,202.590103,202.637665,202.678085,202.702408,202.716705,202.729584,202.729218,202.722076,202.743881,202.750687,202.758911,202.767136,202.748535,202.751038,202.767136,202.761765,202.758911,202.547546,202.514999,202.309723,202.064392,202.019684,201.811188,201.746826,201.509003,201.476807,201.251862,201.182846,200.960403,200.746536,200.677155,200.451492,200.191849,200.127487,199.878220,199.646118,199.554916,199.288849,199.053528,198.800690,198.699112,198.448425,198.199158,197.905899,197.614792,201.173538,201.613068,201.731796,201.742172,201.730377,201.700333,201.683167,201.629883,201.576233,201.545837,201.515793,201.433533,201.388474,201.348785,201.319458,201.293350,201.282974,201.228256,201.180344,201.143143,201.092010,201.009750,200.967911,200.921051,200.870636,200.849884,200.806976,200.764053,200.687881,200.642105,PAR,7015.842773,7015.842773,7015.842773,7015.842773,7015.842773,7015.842773,7015.842773,7015.842773,7015.842773,7015.842773,7015.842773,7015.842773,7015.842773,7015.842773,7015.842773,7015.842773,7015.842773,7015.842773,7015.842773,7015.842773,7015.842773,7015.842773,7015.842773,7015.842773,7015.842773,7015.842773,7015.842773,7015.842773,7015.842773,7015.842773,6957.388672,6898.934570,6840.480469,6782.026367,6723.572266,6665.118164,6606.664062,6548.209961,6489.755859,6431.301758,6372.847656,6314.393066,6255.938965,6197.484863,6139.030762,6080.576660,6022.122559,5963.668457,5905.214355,5846.760254,5788.306152,5729.852051,5671.397949,5612.943848,5554.489746,5496.035645,5437.581055,5379.126953,5320.672852,5262.218750,7015.842773,7015.842773,7015.842773,7015.842773,7015.842773,7015.842773,7015.842773,7015.842773,7015.842773,7015.842773,7015.842773,7015.842773,7015.842773,7015.842773,7015.842773,7015.842773,7015.842773,7015.842773,7015.842773,7015.842773,7015.842773,7015.842773,7015.842773,7015.842773,7015.842773,7015.842773,7015.842773,7015.842773,7015.842773,7015.842773,PHASE,1,1,1,1,1,1,1,1,1,1,1,1,1,1,1,1,1,1,1,1,1,1,1,1,1,1,1,1,1,1,2,2,2,2,2,2,2,2,2,2,2,2,2,2,2,2,2,2,2,2,2,2,2,2,2,2,2,2,2,2,3,3,3,3,3,3,3,3,3,3,3,3,3,3,3,3,3,3,3,3,3,3,3,3,3,3,3,3,3,3,FLASH_END
8,11:57:00,2026-06-12,Auto gsw+F,LI-COR Default,,008,,,0.212142,2.915619,0.197753,5.559303,1.472694,1.320798,4.146566,2.673872,13.488055,15.039232,42.344959,0.441786,7.500000,PSF-00578_20260612115700_ac3,0.000000,0.000000,0.000000,88.623047,231.675613,0.617469,0.5,0.80,424.027161,1.000000,29.53,26.48,32.77,29.53,29.53,97.92,156.0,155.3,0.4,1717,4.022,11:50:04,2026-06-12,-0.21,1,-0.001,-0.002,-9999.000,0.185,0.691,-9999.000,1,150,0.005,2.000000,0.058905,0.000000,0.029230,0.000000,0.000000,-0.000068,standard,0,mpf,7000,500,5.000000,2.000000,300,300,300,196.300507,25,-28.805454,182.759277,190.617889,-7.858612,2.441806,2.432060,1.641497,0.930574,0.200580,-0.037706,0.310775,1.541166,88.623047,0.000306,2.397709,-0.000030,1.000000,2.383926,-0.000024,1.000000,0.601714,0.600514,0.106642,0.000000,PSF-00578_20260612115700_ac3,PFA-00612,PSA-00572,PSF-00578,RHS-0697,3.0.0,2022-04-21T19:36:20.491Z,MEASUREMENT_END
PSF-00578_20260612115700_ac3,11:57:00,2026-06-12,PFA-00612,PSA-00572,PSF-00578,0.000000,0.000000,0.000000,231.675613,88.623047,0.617469,1723.446411,TIME,0.000000,0.010000,0.020000,0.030000,0.040000,0.050000,0.060000,0.070000,0.080000,0.090000,0.100000,0.110000,0.120000,0.130000,0.140000,0.150000,0.160000,0.170000,0.180000,0.190000,0.200000,0.210000,0.220000,0.230000,0.240000,0.250000,0.260000,0.270000,0.280000,0.290000,0.300000,0.310000,0.320000,0.330000,0.340000,0.350000,0.360000,0.370000,0.380000,0.390000,0.400000,0.410000,0.420000,0.430000,0.440000,0.450000,0.460000,0.470000,0.480000,0.490000,0.500000,0.510000,0.520000,0.530000,0.540000,0.550000,0.560000,0.570000,0.580000,0.590000,0.600000,0.610000,0.620000,0.630000,0.640000,0.650000,0.660000,0.670000,0.680000,0.690000,0.700000,0.710000,0.720000,0.730000,0.740000,0.750000,0.760000,0.770000,0.780000,0.790000,0.800000,0.810000,0.820000,0.830000,0.839999,0.849999,0.859999,0.869999,0.879999,0.889999,FLR,143.771057,166.969299,169.786697,171.982162,175.474411,180.165054,184.893616,188.811417,191.733963,193.752411,195.050949,195.793396,196.166397,196.300507,196.237213,196.060181,195.806259,195.469742,195.118546,194.755203,194.409012,194.022781,193.634750,193.275696,192.900177,192.526108,192.163818,191.809052,191.445343,191.101318,190.765854,190.426468,189.884308,189.545990,188.993805,188.416245,188.051819,187.510727,187.192078,186.650986,186.370605,185.806274,185.497635,184.981232,184.413315,184.093231,183.568604,183.007477,182.710648,182.192444,181.667801,181.374542,180.845978,180.297729,179.753418,179.472687,178.945892,178.428406,177.866577,177.326553,182.128067,182.582260,182.755707,182.759277,182.694199,182.574387,182.449585,182.297592,182.168839,182.007904,181.868073,181.713577,181.568741,181.416397,181.269043,181.127792,180.967926,180.818436,180.685760,180.547363,180.418259,180.274124,180.130356,179.988739,179.869293,179.732330,179.604294,179.480911,179.373260,179.270264,PAR,7015.842773,7015.842773,7015.842773,7015.842773,7015.842773,7015.842773,7015.842773,7015.842773,7015.842773,7015.842773,7015.842773,7015.842773,7015.842773,7015.842773,7015.842773,7015.842773,7015.842773,7015.842773,7015.842773,7015.842773,7015.842773,7015.842773,7015.842773,7015.842773,7015.842773,7015.842773,7015.842773,7015.842773,7015.842773,7015.842773,6957.388672,6898.934570,6840.480469,6782.026367,6723.572266,6665.118164,6606.664062,6548.209961,6489.755859,6431.301758,6372.847656,6314.393066,6255.938965,6197.484863,6139.030762,6080.576660,6022.122559,5963.668457,5905.214355,5846.760254,5788.306152,5729.852051,5671.397949,5612.943848,5554.489746,5496.035645,5437.581055,5379.126953,5320.672852,5262.218750,7015.842773,7015.842773,7015.842773,7015.842773,7015.842773,7015.842773,7015.842773,7015.842773,7015.842773,7015.842773,7015.842773,7015.842773,7015.842773,7015.842773,7015.842773,7015.842773,7015.842773,7015.842773,7015.842773,7015.842773,7015.842773,7015.842773,7015.842773,7015.842773,7015.842773,7015.842773,7015.842773,7015.842773,7015.842773,7015.842773,PHASE,1,1,1,1,1,1,1,1,1,1,1,1,1,1,1,1,1,1,1,1,1,1,1,1,1,1,1,1,1,1,2,2,2,2,2,2,2,2,2,2,2,2,2,2,2,2,2,2,2,2,2,2,2,2,2,2,2,2,2,2,3,3,3,3,3,3,3,3,3,3,3,3,3,3,3,3,3,3,3,3,3,3,3,3,3,3,3,3,3,3,FLASH_END
9,11:57:19,2026-06-12,Auto gsw+F,LI-COR Default,,009,,,0.166257,2.915719,0.157288,5.762037,1.394821,1.237261,4.867605,3.472784,12.634263,14.243182,49.705444,0.441786,7.500000,PSF-00578_20260612115719_308,0.000000,0.000000,0.000000,114.480255,178.751190,0.359555,0.5,0.80,291.673737,1.000000,27.97,24.81,32.77,32.34,32.34,97.93,156.0,155.5,0.3,2028,4.020,11:50:04,2026-06-12,-0.21,1,-0.001,-0.002,-9999.000,-2.288,-4.729,-9999.000,1,150,0.005,2.000000,0.058905,0.000000,0.029230,0.000000,0.000000,-0.000068,standard,0,mpf,7000,500,5.000000,2.000000,300,300,300,163.256042,25,-10.664986,161.318420,163.549896,-2.231476,2.439392,2.429898,1.641598,0.931034,0.200621,-0.004854,0.312532,1.801219,114.480255,0.000307,2.397709,-0.000030,1.000000,2.383926,-0.000024,1.000000,0.601714,0.600514,0.106642,0.000000,PSF-00578_20260612115719_308,PFA-00612,PSA-00572,PSF-00578,RHS-0697,3.0.0,2022-04-21T19:36:20.491Z,MEASUREMENT_END
PSF-00578_20260612115719_308,11:57:19,2026-06-12,PFA-00612,PSA-00572,PSF-00578,0.000000,0.000000,0.000000,178.751190,114.480255,0.359555,2034.669067,TIME,0.000000,0.010000,0.020000,0.030000,0.040000,0.050000,0.060000,0.070000,0.080000,0.090000,0.100000,0.110000,0.120000,0.130000,0.140000,0.150000,0.160000,0.170000,0.180000,0.190000,0.200000,0.210000,0.220000,0.230000,0.240000,0.250000,0.260000,0.270000,0.280000,0.290000,0.300000,0.310000,0.320000,0.330000,0.340000,0.350000,0.360000,0.370000,0.380000,0.390000,0.400000,0.410000,0.420000,0.430000,0.440000,0.450000,0.460000,0.470000,0.480000,0.490000,0.500000,0.510000,0.520000,0.530000,0.540000,0.550000,0.560000,0.570000,0.580000,0.590000,0.600000,0.610000,0.620000,0.630000,0.640000,0.650000,0.660000,0.670000,0.680000,0.690000,0.700000,0.710000,0.720000,0.730000,0.740000,0.750000,0.760000,0.770000,0.780000,0.790000,0.800000,0.810000,0.820000,0.830000,0.839999,0.849999,0.859999,0.869999,0.879999,0.889999,FLR,136.489029,149.816391,154.871460,157.638428,159.252411,160.244110,160.880692,161.305908,161.610962,161.835190,162.002563,162.129883,162.250397,162.367340,162.451035,162.544724,162.643433,162.721756,162.807587,162.883759,162.952072,162.978882,163.026093,163.085464,163.160919,163.185959,163.223511,163.237808,163.246750,163.256042,163.255341,163.227798,163.069366,163.064713,162.868744,162.671692,162.615540,162.409180,162.348755,162.162781,162.108063,161.891342,161.819809,161.612396,161.385651,161.304825,161.096329,160.877823,160.795212,160.561325,160.341019,160.214417,159.999496,159.751648,159.481995,159.352188,159.124725,158.870819,158.620117,158.331161,160.956497,161.269791,161.318420,161.272293,161.216141,161.124237,161.055923,160.960083,160.872467,160.788422,160.710449,160.608170,160.538788,160.466553,160.392517,160.308487,160.214066,160.112137,160.024170,159.932251,159.857864,159.739502,159.654373,159.570694,159.490585,159.397247,159.298187,159.195541,159.084320,159.004929,PAR,7015.842773,7015.842773,7015.842773,7015.842773,7015.842773,7015.842773,7015.842773,7015.842773,7015.842773,7015.842773,7015.842773,7015.842773,7015.842773,7015.842773,7015.842773,7015.842773,7015.842773,7015.842773,7015.842773,7015.842773,7015.842773,7015.842773,7015.842773,7015.842773,7015.842773,7015.842773,7015.842773,7015.842773,7015.842773,7015.842773,6957.388672,6898.934570,6840.480469,6782.026367,6723.572266,6665.118164,6606.664062,6548.209961,6489.755859,6431.301758,6372.847656,6314.393066,6255.938965,6197.484863,6139.030762,6080.576660,6022.122559,5963.668457,5905.214355,5846.760254,5788.306152,5729.852051,5671.397949,5612.943848,5554.489746,5496.035645,5437.581055,5379.126953,5320.672852,5262.218750,7015.842773,7015.842773,7015.842773,7015.842773,7015.842773,7015.842773,7015.842773,7015.842773,7015.842773,7015.842773,7015.842773,7015.842773,7015.842773,7015.842773,7015.842773,7015.842773,7015.842773,7015.842773,7015.842773,7015.842773,7015.842773,7015.842773,7015.842773,7015.842773,7015.842773,7015.842773,7015.842773,7015.842773,7015.842773,7015.842773,PHASE,1,1,1,1,1,1,1,1,1,1,1,1,1,1,1,1,1,1,1,1,1,1,1,1,1,1,1,1,1,1,2,2,2,2,2,2,2,2,2,2,2,2,2,2,2,2,2,2,2,2,2,2,2,2,2,2,2,2,2,2,3,3,3,3,3,3,3,3,3,3,3,3,3,3,3,3,3,3,3,3,3,3,3,3,3,3,3,3,3,3,FLASH_END
10,11:57:59,2026-06-12,Auto gsw+F,LI-COR Default,,010,,,0.165165,2.917510,0.156316,5.858278,1.296923,1.136795,4.851808,3.554885,11.608359,13.243505,49.544140,0.441786,7.500000,PSF-00578_20260612115759_fd1,0.000000,0.000000,0.000000,104.014633,156.906815,0.337093,0.5,0.80,259.578003,1.000000,25.99,22.78,32.78,32.28,32.28,97.93,156.2,155.3,0.5,1925,4.021,11:50:04,2026-06-12,-0.21,1,0.000,0.000,-9999.000,-1.304,-1.887,-9999.000,1,150,0.005,2.000000,0.058905,0.000000,0.029230,0.000000,0.000000,-0.000068,standard,0,mpf,7000,500,5.000000,2.000000,300,300,300,146.385666,25,-7.095016,145.832413,146.793961,-0.961548,2.436404,2.427104,1.643426,0.930739,0.200526,-0.005681,0.316108,1.715241,104.014633,0.000299,2.397709,-0.000030,1.000000,2.383926,-0.000024,1.000000,0.601714,0.600514,0.106642,0.000000,PSF-00578_20260612115759_fd1,PFA-00612,PSA-00572,PSF-00578,RHS-0697,3.0.0,2022-04-21T19:36:20.491Z,MEASUREMENT_END
PSF-00578_20260612115759_fd1,11:57:59,2026-06-12,PFA-00612,PSA-00572,PSF-00578,0.000000,0.000000,0.000000,156.906815,104.014633,0.337093,1931.773560,TIME,0.000000,0.010000,0.020000,0.030000,0.040000,0.050000,0.060000,0.070000,0.080000,0.090000,0.100000,0.110000,0.120000,0.130000,0.140000,0.150000,0.160000,0.170000,0.180000,0.190000,0.200000,0.210000,0.220000,0.230000,0.240000,0.250000,0.260000,0.270000,0.280000,0.290000,0.300000,0.310000,0.320000,0.330000,0.340000,0.350000,0.360000,0.370000,0.380000,0.390000,0.400000,0.410000,0.420000,0.430000,0.440000,0.450000,0.460000,0.470000,0.480000,0.490000,0.500000,0.510000,0.520000,0.530000,0.540000,0.550000,0.560000,0.570000,0.580000,0.590000,0.600000,0.610000,0.620000,0.630000,0.640000,0.650000,0.660000,0.670000,0.680000,0.690000,0.700000,0.710000,0.720000,0.730000,0.740000,0.750000,0.760000,0.770000,0.780000,0.790000,0.800000,0.810000,0.820000,0.830000,0.839999,0.849999,0.859999,0.869999,0.879999,0.889999,FLR,120.691177,131.746170,136.622070,139.644379,141.528015,142.682785,143.452759,143.975967,144.353622,144.599670,144.825699,144.969101,145.101425,145.214432,145.304199,145.407562,145.495895,145.591019,145.661469,145.744446,145.842072,145.895004,145.967239,146.036987,146.104568,146.185043,146.211502,146.268005,146.334534,146.385666,146.460419,146.484726,146.394974,146.408920,146.312363,146.161438,146.153931,146.031616,146.034836,145.902512,145.893219,145.756241,145.722275,145.595673,145.431519,145.386459,145.252701,145.060303,145.018463,144.851440,144.690521,144.600754,144.438751,144.244553,144.062164,143.967392,143.812897,143.629074,143.425232,143.225311,145.409348,145.737289,145.817749,145.832413,145.814545,145.781631,145.725494,145.685074,145.615692,145.564560,145.532013,145.456909,145.401123,145.346405,145.261642,145.210144,145.161514,145.078537,145.018463,144.945862,144.897934,144.804245,144.751663,144.688721,144.615051,144.544250,144.478088,144.410126,144.333954,144.268158,PAR,7015.842773,7015.842773,7015.842773,7015.842773,7015.842773,7015.842773,7015.842773,7015.842773,7015.842773,7015.842773,7015.842773,7015.842773,7015.842773,7015.842773,7015.842773,7015.842773,7015.842773,7015.842773,7015.842773,7015.842773,7015.842773,7015.842773,7015.842773,7015.842773,7015.842773,7015.842773,7015.842773,7015.842773,7015.842773,7015.842773,6957.388672,6898.934570,6840.480469,6782.026367,6723.572266,6665.118164,6606.664062,6548.209961,6489.755859,6431.301758,6372.847656,6314.393066,6255.938965,6197.484863,6139.030762,6080.576660,6022.122559,5963.668457,5905.214355,5846.760254,5788.306152,5729.852051,5671.397949,5612.943848,5554.489746,5496.035645,5437.581055,5379.126953,5320.672852,5262.218750,7015.842773,7015.842773,7015.842773,7015.842773,7015.842773,7015.842773,7015.842773,7015.842773,7015.842773,7015.842773,7015.842773,7015.842773,7015.842773,7015.842773,7015.842773,7015.842773,7015.842773,7015.842773,7015.842773,7015.842773,7015.842773,7015.842773,7015.842773,7015.842773,7015.842773,7015.842773,7015.842773,7015.842773,7015.842773,7015.842773,PHASE,1,1,1,1,1,1,1,1,1,1,1,1,1,1,1,1,1,1,1,1,1,1,1,1,1,1,1,1,1,1,2,2,2,2,2,2,2,2,2,2,2,2,2,2,2,2,2,2,2,2,2,2,2,2,2,2,2,2,2,2,3,3,3,3,3,3,3,3,3,3,3,3,3,3,3,3,3,3,3,3,3,3,3,3,3,3,3,3,3,3,FLASH_END
11,11:58:43,2026-06-12,Auto gsw+F,LI-COR Default,,011,,,0.250185,2.916365,0.230418,7.422739,1.460703,1.257972,4.519121,3.058418,12.845624,14.915790,46.146442,0.441786,7.500000,PSF-00578_20260612115843_ca5,0.000000,0.000000,0.000000,87.061646,168.891113,0.484510,0.5,0.80,395.357758,1.000000,29.24,25.18,32.80,31.03,31.03,97.93,156.0,155.3,0.5,2040,4.019,11:50:04,2026-06-12,-0.21,1,-0.002,0.003,-9999.000,0.388,1.555,-9999.000,1,150,0.005,2.000000,0.058905,0.000000,0.029230,0.000000,0.000000,-0.000068,standard,0,mpf,7000,500,5.000000,2.000000,300,300,300,149.595734,25,-14.825366,145.803802,147.759842,-1.956039,2.439926,2.431661,1.642257,0.930733,0.200367,-0.020643,0.320237,1.811220,87.061646,0.000289,2.397709,-0.000030,1.000000,2.383926,-0.000024,1.000000,0.601714,0.600514,0.106642,0.000000,PSF-00578_20260612115843_ca5,PFA-00612,PSA-00572,PSF-00578,RHS-0697,3.0.0,2022-04-21T19:36:20.491Z,MEASUREMENT_END
PSF-00578_20260612115843_ca5,11:58:43,2026-06-12,PFA-00612,PSA-00572,PSF-00578,0.000000,0.000000,0.000000,168.891113,87.061646,0.484510,2046.638428,TIME,0.000000,0.010000,0.020000,0.030000,0.040000,0.050000,0.060000,0.070000,0.080000,0.090000,0.100000,0.110000,0.120000,0.130000,0.140000,0.150000,0.160000,0.170000,0.180000,0.190000,0.200000,0.210000,0.220000,0.230000,0.240000,0.250000,0.260000,0.270000,0.280000,0.290000,0.300000,0.310000,0.320000,0.330000,0.340000,0.350000,0.360000,0.370000,0.380000,0.390000,0.400000,0.410000,0.420000,0.430000,0.440000,0.450000,0.460000,0.470000,0.480000,0.490000,0.500000,0.510000,0.520000,0.530000,0.540000,0.550000,0.560000,0.570000,0.580000,0.590000,0.600000,0.610000,0.620000,0.630000,0.640000,0.650000,0.660000,0.670000,0.680000,0.690000,0.700000,0.710000,0.720000,0.730000,0.740000,0.750000,0.760000,0.770000,0.780000,0.790000,0.800000,0.810000,0.820000,0.830000,0.839999,0.849999,0.859999,0.869999,0.879999,0.889999,FLR,117.279770,132.697815,137.204285,139.895447,141.776199,143.297913,144.691223,146.001572,147.125595,148.024323,148.701660,149.147629,149.406906,149.554611,149.595734,149.569275,149.497040,149.396545,149.266006,149.135468,149.000290,148.860092,148.707397,148.582214,148.469208,148.327591,148.205643,148.084045,147.973541,147.860886,147.768982,147.650604,147.336243,147.216446,146.907806,146.559479,146.459702,146.150711,146.023041,145.725494,145.623199,145.299561,145.178680,144.880768,144.563553,144.454834,144.155853,143.846863,143.723480,143.428085,143.141983,143.015747,142.748230,142.451401,142.143494,142.029404,141.757965,141.466858,141.168945,140.856033,144.641525,145.312073,145.589233,145.723694,145.771271,145.795578,145.802017,145.803802,145.790222,145.763748,145.764465,145.738358,145.710464,145.679352,145.646805,145.631790,145.607468,145.583511,145.545609,145.522720,145.503403,145.448334,145.412201,145.361420,145.347839,145.311707,145.285248,145.245544,145.212296,145.181534,PAR,7015.842773,7015.842773,7015.842773,7015.842773,7015.842773,7015.842773,7015.842773,7015.842773,7015.842773,7015.842773,7015.842773,7015.842773,7015.842773,7015.842773,7015.842773,7015.842773,7015.842773,7015.842773,7015.842773,7015.842773,7015.842773,7015.842773,7015.842773,7015.842773,7015.842773,7015.842773,7015.842773,7015.842773,7015.842773,7015.842773,6957.388672,6898.934570,6840.480469,6782.026367,6723.572266,6665.118164,6606.664062,6548.209961,6489.755859,6431.301758,6372.847656,6314.393066,6255.938965,6197.484863,6139.030762,6080.576660,6022.122559,5963.668457,5905.214355,5846.760254,5788.306152,5729.852051,5671.397949,5612.943848,5554.489746,5496.035645,5437.581055,5379.126953,5320.672852,5262.218750,7015.842773,7015.842773,7015.842773,7015.842773,7015.842773,7015.842773,7015.842773,7015.842773,7015.842773,7015.842773,7015.842773,7015.842773,7015.842773,7015.842773,7015.842773,7015.842773,7015.842773,7015.842773,7015.842773,7015.842773,7015.842773,7015.842773,7015.842773,7015.842773,7015.842773,7015.842773,7015.842773,7015.842773,7015.842773,7015.842773,PHASE,1,1,1,1,1,1,1,1,1,1,1,1,1,1,1,1,1,1,1,1,1,1,1,1,1,1,1,1,1,1,2,2,2,2,2,2,2,2,2,2,2,2,2,2,2,2,2,2,2,2,2,2,2,2,2,2,2,2,2,2,3,3,3,3,3,3,3,3,3,3,3,3,3,3,3,3,3,3,3,3,3,3,3,3,3,3,3,3,3,3,FLASH_END
12,11:58:57,2026-06-12,Auto gsw+F,LI-COR Default,,012,,,0.184576,2.915820,0.173588,5.028567,1.310590,1.172983,4.069397,2.758807,11.978385,13.383612,41.556267,0.441786,7.500000,PSF-00578_20260612115857_554,0.000000,0.000000,0.000000,78.283310,206.889938,0.621619,0.5,0.80,482.382629,1.000000,26.26,23.51,32.78,29.20,29.20,97.93,156.0,155.1,0.6,1940,3.985,11:50:04,2026-06-12,-0.21,1,-0.001,-0.001,0.010,0.145,0.395,1.102,1,150,0.005,2.000000,0.058905,0.000000,0.029230,0.000000,0.000000,-0.000068,standard,0,mpf,7000,500,5.000000,2.000000,300,300,300,171.184296,25,-28.228796,159.300690,166.654144,-7.353455,2.437475,2.427490,1.641701,0.930136,0.200519,-0.041533,0.321515,1.727695,78.283310,0.000302,2.397709,-0.000030,1.000000,2.383926,-0.000024,1.000000,0.601714,0.600514,0.106642,0.000000,PSF-00578_20260612115857_554,PFA-00612,PSA-00572,PSF-00578,RHS-0697,3.0.0,2022-04-21T19:36:20.491Z,MEASUREMENT_END
PSF-00578_20260612115857_554,11:58:57,2026-06-12,PFA-00612,PSA-00572,PSF-00578,0.000000,0.000000,0.000000,206.889938,78.283310,0.621619,1946.678223,TIME,0.000000,0.010000,0.020000,0.030000,0.040000,0.050000,0.060000,0.070000,0.080000,0.090000,0.100000,0.110000,0.120000,0.130000,0.140000,0.150000,0.160000,0.170000,0.180000,0.190000,0.200000,0.210000,0.220000,0.230000,0.240000,0.250000,0.260000,0.270000,0.280000,0.290000,0.300000,0.310000,0.320000,0.330000,0.340000,0.350000,0.360000,0.370000,0.380000,0.390000,0.400000,0.410000,0.420000,0.430000,0.440000,0.450000,0.460000,0.470000,0.480000,0.490000,0.500000,0.510000,0.520000,0.530000,0.540000,0.550000,0.560000,0.570000,0.580000,0.590000,0.600000,0.610000,0.620000,0.630000,0.640000,0.650000,0.660000,0.670000,0.680000,0.690000,0.700000,0.710000,0.720000,0.730000,0.740000,0.750000,0.760000,0.770000,0.780000,0.790000,0.800000,0.810000,0.820000,0.830000,0.839999,0.849999,0.859999,0.869999,0.879999,0.889999,FLR,125.396133,147.770767,150.547379,152.147049,154.365067,157.551163,161.016586,164.100769,166.554092,168.361191,169.605728,170.404678,170.882828,171.133881,171.184296,171.136383,170.987610,170.790909,170.544861,170.261978,169.986252,169.658661,169.348953,169.028168,168.696289,168.393738,168.076874,167.749649,167.448517,167.130234,166.809433,166.482208,165.965790,165.636780,165.088531,164.507034,164.178009,163.636917,163.301819,162.754654,162.471054,161.924957,161.615967,161.095612,160.543091,160.258408,159.721619,159.179810,158.898712,158.356186,157.826904,157.537582,157.041550,156.529419,156.008011,155.737274,155.246262,154.732346,154.212357,153.703094,158.565048,159.075745,159.253479,159.300690,159.259552,159.177307,159.106140,159.016006,158.917664,158.821823,158.727051,158.615463,158.505676,158.426636,158.339737,158.267502,158.181671,158.100845,158.032532,157.958862,157.897003,157.820465,157.748230,157.691711,157.631638,157.574768,157.507904,157.463196,157.406326,157.351974,PAR,7015.842773,7015.842773,7015.842773,7015.842773,7015.842773,7015.842773,7015.842773,7015.842773,7015.842773,7015.842773,7015.842773,7015.842773,7015.842773,7015.842773,7015.842773,7015.842773,7015.842773,7015.842773,7015.842773,7015.842773,7015.842773,7015.842773,7015.842773,7015.842773,7015.842773,7015.842773,7015.842773,7015.842773,7015.842773,7015.842773,6957.388672,6898.934570,6840.480469,6782.026367,6723.572266,6665.118164,6606.664062,6548.209961,6489.755859,6431.301758,6372.847656,6314.393066,6255.938965,6197.484863,6139.030762,6080.576660,6022.122559,5963.668457,5905.214355,5846.760254,5788.306152,5729.852051,5671.397949,5612.943848,5554.489746,5496.035645,5437.581055,5379.126953,5320.672852,5262.218750,7015.842773,7015.842773,7015.842773,7015.842773,7015.842773,7015.842773,7015.842773,7015.842773,7015.842773,7015.842773,7015.842773,7015.842773,7015.842773,7015.842773,7015.842773,7015.842773,7015.842773,7015.842773,7015.842773,7015.842773,7015.842773,7015.842773,7015.842773,7015.842773,7015.842773,7015.842773,7015.842773,7015.842773,7015.842773,7015.842773,PHASE,1,1,1,1,1,1,1,1,1,1,1,1,1,1,1,1,1,1,1,1,1,1,1,1,1,1,1,1,1,1,2,2,2,2,2,2,2,2,2,2,2,2,2,2,2,2,2,2,2,2,2,2,2,2,2,2,2,2,2,2,3,3,3,3,3,3,3,3,3,3,3,3,3,3,3,3,3,3,3,3,3,3,3,3,3,3,3,3,3,3,FLASH_END
13,11:59:13,2026-06-12,Auto gsw+F,LI-COR Default,,013,,,0.202380,2.916450,0.189248,6.809338,1.431908,1.245889,4.842616,3.410708,12.722365,14.621897,49.450275,0.441786,7.500000,PSF-00578_20260612115913_f0f,0.000000,0.000000,0.000000,100.104691,156.330338,0.359659,0.5,0.80,294.050293,1.000000,28.73,25.00,32.76,32.25,32.25,97.93,156.1,155.5,0.4,2044,4.018,11:50:04,2026-06-12,-0.21,1,-0.000,0.002,-9999.000,-1.124,-2.230,-9999.000,1,150,0.005,2.000000,0.058905,0.000000,0.029230,0.000000,0.000000,-0.000068,standard,0,mpf,7000,500,5.000000,2.000000,300,300,300,145.812042,25,-7.105101,145.408279,146.203110,-0.794830,2.439664,2.430959,1.642343,0.931139,0.200694,-0.005824,0.322920,1.814532,100.104691,0.000307,2.397709,-0.000030,1.000000,2.383926,-0.000024,1.000000,0.601714,0.600514,0.106642,0.000000,PSF-00578_20260612115913_f0f,PFA-00612,PSA-00572,PSF-00578,RHS-0697,3.0.0,2022-04-21T19:36:20.491Z,MEASUREMENT_END
PSF-00578_20260612115913_f0f,11:59:13,2026-06-12,PFA-00612,PSA-00572,PSF-00578,0.000000,0.000000,0.000000,156.330338,100.104691,0.359659,2050.602539,TIME,0.000000,0.010000,0.020000,0.030000,0.040000,0.050000,0.060000,0.070000,0.080000,0.090000,0.100000,0.110000,0.120000,0.130000,0.140000,0.150000,0.160000,0.170000,0.180000,0.190000,0.200000,0.210000,0.220000,0.230000,0.240000,0.250000,0.260000,0.270000,0.280000,0.290000,0.300000,0.310000,0.320000,0.330000,0.340000,0.350000,0.360000,0.370000,0.380000,0.390000,0.400000,0.410000,0.420000,0.430000,0.440000,0.450000,0.460000,0.470000,0.480000,0.490000,0.500000,0.510000,0.520000,0.530000,0.540000,0.550000,0.560000,0.570000,0.580000,0.590000,0.600000,0.610000,0.620000,0.630000,0.640000,0.650000,0.660000,0.670000,0.680000,0.690000,0.700000,0.710000,0.720000,0.730000,0.740000,0.750000,0.760000,0.770000,0.780000,0.790000,0.800000,0.810000,0.820000,0.830000,0.839999,0.849999,0.859999,0.869999,0.879999,0.889999,FLR,119.289993,131.548401,136.721130,139.822479,141.687515,142.802948,143.516785,143.973465,144.266006,144.495255,144.666550,144.788498,144.906525,145.016663,145.109299,145.190842,145.252701,145.330307,145.401123,145.448685,145.518784,145.576355,145.635727,145.660400,145.690796,145.707245,145.720840,145.753738,145.770554,145.812042,145.825272,145.844940,145.717621,145.706894,145.595306,145.437958,145.480515,145.568497,145.601395,145.435806,145.408630,145.236252,145.201569,145.054214,144.871826,144.827850,144.663330,144.486664,144.440536,144.276382,144.082184,144.011383,143.831497,143.653030,143.455627,143.374084,143.197052,142.992493,142.775055,142.563705,144.999146,145.331390,145.398621,145.408279,145.367859,145.253418,145.220520,145.230530,145.260574,145.231247,145.210144,145.151855,145.101425,145.054214,144.978043,144.912964,144.854660,144.789581,144.713043,144.654037,144.604324,144.519928,144.436234,144.371506,144.315002,144.248840,144.203430,143.974182,143.937347,143.962738,PAR,7015.842773,7015.842773,7015.842773,7015.842773,7015.842773,7015.842773,7015.842773,7015.842773,7015.842773,7015.842773,7015.842773,7015.842773,7015.842773,7015.842773,7015.842773,7015.842773,7015.842773,7015.842773,7015.842773,7015.842773,7015.842773,7015.842773,7015.842773,7015.842773,7015.842773,7015.842773,7015.842773,7015.842773,7015.842773,7015.842773,6957.388672,6898.934570,6840.480469,6782.026367,6723.572266,6665.118164,6606.664062,6548.209961,6489.755859,6431.301758,6372.847656,6314.393066,6255.938965,6197.484863,6139.030762,6080.576660,6022.122559,5963.668457,5905.214355,5846.760254,5788.306152,5729.852051,5671.397949,5612.943848,5554.489746,5496.035645,5437.581055,5379.126953,5320.672852,5262.218750,7015.842773,7015.842773,7015.842773,7015.842773,7015.842773,7015.842773,7015.842773,7015.842773,7015.842773,7015.842773,7015.842773,7015.842773,7015.842773,7015.842773,7015.842773,7015.842773,7015.842773,7015.842773,7015.842773,7015.842773,7015.842773,7015.842773,7015.842773,7015.842773,7015.842773,7015.842773,7015.842773,7015.842773,7015.842773,7015.842773,PHASE,1,1,1,1,1,1,1,1,1,1,1,1,1,1,1,1,1,1,1,1,1,1,1,1,1,1,1,1,1,1,2,2,2,2,2,2,2,2,2,2,2,2,2,2,2,2,2,2,2,2,2,2,2,2,2,2,2,2,2,2,3,3,3,3,3,3,3,3,3,3,3,3,3,3,3,3,3,3,3,3,3,3,3,3,3,3,3,3,3,3,FLASH_END
14,11:59:49,2026-06-12,Auto gsw+F,LI-COR Default,,014,,,0.175946,2.915754,0.165933,4.802818,1.243390,1.111872,4.001648,2.758258,11.355139,12.698281,40.867336,0.441786,7.500000,PSF-00578_20260612115949_820,0.000000,0.000000,0.000000,84.469917,227.825012,0.629233,0.5,0.80,362.257355,1.000000,24.98,22.34,32.74,28.91,28.91,97.92,156.0,155.1,0.5,1439,4.015,11:50:04,2026-06-12,-0.21,1,-0.001,0.001,-9999.000,0.111,0.339,-9999.000,1,150,0.005,2.000000,0.058905,0.000000,0.029230,0.000000,0.000000,-0.000068,standard,0,mpf,7000,500,5.000000,2.000000,300,300,300,190.521591,25,-30.826054,177.968506,183.887238,-5.918732,2.435748,2.425666,1.641634,0.930222,0.200867,-0.044326,0.326056,1.309280,84.469917,0.000311,2.397709,-0.000030,1.000000,2.383926,-0.000024,1.000000,0.601714,0.600514,0.106642,0.000000,PSF-00578_20260612115949_820,PFA-00612,PSA-00572,PSF-00578,RHS-0697,3.0.0,2022-04-21T19:36:20.491Z,MEASUREMENT_END
PSF-00578_20260612115949_820,11:59:49,2026-06-12,PFA-00612,PSA-00572,PSF-00578,0.000000,0.000000,0.000000,227.825012,84.469917,0.629233,1445.932373,TIME,0.000000,0.010000,0.020000,0.030000,0.040000,0.050000,0.060000,0.070000,0.080000,0.090000,0.100000,0.110000,0.120000,0.130000,0.140000,0.150000,0.160000,0.170000,0.180000,0.190000,0.200000,0.210000,0.220000,0.230000,0.240000,0.250000,0.260000,0.270000,0.280000,0.290000,0.300000,0.310000,0.320000,0.330000,0.340000,0.350000,0.360000,0.370000,0.380000,0.390000,0.400000,0.410000,0.420000,0.430000,0.440000,0.450000,0.460000,0.470000,0.480000,0.490000,0.500000,0.510000,0.520000,0.530000,0.540000,0.550000,0.560000,0.570000,0.580000,0.590000,0.600000,0.610000,0.620000,0.630000,0.640000,0.650000,0.660000,0.670000,0.680000,0.690000,0.700000,0.710000,0.720000,0.730000,0.740000,0.750000,0.760000,0.770000,0.780000,0.790000,0.800000,0.810000,0.820000,0.830000,0.839999,0.849999,0.859999,0.869999,0.879999,0.889999,FLR,146.743652,172.644501,173.423416,174.223068,176.019073,178.896194,182.166702,185.072784,187.312241,188.862915,189.839249,190.335632,190.521591,190.491913,190.313812,190.044525,189.722656,189.348221,188.925858,188.513870,188.072205,187.584396,187.152390,186.721451,186.309464,185.924652,185.544495,185.197952,184.860352,184.505219,184.162613,183.811432,183.161255,182.796829,182.153107,181.473618,181.174637,180.548431,180.253738,179.640778,179.318909,178.674454,178.361893,177.753922,177.111633,176.833038,176.283722,175.691849,175.448303,174.869293,174.273849,173.979523,173.419113,172.809723,172.219269,171.967499,171.454315,170.891403,170.348175,169.753082,176.407104,177.402023,177.760010,177.906281,177.955276,177.968506,177.954559,177.925232,177.899475,177.861572,177.833679,177.786469,177.736404,177.704208,177.679901,177.636261,177.613739,177.595856,177.574753,177.552216,177.525757,177.488571,177.444931,177.417038,177.378418,177.367691,177.368408,177.351593,177.375198,177.347305,PAR,7015.842773,7015.842773,7015.842773,7015.842773,7015.842773,7015.842773,7015.842773,7015.842773,7015.842773,7015.842773,7015.842773,7015.842773,7015.842773,7015.842773,7015.842773,7015.842773,7015.842773,7015.842773,7015.842773,7015.842773,7015.842773,7015.842773,7015.842773,7015.842773,7015.842773,7015.842773,7015.842773,7015.842773,7015.842773,7015.842773,6957.388672,6898.934570,6840.480469,6782.026367,6723.572266,6665.118164,6606.664062,6548.209961,6489.755859,6431.301758,6372.847656,6314.393066,6255.938965,6197.484863,6139.030762,6080.576660,6022.122559,5963.668457,5905.214355,5846.760254,5788.306152,5729.852051,5671.397949,5612.943848,5554.489746,5496.035645,5437.581055,5379.126953,5320.672852,5262.218750,7015.842773,7015.842773,7015.842773,7015.842773,7015.842773,7015.842773,7015.842773,7015.842773,7015.842773,7015.842773,7015.842773,7015.842773,7015.842773,7015.842773,7015.842773,7015.842773,7015.842773,7015.842773,7015.842773,7015.842773,7015.842773,7015.842773,7015.842773,7015.842773,7015.842773,7015.842773,7015.842773,7015.842773,7015.842773,7015.842773,PHASE,1,1,1,1,1,1,1,1,1,1,1,1,1,1,1,1,1,1,1,1,1,1,1,1,1,1,1,1,1,1,2,2,2,2,2,2,2,2,2,2,2,2,2,2,2,2,2,2,2,2,2,2,2,2,2,2,2,2,2,2,3,3,3,3,3,3,3,3,3,3,3,3,3,3,3,3,3,3,3,3,3,3,3,3,3,3,3,3,3,3,FLASH_END
15,12:01:12,2026-06-12,Auto gsw+F,LI-COR Default,,015,,,0.229884,2.917228,0.213092,7.754538,1.420418,1.208691,4.869518,3.449100,12.343028,14.505163,49.727016,0.441786,7.500000,PSF-00578_20260612120112_537,0.000000,0.000000,0.000000,92.307686,163.511093,0.435465,0.5,0.80,314.884033,1.000000,28.53,24.27,32.74,32.35,32.35,97.93,156.1,155.5,0.4,1808,4.015,12:01:01,2026-06-12,-0.24,1,0.001,0.003,0.017,0.086,-0.421,-1.413,1,150,0.005,2.000000,0.058905,0.000000,0.029230,0.000000,0.000000,-0.000068,standard,0,mpf,7000,500,5.000000,2.000000,300,300,300,146.865601,25,-11.467175,145.990494,147.166412,-1.175919,2.438607,2.430722,1.643138,0.931099,0.200818,-0.004473,0.333879,1.617162,92.307686,0.000294,2.397709,-0.000030,1.000000,2.383926,-0.000024,1.000000,0.601714,0.600514,0.106642,0.000000,PSF-00578_20260612120112_537,PFA-00612,PSA-00572,PSF-00578,RHS-0697,3.0.0,2022-04-21T19:36:20.491Z,MEASUREMENT_END
PSF-00578_20260612120112_537,12:01:12,2026-06-12,PFA-00612,PSA-00572,PSF-00578,0.000000,0.000000,0.000000,163.511093,92.307686,0.435465,1814.396362,TIME,0.000000,0.010000,0.020000,0.030000,0.040000,0.050000,0.060000,0.070000,0.080000,0.090000,0.100000,0.110000,0.120000,0.130000,0.140000,0.150000,0.160000,0.170000,0.180000,0.190000,0.200000,0.210000,0.220000,0.230000,0.240000,0.250000,0.260000,0.270000,0.280000,0.290000,0.300000,0.310000,0.320000,0.330000,0.340000,0.350000,0.360000,0.370000,0.380000,0.390000,0.400000,0.410000,0.420000,0.430000,0.440000,0.450000,0.460000,0.470000,0.480000,0.490000,0.500000,0.510000,0.520000,0.530000,0.540000,0.550000,0.560000,0.570000,0.580000,0.590000,0.600000,0.610000,0.620000,0.630000,0.640000,0.650000,0.660000,0.670000,0.680000,0.690000,0.700000,0.710000,0.720000,0.730000,0.740000,0.750000,0.760000,0.770000,0.780000,0.790000,0.800000,0.810000,0.820000,0.830000,0.839999,0.849999,0.859999,0.869999,0.879999,0.889999,FLR,115.213394,129.687668,136.118530,139.992355,142.352341,143.793579,144.691223,145.274521,145.637863,145.902512,146.106369,146.229736,146.332382,146.402832,146.464355,146.509766,146.556610,146.600250,146.622772,146.665695,146.711823,146.723633,146.741516,146.779053,146.797653,146.814468,146.833069,146.852737,146.863464,146.865601,146.896713,146.902084,146.722549,146.677856,146.457916,146.213654,146.153564,145.922180,145.878906,145.642517,145.593170,145.340317,145.296692,145.060654,144.809601,144.739151,144.502045,144.232758,144.145844,143.905884,143.661255,143.561127,143.321869,143.062943,142.802948,142.690308,142.449982,142.187119,141.904953,141.632797,145.080322,145.685791,145.904663,145.976547,145.990494,145.978333,145.936844,145.897507,145.863174,145.821686,145.807022,145.752304,145.682220,145.642517,145.578140,145.517700,145.455124,145.394684,145.323151,145.276672,145.220871,145.149704,145.099289,145.033844,144.966599,144.912964,144.846802,144.776337,144.691940,144.628647,PAR,7015.842773,7015.842773,7015.842773,7015.842773,7015.842773,7015.842773,7015.842773,7015.842773,7015.842773,7015.842773,7015.842773,7015.842773,7015.842773,7015.842773,7015.842773,7015.842773,7015.842773,7015.842773,7015.842773,7015.842773,7015.842773,7015.842773,7015.842773,7015.842773,7015.842773,7015.842773,7015.842773,7015.842773,7015.842773,7015.842773,6957.388672,6898.934570,6840.480469,6782.026367,6723.572266,6665.118164,6606.664062,6548.209961,6489.755859,6431.301758,6372.847656,6314.393066,6255.938965,6197.484863,6139.030762,6080.576660,6022.122559,5963.668457,5905.214355,5846.760254,5788.306152,5729.852051,5671.397949,5612.943848,5554.489746,5496.035645,5437.581055,5379.126953,5320.672852,5262.218750,7015.842773,7015.842773,7015.842773,7015.842773,7015.842773,7015.842773,7015.842773,7015.842773,7015.842773,7015.842773,7015.842773,7015.842773,7015.842773,7015.842773,7015.842773,7015.842773,7015.842773,7015.842773,7015.842773,7015.842773,7015.842773,7015.842773,7015.842773,7015.842773,7015.842773,7015.842773,7015.842773,7015.842773,7015.842773,7015.842773,PHASE,1,1,1,1,1,1,1,1,1,1,1,1,1,1,1,1,1,1,1,1,1,1,1,1,1,1,1,1,1,1,2,2,2,2,2,2,2,2,2,2,2,2,2,2,2,2,2,2,2,2,2,2,2,2,2,2,2,2,2,2,3,3,3,3,3,3,3,3,3,3,3,3,3,3,3,3,3,3,3,3,3,3,3,3,3,3,3,3,3,3,FLASH_END
16,12:01:39,2026-06-12,Auto gsw+F,LI-COR Default,,016,,,0.372002,2.915854,0.329912,10.733952,1.492300,1.199125,4.579597,3.087297,12.245311,15.239177,46.766258,0.441786,7.500000,PSF-00578_20260612120139_4d4,0.000000,0.000000,0.000000,87.899567,172.364761,0.490038,0.5,0.80,388.919373,1.000000,29.94,24.06,32.76,31.26,31.26,97.93,156.0,155.3,0.4,1984,4.015,12:01:01,2026-06-12,-0.24,1,0.003,-0.001,-9999.000,0.602,0.900,-9999.000,1,150,0.005,2.000000,0.058905,0.000000,0.029230,0.000000,0.000000,-0.000068,standard,0,mpf,7000,500,5.000000,2.000000,300,300,300,150.630005,25,-16.085032,146.947861,149.438034,-2.490173,2.438293,2.432686,1.641737,0.930708,0.200694,-0.017417,0.336320,1.764548,87.899567,0.000303,2.397709,-0.000030,1.000000,2.383926,-0.000024,1.000000,0.601714,0.600514,0.106642,0.000000,PSF-00578_20260612120139_4d4,PFA-00612,PSA-00572,PSF-00578,RHS-0697,3.0.0,2022-04-21T19:36:20.491Z,MEASUREMENT_END
PSF-00578_20260612120139_4d4,12:01:39,2026-06-12,PFA-00612,PSA-00572,PSF-00578,0.000000,0.000000,0.000000,172.364761,87.899567,0.490038,1990.782471,TIME,0.000000,0.010000,0.020000,0.030000,0.040000,0.050000,0.060000,0.070000,0.080000,0.090000,0.100000,0.110000,0.120000,0.130000,0.140000,0.150000,0.160000,0.170000,0.180000,0.190000,0.200000,0.210000,0.220000,0.230000,0.240000,0.250000,0.260000,0.270000,0.280000,0.290000,0.300000,0.310000,0.320000,0.330000,0.340000,0.350000,0.360000,0.370000,0.380000,0.390000,0.400000,0.410000,0.420000,0.430000,0.440000,0.450000,0.460000,0.470000,0.480000,0.490000,0.500000,0.510000,0.520000,0.530000,0.540000,0.550000,0.560000,0.570000,0.580000,0.590000,0.600000,0.610000,0.620000,0.630000,0.640000,0.650000,0.660000,0.670000,0.680000,0.690000,0.700000,0.710000,0.720000,0.730000,0.740000,0.750000,0.760000,0.770000,0.780000,0.790000,0.800000,0.810000,0.820000,0.830000,0.839999,0.849999,0.859999,0.869999,0.879999,0.889999,FLR,116.819855,131.989365,136.874207,139.962677,142.225739,144.106506,145.758026,147.173523,148.324371,149.179108,149.804230,150.194763,150.432938,150.565628,150.630005,150.624634,150.585648,150.520203,150.443314,150.358551,150.279526,150.170090,150.094986,150.002365,149.885056,149.793152,149.698730,149.608612,149.509552,149.428726,149.358627,149.249908,148.960953,148.844727,148.516769,148.156281,148.007507,147.694580,147.546173,147.234680,147.124176,146.784790,146.668198,146.353485,146.017319,145.882843,145.561691,145.230896,145.092484,144.787781,144.436234,144.313217,144.006012,143.674850,143.346542,143.211014,142.901306,142.554764,142.238266,141.905670,145.824554,146.473999,146.757248,146.880264,146.937134,146.947861,146.939270,146.904236,146.851303,146.818756,146.799805,146.720413,146.690369,146.658905,146.618835,146.577362,146.528717,146.476501,146.430374,146.391388,146.331314,146.262283,146.218658,146.154648,146.106003,146.051285,145.999069,145.931122,145.894653,145.828491,PAR,7015.842773,7015.842773,7015.842773,7015.842773,7015.842773,7015.842773,7015.842773,7015.842773,7015.842773,7015.842773,7015.842773,7015.842773,7015.842773,7015.842773,7015.842773,7015.842773,7015.842773,7015.842773,7015.842773,7015.842773,7015.842773,7015.842773,7015.842773,7015.842773,7015.842773,7015.842773,7015.842773,7015.842773,7015.842773,7015.842773,6957.388672,6898.934570,6840.480469,6782.026367,6723.572266,6665.118164,6606.664062,6548.209961,6489.755859,6431.301758,6372.847656,6314.393066,6255.938965,6197.484863,6139.030762,6080.576660,6022.122559,5963.668457,5905.214355,5846.760254,5788.306152,5729.852051,5671.397949,5612.943848,5554.489746,5496.035645,5437.581055,5379.126953,5320.672852,5262.218750,7015.842773,7015.842773,7015.842773,7015.842773,7015.842773,7015.842773,7015.842773,7015.842773,7015.842773,7015.842773,7015.842773,7015.842773,7015.842773,7015.842773,7015.842773,7015.842773,7015.842773,7015.842773,7015.842773,7015.842773,7015.842773,7015.842773,7015.842773,7015.842773,7015.842773,7015.842773,7015.842773,7015.842773,7015.842773,7015.842773,PHASE,1,1,1,1,1,1,1,1,1,1,1,1,1,1,1,1,1,1,1,1,1,1,1,1,1,1,1,1,1,1,2,2,2,2,2,2,2,2,2,2,2,2,2,2,2,2,2,2,2,2,2,2,2,2,2,2,2,2,2,2,3,3,3,3,3,3,3,3,3,3,3,3,3,3,3,3,3,3,3,3,3,3,3,3,3,3,3,3,3,3,FLASH_END
17,12:02:06,2026-06-12,Auto gsw+F,LI-COR Default,,017,,,0.130429,2.916631,0.124846,3.543884,1.442940,1.346155,4.143394,2.700453,13.746621,14.734967,42.311371,0.441786,7.500000,PSF-00578_20260612120206_882,0.000000,0.000000,0.000000,89.729904,269.085083,0.666537,0.5,0.80,366.784698,1.000000,28.94,27.00,32.77,29.52,29.52,97.93,156.1,155.2,0.6,1376,4.014,12:01:01,2026-06-12,-0.24,1,0.001,0.002,-9999.000,-0.091,-0.329,-9999.000,1,150,0.005,2.000000,0.058905,0.000000,0.029230,0.000000,0.000000,-0.000068,standard,0,mpf,7000,500,5.000000,2.000000,300,300,300,223.123672,25,-37.052872,205.260513,216.271942,-11.011429,2.442545,2.431288,1.642528,0.930353,0.200610,-0.037814,0.338865,1.256162,89.729904,0.000311,2.397709,-0.000030,1.000000,2.383926,-0.000024,1.000000,0.601714,0.600514,0.106642,0.000000,PSF-00578_20260612120206_882,PFA-00612,PSA-00572,PSF-00578,RHS-0697,3.0.0,2022-04-21T19:36:20.491Z,MEASUREMENT_END
PSF-00578_20260612120206_882,12:02:06,2026-06-12,PFA-00612,PSA-00572,PSF-00578,0.000000,0.000000,0.000000,269.085083,89.729904,0.666537,1382.361816,TIME,0.000000,0.010000,0.020000,0.030000,0.040000,0.050000,0.060000,0.070000,0.080000,0.090000,0.100000,0.110000,0.120000,0.130000,0.140000,0.150000,0.160000,0.170000,0.180000,0.190000,0.200000,0.210000,0.220000,0.230000,0.240000,0.250000,0.260000,0.270000,0.280000,0.290000,0.300000,0.310000,0.320000,0.330000,0.340000,0.350000,0.360000,0.370000,0.380000,0.390000,0.400000,0.410000,0.420000,0.430000,0.440000,0.450000,0.460000,0.470000,0.480000,0.490000,0.500000,0.510000,0.520000,0.530000,0.540000,0.550000,0.560000,0.570000,0.580000,0.590000,0.600000,0.610000,0.620000,0.630000,0.640000,0.650000,0.660000,0.670000,0.680000,0.690000,0.700000,0.710000,0.720000,0.730000,0.740000,0.750000,0.760000,0.770000,0.780000,0.790000,0.800000,0.810000,0.820000,0.830000,0.839999,0.849999,0.859999,0.869999,0.879999,0.889999,FLR,166.311981,195.854904,196.467880,197.788239,201.176407,206.028702,210.977203,215.163940,218.319656,220.461136,221.873047,222.649094,223.025330,223.123672,223.035339,222.813965,222.462051,222.106216,221.689575,221.268295,220.848434,220.369583,219.917892,219.452972,218.991989,218.546753,218.092209,217.642303,217.212082,216.785431,216.375946,215.936066,215.275528,214.848160,214.157944,213.470581,213.011383,212.320801,211.888794,211.214310,210.816269,210.114594,209.686874,209.030991,208.333252,207.901245,207.245346,206.543320,206.129913,205.460434,204.793808,204.359650,203.708054,203.018906,202.315445,201.901321,201.226120,200.536255,199.824570,199.125763,204.705124,205.181122,205.260513,205.174332,205.002670,204.802750,204.588531,204.377167,204.173691,203.985565,203.804962,203.613998,203.424103,203.274612,203.120117,202.958099,202.823288,202.692032,202.580444,202.467804,202.394135,202.269669,202.189209,202.114456,202.044006,201.986435,201.920990,201.872345,201.823349,201.785095,PAR,7015.842773,7015.842773,7015.842773,7015.842773,7015.842773,7015.842773,7015.842773,7015.842773,7015.842773,7015.842773,7015.842773,7015.842773,7015.842773,7015.842773,7015.842773,7015.842773,7015.842773,7015.842773,7015.842773,7015.842773,7015.842773,7015.842773,7015.842773,7015.842773,7015.842773,7015.842773,7015.842773,7015.842773,7015.842773,7015.842773,6957.388672,6898.934570,6840.480469,6782.026367,6723.572266,6665.118164,6606.664062,6548.209961,6489.755859,6431.301758,6372.847656,6314.393066,6255.938965,6197.484863,6139.030762,6080.576660,6022.122559,5963.668457,5905.214355,5846.760254,5788.306152,5729.852051,5671.397949,5612.943848,5554.489746,5496.035645,5437.581055,5379.126953,5320.672852,5262.218750,7015.842773,7015.842773,7015.842773,7015.842773,7015.842773,7015.842773,7015.842773,7015.842773,7015.842773,7015.842773,7015.842773,7015.842773,7015.842773,7015.842773,7015.842773,7015.842773,7015.842773,7015.842773,7015.842773,7015.842773,7015.842773,7015.842773,7015.842773,7015.842773,7015.842773,7015.842773,7015.842773,7015.842773,7015.842773,7015.842773,PHASE,1,1,1,1,1,1,1,1,1,1,1,1,1,1,1,1,1,1,1,1,1,1,1,1,1,1,1,1,1,1,2,2,2,2,2,2,2,2,2,2,2,2,2,2,2,2,2,2,2,2,2,2,2,2,2,2,2,2,2,2,3,3,3,3,3,3,3,3,3,3,3,3,3,3,3,3,3,3,3,3,3,3,3,3,3,3,3,3,3,3,FLASH_END
18,12:02:53,2026-06-12,Auto gsw+F,LI-COR Default,,018,,,0.117596,2.916597,0.113038,3.687602,1.380918,1.280137,4.480013,3.099095,13.072095,14.101212,45.747559,0.441786,7.500000,PSF-00578_20260612120253_716,0.000000,0.000000,0.000000,106.523041,199.525970,0.466119,0.5,0.80,254.979660,1.000000,27.69,25.67,32.77,30.88,30.88,97.93,156.1,155.3,0.5,1368,4.014,12:01:01,2026-06-12,-0.24,1,-0.000,0.002,-9999.000,-0.332,-1.081,-9999.000,1,150,0.005,2.000000,0.058905,0.000000,0.029230,0.000000,0.000000,-0.000068,standard,0,mpf,7000,500,5.000000,2.000000,300,300,300,184.593201,25,-10.262516,183.850052,184.898346,-1.048294,2.440642,2.429555,1.642493,0.930563,0.200624,-0.022031,0.342975,1.249357,106.523041,0.000297,2.397709,-0.000030,1.000000,2.383926,-0.000024,1.000000,0.601714,0.600514,0.106642,0.000000,PSF-00578_20260612120253_716,PFA-00612,PSA-00572,PSF-00578,RHS-0697,3.0.0,2022-04-21T19:36:20.491Z,MEASUREMENT_END
PSF-00578_20260612120253_716,12:02:53,2026-06-12,PFA-00612,PSA-00572,PSF-00578,0.000000,0.000000,0.000000,199.525970,106.523041,0.466119,1374.217896,TIME,0.000000,0.010000,0.020000,0.030000,0.040000,0.050000,0.060000,0.070000,0.080000,0.090000,0.100000,0.110000,0.120000,0.130000,0.140000,0.150000,0.160000,0.170000,0.180000,0.190000,0.200000,0.210000,0.220000,0.230000,0.240000,0.250000,0.260000,0.270000,0.280000,0.290000,0.300000,0.310000,0.320000,0.330000,0.340000,0.350000,0.360000,0.370000,0.380000,0.390000,0.400000,0.410000,0.420000,0.430000,0.440000,0.450000,0.460000,0.470000,0.480000,0.490000,0.500000,0.510000,0.520000,0.530000,0.540000,0.550000,0.560000,0.570000,0.580000,0.590000,0.600000,0.610000,0.620000,0.630000,0.640000,0.650000,0.660000,0.670000,0.680000,0.690000,0.700000,0.710000,0.720000,0.730000,0.740000,0.750000,0.760000,0.770000,0.780000,0.790000,0.800000,0.810000,0.820000,0.830000,0.839999,0.849999,0.859999,0.869999,0.879999,0.889999,FLR,141.536591,163.339737,171.682114,176.058777,178.567169,180.202606,181.344864,182.166702,182.747131,183.131226,183.429840,183.628326,183.768509,183.874008,183.986313,184.072495,184.125061,184.191940,184.238083,184.293503,184.335358,184.362885,184.385422,184.429413,184.442642,184.488770,184.515961,184.533829,184.575684,184.593201,184.623245,184.611084,184.418320,184.410446,184.227341,184.021713,183.981659,183.779602,183.742401,183.535339,183.516388,183.308243,183.264969,183.064697,182.824020,182.785385,182.573318,182.323700,182.249664,182.022217,181.799774,181.704636,181.489349,181.231140,180.967575,180.893890,180.652145,180.391068,180.116058,179.846405,183.254593,183.703430,183.836456,183.850052,183.825729,183.797485,183.735962,183.695908,183.647995,183.600433,183.556076,183.498856,183.463455,183.386917,183.347229,183.280701,183.241013,183.185928,183.119415,183.067200,183.000320,182.926300,182.872650,182.810074,182.766434,182.701355,182.629822,182.577255,182.521469,182.456726,PAR,7015.842773,7015.842773,7015.842773,7015.842773,7015.842773,7015.842773,7015.842773,7015.842773,7015.842773,7015.842773,7015.842773,7015.842773,7015.842773,7015.842773,7015.842773,7015.842773,7015.842773,7015.842773,7015.842773,7015.842773,7015.842773,7015.842773,7015.842773,7015.842773,7015.842773,7015.842773,7015.842773,7015.842773,7015.842773,7015.842773,6957.388672,6898.934570,6840.480469,6782.026367,6723.572266,6665.118164,6606.664062,6548.209961,6489.755859,6431.301758,6372.847656,6314.393066,6255.938965,6197.484863,6139.030762,6080.576660,6022.122559,5963.668457,5905.214355,5846.760254,5788.306152,5729.852051,5671.397949,5612.943848,5554.489746,5496.035645,5437.581055,5379.126953,5320.672852,5262.218750,7015.842773,7015.842773,7015.842773,7015.842773,7015.842773,7015.842773,7015.842773,7015.842773,7015.842773,7015.842773,7015.842773,7015.842773,7015.842773,7015.842773,7015.842773,7015.842773,7015.842773,7015.842773,7015.842773,7015.842773,7015.842773,7015.842773,7015.842773,7015.842773,7015.842773,7015.842773,7015.842773,7015.842773,7015.842773,7015.842773,PHASE,1,1,1,1,1,1,1,1,1,1,1,1,1,1,1,1,1,1,1,1,1,1,1,1,1,1,1,1,1,1,2,2,2,2,2,2,2,2,2,2,2,2,2,2,2,2,2,2,2,2,2,2,2,2,2,2,2,2,2,2,3,3,3,3,3,3,3,3,3,3,3,3,3,3,3,3,3,3,3,3,3,3,3,3,3,3,3,3,3,3,FLASH_END
19,12:03:20,2026-06-12,Auto gsw+F,LI-COR Default,,019,,,0.284309,2.917234,0.259061,7.594858,1.649467,1.442576,4.431420,2.781953,14.730230,16.842810,45.249508,0.441786,7.500000,PSF-00578_20260612120320_499,0.000000,0.000000,0.000000,94.086884,213.966217,0.560272,0.5,0.80,431.953278,1.000000,33.08,28.93,32.77,30.69,30.69,97.93,156.1,155.2,0.6,1927,4.011,12:01:01,2026-06-12,-0.24,1,-0.002,-0.005,-9999.000,-0.299,-0.494,-9999.000,1,150,0.005,2.000000,0.058905,0.000000,0.029230,0.000000,0.000000,-0.000068,standard,0,mpf,7000,500,5.000000,2.000000,300,300,300,187.777878,25,-20.116146,182.148819,185.293762,-3.144943,2.445303,2.436979,1.643144,0.930342,0.200627,-0.024251,0.345448,1.717166,94.086884,0.000292,2.397709,-0.000030,1.000000,2.383926,-0.000024,1.000000,0.601714,0.600514,0.106642,0.000000,PSF-00578_20260612120320_499,PFA-00612,PSA-00572,PSF-00578,RHS-0697,3.0.0,2022-04-21T19:36:20.491Z,MEASUREMENT_END
PSF-00578_20260612120320_499,12:03:20,2026-06-12,PFA-00612,PSA-00572,PSF-00578,0.000000,0.000000,0.000000,213.966217,94.086884,0.560272,1934.077515,TIME,0.000000,0.010000,0.020000,0.030000,0.040000,0.050000,0.060000,0.070000,0.080000,0.090000,0.100000,0.110000,0.120000,0.130000,0.140000,0.150000,0.160000,0.170000,0.180000,0.190000,0.200000,0.210000,0.220000,0.230000,0.240000,0.250000,0.260000,0.270000,0.280000,0.290000,0.300000,0.310000,0.320000,0.330000,0.340000,0.350000,0.360000,0.370000,0.380000,0.390000,0.400000,0.410000,0.420000,0.430000,0.440000,0.450000,0.460000,0.470000,0.480000,0.490000,0.500000,0.510000,0.520000,0.530000,0.540000,0.550000,0.560000,0.570000,0.580000,0.590000,0.600000,0.610000,0.620000,0.630000,0.640000,0.650000,0.660000,0.670000,0.680000,0.690000,0.700000,0.710000,0.720000,0.730000,0.740000,0.750000,0.760000,0.770000,0.780000,0.790000,0.800000,0.810000,0.820000,0.830000,0.839999,0.849999,0.859999,0.869999,0.879999,0.889999,FLR,140.406494,164.308899,170.224075,173.553940,176.243301,178.951614,181.593414,183.783890,185.404663,186.483627,187.189575,187.554001,187.726730,187.777878,187.747482,187.662720,187.531464,187.366608,187.205673,187.042953,186.895615,186.680313,186.523682,186.347717,186.198242,186.024429,185.857056,185.704712,185.567017,185.405014,185.274475,185.125702,184.743759,184.562439,184.168701,183.731323,183.544998,183.148026,182.934158,182.552933,182.374832,181.954269,181.771881,181.360596,180.927155,180.751556,180.370682,179.963348,179.797058,179.436203,179.034241,178.860062,178.488846,178.078644,177.680252,177.510376,177.150970,176.754349,176.360962,175.984024,180.893188,181.686401,181.976440,182.099457,182.145950,182.148819,182.133438,182.093384,182.080872,182.036880,182.035797,181.992172,181.954620,181.922440,181.893829,181.864136,181.842331,181.805496,181.757935,181.728958,181.718231,181.663513,181.634552,181.615585,181.572678,181.541199,181.530838,181.499008,181.481842,181.457520,PAR,7015.842773,7015.842773,7015.842773,7015.842773,7015.842773,7015.842773,7015.842773,7015.842773,7015.842773,7015.842773,7015.842773,7015.842773,7015.842773,7015.842773,7015.842773,7015.842773,7015.842773,7015.842773,7015.842773,7015.842773,7015.842773,7015.842773,7015.842773,7015.842773,7015.842773,7015.842773,7015.842773,7015.842773,7015.842773,7015.842773,6957.388672,6898.934570,6840.480469,6782.026367,6723.572266,6665.118164,6606.664062,6548.209961,6489.755859,6431.301758,6372.847656,6314.393066,6255.938965,6197.484863,6139.030762,6080.576660,6022.122559,5963.668457,5905.214355,5846.760254,5788.306152,5729.852051,5671.397949,5612.943848,5554.489746,5496.035645,5437.581055,5379.126953,5320.672852,5262.218750,7015.842773,7015.842773,7015.842773,7015.842773,7015.842773,7015.842773,7015.842773,7015.842773,7015.842773,7015.842773,7015.842773,7015.842773,7015.842773,7015.842773,7015.842773,7015.842773,7015.842773,7015.842773,7015.842773,7015.842773,7015.842773,7015.842773,7015.842773,7015.842773,7015.842773,7015.842773,7015.842773,7015.842773,7015.842773,7015.842773,PHASE,1,1,1,1,1,1,1,1,1,1,1,1,1,1,1,1,1,1,1,1,1,1,1,1,1,1,1,1,1,1,2,2,2,2,2,2,2,2,2,2,2,2,2,2,2,2,2,2,2,2,2,2,2,2,2,2,2,2,2,2,3,3,3,3,3,3,3,3,3,3,3,3,3,3,3,3,3,3,3,3,3,3,3,3,3,3,3,3,3,3,FLASH_END
20,12:04:53,2026-06-12,Auto gsw+F,LI-COR Default,,020,,,0.221322,2.915776,0.205708,6.887107,1.454192,1.265992,4.630985,3.176794,12.927689,14.849488,47.289333,0.441786,7.500000,PSF-00578_20260612120453_aab,0.000000,0.000000,0.000000,99.776390,168.552155,0.408038,0.5,0.80,308.834320,1.000000,29.21,25.43,32.74,31.46,31.46,97.93,156.0,155.2,0.5,1892,4.009,12:01:01,2026-06-12,-0.24,1,0.002,0.000,-9999.000,-0.951,-1.586,-9999.000,1,150,0.005,2.000000,0.058905,0.000000,0.029230,0.000000,0.000000,-0.000068,standard,0,mpf,7000,500,5.000000,2.000000,300,300,300,154.522781,25,-9.553840,153.472778,154.934631,-1.461853,2.440289,2.431669,1.641656,0.930477,0.200832,-0.014910,0.353575,1.687722,99.776390,0.000291,2.397709,-0.000030,1.000000,2.383926,-0.000024,1.000000,0.601714,0.600514,0.106642,0.000000,PSF-00578_20260612120453_aab,PFA-00612,PSA-00572,PSF-00578,RHS-0697,3.0.0,2022-04-21T19:36:20.491Z,MEASUREMENT_END
PSF-00578_20260612120453_aab,12:04:53,2026-06-12,PFA-00612,PSA-00572,PSF-00578,0.000000,0.000000,0.000000,168.552155,99.776390,0.408038,1898.840454,TIME,0.000000,0.010000,0.020000,0.030000,0.040000,0.050000,0.060000,0.070000,0.080000,0.090000,0.100000,0.110000,0.120000,0.130000,0.140000,0.150000,0.160000,0.170000,0.180000,0.190000,0.200000,0.210000,0.220000,0.230000,0.240000,0.250000,0.260000,0.270000,0.280000,0.290000,0.300000,0.310000,0.320000,0.330000,0.340000,0.350000,0.360000,0.370000,0.380000,0.390000,0.400000,0.410000,0.420000,0.430000,0.440000,0.450000,0.460000,0.470000,0.480000,0.490000,0.500000,0.510000,0.520000,0.530000,0.540000,0.550000,0.560000,0.570000,0.580000,0.590000,0.600000,0.610000,0.620000,0.630000,0.640000,0.650000,0.660000,0.670000,0.680000,0.690000,0.700000,0.710000,0.720000,0.730000,0.740000,0.750000,0.760000,0.770000,0.780000,0.790000,0.800000,0.810000,0.820000,0.830000,0.839999,0.849999,0.859999,0.869999,0.879999,0.889999,FLR,123.136284,138.232468,144.609329,148.244263,150.275238,151.434662,152.133469,152.580505,152.877686,153.081894,153.263931,153.357986,153.467773,153.564697,153.632278,153.699158,153.769974,153.846497,153.905869,153.983124,154.059296,154.107925,154.164795,154.214142,154.272797,154.331802,154.385803,154.427643,154.480927,154.522781,154.596451,154.615051,154.463776,154.451965,154.292465,154.117233,154.071457,153.909088,153.897278,153.704529,153.667328,153.488876,153.440598,153.259277,153.046494,152.976395,152.784348,152.576920,152.491089,152.285461,152.073029,151.971817,151.750809,151.511551,151.257996,151.174667,150.940414,150.708679,150.467270,150.208710,153.030746,153.401978,153.472778,153.462051,153.401260,153.357620,153.270370,153.187744,153.114075,153.040054,152.962799,152.887695,152.799011,152.718903,152.647736,152.549744,152.473923,152.388809,152.279022,152.209991,152.130249,152.030106,151.935333,151.861313,151.776199,151.680344,151.606323,151.512619,151.400330,151.324509,PAR,7015.842773,7015.842773,7015.842773,7015.842773,7015.842773,7015.842773,7015.842773,7015.842773,7015.842773,7015.842773,7015.842773,7015.842773,7015.842773,7015.842773,7015.842773,7015.842773,7015.842773,7015.842773,7015.842773,7015.842773,7015.842773,7015.842773,7015.842773,7015.842773,7015.842773,7015.842773,7015.842773,7015.842773,7015.842773,7015.842773,6957.388672,6898.934570,6840.480469,6782.026367,6723.572266,6665.118164,6606.664062,6548.209961,6489.755859,6431.301758,6372.847656,6314.393066,6255.938965,6197.484863,6139.030762,6080.576660,6022.122559,5963.668457,5905.214355,5846.760254,5788.306152,5729.852051,5671.397949,5612.943848,5554.489746,5496.035645,5437.581055,5379.126953,5320.672852,5262.218750,7015.842773,7015.842773,7015.842773,7015.842773,7015.842773,7015.842773,7015.842773,7015.842773,7015.842773,7015.842773,7015.842773,7015.842773,7015.842773,7015.842773,7015.842773,7015.842773,7015.842773,7015.842773,7015.842773,7015.842773,7015.842773,7015.842773,7015.842773,7015.842773,7015.842773,7015.842773,7015.842773,7015.842773,7015.842773,7015.842773,PHASE,1,1,1,1,1,1,1,1,1,1,1,1,1,1,1,1,1,1,1,1,1,1,1,1,1,1,1,1,1,1,2,2,2,2,2,2,2,2,2,2,2,2,2,2,2,2,2,2,2,2,2,2,2,2,2,2,2,2,2,2,3,3,3,3,3,3,3,3,3,3,3,3,3,3,3,3,3,3,3,3,3,3,3,3,3,3,3,3,3,3,FLASH_END
21,12:05:30,2026-06-12,Auto gsw+F,LI-COR Default,,021,,,0.274905,2.917231,0.251230,8.061740,1.575634,1.355864,4.618699,3.043065,13.845380,16.089552,47.163746,0.441786,7.500000,PSF-00578_20260612120530_d20,0.000000,0.000000,0.000000,102.950333,164.110489,0.372677,0.5,0.80,290.886261,1.000000,31.65,27.24,32.74,31.41,31.41,97.93,156.1,155.4,0.5,1951,4.009,12:01:01,2026-06-12,-0.24,1,0.003,0.002,-9999.000,-0.975,-2.194,-9999.000,1,150,0.005,2.000000,0.058905,0.000000,0.029230,0.000000,0.000000,-0.000068,standard,0,mpf,7000,500,5.000000,2.000000,300,300,300,152.302261,25,-8.010887,151.803726,152.692200,-0.888474,2.442896,2.435036,1.643141,0.930830,0.200852,-0.015427,0.356810,1.737141,102.950333,0.000293,2.397709,-0.000030,1.000000,2.383926,-0.000024,1.000000,0.601714,0.600514,0.106642,0.000000,PSF-00578_20260612120530_d20,PFA-00612,PSA-00572,PSF-00578,RHS-0697,3.0.0,2022-04-21T19:36:20.491Z,MEASUREMENT_END
PSF-00578_20260612120530_d20,12:05:30,2026-06-12,PFA-00612,PSA-00572,PSF-00578,0.000000,0.000000,0.000000,164.110489,102.950333,0.372677,1957.982910,TIME,0.000000,0.010000,0.020000,0.030000,0.040000,0.050000,0.060000,0.070000,0.080000,0.090000,0.100000,0.110000,0.120000,0.130000,0.140000,0.150000,0.160000,0.170000,0.180000,0.190000,0.200000,0.210000,0.220000,0.230000,0.240000,0.250000,0.260000,0.270000,0.280000,0.290000,0.300000,0.310000,0.320000,0.330000,0.340000,0.350000,0.360000,0.370000,0.380000,0.390000,0.400000,0.410000,0.420000,0.430000,0.440000,0.450000,0.460000,0.470000,0.480000,0.490000,0.500000,0.510000,0.520000,0.530000,0.540000,0.550000,0.560000,0.570000,0.580000,0.590000,0.600000,0.610000,0.620000,0.630000,0.640000,0.650000,0.660000,0.670000,0.680000,0.690000,0.700000,0.710000,0.720000,0.730000,0.740000,0.750000,0.760000,0.770000,0.780000,0.790000,0.800000,0.810000,0.820000,0.830000,0.839999,0.849999,0.859999,0.869999,0.879999,0.889999,FLR,124.603630,137.983566,143.410919,146.502975,148.277161,149.331085,149.945496,150.326370,150.584930,150.769119,150.927902,151.024460,151.138901,151.218292,151.297333,151.386017,151.457901,151.530151,151.601318,151.693222,151.764389,151.821976,151.888489,151.964310,152.021164,152.104141,152.164581,152.211426,152.276520,152.302261,152.359482,152.373795,152.262207,152.284027,152.167801,152.012222,152.000778,151.871323,151.841995,151.700729,151.663177,151.482941,151.461487,151.286957,151.082748,151.054138,150.878189,150.681137,150.648239,150.454041,150.285965,150.202637,150.041336,149.830704,149.625061,149.548523,149.363632,149.149063,148.923752,148.699158,151.343460,151.682495,151.775833,151.803726,151.784058,151.742218,151.684998,151.651733,151.620621,151.548035,151.509399,151.430374,151.353485,151.307343,151.258347,151.193268,151.139618,151.070953,151.011948,150.962234,150.888565,150.822037,150.739792,150.671844,150.617126,150.546310,150.481934,150.409348,150.357483,150.255203,PAR,7015.842773,7015.842773,7015.842773,7015.842773,7015.842773,7015.842773,7015.842773,7015.842773,7015.842773,7015.842773,7015.842773,7015.842773,7015.842773,7015.842773,7015.842773,7015.842773,7015.842773,7015.842773,7015.842773,7015.842773,7015.842773,7015.842773,7015.842773,7015.842773,7015.842773,7015.842773,7015.842773,7015.842773,7015.842773,7015.842773,6957.388672,6898.934570,6840.480469,6782.026367,6723.572266,6665.118164,6606.664062,6548.209961,6489.755859,6431.301758,6372.847656,6314.393066,6255.938965,6197.484863,6139.030762,6080.576660,6022.122559,5963.668457,5905.214355,5846.760254,5788.306152,5729.852051,5671.397949,5612.943848,5554.489746,5496.035645,5437.581055,5379.126953,5320.672852,5262.218750,7015.842773,7015.842773,7015.842773,7015.842773,7015.842773,7015.842773,7015.842773,7015.842773,7015.842773,7015.842773,7015.842773,7015.842773,7015.842773,7015.842773,7015.842773,7015.842773,7015.842773,7015.842773,7015.842773,7015.842773,7015.842773,7015.842773,7015.842773,7015.842773,7015.842773,7015.842773,7015.842773,7015.842773,7015.842773,7015.842773,PHASE,1,1,1,1,1,1,1,1,1,1,1,1,1,1,1,1,1,1,1,1,1,1,1,1,1,1,1,1,1,1,2,2,2,2,2,2,2,2,2,2,2,2,2,2,2,2,2,2,2,2,2,2,2,2,2,2,2,2,2,2,3,3,3,3,3,3,3,3,3,3,3,3,3,3,3,3,3,3,3,3,3,3,3,3,3,3,3,3,3,3,FLASH_END
22,12:05:57,2026-06-12,Auto gsw+F,LI-COR Default,,022,,,0.248915,2.916746,0.229343,8.033489,1.487343,1.268049,4.807538,3.320195,12.948058,15.187271,49.089821,0.441786,7.500000,PSF-00578_20260612120557_272,0.000000,0.000000,0.000000,99.012138,169.563416,0.416076,0.5,0.80,310.846008,1.000000,29.87,25.47,32.74,32.12,32.12,97.93,156.1,155.6,0.3,1868,4.009,12:01:01,2026-06-12,-0.24,1,-0.006,-0.005,0.013,-0.148,-0.524,-1.428,1,150,0.005,2.000000,0.058905,0.000000,0.029230,0.000000,0.000000,-0.000068,standard,0,mpf,7000,500,5.000000,2.000000,300,300,300,156.125305,25,-9.183457,155.848145,156.473816,-0.625671,2.440349,2.432592,1.642646,0.931475,0.200833,-0.007134,0.359033,1.667280,99.012138,0.000304,2.397709,-0.000030,1.000000,2.383926,-0.000024,1.000000,0.601714,0.600514,0.106642,0.000000,PSF-00578_20260612120557_272,PFA-00612,PSA-00572,PSF-00578,RHS-0697,3.0.0,2022-04-21T19:36:20.491Z,MEASUREMENT_END
PSF-00578_20260612120557_272,12:05:57,2026-06-12,PFA-00612,PSA-00572,PSF-00578,0.000000,0.000000,0.000000,169.563416,99.012138,0.416076,1874.375122,TIME,0.000000,0.010000,0.020000,0.030000,0.040000,0.050000,0.060000,0.070000,0.080000,0.090000,0.100000,0.110000,0.120000,0.130000,0.140000,0.150000,0.160000,0.170000,0.180000,0.190000,0.200000,0.210000,0.220000,0.230000,0.240000,0.250000,0.260000,0.270000,0.280000,0.290000,0.300000,0.310000,0.320000,0.330000,0.340000,0.350000,0.360000,0.370000,0.380000,0.390000,0.400000,0.410000,0.420000,0.430000,0.440000,0.450000,0.460000,0.470000,0.480000,0.490000,0.500000,0.510000,0.520000,0.530000,0.540000,0.550000,0.560000,0.570000,0.580000,0.590000,0.600000,0.610000,0.620000,0.630000,0.640000,0.650000,0.660000,0.670000,0.680000,0.690000,0.700000,0.710000,0.720000,0.730000,0.740000,0.750000,0.760000,0.770000,0.780000,0.790000,0.800000,0.810000,0.820000,0.830000,0.839999,0.849999,0.859999,0.869999,0.879999,0.889999,FLR,124.192001,139.943726,146.048431,149.328949,151.208633,152.300842,153.043274,153.558975,153.921600,154.211639,154.458038,154.635788,154.807800,154.942276,155.066727,155.171158,155.257339,155.344254,155.431503,155.512329,155.598160,155.653961,155.741577,155.796646,155.859955,155.931473,155.967239,156.038757,156.065948,156.125305,156.172867,156.194336,156.033401,156.039841,155.867462,155.671478,155.660385,155.481583,155.460114,155.266998,155.258774,155.065292,155.037399,154.840714,154.620773,154.594299,154.401184,154.173737,154.125809,153.920166,153.690216,153.622620,153.411987,153.186325,152.954575,152.876617,152.661316,152.440308,152.186401,151.933548,155.221222,155.668259,155.818817,155.848145,155.843140,155.840988,155.808090,155.781982,155.754807,155.709747,155.692932,155.634995,155.561691,155.522705,155.481583,155.428284,155.388229,155.331375,155.276306,155.219788,155.168655,155.111069,155.033463,154.968384,154.906158,154.841782,154.777054,154.733780,154.657608,154.587509,PAR,7015.842773,7015.842773,7015.842773,7015.842773,7015.842773,7015.842773,7015.842773,7015.842773,7015.842773,7015.842773,7015.842773,7015.842773,7015.842773,7015.842773,7015.842773,7015.842773,7015.842773,7015.842773,7015.842773,7015.842773,7015.842773,7015.842773,7015.842773,7015.842773,7015.842773,7015.842773,7015.842773,7015.842773,7015.842773,7015.842773,6957.388672,6898.934570,6840.480469,6782.026367,6723.572266,6665.118164,6606.664062,6548.209961,6489.755859,6431.301758,6372.847656,6314.393066,6255.938965,6197.484863,6139.030762,6080.576660,6022.122559,5963.668457,5905.214355,5846.760254,5788.306152,5729.852051,5671.397949,5612.943848,5554.489746,5496.035645,5437.581055,5379.126953,5320.672852,5262.218750,7015.842773,7015.842773,7015.842773,7015.842773,7015.842773,7015.842773,7015.842773,7015.842773,7015.842773,7015.842773,7015.842773,7015.842773,7015.842773,7015.842773,7015.842773,7015.842773,7015.842773,7015.842773,7015.842773,7015.842773,7015.842773,7015.842773,7015.842773,7015.842773,7015.842773,7015.842773,7015.842773,7015.842773,7015.842773,7015.842773,PHASE,1,1,1,1,1,1,1,1,1,1,1,1,1,1,1,1,1,1,1,1,1,1,1,1,1,1,1,1,1,1,2,2,2,2,2,2,2,2,2,2,2,2,2,2,2,2,2,2,2,2,2,2,2,2,2,2,2,2,2,2,3,3,3,3,3,3,3,3,3,3,3,3,3,3,3,3,3,3,3,3,3,3,3,3,3,3,3,3,3,3,FLASH_END
23,12:06:42,2026-06-12,Auto gsw+F,LI-COR Default,,023,,,0.277457,2.915689,0.253348,6.660743,1.467063,1.285069,3.970099,2.503036,13.123097,14.981609,40.542557,0.441786,7.500000,PSF-00578_20260612120642_33f,0.000000,0.000000,0.000000,85.122940,213.993942,0.602218,0.5,0.80,404.024902,1.000000,29.42,25.77,32.77,28.78,28.78,97.92,156.0,155.3,0.4,1677,4.008,12:01:01,2026-06-12,-0.24,1,-0.005,-0.003,0.010,0.217,0.337,1.089,1,150,0.005,2.000000,0.058905,0.000000,0.029230,0.000000,0.000000,-0.000068,standard,0,mpf,7000,500,5.000000,2.000000,300,300,300,175.284149,25,-30.244810,162.592651,170.884644,-8.291992,2.440782,2.431960,1.641568,0.930709,0.200613,-0.046268,0.362405,1.508112,85.122940,0.000311,2.397709,-0.000030,1.000000,2.383926,-0.000024,1.000000,0.601714,0.600514,0.106642,0.000000,PSF-00578_20260612120642_33f,PFA-00612,PSA-00572,PSF-00578,RHS-0697,3.0.0,2022-04-21T19:36:20.491Z,MEASUREMENT_END
PSF-00578_20260612120642_33f,12:06:42,2026-06-12,PFA-00612,PSA-00572,PSF-00578,0.000000,0.000000,0.000000,213.993942,85.122940,0.602218,1683.888672,TIME,0.000000,0.010000,0.020000,0.030000,0.040000,0.050000,0.060000,0.070000,0.080000,0.090000,0.100000,0.110000,0.120000,0.130000,0.140000,0.150000,0.160000,0.170000,0.180000,0.190000,0.200000,0.210000,0.220000,0.230000,0.240000,0.250000,0.260000,0.270000,0.280000,0.290000,0.300000,0.310000,0.320000,0.330000,0.340000,0.350000,0.360000,0.370000,0.380000,0.390000,0.400000,0.410000,0.420000,0.430000,0.440000,0.450000,0.460000,0.470000,0.480000,0.490000,0.500000,0.510000,0.520000,0.530000,0.540000,0.550000,0.560000,0.570000,0.580000,0.590000,0.600000,0.610000,0.620000,0.630000,0.640000,0.650000,0.660000,0.670000,0.680000,0.690000,0.700000,0.710000,0.720000,0.730000,0.740000,0.750000,0.760000,0.770000,0.780000,0.790000,0.800000,0.810000,0.820000,0.830000,0.839999,0.849999,0.859999,0.869999,0.879999,0.889999,FLR,137.436035,155.167938,153.765686,153.746719,155.603165,158.935196,162.697784,166.108841,168.890839,171.035172,172.652359,173.791763,174.540634,174.992676,175.236588,175.284149,175.235504,175.076721,174.878952,174.616455,174.359680,174.021011,173.704498,173.368698,173.026093,172.689560,172.329422,171.974655,171.625610,171.304108,170.979385,170.682190,170.104263,169.781326,169.200897,168.597931,168.239944,167.650223,167.307251,166.730042,166.398880,165.831329,165.511246,164.945847,164.360764,164.027100,163.466339,162.903778,162.565109,162.005432,161.461823,161.150330,160.619980,160.067078,159.491302,159.194473,158.634430,158.075089,157.512543,156.947845,161.938904,162.389160,162.578339,162.592651,162.571899,162.479645,162.360199,162.228226,162.091614,161.960358,161.853439,161.724335,161.605240,161.499374,161.364563,161.241180,161.078461,160.933609,160.797714,160.675766,160.578125,160.458328,160.369995,160.266998,160.166504,160.050629,159.959793,159.859650,159.752014,159.663315,PAR,7015.842773,7015.842773,7015.842773,7015.842773,7015.842773,7015.842773,7015.842773,7015.842773,7015.842773,7015.842773,7015.842773,7015.842773,7015.842773,7015.842773,7015.842773,7015.842773,7015.842773,7015.842773,7015.842773,7015.842773,7015.842773,7015.842773,7015.842773,7015.842773,7015.842773,7015.842773,7015.842773,7015.842773,7015.842773,7015.842773,6957.388672,6898.934570,6840.480469,6782.026367,6723.572266,6665.118164,6606.664062,6548.209961,6489.755859,6431.301758,6372.847656,6314.393066,6255.938965,6197.484863,6139.030762,6080.576660,6022.122559,5963.668457,5905.214355,5846.760254,5788.306152,5729.852051,5671.397949,5612.943848,5554.489746,5496.035645,5437.581055,5379.126953,5320.672852,5262.218750,7015.842773,7015.842773,7015.842773,7015.842773,7015.842773,7015.842773,7015.842773,7015.842773,7015.842773,7015.842773,7015.842773,7015.842773,7015.842773,7015.842773,7015.842773,7015.842773,7015.842773,7015.842773,7015.842773,7015.842773,7015.842773,7015.842773,7015.842773,7015.842773,7015.842773,7015.842773,7015.842773,7015.842773,7015.842773,7015.842773,PHASE,1,1,1,1,1,1,1,1,1,1,1,1,1,1,1,1,1,1,1,1,1,1,1,1,1,1,1,1,1,1,2,2,2,2,2,2,2,2,2,2,2,2,2,2,2,2,2,2,2,2,2,2,2,2,2,2,2,2,2,2,3,3,3,3,3,3,3,3,3,3,3,3,3,3,3,3,3,3,3,3,3,3,3,3,3,3,3,3,3,3,FLASH_END
24,12:07:07,2026-06-12,Auto gsw+F,LI-COR Default,,024,,,0.230200,2.916843,0.213362,5.839814,1.381837,1.222279,3.988555,2.606719,12.481976,14.111388,40.731339,0.441786,7.500000,PSF-00578_20260612120707_824,0.000000,0.000000,0.000000,81.424713,218.374908,0.627133,0.5,0.80,439.834045,1.000000,27.75,24.55,32.74,28.86,28.86,97.92,156.1,155.4,0.5,1753,4.007,12:01:01,2026-06-12,-0.24,1,-0.002,-0.002,-9999.000,0.036,0.100,-9999.000,1,150,0.005,2.000000,0.058905,0.000000,0.029230,0.000000,0.000000,-0.000068,standard,0,mpf,7000,500,5.000000,2.000000,300,300,300,180.024506,25,-30.502428,166.530487,174.898407,-8.367920,2.439010,2.429642,1.642744,0.930770,0.200830,-0.045027,0.364611,1.571712,81.424713,0.000303,2.397709,-0.000030,1.000000,2.383926,-0.000024,1.000000,0.601714,0.600514,0.106642,0.000000,PSF-00578_20260612120707_824,PFA-00612,PSA-00572,PSF-00578,RHS-0697,3.0.0,2022-04-21T19:36:20.491Z,MEASUREMENT_END
PSF-00578_20260612120707_824,12:07:07,2026-06-12,PFA-00612,PSA-00572,PSF-00578,0.000000,0.000000,0.000000,218.374908,81.424713,0.627133,1760.002930,TIME,0.000000,0.010000,0.020000,0.030000,0.040000,0.050000,0.060000,0.070000,0.080000,0.090000,0.100000,0.110000,0.120000,0.130000,0.140000,0.150000,0.160000,0.170000,0.180000,0.190000,0.200000,0.210000,0.220000,0.230000,0.240000,0.250000,0.260000,0.270000,0.280000,0.290000,0.300000,0.310000,0.320000,0.330000,0.340000,0.350000,0.360000,0.370000,0.380000,0.390000,0.400000,0.410000,0.420000,0.430000,0.440000,0.450000,0.460000,0.470000,0.480000,0.490000,0.500000,0.510000,0.520000,0.530000,0.540000,0.550000,0.560000,0.570000,0.580000,0.590000,0.600000,0.610000,0.620000,0.630000,0.640000,0.650000,0.660000,0.670000,0.680000,0.690000,0.700000,0.710000,0.720000,0.730000,0.740000,0.750000,0.760000,0.770000,0.780000,0.790000,0.800000,0.810000,0.820000,0.830000,0.839999,0.849999,0.859999,0.869999,0.879999,0.889999,FLR,140.114670,159.107925,157.128098,157.152420,159.519547,163.626556,167.974945,171.689987,174.547791,176.629181,178.099030,179.058548,179.641479,179.940826,180.024506,179.979446,179.788834,179.553513,179.260971,178.942322,178.620102,178.245300,177.885178,177.519318,177.142029,176.777603,176.416748,176.057343,175.697922,175.354248,175.021286,174.681183,174.110413,173.763153,173.191315,172.587631,172.236084,171.644928,171.303391,170.720459,170.405746,169.822098,169.462326,168.889404,168.300385,167.968155,167.418839,166.831253,166.518692,165.966507,165.400024,165.087097,164.524551,163.965576,163.394806,163.097977,162.557251,161.990768,161.424637,160.849213,165.980103,166.370987,166.530487,166.521912,166.437500,166.331299,166.190750,166.034103,165.893906,165.737991,165.597794,165.434006,165.288086,165.148621,165.024521,164.892197,164.739487,164.620392,164.499878,164.380783,164.273499,164.163712,164.036041,163.943771,163.822525,163.730621,163.622971,163.517838,163.423065,163.326508,PAR,7015.842773,7015.842773,7015.842773,7015.842773,7015.842773,7015.842773,7015.842773,7015.842773,7015.842773,7015.842773,7015.842773,7015.842773,7015.842773,7015.842773,7015.842773,7015.842773,7015.842773,7015.842773,7015.842773,7015.842773,7015.842773,7015.842773,7015.842773,7015.842773,7015.842773,7015.842773,7015.842773,7015.842773,7015.842773,7015.842773,6957.388672,6898.934570,6840.480469,6782.026367,6723.572266,6665.118164,6606.664062,6548.209961,6489.755859,6431.301758,6372.847656,6314.393066,6255.938965,6197.484863,6139.030762,6080.576660,6022.122559,5963.668457,5905.214355,5846.760254,5788.306152,5729.852051,5671.397949,5612.943848,5554.489746,5496.035645,5437.581055,5379.126953,5320.672852,5262.218750,7015.842773,7015.842773,7015.842773,7015.842773,7015.842773,7015.842773,7015.842773,7015.842773,7015.842773,7015.842773,7015.842773,7015.842773,7015.842773,7015.842773,7015.842773,7015.842773,7015.842773,7015.842773,7015.842773,7015.842773,7015.842773,7015.842773,7015.842773,7015.842773,7015.842773,7015.842773,7015.842773,7015.842773,7015.842773,7015.842773,PHASE,1,1,1,1,1,1,1,1,1,1,1,1,1,1,1,1,1,1,1,1,1,1,1,1,1,1,1,1,1,1,2,2,2,2,2,2,2,2,2,2,2,2,2,2,2,2,2,2,2,2,2,2,2,2,2,2,2,2,2,2,3,3,3,3,3,3,3,3,3,3,3,3,3,3,3,3,3,3,3,3,3,3,3,3,3,3,3,3,3,3,FLASH_END
25,12:07:32,2026-06-12,Auto gsw+F,LI-COR Default,,025,,,0.201561,2.917169,0.188535,6.711370,1.433105,1.249869,4.808033,3.374928,12.763078,14.634196,49.097385,0.441786,7.500000,PSF-00578_20260612120732_eb0,0.000000,0.000000,0.000000,99.848625,153.569000,0.349813,0.5,0.80,303.964417,1.000000,28.81,25.13,32.72,32.12,32.12,97.93,156.1,155.3,0.5,2172,4.004,12:01:01,2026-06-12,-0.24,1,0.002,0.000,-9999.000,-1.186,-2.690,-9999.000,1,150,0.005,2.000000,0.058905,0.000000,0.029230,0.000000,0.000000,-0.000068,standard,0,mpf,7000,500,5.000000,2.000000,300,300,300,140.695816,25,-8.750734,139.543182,141.096176,-1.552994,2.439852,2.431118,1.643078,0.930630,0.200954,-0.006930,0.366648,1.921810,99.848625,0.000292,2.397709,-0.000030,1.000000,2.383926,-0.000024,1.000000,0.601714,0.600514,0.106642,0.000000,PSF-00578_20260612120732_eb0,PFA-00612,PSA-00572,PSF-00578,RHS-0697,3.0.0,2022-04-21T19:36:20.491Z,MEASUREMENT_END
PSF-00578_20260612120732_eb0,12:07:32,2026-06-12,PFA-00612,PSA-00572,PSF-00578,0.000000,0.000000,0.000000,153.569000,99.848625,0.349813,2178.989014,TIME,0.000000,0.010000,0.020000,0.030000,0.040000,0.050000,0.060000,0.070000,0.080000,0.090000,0.100000,0.110000,0.120000,0.130000,0.140000,0.150000,0.160000,0.170000,0.180000,0.190000,0.200000,0.210000,0.220000,0.230000,0.240000,0.250000,0.260000,0.270000,0.280000,0.290000,0.300000,0.310000,0.320000,0.330000,0.340000,0.350000,0.360000,0.370000,0.380000,0.390000,0.400000,0.410000,0.420000,0.430000,0.440000,0.450000,0.460000,0.470000,0.480000,0.490000,0.500000,0.510000,0.520000,0.530000,0.540000,0.550000,0.560000,0.570000,0.580000,0.590000,0.600000,0.610000,0.620000,0.630000,0.640000,0.650000,0.660000,0.670000,0.680000,0.690000,0.700000,0.710000,0.720000,0.730000,0.740000,0.750000,0.760000,0.770000,0.780000,0.790000,0.800000,0.810000,0.820000,0.830000,0.839999,0.849999,0.859999,0.869999,0.879999,0.889999,FLR,117.295143,127.603058,131.786942,134.434097,136.161453,137.261505,138.009308,138.520004,138.877274,139.167664,139.370438,139.516708,139.649033,139.754532,139.859314,139.963028,140.020615,140.094284,140.158295,140.227676,140.304214,140.365356,140.425446,140.472290,140.504486,140.547394,140.594604,140.620346,140.661118,140.695816,140.748734,140.773422,140.658615,140.657181,140.520569,140.338181,140.311356,140.170105,140.138275,139.982697,139.948013,139.785645,139.738083,139.563568,139.365799,139.299271,139.136200,138.948090,138.848663,138.677353,138.463501,138.388031,138.191696,137.978546,137.765045,137.656326,137.435669,137.188553,136.976120,136.760117,139.092926,139.466278,139.543182,139.542816,139.517075,139.457352,139.378311,139.300354,139.232758,139.164444,139.106506,139.036423,138.933777,138.861176,138.774994,138.681656,138.591888,138.489609,138.400192,138.307571,138.227814,138.138062,138.047211,137.943146,137.845871,137.735016,137.627365,137.536530,137.423874,137.324814,PAR,7015.842773,7015.842773,7015.842773,7015.842773,7015.842773,7015.842773,7015.842773,7015.842773,7015.842773,7015.842773,7015.842773,7015.842773,7015.842773,7015.842773,7015.842773,7015.842773,7015.842773,7015.842773,7015.842773,7015.842773,7015.842773,7015.842773,7015.842773,7015.842773,7015.842773,7015.842773,7015.842773,7015.842773,7015.842773,7015.842773,6957.388672,6898.934570,6840.480469,6782.026367,6723.572266,6665.118164,6606.664062,6548.209961,6489.755859,6431.301758,6372.847656,6314.393066,6255.938965,6197.484863,6139.030762,6080.576660,6022.122559,5963.668457,5905.214355,5846.760254,5788.306152,5729.852051,5671.397949,5612.943848,5554.489746,5496.035645,5437.581055,5379.126953,5320.672852,5262.218750,7015.842773,7015.842773,7015.842773,7015.842773,7015.842773,7015.842773,7015.842773,7015.842773,7015.842773,7015.842773,7015.842773,7015.842773,7015.842773,7015.842773,7015.842773,7015.842773,7015.842773,7015.842773,7015.842773,7015.842773,7015.842773,7015.842773,7015.842773,7015.842773,7015.842773,7015.842773,7015.842773,7015.842773,7015.842773,7015.842773,PHASE,1,1,1,1,1,1,1,1,1,1,1,1,1,1,1,1,1,1,1,1,1,1,1,1,1,1,1,1,1,1,2,2,2,2,2,2,2,2,2,2,2,2,2,2,2,2,2,2,2,2,2,2,2,2,2,2,2,2,2,2,3,3,3,3,3,3,3,3,3,3,3,3,3,3,3,3,3,3,3,3,3,3,3,3,3,3,3,3,3,3,FLASH_END
26,12:09:42,2026-06-12,Auto gsw+F,LI-COR Default,,026,,,0.182910,2.916188,0.172114,5.853295,1.339602,1.179515,4.569493,3.229891,12.044657,13.679390,46.661522,0.441786,7.500000,PSF-00578_20260612120942_074,0.000000,0.000000,0.000000,119.077209,192.671143,0.381967,0.5,0.80,305.527496,1.000000,27.08,23.85,32.62,31.22,31.22,97.93,156.0,155.5,0.3,2000,4.003,12:01:01,2026-06-12,-0.24,1,0.002,-0.000,-9999.000,-2.020,-3.347,-9999.000,1,150,0.005,2.000000,0.058905,0.000000,0.029230,0.000000,0.000000,-0.000068,standard,0,mpf,7000,500,5.000000,2.000000,300,300,300,178.052185,25,-10.024152,177.005768,178.383270,-1.377502,2.437994,2.428714,1.642076,0.931256,0.201754,-0.016272,0.377760,1.777557,119.077209,0.000301,2.397709,-0.000030,1.000000,2.383926,-0.000024,1.000000,0.601714,0.600514,0.106642,0.000000,PSF-00578_20260612120942_074,PFA-00612,PSA-00572,PSF-00578,RHS-0697,3.0.0,2022-04-21T19:36:20.491Z,MEASUREMENT_END
PSF-00578_20260612120942_074,12:09:42,2026-06-12,PFA-00612,PSA-00572,PSF-00578,0.000000,0.000000,0.000000,192.671143,119.077209,0.381967,2006.352295,TIME,0.000000,0.010000,0.020000,0.030000,0.040000,0.050000,0.060000,0.070000,0.080000,0.090000,0.100000,0.110000,0.120000,0.130000,0.140000,0.150000,0.160000,0.170000,0.180000,0.190000,0.200000,0.210000,0.220000,0.230000,0.240000,0.250000,0.260000,0.270000,0.280000,0.290000,0.300000,0.310000,0.320000,0.330000,0.340000,0.350000,0.360000,0.370000,0.380000,0.390000,0.400000,0.410000,0.420000,0.430000,0.440000,0.450000,0.460000,0.470000,0.480000,0.490000,0.500000,0.510000,0.520000,0.530000,0.540000,0.550000,0.560000,0.570000,0.580000,0.590000,0.600000,0.610000,0.620000,0.630000,0.640000,0.650000,0.660000,0.670000,0.680000,0.690000,0.700000,0.710000,0.720000,0.730000,0.740000,0.750000,0.760000,0.770000,0.780000,0.790000,0.800000,0.810000,0.820000,0.830000,0.839999,0.849999,0.859999,0.869999,0.879999,0.889999,FLR,146.457199,165.096756,171.588425,174.438721,175.744766,176.396729,176.765091,177.001114,177.157043,177.232864,177.350525,177.388077,177.438492,177.497147,177.535065,177.573685,177.617676,177.659149,177.689911,177.721375,177.767151,177.789688,177.815430,177.854065,177.871948,177.913071,177.938812,177.966354,178.022858,178.052185,178.082947,178.076508,177.931305,177.898758,177.721024,177.527542,177.467102,177.297241,177.273636,177.079086,177.059418,176.843048,176.793335,176.587708,176.364899,176.308029,176.104904,175.873154,175.798416,175.578827,175.361755,175.270203,175.040253,174.824234,174.548508,174.465179,174.219849,173.962357,173.714874,173.443085,176.581268,176.965363,177.005768,176.985382,176.932098,176.868790,176.804428,176.751495,176.672821,176.604156,176.552292,176.466110,176.385284,176.316254,176.235794,176.162842,176.100616,176.049118,175.955063,175.889969,175.819519,175.743347,175.647491,175.585266,175.506241,175.429352,175.366394,175.289505,175.193665,175.125366,PAR,7015.842773,7015.842773,7015.842773,7015.842773,7015.842773,7015.842773,7015.842773,7015.842773,7015.842773,7015.842773,7015.842773,7015.842773,7015.842773,7015.842773,7015.842773,7015.842773,7015.842773,7015.842773,7015.842773,7015.842773,7015.842773,7015.842773,7015.842773,7015.842773,7015.842773,7015.842773,7015.842773,7015.842773,7015.842773,7015.842773,6957.388672,6898.934570,6840.480469,6782.026367,6723.572266,6665.118164,6606.664062,6548.209961,6489.755859,6431.301758,6372.847656,6314.393066,6255.938965,6197.484863,6139.030762,6080.576660,6022.122559,5963.668457,5905.214355,5846.760254,5788.306152,5729.852051,5671.397949,5612.943848,5554.489746,5496.035645,5437.581055,5379.126953,5320.672852,5262.218750,7015.842773,7015.842773,7015.842773,7015.842773,7015.842773,7015.842773,7015.842773,7015.842773,7015.842773,7015.842773,7015.842773,7015.842773,7015.842773,7015.842773,7015.842773,7015.842773,7015.842773,7015.842773,7015.842773,7015.842773,7015.842773,7015.842773,7015.842773,7015.842773,7015.842773,7015.842773,7015.842773,7015.842773,7015.842773,7015.842773,PHASE,1,1,1,1,1,1,1,1,1,1,1,1,1,1,1,1,1,1,1,1,1,1,1,1,1,1,1,1,1,1,2,2,2,2,2,2,2,2,2,2,2,2,2,2,2,2,2,2,2,2,2,2,2,2,2,2,2,2,2,2,3,3,3,3,3,3,3,3,3,3,3,3,3,3,3,3,3,3,3,3,3,3,3,3,3,3,3,3,3,3,FLASH_END
27,12:10:13,2026-06-12,Auto gsw+F,LI-COR Default,,027,,,0.058175,2.916805,0.057037,2.191154,1.390618,1.330748,5.029563,3.638945,13.588212,14.199548,51.356663,0.441786,7.500000,PSF-00578_20260612121013_406,0.000000,0.000000,0.000000,143.402344,220.170181,0.348675,0.5,0.80,45.411629,1.000000,28.24,27.02,32.55,32.92,32.92,97.93,156.1,154.8,0.8,326,4.003,12:01:01,2026-06-12,-0.24,1,-0.001,-0.003,0.002,-0.691,-1.510,25.417,1,150,0.005,2.000000,0.058905,0.000000,0.029230,0.000000,0.000000,-0.000068,standard,0,mpf,7000,500,5.000000,2.000000,300,300,300,208.385468,25,-8.128236,207.758545,208.584641,-0.826096,2.442611,2.430341,1.642706,0.929335,0.202358,0.004675,0.380154,0.378709,143.402344,0.000300,2.397709,-0.000030,1.000000,2.383926,-0.000024,1.000000,0.601714,0.600514,0.106642,0.000000,PSF-00578_20260612121013_406,PFA-00612,PSA-00572,PSF-00578,RHS-0697,3.0.0,2022-04-21T19:36:20.491Z,MEASUREMENT_END
PSF-00578_20260612121013_406,12:10:13,2026-06-12,PFA-00612,PSA-00572,PSF-00578,0.000000,0.000000,0.000000,220.170181,143.402344,0.348675,332.253113,TIME,0.000000,0.010000,0.020000,0.030000,0.040000,0.050000,0.060000,0.070000,0.080000,0.090000,0.100000,0.110000,0.120000,0.130000,0.140000,0.150000,0.160000,0.170000,0.180000,0.190000,0.200000,0.210000,0.220000,0.230000,0.240000,0.250000,0.260000,0.270000,0.280000,0.290000,0.300000,0.310000,0.320000,0.330000,0.340000,0.350000,0.360000,0.370000,0.380000,0.390000,0.400000,0.410000,0.420000,0.430000,0.440000,0.450000,0.460000,0.470000,0.480000,0.490000,0.500000,0.510000,0.520000,0.530000,0.540000,0.550000,0.560000,0.570000,0.580000,0.590000,0.600000,0.610000,0.620000,0.630000,0.640000,0.650000,0.660000,0.670000,0.680000,0.690000,0.700000,0.710000,0.720000,0.730000,0.740000,0.750000,0.760000,0.770000,0.780000,0.790000,0.800000,0.810000,0.820000,0.830000,0.839999,0.849999,0.859999,0.869999,0.879999,0.889999,FLR,178.130157,198.180557,202.982788,204.968689,206.174255,206.970337,207.508560,207.825775,208.031418,208.158737,208.245270,208.267090,208.278183,208.313232,208.307144,208.317154,208.303574,208.311081,208.320023,208.340759,208.330399,208.322525,208.331116,208.338257,208.360794,208.363647,208.382599,208.371155,208.385468,208.362930,208.380814,208.370087,208.222031,208.185196,208.060028,207.894089,207.862259,207.717773,207.687729,207.530380,207.495331,207.326538,207.268951,207.114456,206.922409,206.881287,206.716415,206.536530,206.465363,206.292633,206.124191,206.048721,205.880997,205.667145,205.466873,205.407852,205.217957,205.016251,204.832077,204.634674,207.246780,207.704895,207.758545,207.729584,207.726364,207.675583,207.634811,207.598328,207.577942,207.535736,207.527512,207.465286,207.432739,207.387329,207.330109,207.296127,207.257156,207.211731,207.173111,207.129486,207.105164,207.040787,207.006454,206.954605,206.920975,206.867340,206.821564,206.770782,206.725723,206.687088,PAR,7015.842773,7015.842773,7015.842773,7015.842773,7015.842773,7015.842773,7015.842773,7015.842773,7015.842773,7015.842773,7015.842773,7015.842773,7015.842773,7015.842773,7015.842773,7015.842773,7015.842773,7015.842773,7015.842773,7015.842773,7015.842773,7015.842773,7015.842773,7015.842773,7015.842773,7015.842773,7015.842773,7015.842773,7015.842773,7015.842773,6957.388672,6898.934570,6840.480469,6782.026367,6723.572266,6665.118164,6606.664062,6548.209961,6489.755859,6431.301758,6372.847656,6314.393066,6255.938965,6197.484863,6139.030762,6080.576660,6022.122559,5963.668457,5905.214355,5846.760254,5788.306152,5729.852051,5671.397949,5612.943848,5554.489746,5496.035645,5437.581055,5379.126953,5320.672852,5262.218750,7015.842773,7015.842773,7015.842773,7015.842773,7015.842773,7015.842773,7015.842773,7015.842773,7015.842773,7015.842773,7015.842773,7015.842773,7015.842773,7015.842773,7015.842773,7015.842773,7015.842773,7015.842773,7015.842773,7015.842773,7015.842773,7015.842773,7015.842773,7015.842773,7015.842773,7015.842773,7015.842773,7015.842773,7015.842773,7015.842773,PHASE,1,1,1,1,1,1,1,1,1,1,1,1,1,1,1,1,1,1,1,1,1,1,1,1,1,1,1,1,1,1,2,2,2,2,2,2,2,2,2,2,2,2,2,2,2,2,2,2,2,2,2,2,2,2,2,2,2,2,2,2,3,3,3,3,3,3,3,3,3,3,3,3,3,3,3,3,3,3,3,3,3,3,3,3,3,3,3,3,3,3,FLASH_END
28,12:10:42,2026-06-12,Auto gsw+F,LI-COR Default,,028,,,0.239930,2.917290,0.221697,7.692278,1.469240,1.259325,4.758986,3.289746,12.859832,15.003419,48.597275,0.441786,7.500000,PSF-00578_20260612121042_ce4,0.000000,0.000000,0.000000,101.284859,155.798660,0.349899,0.5,0.80,284.548553,1.000000,29.92,25.64,32.50,31.94,31.94,97.93,156.2,155.3,0.5,2033,3.999,12:01:01,2026-06-12,-0.24,1,-0.004,-0.000,-9999.000,-0.747,-1.736,-9999.000,1,150,0.005,2.000000,0.058905,0.000000,0.029230,0.000000,0.000000,-0.000068,standard,0,mpf,7000,500,5.000000,2.000000,300,300,300,143.072601,25,-8.753485,141.908890,143.321915,-1.413025,2.440630,2.432684,1.643201,0.930674,0.202756,-0.006358,0.382411,1.805446,101.284859,0.000300,2.397709,-0.000030,1.000000,2.383926,-0.000024,1.000000,0.601714,0.600514,0.106642,0.000000,PSF-00578_20260612121042_ce4,PFA-00612,PSA-00572,PSF-00578,RHS-0697,3.0.0,2022-04-21T19:36:20.491Z,MEASUREMENT_END
PSF-00578_20260612121042_ce4,12:10:42,2026-06-12,PFA-00612,PSA-00572,PSF-00578,0.000000,0.000000,0.000000,155.798660,101.284859,0.349899,2039.727905,TIME,0.000000,0.010000,0.020000,0.030000,0.040000,0.050000,0.060000,0.070000,0.080000,0.090000,0.100000,0.110000,0.120000,0.130000,0.140000,0.150000,0.160000,0.170000,0.180000,0.190000,0.200000,0.210000,0.220000,0.230000,0.240000,0.250000,0.260000,0.270000,0.280000,0.290000,0.300000,0.310000,0.320000,0.330000,0.340000,0.350000,0.360000,0.370000,0.380000,0.390000,0.400000,0.410000,0.420000,0.430000,0.440000,0.450000,0.460000,0.470000,0.480000,0.490000,0.500000,0.510000,0.520000,0.530000,0.540000,0.550000,0.560000,0.570000,0.580000,0.590000,0.600000,0.610000,0.620000,0.630000,0.640000,0.650000,0.660000,0.670000,0.680000,0.690000,0.700000,0.710000,0.720000,0.730000,0.740000,0.750000,0.760000,0.770000,0.780000,0.790000,0.800000,0.810000,0.820000,0.830000,0.839999,0.849999,0.859999,0.869999,0.879999,0.889999,FLR,120.171188,131.221893,135.478378,137.944214,139.455551,140.410065,141.039490,141.467575,141.779419,142.013306,142.189621,142.321594,142.424591,142.517563,142.583008,142.650604,142.719986,142.761108,142.793655,142.837280,142.873413,142.903091,142.934204,142.967819,142.988556,143.014313,143.033264,143.038986,143.050797,143.072601,143.092636,143.087982,142.935638,142.906311,142.765762,142.584442,142.551544,142.396683,142.342331,142.170670,142.144562,141.959671,141.905304,141.742584,141.553040,141.484375,141.311996,141.100647,141.032333,140.860321,140.661835,140.578156,140.403275,140.193695,139.972687,139.885788,139.695526,139.498474,139.274597,139.074677,141.445404,141.803024,141.905670,141.908890,141.880630,141.862396,141.826630,141.772629,141.725418,141.673203,141.631729,141.553040,141.500473,141.423218,141.349197,141.282318,141.220444,141.147141,141.087769,141.017670,140.956528,140.863892,140.807388,140.746597,140.667908,140.580292,140.501266,140.413284,140.337112,140.251282,PAR,7015.842773,7015.842773,7015.842773,7015.842773,7015.842773,7015.842773,7015.842773,7015.842773,7015.842773,7015.842773,7015.842773,7015.842773,7015.842773,7015.842773,7015.842773,7015.842773,7015.842773,7015.842773,7015.842773,7015.842773,7015.842773,7015.842773,7015.842773,7015.842773,7015.842773,7015.842773,7015.842773,7015.842773,7015.842773,7015.842773,6957.388672,6898.934570,6840.480469,6782.026367,6723.572266,6665.118164,6606.664062,6548.209961,6489.755859,6431.301758,6372.847656,6314.393066,6255.938965,6197.484863,6139.030762,6080.576660,6022.122559,5963.668457,5905.214355,5846.760254,5788.306152,5729.852051,5671.397949,5612.943848,5554.489746,5496.035645,5437.581055,5379.126953,5320.672852,5262.218750,7015.842773,7015.842773,7015.842773,7015.842773,7015.842773,7015.842773,7015.842773,7015.842773,7015.842773,7015.842773,7015.842773,7015.842773,7015.842773,7015.842773,7015.842773,7015.842773,7015.842773,7015.842773,7015.842773,7015.842773,7015.842773,7015.842773,7015.842773,7015.842773,7015.842773,7015.842773,7015.842773,7015.842773,7015.842773,7015.842773,PHASE,1,1,1,1,1,1,1,1,1,1,1,1,1,1,1,1,1,1,1,1,1,1,1,1,1,1,1,1,1,1,2,2,2,2,2,2,2,2,2,2,2,2,2,2,2,2,2,2,2,2,2,2,2,2,2,2,2,2,2,2,3,3,3,3,3,3,3,3,3,3,3,3,3,3,3,3,3,3,3,3,3,3,3,3,3,3,3,3,3,3,FLASH_END
29,12:13:14,2026-06-12,Auto gsw+F,LI-COR Default,,029,,,0.062435,2.915010,0.061125,1.958595,1.347998,1.294387,4.393758,3.045760,13.218079,13.765542,44.868374,0.441786,7.500000,PSF-00578_20260612121314_760,0.000000,0.000000,0.000000,83.630203,201.994110,0.585977,0.5,0.80,427.333191,1.000000,27.79,26.69,32.28,30.54,30.54,97.93,155.9,154.6,0.8,1823,3.997,12:13:03,2026-06-12,-0.30,1,-0.002,-0.002,0.009,0.531,1.437,3.331,1,150,0.005,2.000000,0.058905,0.000000,0.029230,0.000000,0.000000,-0.000068,standard,0,mpf,7000,500,5.000000,2.000000,300,300,300,186.892029,25,-11.758713,183.666580,185.233887,-1.567307,2.442163,2.429830,1.640877,0.928942,0.204507,-0.020184,0.394136,1.630048,83.630203,0.000309,2.397709,-0.000030,1.000000,2.383926,-0.000024,1.000000,0.601714,0.600514,0.106642,0.000000,PSF-00578_20260612121314_760,PFA-00612,PSA-00572,PSF-00578,RHS-0697,3.0.0,2022-04-21T19:36:20.491Z,MEASUREMENT_END
PSF-00578_20260612121314_760,12:13:14,2026-06-12,PFA-00612,PSA-00572,PSF-00578,0.000000,0.000000,0.000000,201.994110,83.630203,0.585977,1829.817139,TIME,0.000000,0.010000,0.020000,0.030000,0.040000,0.050000,0.060000,0.070000,0.080000,0.090000,0.100000,0.110000,0.120000,0.130000,0.140000,0.150000,0.160000,0.170000,0.180000,0.190000,0.200000,0.210000,0.220000,0.230000,0.240000,0.250000,0.260000,0.270000,0.280000,0.290000,0.300000,0.310000,0.320000,0.330000,0.340000,0.350000,0.360000,0.370000,0.380000,0.390000,0.400000,0.410000,0.420000,0.430000,0.440000,0.450000,0.460000,0.470000,0.480000,0.490000,0.500000,0.510000,0.520000,0.530000,0.540000,0.550000,0.560000,0.570000,0.580000,0.590000,0.600000,0.610000,0.620000,0.630000,0.640000,0.650000,0.660000,0.670000,0.680000,0.690000,0.700000,0.710000,0.720000,0.730000,0.740000,0.750000,0.760000,0.770000,0.780000,0.790000,0.800000,0.810000,0.820000,0.830000,0.839999,0.849999,0.859999,0.869999,0.879999,0.889999,FLR,133.459564,159.863235,167.527557,171.823380,175.214050,178.399445,181.209686,183.395859,184.883591,185.838455,186.405304,186.709641,186.859482,186.892029,186.867355,186.824799,186.727875,186.634186,186.534042,186.395645,186.303741,186.169617,186.059830,185.932159,185.837036,185.725449,185.624954,185.514450,185.429337,185.321686,185.243362,185.147522,184.907562,184.813141,184.558517,184.310318,184.197662,183.949829,183.845047,183.607941,183.531052,183.281784,183.177353,182.946320,182.699921,182.601212,182.370895,182.108765,182.043671,181.809784,181.573395,181.486481,181.254745,181.009415,180.758713,180.709366,180.485489,180.260544,180.004837,179.750198,183.019287,183.486694,183.605072,183.660507,183.666580,183.640121,183.605072,183.580399,183.560730,183.515305,183.494919,183.457367,183.424469,183.367615,183.330780,183.297867,183.243866,183.204895,183.170914,183.109756,183.069351,183.024643,182.971008,182.925934,182.875153,182.807205,182.768585,182.709579,182.654495,182.606934,PAR,7015.842773,7015.842773,7015.842773,7015.842773,7015.842773,7015.842773,7015.842773,7015.842773,7015.842773,7015.842773,7015.842773,7015.842773,7015.842773,7015.842773,7015.842773,7015.842773,7015.842773,7015.842773,7015.842773,7015.842773,7015.842773,7015.842773,7015.842773,7015.842773,7015.842773,7015.842773,7015.842773,7015.842773,7015.842773,7015.842773,6957.388672,6898.934570,6840.480469,6782.026367,6723.572266,6665.118164,6606.664062,6548.209961,6489.755859,6431.301758,6372.847656,6314.393066,6255.938965,6197.484863,6139.030762,6080.576660,6022.122559,5963.668457,5905.214355,5846.760254,5788.306152,5729.852051,5671.397949,5612.943848,5554.489746,5496.035645,5437.581055,5379.126953,5320.672852,5262.218750,7015.842773,7015.842773,7015.842773,7015.842773,7015.842773,7015.842773,7015.842773,7015.842773,7015.842773,7015.842773,7015.842773,7015.842773,7015.842773,7015.842773,7015.842773,7015.842773,7015.842773,7015.842773,7015.842773,7015.842773,7015.842773,7015.842773,7015.842773,7015.842773,7015.842773,7015.842773,7015.842773,7015.842773,7015.842773,7015.842773,PHASE,1,1,1,1,1,1,1,1,1,1,1,1,1,1,1,1,1,1,1,1,1,1,1,1,1,1,1,1,1,1,2,2,2,2,2,2,2,2,2,2,2,2,2,2,2,2,2,2,2,2,2,2,2,2,2,2,2,2,2,2,3,3,3,3,3,3,3,3,3,3,3,3,3,3,3,3,3,3,3,3,3,3,3,3,3,3,3,3,3,3,FLASH_END
30,12:14:42,2026-06-12,Auto gsw+F,LI-COR Default,,030,,,0.155368,2.915182,0.147506,5.720587,1.422678,1.266226,5.094321,3.671643,12.929610,14.527168,52.018826,0.441786,7.500000,PSF-00578_20260612121442_fe1,0.000000,0.000000,0.000000,104.281425,150.036179,0.304958,0.5,0.80,264.150146,1.000000,29.36,26.13,32.26,33.15,33.15,97.93,155.9,155.3,0.4,2165,3.996,12:13:03,2026-06-12,-0.30,1,0.001,-0.001,-9999.000,-0.427,-0.905,-9999.000,1,150,0.005,2.000000,0.058905,0.000000,0.029230,0.000000,0.000000,-0.000068,standard,0,mpf,7000,500,5.000000,2.000000,300,300,300,139.770630,25,-7.037259,138.888718,140.005661,-1.116943,2.441365,2.432021,1.641052,0.930697,0.204648,0.010813,0.400684,1.916065,104.281425,0.000287,2.397709,-0.000030,1.000000,2.383926,-0.000024,1.000000,0.601714,0.600514,0.106642,0.000000,PSF-00578_20260612121442_fe1,PFA-00612,PSA-00572,PSF-00578,RHS-0697,3.0.0,2022-04-21T19:36:20.491Z,MEASUREMENT_END
PSF-00578_20260612121442_fe1,12:14:42,2026-06-12,PFA-00612,PSA-00572,PSF-00578,0.000000,0.000000,0.000000,150.036179,104.281425,0.304958,2172.114014,TIME,0.000000,0.010000,0.020000,0.030000,0.040000,0.050000,0.060000,0.070000,0.080000,0.090000,0.100000,0.110000,0.120000,0.130000,0.140000,0.150000,0.160000,0.170000,0.180000,0.190000,0.200000,0.210000,0.220000,0.230000,0.240000,0.250000,0.260000,0.270000,0.280000,0.290000,0.300000,0.310000,0.320000,0.330000,0.340000,0.350000,0.360000,0.370000,0.380000,0.390000,0.400000,0.410000,0.420000,0.430000,0.440000,0.450000,0.460000,0.470000,0.480000,0.490000,0.500000,0.510000,0.520000,0.530000,0.540000,0.550000,0.560000,0.570000,0.580000,0.590000,0.600000,0.610000,0.620000,0.630000,0.640000,0.650000,0.660000,0.670000,0.680000,0.690000,0.700000,0.710000,0.720000,0.730000,0.740000,0.750000,0.760000,0.770000,0.780000,0.790000,0.800000,0.810000,0.820000,0.830000,0.839999,0.849999,0.859999,0.869999,0.879999,0.889999,FLR,119.352577,129.128342,133.243912,135.598541,136.946442,137.741440,138.208145,138.506058,138.698105,138.843658,138.948441,139.040344,139.091843,139.165878,139.232040,139.281387,139.330383,139.386536,139.424805,139.469864,139.535309,139.561768,139.595032,139.639374,139.671921,139.698029,139.712692,139.738800,139.753815,139.770630,139.791016,139.799957,139.691238,139.682297,139.566071,139.427307,139.374725,139.260651,139.223816,139.090424,139.064667,138.917328,138.870117,138.742096,138.580795,138.540024,138.392334,138.228180,138.168808,138.022186,137.871628,137.789368,137.643814,137.486099,137.328384,137.240768,137.095932,136.917831,136.760117,136.579514,138.491394,138.833282,138.887650,138.888718,138.868332,138.828629,138.792511,138.737076,138.699524,138.659485,138.613708,138.550751,138.498901,138.434891,138.402695,138.345123,138.292557,138.232117,138.189194,138.136261,138.087280,138.034698,137.983917,137.901657,137.836578,137.796875,137.732864,137.696030,137.623077,137.581223,PAR,7015.842773,7015.842773,7015.842773,7015.842773,7015.842773,7015.842773,7015.842773,7015.842773,7015.842773,7015.842773,7015.842773,7015.842773,7015.842773,7015.842773,7015.842773,7015.842773,7015.842773,7015.842773,7015.842773,7015.842773,7015.842773,7015.842773,7015.842773,7015.842773,7015.842773,7015.842773,7015.842773,7015.842773,7015.842773,7015.842773,6957.388672,6898.934570,6840.480469,6782.026367,6723.572266,6665.118164,6606.664062,6548.209961,6489.755859,6431.301758,6372.847656,6314.393066,6255.938965,6197.484863,6139.030762,6080.576660,6022.122559,5963.668457,5905.214355,5846.760254,5788.306152,5729.852051,5671.397949,5612.943848,5554.489746,5496.035645,5437.581055,5379.126953,5320.672852,5262.218750,7015.842773,7015.842773,7015.842773,7015.842773,7015.842773,7015.842773,7015.842773,7015.842773,7015.842773,7015.842773,7015.842773,7015.842773,7015.842773,7015.842773,7015.842773,7015.842773,7015.842773,7015.842773,7015.842773,7015.842773,7015.842773,7015.842773,7015.842773,7015.842773,7015.842773,7015.842773,7015.842773,7015.842773,7015.842773,7015.842773,PHASE,1,1,1,1,1,1,1,1,1,1,1,1,1,1,1,1,1,1,1,1,1,1,1,1,1,1,1,1,1,1,2,2,2,2,2,2,2,2,2,2,2,2,2,2,2,2,2,2,2,2,2,2,2,2,2,2,2,2,2,2,3,3,3,3,3,3,3,3,3,3,3,3,3,3,3,3,3,3,3,3,3,3,3,3,3,3,3,3,3,3,FLASH_END
31,12:15:10,2026-06-12,Auto gsw+F,LI-COR Default,,031,,,0.134842,2.916759,0.128884,5.163218,1.338519,1.197360,5.132215,3.793696,12.226288,13.667663,52.405235,0.441786,7.500000,PSF-00578_20260612121510_0a7,0.000000,0.000000,0.000000,90.820671,134.284058,0.323667,0.5,0.80,265.297638,1.000000,27.62,24.71,32.26,33.28,33.28,97.93,156.1,155.3,0.5,2049,3.995,12:13:03,2026-06-12,-0.30,1,-0.001,-0.000,-9999.000,-0.421,-1.549,-9999.000,1,150,0.005,2.000000,0.058905,0.000000,0.029230,0.000000,0.000000,-0.000068,standard,0,mpf,7000,500,5.000000,2.000000,300,300,300,124.169113,25,-6.879571,123.007538,124.478294,-1.470757,2.439299,2.429595,1.642658,0.930691,0.204644,0.012389,0.402818,1.818879,90.820671,0.000283,2.397709,-0.000030,1.000000,2.383926,-0.000024,1.000000,0.601714,0.600514,0.106642,0.000000,PSF-00578_20260612121510_0a7,PFA-00612,PSA-00572,PSF-00578,RHS-0697,3.0.0,2022-04-21T19:36:20.491Z,MEASUREMENT_END
PSF-00578_20260612121510_0a7,12:15:10,2026-06-12,PFA-00612,PSA-00572,PSF-00578,0.000000,0.000000,0.000000,134.284058,90.820671,0.323667,2055.804199,TIME,0.000000,0.010000,0.020000,0.030000,0.040000,0.050000,0.060000,0.070000,0.080000,0.090000,0.100000,0.110000,0.120000,0.130000,0.140000,0.150000,0.160000,0.170000,0.180000,0.190000,0.200000,0.210000,0.220000,0.230000,0.240000,0.250000,0.260000,0.270000,0.280000,0.290000,0.300000,0.310000,0.320000,0.330000,0.340000,0.350000,0.360000,0.370000,0.380000,0.390000,0.400000,0.410000,0.420000,0.430000,0.440000,0.450000,0.460000,0.470000,0.480000,0.490000,0.500000,0.510000,0.520000,0.530000,0.540000,0.550000,0.560000,0.570000,0.580000,0.590000,0.600000,0.610000,0.620000,0.630000,0.640000,0.650000,0.660000,0.670000,0.680000,0.690000,0.700000,0.710000,0.720000,0.730000,0.740000,0.750000,0.760000,0.770000,0.780000,0.790000,0.800000,0.810000,0.820000,0.830000,0.839999,0.849999,0.859999,0.869999,0.879999,0.889999,FLR,103.739258,111.958267,115.776299,118.324753,119.986298,121.042725,121.719002,122.171402,122.478249,122.718575,122.917053,123.042587,123.164536,123.274681,123.385193,123.454216,123.545410,123.618721,123.683456,123.737808,123.812195,123.853683,123.915909,123.972061,124.004959,124.050377,124.097588,124.111176,124.143364,124.169113,124.207733,124.226692,124.126556,124.104736,124.027130,123.906616,123.870850,123.761772,123.721718,123.627663,123.589752,123.450996,123.403427,123.273972,123.124840,123.080490,122.939941,122.762558,122.696045,122.564079,122.412804,122.324463,122.168541,122.014763,121.840240,121.755478,121.591690,121.442558,121.261238,121.100662,122.714638,122.974274,123.007538,122.987152,122.937080,122.869850,122.800110,122.740746,122.682449,122.601631,122.566940,122.470383,122.395638,122.313019,122.262596,122.202873,122.117401,122.054100,121.970055,121.897102,121.834877,121.740463,121.662857,121.588829,121.510864,121.449348,121.360657,121.277328,121.201515,121.125343,PAR,7015.842773,7015.842773,7015.842773,7015.842773,7015.842773,7015.842773,7015.842773,7015.842773,7015.842773,7015.842773,7015.842773,7015.842773,7015.842773,7015.842773,7015.842773,7015.842773,7015.842773,7015.842773,7015.842773,7015.842773,7015.842773,7015.842773,7015.842773,7015.842773,7015.842773,7015.842773,7015.842773,7015.842773,7015.842773,7015.842773,6957.388672,6898.934570,6840.480469,6782.026367,6723.572266,6665.118164,6606.664062,6548.209961,6489.755859,6431.301758,6372.847656,6314.393066,6255.938965,6197.484863,6139.030762,6080.576660,6022.122559,5963.668457,5905.214355,5846.760254,5788.306152,5729.852051,5671.397949,5612.943848,5554.489746,5496.035645,5437.581055,5379.126953,5320.672852,5262.218750,7015.842773,7015.842773,7015.842773,7015.842773,7015.842773,7015.842773,7015.842773,7015.842773,7015.842773,7015.842773,7015.842773,7015.842773,7015.842773,7015.842773,7015.842773,7015.842773,7015.842773,7015.842773,7015.842773,7015.842773,7015.842773,7015.842773,7015.842773,7015.842773,7015.842773,7015.842773,7015.842773,7015.842773,7015.842773,7015.842773,PHASE,1,1,1,1,1,1,1,1,1,1,1,1,1,1,1,1,1,1,1,1,1,1,1,1,1,1,1,1,1,1,2,2,2,2,2,2,2,2,2,2,2,2,2,2,2,2,2,2,2,2,2,2,2,2,2,2,2,2,2,2,3,3,3,3,3,3,3,3,3,3,3,3,3,3,3,3,3,3,3,3,3,3,3,3,3,3,3,3,3,3,FLASH_END
32,12:16:33,2026-06-12,Auto gsw+F,LI-COR Default,,032,,,0.150745,2.916183,0.143336,4.643094,1.562712,1.436009,4.634730,3.072018,14.662995,15.956748,47.324913,0.441786,7.500000,PSF-00578_20260612121633_9fe,0.000000,0.000000,0.000000,88.154915,206.372284,0.572836,0.5,0.80,375.686584,1.000000,32.20,29.59,32.29,31.47,31.47,97.93,156.0,155.2,0.5,1640,3.992,12:13:03,2026-06-12,-0.30,1,0.000,0.001,-9999.000,0.736,1.397,-9999.000,1,150,0.005,2.000000,0.058905,0.000000,0.029230,0.000000,0.000000,-0.000068,standard,0,mpf,7000,500,5.000000,2.000000,300,300,300,178.248169,25,-20.725809,172.318344,176.830841,-4.512497,2.446291,2.435920,1.642071,0.930486,0.204416,-0.009378,0.410130,1.476657,88.154915,0.000300,2.397709,-0.000030,1.000000,2.383926,-0.000024,1.000000,0.601714,0.600514,0.106642,0.000000,PSF-00578_20260612121633_9fe,PFA-00612,PSA-00572,PSF-00578,RHS-0697,3.0.0,2022-04-21T19:36:20.491Z,MEASUREMENT_END
PSF-00578_20260612121633_9fe,12:16:33,2026-06-12,PFA-00612,PSA-00572,PSF-00578,0.000000,0.000000,0.000000,206.372284,88.154915,0.572836,1646.243652,TIME,0.000000,0.010000,0.020000,0.030000,0.040000,0.050000,0.060000,0.070000,0.080000,0.090000,0.100000,0.110000,0.120000,0.130000,0.140000,0.150000,0.160000,0.170000,0.180000,0.190000,0.200000,0.210000,0.220000,0.230000,0.240000,0.250000,0.260000,0.270000,0.280000,0.290000,0.300000,0.310000,0.320000,0.330000,0.340000,0.350000,0.360000,0.370000,0.380000,0.390000,0.400000,0.410000,0.420000,0.430000,0.440000,0.450000,0.460000,0.470000,0.480000,0.490000,0.500000,0.510000,0.520000,0.530000,0.540000,0.550000,0.560000,0.570000,0.580000,0.590000,0.600000,0.610000,0.620000,0.630000,0.640000,0.650000,0.660000,0.670000,0.680000,0.690000,0.700000,0.710000,0.720000,0.730000,0.740000,0.750000,0.760000,0.770000,0.780000,0.790000,0.800000,0.810000,0.820000,0.830000,0.839999,0.849999,0.859999,0.869999,0.879999,0.889999,FLR,128.739594,152.235031,160.655380,165.177231,168.343307,171.126373,173.521759,175.344940,176.600571,177.379135,177.851196,178.110474,178.225998,178.248169,178.215973,178.160187,178.089386,177.973862,177.883743,177.772873,177.669525,177.554367,177.446365,177.323700,177.236801,177.117706,177.022217,176.913147,176.807648,176.696777,176.597000,176.462891,176.109909,175.961853,175.596710,175.167923,174.992676,174.622528,174.454086,174.072510,173.916580,173.517105,173.339722,172.937042,172.514313,172.304749,171.903854,171.454315,171.259766,170.849564,170.432205,170.219772,169.817810,169.392578,168.955917,168.756012,168.366196,167.928101,167.487854,167.044403,171.493286,172.123077,172.299026,172.318344,172.279358,172.204971,172.122009,172.022217,171.934967,171.820526,171.712524,171.594147,171.480774,171.376343,171.258682,171.160339,171.038391,170.927887,170.823807,170.721176,170.643204,170.534851,170.439362,170.337799,170.231934,170.132874,170.055267,169.945114,169.858932,169.775253,PAR,7015.842773,7015.842773,7015.842773,7015.842773,7015.842773,7015.842773,7015.842773,7015.842773,7015.842773,7015.842773,7015.842773,7015.842773,7015.842773,7015.842773,7015.842773,7015.842773,7015.842773,7015.842773,7015.842773,7015.842773,7015.842773,7015.842773,7015.842773,7015.842773,7015.842773,7015.842773,7015.842773,7015.842773,7015.842773,7015.842773,6957.388672,6898.934570,6840.480469,6782.026367,6723.572266,6665.118164,6606.664062,6548.209961,6489.755859,6431.301758,6372.847656,6314.393066,6255.938965,6197.484863,6139.030762,6080.576660,6022.122559,5963.668457,5905.214355,5846.760254,5788.306152,5729.852051,5671.397949,5612.943848,5554.489746,5496.035645,5437.581055,5379.126953,5320.672852,5262.218750,7015.842773,7015.842773,7015.842773,7015.842773,7015.842773,7015.842773,7015.842773,7015.842773,7015.842773,7015.842773,7015.842773,7015.842773,7015.842773,7015.842773,7015.842773,7015.842773,7015.842773,7015.842773,7015.842773,7015.842773,7015.842773,7015.842773,7015.842773,7015.842773,7015.842773,7015.842773,7015.842773,7015.842773,7015.842773,7015.842773,PHASE,1,1,1,1,1,1,1,1,1,1,1,1,1,1,1,1,1,1,1,1,1,1,1,1,1,1,1,1,1,1,2,2,2,2,2,2,2,2,2,2,2,2,2,2,2,2,2,2,2,2,2,2,2,2,2,2,2,2,2,2,3,3,3,3,3,3,3,3,3,3,3,3,3,3,3,3,3,3,3,3,3,3,3,3,3,3,3,3,3,3,FLASH_END
33,12:18:24,2026-06-12,Auto gsw+F,LI-COR Default,,033,,,0.154776,2.916602,0.146976,5.624530,1.481269,1.327725,5.102593,3.621324,13.559040,15.127065,52.108879,0.441786,7.500000,PSF-00578_20260612121824_953,0.000000,0.000000,0.000000,95.797417,141.473083,0.322858,0.5,0.80,268.293640,1.000000,30.39,27.24,32.36,33.18,33.18,97.92,156.1,155.4,0.4,2077,3.991,12:13:03,2026-06-12,-0.30,1,0.001,0.005,-9999.000,-0.655,-1.560,-9999.000,1,150,0.005,2.000000,0.058905,0.000000,0.029230,0.000000,0.000000,-0.000068,standard,0,mpf,7000,500,5.000000,2.000000,300,300,300,129.682297,25,-8.097981,127.994659,129.930664,-1.936005,2.442945,2.433429,1.642499,0.930954,0.203806,0.009908,0.419468,1.842559,95.797417,0.000295,2.397709,-0.000030,1.000000,2.383926,-0.000024,1.000000,0.601714,0.600514,0.106642,0.000000,PSF-00578_20260612121824_953,PFA-00612,PSA-00572,PSF-00578,RHS-0697,3.0.0,2022-04-21T19:36:20.491Z,MEASUREMENT_END
PSF-00578_20260612121824_953,12:18:24,2026-06-12,PFA-00612,PSA-00572,PSF-00578,0.000000,0.000000,0.000000,141.473083,95.797417,0.322858,2084.143311,TIME,0.000000,0.010000,0.020000,0.030000,0.040000,0.050000,0.060000,0.070000,0.080000,0.090000,0.100000,0.110000,0.120000,0.130000,0.140000,0.150000,0.160000,0.170000,0.180000,0.190000,0.200000,0.210000,0.220000,0.230000,0.240000,0.250000,0.260000,0.270000,0.280000,0.290000,0.300000,0.310000,0.320000,0.330000,0.340000,0.350000,0.360000,0.370000,0.380000,0.390000,0.400000,0.410000,0.420000,0.430000,0.440000,0.450000,0.460000,0.470000,0.480000,0.490000,0.500000,0.510000,0.520000,0.530000,0.540000,0.550000,0.560000,0.570000,0.580000,0.590000,0.600000,0.610000,0.620000,0.630000,0.640000,0.650000,0.660000,0.670000,0.680000,0.690000,0.700000,0.710000,0.720000,0.730000,0.740000,0.750000,0.760000,0.770000,0.780000,0.790000,0.800000,0.810000,0.820000,0.830000,0.839999,0.849999,0.859999,0.869999,0.879999,0.889999,FLR,111.159683,120.510933,124.205589,126.233337,127.388474,128.054382,128.474594,128.741379,128.923767,129.053955,129.154800,129.185913,129.253860,129.306793,129.350067,129.391907,129.442688,129.464142,129.485962,129.531738,129.556778,129.585022,129.602554,129.641174,129.657272,129.661911,129.668716,129.682297,129.677658,129.669067,129.681946,129.672287,129.559280,129.524582,129.416580,129.274963,129.225250,129.095078,129.046799,128.899094,128.838303,128.692749,128.613708,128.469940,128.275391,128.236053,128.067963,127.913475,127.819420,127.671364,127.479675,127.387764,127.204300,127.034065,126.838089,126.748322,126.571655,126.378891,126.181839,125.990509,127.746460,127.985718,127.994659,127.964973,127.915260,127.836227,127.760056,127.697113,127.615570,127.531174,127.465012,127.378464,127.305511,127.215385,127.145645,127.043007,126.962540,126.880287,126.789810,126.719711,126.622078,126.526955,126.459000,126.386406,126.333832,126.245140,126.158592,126.067398,125.987648,125.885727,PAR,7015.842773,7015.842773,7015.842773,7015.842773,7015.842773,7015.842773,7015.842773,7015.842773,7015.842773,7015.842773,7015.842773,7015.842773,7015.842773,7015.842773,7015.842773,7015.842773,7015.842773,7015.842773,7015.842773,7015.842773,7015.842773,7015.842773,7015.842773,7015.842773,7015.842773,7015.842773,7015.842773,7015.842773,7015.842773,7015.842773,6957.388672,6898.934570,6840.480469,6782.026367,6723.572266,6665.118164,6606.664062,6548.209961,6489.755859,6431.301758,6372.847656,6314.393066,6255.938965,6197.484863,6139.030762,6080.576660,6022.122559,5963.668457,5905.214355,5846.760254,5788.306152,5729.852051,5671.397949,5612.943848,5554.489746,5496.035645,5437.581055,5379.126953,5320.672852,5262.218750,7015.842773,7015.842773,7015.842773,7015.842773,7015.842773,7015.842773,7015.842773,7015.842773,7015.842773,7015.842773,7015.842773,7015.842773,7015.842773,7015.842773,7015.842773,7015.842773,7015.842773,7015.842773,7015.842773,7015.842773,7015.842773,7015.842773,7015.842773,7015.842773,7015.842773,7015.842773,7015.842773,7015.842773,7015.842773,7015.842773,PHASE,1,1,1,1,1,1,1,1,1,1,1,1,1,1,1,1,1,1,1,1,1,1,1,1,1,1,1,1,1,1,2,2,2,2,2,2,2,2,2,2,2,2,2,2,2,2,2,2,2,2,2,2,2,2,2,2,2,2,2,2,3,3,3,3,3,3,3,3,3,3,3,3,3,3,3,3,3,3,3,3,3,3,3,3,3,3,3,3,3,3,FLASH_END
34,12:18:42,2026-06-12,Auto gsw+F,LI-COR Default,,034,,,0.183949,2.916123,0.173034,5.677117,1.391627,1.236453,4.507437,3.115810,12.627558,14.212311,46.033245,0.441786,7.500000,PSF-00578_20260612121842_18b,0.000000,0.000000,0.000000,86.196182,181.954941,0.526277,0.5,0.80,380.787659,1.000000,28.55,25.36,32.37,30.98,30.98,97.92,156.0,155.4,0.4,1809,3.989,12:13:03,2026-06-12,-0.30,1,-0.001,0.002,-9999.000,0.525,-0.417,-9999.000,1,150,0.005,2.000000,0.058905,0.000000,0.029230,0.000000,0.000000,-0.000068,standard,0,mpf,7000,500,5.000000,2.000000,300,300,300,160.326721,25,-16.690111,155.506973,158.165771,-2.658798,2.440242,2.430878,1.642009,0.930839,0.203800,-0.016021,0.420801,1.618106,86.196182,0.000296,2.397709,-0.000030,1.000000,2.383926,-0.000024,1.000000,0.601714,0.600514,0.106642,0.000000,PSF-00578_20260612121842_18b,PFA-00612,PSA-00572,PSF-00578,RHS-0697,3.0.0,2022-04-21T19:36:20.491Z,MEASUREMENT_END
PSF-00578_20260612121842_18b,12:18:42,2026-06-12,PFA-00612,PSA-00572,PSF-00578,0.000000,0.000000,0.000000,181.954941,86.196182,0.526277,1815.525391,TIME,0.000000,0.010000,0.020000,0.030000,0.040000,0.050000,0.060000,0.070000,0.080000,0.090000,0.100000,0.110000,0.120000,0.130000,0.140000,0.150000,0.160000,0.170000,0.180000,0.190000,0.200000,0.210000,0.220000,0.230000,0.240000,0.250000,0.260000,0.270000,0.280000,0.290000,0.300000,0.310000,0.320000,0.330000,0.340000,0.350000,0.360000,0.370000,0.380000,0.390000,0.400000,0.410000,0.420000,0.430000,0.440000,0.450000,0.460000,0.470000,0.480000,0.490000,0.500000,0.510000,0.520000,0.530000,0.540000,0.550000,0.560000,0.570000,0.580000,0.590000,0.600000,0.610000,0.620000,0.630000,0.640000,0.650000,0.660000,0.670000,0.680000,0.690000,0.700000,0.710000,0.720000,0.730000,0.740000,0.750000,0.760000,0.770000,0.780000,0.790000,0.800000,0.810000,0.820000,0.830000,0.839999,0.849999,0.859999,0.869999,0.879999,0.889999,FLR,120.228050,138.951660,144.720551,148.030396,150.369995,152.415985,154.330017,156.043411,157.467484,158.541794,159.316071,159.815674,160.116440,160.280228,160.326721,160.305267,160.256622,160.152191,160.023453,159.880402,159.748795,159.597153,159.438736,159.295685,159.131165,158.971664,158.790344,158.639786,158.489227,158.370499,158.224945,158.092972,157.752869,157.592651,157.246826,156.853439,156.690353,156.328445,156.189682,155.830627,155.729050,155.358917,155.226944,154.869324,154.524200,154.385452,154.060715,153.727417,153.591873,153.286102,152.986771,152.861603,152.527573,152.194260,151.852371,151.727203,151.432159,151.105286,150.760178,150.439743,154.541367,155.157562,155.386444,155.472275,155.506973,155.506256,155.491943,155.475494,155.449753,155.431152,155.403976,155.357834,155.329590,155.298828,155.277374,155.229813,155.220505,155.200485,155.175812,155.158997,155.134674,155.092117,155.043488,155.008072,154.970169,154.929398,154.881836,154.878616,154.833908,154.812805,PAR,7015.842773,7015.842773,7015.842773,7015.842773,7015.842773,7015.842773,7015.842773,7015.842773,7015.842773,7015.842773,7015.842773,7015.842773,7015.842773,7015.842773,7015.842773,7015.842773,7015.842773,7015.842773,7015.842773,7015.842773,7015.842773,7015.842773,7015.842773,7015.842773,7015.842773,7015.842773,7015.842773,7015.842773,7015.842773,7015.842773,6957.388672,6898.934570,6840.480469,6782.026367,6723.572266,6665.118164,6606.664062,6548.209961,6489.755859,6431.301758,6372.847656,6314.393066,6255.938965,6197.484863,6139.030762,6080.576660,6022.122559,5963.668457,5905.214355,5846.760254,5788.306152,5729.852051,5671.397949,5612.943848,5554.489746,5496.035645,5437.581055,5379.126953,5320.672852,5262.218750,7015.842773,7015.842773,7015.842773,7015.842773,7015.842773,7015.842773,7015.842773,7015.842773,7015.842773,7015.842773,7015.842773,7015.842773,7015.842773,7015.842773,7015.842773,7015.842773,7015.842773,7015.842773,7015.842773,7015.842773,7015.842773,7015.842773,7015.842773,7015.842773,7015.842773,7015.842773,7015.842773,7015.842773,7015.842773,7015.842773,PHASE,1,1,1,1,1,1,1,1,1,1,1,1,1,1,1,1,1,1,1,1,1,1,1,1,1,1,1,1,1,1,2,2,2,2,2,2,2,2,2,2,2,2,2,2,2,2,2,2,2,2,2,2,2,2,2,2,2,2,2,2,3,3,3,3,3,3,3,3,3,3,3,3,3,3,3,3,3,3,3,3,3,3,3,3,3,3,3,3,3,3,FLASH_END
35,12:19:29,2026-06-12,Auto gsw+F,LI-COR Default,,035,,,0.124534,2.915906,0.119433,3.395789,1.528562,1.435858,4.230798,2.702235,14.663617,15.610359,43.206787,0.441786,7.500000,PSF-00578_20260612121929_659,0.000000,0.000000,0.000000,84.993484,219.183441,0.612227,0.5,0.80,404.695801,1.000000,31.30,29.41,32.39,29.88,29.88,97.92,156.0,155.0,0.6,1653,3.989,12:13:03,2026-06-12,-0.30,1,0.004,-0.004,-9999.000,0.243,0.739,-9999.000,1,150,0.005,2.000000,0.058905,0.000000,0.029230,0.000000,0.000000,-0.000068,standard,0,mpf,7000,500,5.000000,2.000000,300,300,300,185.859558,25,-26.287041,174.904709,181.715332,-6.810623,2.446022,2.434685,1.641789,0.929909,0.203562,-0.029212,0.424719,1.487490,84.993484,0.000301,2.397709,-0.000030,1.000000,2.383926,-0.000024,1.000000,0.601714,0.600514,0.106642,0.000000,PSF-00578_20260612121929_659,PFA-00612,PSA-00572,PSF-00578,RHS-0697,3.0.0,2022-04-21T19:36:20.491Z,MEASUREMENT_END
PSF-00578_20260612121929_659,12:19:29,2026-06-12,PFA-00612,PSA-00572,PSF-00578,0.000000,0.000000,0.000000,219.183441,84.993484,0.612227,1659.208618,TIME,0.000000,0.010000,0.020000,0.030000,0.040000,0.050000,0.060000,0.070000,0.080000,0.090000,0.100000,0.110000,0.120000,0.130000,0.140000,0.150000,0.160000,0.170000,0.180000,0.190000,0.200000,0.210000,0.220000,0.230000,0.240000,0.250000,0.260000,0.270000,0.280000,0.290000,0.300000,0.310000,0.320000,0.330000,0.340000,0.350000,0.360000,0.370000,0.380000,0.390000,0.400000,0.410000,0.420000,0.430000,0.440000,0.450000,0.460000,0.470000,0.480000,0.490000,0.500000,0.510000,0.520000,0.530000,0.540000,0.550000,0.560000,0.570000,0.580000,0.590000,0.600000,0.610000,0.620000,0.630000,0.640000,0.650000,0.660000,0.670000,0.680000,0.690000,0.700000,0.710000,0.720000,0.730000,0.740000,0.750000,0.760000,0.770000,0.780000,0.790000,0.800000,0.810000,0.820000,0.830000,0.839999,0.849999,0.859999,0.869999,0.879999,0.889999,FLR,141.494751,164.683350,166.703217,168.252106,170.659302,173.806076,177.039383,179.792755,181.944611,183.528183,184.600357,185.263397,185.653214,185.838455,185.859558,185.804489,185.648560,185.443634,185.171844,184.888245,184.604996,184.300308,183.993820,183.694489,183.405884,183.123352,182.837601,182.547211,182.253601,181.962128,181.721802,181.444641,180.975433,180.696136,180.209763,179.691193,179.401154,178.889038,178.615814,178.129440,177.885529,177.353027,177.113419,176.618454,176.097031,175.814514,175.327057,174.803497,174.560303,174.078583,173.592209,173.323639,172.829742,172.307251,171.782608,171.498657,171.006561,170.509811,170.011642,169.522766,174.313904,174.780243,174.904709,174.897552,174.811371,174.699783,174.598938,174.520615,174.409393,174.295670,174.195175,174.056412,173.925156,173.835037,173.731323,173.629761,173.552872,173.461670,173.393723,173.308258,173.265335,173.182373,173.116211,173.053619,173.008560,172.963852,172.886963,172.843689,172.795059,172.780396,PAR,7015.842773,7015.842773,7015.842773,7015.842773,7015.842773,7015.842773,7015.842773,7015.842773,7015.842773,7015.842773,7015.842773,7015.842773,7015.842773,7015.842773,7015.842773,7015.842773,7015.842773,7015.842773,7015.842773,7015.842773,7015.842773,7015.842773,7015.842773,7015.842773,7015.842773,7015.842773,7015.842773,7015.842773,7015.842773,7015.842773,6957.388672,6898.934570,6840.480469,6782.026367,6723.572266,6665.118164,6606.664062,6548.209961,6489.755859,6431.301758,6372.847656,6314.393066,6255.938965,6197.484863,6139.030762,6080.576660,6022.122559,5963.668457,5905.214355,5846.760254,5788.306152,5729.852051,5671.397949,5612.943848,5554.489746,5496.035645,5437.581055,5379.126953,5320.672852,5262.218750,7015.842773,7015.842773,7015.842773,7015.842773,7015.842773,7015.842773,7015.842773,7015.842773,7015.842773,7015.842773,7015.842773,7015.842773,7015.842773,7015.842773,7015.842773,7015.842773,7015.842773,7015.842773,7015.842773,7015.842773,7015.842773,7015.842773,7015.842773,7015.842773,7015.842773,7015.842773,7015.842773,7015.842773,7015.842773,7015.842773,PHASE,1,1,1,1,1,1,1,1,1,1,1,1,1,1,1,1,1,1,1,1,1,1,1,1,1,1,1,1,1,1,2,2,2,2,2,2,2,2,2,2,2,2,2,2,2,2,2,2,2,2,2,2,2,2,2,2,2,2,2,2,3,3,3,3,3,3,3,3,3,3,3,3,3,3,3,3,3,3,3,3,3,3,3,3,3,3,3,3,3,3,FLASH_END
36,12:19:47,2026-06-12,Auto gsw+F,LI-COR Default,,036,,,0.130216,2.915950,0.124650,3.706537,1.581138,1.480012,4.403768,2.822630,15.115041,16.147820,44.974724,0.441786,7.500000,PSF-00578_20260612121947_3a2,0.000000,0.000000,0.000000,84.909439,234.444687,0.637827,0.5,0.80,413.661316,1.000000,32.38,30.31,32.40,30.58,30.58,97.92,156.0,155.4,0.4,1621,3.987,12:13:03,2026-06-12,-0.30,1,-0.001,-0.000,-9999.000,-0.102,-0.510,-9999.000,1,150,0.005,2.000000,0.058905,0.000000,0.029230,0.000000,0.000000,-0.000068,standard,0,mpf,7000,500,5.000000,2.000000,300,300,300,202.918411,25,-24.663410,193.204880,199.290802,-6.085922,2.447289,2.436150,1.641833,0.930919,0.203546,-0.021145,0.426230,1.461430,84.909439,0.000290,2.397709,-0.000030,1.000000,2.383926,-0.000024,1.000000,0.601714,0.600514,0.106642,0.000000,PSF-00578_20260612121947_3a2,PFA-00612,PSA-00572,PSF-00578,RHS-0697,3.0.0,2022-04-21T19:36:20.491Z,MEASUREMENT_END
PSF-00578_20260612121947_3a2,12:19:47,2026-06-12,PFA-00612,PSA-00572,PSF-00578,0.000000,0.000000,0.000000,234.444687,84.909439,0.637827,1628.020386,TIME,0.000000,0.010000,0.020000,0.030000,0.040000,0.050000,0.060000,0.070000,0.080000,0.090000,0.100000,0.110000,0.120000,0.130000,0.140000,0.150000,0.160000,0.170000,0.180000,0.190000,0.200000,0.210000,0.220000,0.230000,0.240000,0.250000,0.260000,0.270000,0.280000,0.290000,0.300000,0.310000,0.320000,0.330000,0.340000,0.350000,0.360000,0.370000,0.380000,0.390000,0.400000,0.410000,0.420000,0.430000,0.440000,0.450000,0.460000,0.470000,0.480000,0.490000,0.500000,0.510000,0.520000,0.530000,0.540000,0.550000,0.560000,0.570000,0.580000,0.590000,0.600000,0.610000,0.620000,0.630000,0.640000,0.650000,0.660000,0.670000,0.680000,0.690000,0.700000,0.710000,0.720000,0.730000,0.740000,0.750000,0.760000,0.770000,0.780000,0.790000,0.800000,0.810000,0.820000,0.830000,0.839999,0.849999,0.859999,0.869999,0.879999,0.889999,FLR,142.149216,170.226212,177.663086,181.953903,185.646774,189.585327,193.420166,196.649551,199.061752,200.714355,201.800461,202.428467,202.754974,202.918411,202.913040,202.833649,202.671997,202.459213,202.252151,202.015762,201.794022,201.509720,201.285126,201.037643,200.791962,200.540894,200.298431,200.036285,199.783081,199.537399,199.303146,199.048523,198.602203,198.342560,197.898743,197.402008,197.119476,196.649200,196.395996,195.921417,195.693970,195.202225,194.961548,194.491623,194.003464,193.762070,193.286423,192.793243,192.556854,192.084793,191.632034,191.394562,190.930008,190.459732,189.975861,189.746613,189.281708,188.819641,188.316101,187.847977,192.551132,193.041443,193.179840,193.204880,193.150879,193.067200,192.960617,192.862274,192.764999,192.653412,192.586899,192.469238,192.380905,192.288284,192.213181,192.125565,192.046524,191.973572,191.881302,191.810135,191.743256,191.662781,191.603424,191.537262,191.482544,191.404938,191.341644,191.266891,191.204315,191.141006,PAR,7015.842773,7015.842773,7015.842773,7015.842773,7015.842773,7015.842773,7015.842773,7015.842773,7015.842773,7015.842773,7015.842773,7015.842773,7015.842773,7015.842773,7015.842773,7015.842773,7015.842773,7015.842773,7015.842773,7015.842773,7015.842773,7015.842773,7015.842773,7015.842773,7015.842773,7015.842773,7015.842773,7015.842773,7015.842773,7015.842773,6957.388672,6898.934570,6840.480469,6782.026367,6723.572266,6665.118164,6606.664062,6548.209961,6489.755859,6431.301758,6372.847656,6314.393066,6255.938965,6197.484863,6139.030762,6080.576660,6022.122559,5963.668457,5905.214355,5846.760254,5788.306152,5729.852051,5671.397949,5612.943848,5554.489746,5496.035645,5437.581055,5379.126953,5320.672852,5262.218750,7015.842773,7015.842773,7015.842773,7015.842773,7015.842773,7015.842773,7015.842773,7015.842773,7015.842773,7015.842773,7015.842773,7015.842773,7015.842773,7015.842773,7015.842773,7015.842773,7015.842773,7015.842773,7015.842773,7015.842773,7015.842773,7015.842773,7015.842773,7015.842773,7015.842773,7015.842773,7015.842773,7015.842773,7015.842773,7015.842773,PHASE,1,1,1,1,1,1,1,1,1,1,1,1,1,1,1,1,1,1,1,1,1,1,1,1,1,1,1,1,1,1,2,2,2,2,2,2,2,2,2,2,2,2,2,2,2,2,2,2,2,2,2,2,2,2,2,2,2,2,2,2,3,3,3,3,3,3,3,3,3,3,3,3,3,3,3,3,3,3,3,3,3,3,3,3,3,3,3,3,3,3,FLASH_END
37,12:20:07,2026-06-12,Auto gsw+F,LI-COR Default,,037,,,0.099659,2.916810,0.096367,3.558737,1.456296,1.359147,4.953726,3.497430,13.881385,14.873594,50.593918,0.441786,7.500000,PSF-00578_20260612122007_a83,0.000000,0.000000,0.000000,115.778442,184.828857,0.373591,0.5,0.80,171.680267,1.000000,29.81,27.82,32.40,32.65,32.65,97.91,156.1,155.4,0.5,1149,3.988,12:13:03,2026-06-12,-0.30,1,-0.000,0.002,-9999.000,-1.363,-3.531,-9999.000,1,150,0.005,2.000000,0.058905,0.000000,0.029230,0.000000,0.000000,-0.000068,standard,0,mpf,7000,500,5.000000,2.000000,300,300,300,173.969864,25,-7.434227,173.170563,174.232513,-1.061951,2.443774,2.432627,1.642711,0.930784,0.203497,0.003164,0.427753,1.066603,115.778442,0.000307,2.397709,-0.000030,1.000000,2.383926,-0.000024,1.000000,0.601714,0.600514,0.106642,0.000000,PSF-00578_20260612122007_a83,PFA-00612,PSA-00572,PSF-00578,RHS-0697,3.0.0,2022-04-21T19:36:20.491Z,MEASUREMENT_END
PSF-00578_20260612122007_a83,12:20:07,2026-06-12,PFA-00612,PSA-00572,PSF-00578,0.000000,0.000000,0.000000,184.828857,115.778442,0.373591,1155.503174,TIME,0.000000,0.010000,0.020000,0.030000,0.040000,0.050000,0.060000,0.070000,0.080000,0.090000,0.100000,0.110000,0.120000,0.130000,0.140000,0.150000,0.160000,0.170000,0.180000,0.190000,0.200000,0.210000,0.220000,0.230000,0.240000,0.250000,0.260000,0.270000,0.280000,0.290000,0.300000,0.310000,0.320000,0.330000,0.340000,0.350000,0.360000,0.370000,0.380000,0.390000,0.400000,0.410000,0.420000,0.430000,0.440000,0.450000,0.460000,0.470000,0.480000,0.490000,0.500000,0.510000,0.520000,0.530000,0.540000,0.550000,0.560000,0.570000,0.580000,0.590000,0.600000,0.610000,0.620000,0.630000,0.640000,0.650000,0.660000,0.670000,0.680000,0.690000,0.700000,0.710000,0.720000,0.730000,0.740000,0.750000,0.760000,0.770000,0.780000,0.790000,0.800000,0.810000,0.820000,0.830000,0.839999,0.849999,0.859999,0.869999,0.879999,0.889999,FLR,143.409851,159.835342,164.933319,167.506104,169.107910,170.233017,171.039825,171.638489,172.105545,172.432419,172.701355,172.866226,172.983170,173.107986,173.235657,173.307175,173.422699,173.499588,173.570038,173.659805,173.718811,173.747421,173.786041,173.812149,173.830032,173.832535,173.861511,173.890106,173.928375,173.969864,174.024582,174.031021,173.939102,173.924805,173.788193,173.626190,173.594360,173.415192,173.373703,173.227432,173.216705,173.052902,173.029663,172.853348,172.672394,172.626617,172.490356,172.343018,172.319763,172.169922,172.011490,171.960709,171.797272,171.624542,171.417831,171.320923,171.119217,170.932175,170.788406,170.608170,172.812576,173.122284,173.170563,173.153046,173.085815,172.989243,172.900558,172.834747,172.783249,172.768234,172.757858,172.752136,172.753220,172.738190,172.704575,172.662384,172.612671,172.544357,172.494293,172.481781,172.473907,172.441360,172.409180,172.390930,172.359818,172.341232,172.331924,172.295456,172.253967,172.249313,PAR,7015.842773,7015.842773,7015.842773,7015.842773,7015.842773,7015.842773,7015.842773,7015.842773,7015.842773,7015.842773,7015.842773,7015.842773,7015.842773,7015.842773,7015.842773,7015.842773,7015.842773,7015.842773,7015.842773,7015.842773,7015.842773,7015.842773,7015.842773,7015.842773,7015.842773,7015.842773,7015.842773,7015.842773,7015.842773,7015.842773,6957.388672,6898.934570,6840.480469,6782.026367,6723.572266,6665.118164,6606.664062,6548.209961,6489.755859,6431.301758,6372.847656,6314.393066,6255.938965,6197.484863,6139.030762,6080.576660,6022.122559,5963.668457,5905.214355,5846.760254,5788.306152,5729.852051,5671.397949,5612.943848,5554.489746,5496.035645,5437.581055,5379.126953,5320.672852,5262.218750,7015.842773,7015.842773,7015.842773,7015.842773,7015.842773,7015.842773,7015.842773,7015.842773,7015.842773,7015.842773,7015.842773,7015.842773,7015.842773,7015.842773,7015.842773,7015.842773,7015.842773,7015.842773,7015.842773,7015.842773,7015.842773,7015.842773,7015.842773,7015.842773,7015.842773,7015.842773,7015.842773,7015.842773,7015.842773,7015.842773,PHASE,1,1,1,1,1,1,1,1,1,1,1,1,1,1,1,1,1,1,1,1,1,1,1,1,1,1,1,1,1,1,2,2,2,2,2,2,2,2,2,2,2,2,2,2,2,2,2,2,2,2,2,2,2,2,2,2,2,2,2,2,3,3,3,3,3,3,3,3,3,3,3,3,3,3,3,3,3,3,3,3,3,3,3,3,3,3,3,3,3,3,FLASH_END
38,12:21:13,2026-06-12,Auto gsw+F,LI-COR Default,,038,,,0.099400,2.916221,0.096124,3.852704,1.376758,1.271444,5.170099,3.793341,12.985012,14.060568,52.801235,0.441786,7.500000,PSF-00578_20260612122113_fca,0.000000,0.000000,0.000000,177.866226,225.132553,0.209949,0.5,0.80,176.890839,1.000000,28.09,25.94,32.46,33.41,33.41,97.92,156.0,155.4,0.4,2106,3.988,12:13:03,2026-06-12,-0.30,1,-0.001,-0.003,0.008,-1.144,-2.597,-4.374,1,150,0.005,2.000000,0.058905,0.000000,0.029230,0.000000,0.000000,-0.000068,standard,0,mpf,7000,500,5.000000,2.000000,300,300,300,218.813187,25,-4.277729,220.026611,219.035309,0.991302,2.441069,2.430229,1.642110,0.930783,0.203045,0.011582,0.433027,1.866677,177.866226,0.000280,2.397709,-0.000030,1.000000,2.383926,-0.000024,1.000000,0.601714,0.600514,0.106642,0.000000,PSF-00578_20260612122113_fca,PFA-00612,PSA-00572,PSF-00578,RHS-0697,3.0.0,2022-04-21T19:36:20.491Z,MEASUREMENT_END
PSF-00578_20260612122113_fca,12:21:13,2026-06-12,PFA-00612,PSA-00572,PSF-00578,0.000000,0.000000,0.000000,225.132553,177.866226,0.209949,2113.007568,TIME,0.000000,0.010000,0.020000,0.030000,0.040000,0.050000,0.060000,0.070000,0.080000,0.090000,0.100000,0.110000,0.120000,0.130000,0.140000,0.150000,0.160000,0.170000,0.180000,0.190000,0.200000,0.210000,0.220000,0.230000,0.240000,0.250000,0.260000,0.270000,0.280000,0.290000,0.300000,0.310000,0.320000,0.330000,0.340000,0.350000,0.360000,0.370000,0.380000,0.390000,0.400000,0.410000,0.420000,0.430000,0.440000,0.450000,0.460000,0.470000,0.480000,0.490000,0.500000,0.510000,0.520000,0.530000,0.540000,0.550000,0.560000,0.570000,0.580000,0.590000,0.600000,0.610000,0.620000,0.630000,0.640000,0.650000,0.660000,0.670000,0.680000,0.690000,0.700000,0.710000,0.720000,0.730000,0.740000,0.750000,0.760000,0.770000,0.780000,0.790000,0.800000,0.810000,0.820000,0.830000,0.839999,0.849999,0.859999,0.869999,0.879999,0.889999,FLR,197.910904,210.857742,213.984848,215.191132,215.830917,216.230392,216.525085,216.785782,217.015381,217.190262,217.357635,217.501404,217.626923,217.725998,217.813965,217.894791,217.980621,218.070038,218.131546,218.203781,218.295334,218.345764,218.418716,218.504196,218.554260,218.611115,218.668701,218.700165,218.772415,218.813187,218.867188,218.906525,218.842865,218.860382,218.770264,218.662979,218.645813,218.545319,218.520645,218.426941,218.455200,218.367935,218.383667,218.293900,218.196625,218.185181,218.077179,217.960953,217.935562,217.836502,217.766403,217.748520,217.648026,217.533234,217.401627,217.372650,217.260712,217.121597,216.995361,216.885559,218.915466,219.389313,219.513062,219.593170,219.633575,219.668625,219.666473,219.711548,219.747299,219.765549,219.805603,219.811676,219.855667,219.881058,219.907516,219.912888,219.936493,219.948654,219.971893,219.998352,220.026611,220.003006,220.022675,220.012665,220.003723,219.974045,219.943283,219.933273,219.951157,219.938278,PAR,7015.842773,7015.842773,7015.842773,7015.842773,7015.842773,7015.842773,7015.842773,7015.842773,7015.842773,7015.842773,7015.842773,7015.842773,7015.842773,7015.842773,7015.842773,7015.842773,7015.842773,7015.842773,7015.842773,7015.842773,7015.842773,7015.842773,7015.842773,7015.842773,7015.842773,7015.842773,7015.842773,7015.842773,7015.842773,7015.842773,6957.388672,6898.934570,6840.480469,6782.026367,6723.572266,6665.118164,6606.664062,6548.209961,6489.755859,6431.301758,6372.847656,6314.393066,6255.938965,6197.484863,6139.030762,6080.576660,6022.122559,5963.668457,5905.214355,5846.760254,5788.306152,5729.852051,5671.397949,5612.943848,5554.489746,5496.035645,5437.581055,5379.126953,5320.672852,5262.218750,7015.842773,7015.842773,7015.842773,7015.842773,7015.842773,7015.842773,7015.842773,7015.842773,7015.842773,7015.842773,7015.842773,7015.842773,7015.842773,7015.842773,7015.842773,7015.842773,7015.842773,7015.842773,7015.842773,7015.842773,7015.842773,7015.842773,7015.842773,7015.842773,7015.842773,7015.842773,7015.842773,7015.842773,7015.842773,7015.842773,PHASE,1,1,1,1,1,1,1,1,1,1,1,1,1,1,1,1,1,1,1,1,1,1,1,1,1,1,1,1,1,1,2,2,2,2,2,2,2,2,2,2,2,2,2,2,2,2,2,2,2,2,2,2,2,2,2,2,2,2,2,2,3,3,3,3,3,3,3,3,3,3,3,3,3,3,3,3,3,3,3,3,3,3,3,3,3,3,3,3,3,3,FLASH_END
39,12:21:48,2026-06-12,Auto gsw+F,LI-COR Default,,039,,,0.033754,2.914357,0.033367,1.463066,1.261581,1.221483,5.408505,4.146924,12.475414,12.884943,55.238853,0.441786,7.500000,PSF-00578_20260612122148_ff6,0.000000,0.000000,0.000000,191.489334,224.652527,0.147620,0.5,0.80,124.866150,1.000000,25.75,24.93,32.46,34.22,34.22,97.91,155.8,155.3,0.3,2115,3.985,12:13:03,2026-06-12,-0.30,1,0.001,0.004,-0.000,-1.488,-4.130,-11.370,1,150,0.005,2.000000,0.058905,0.000000,0.029230,0.000000,0.000000,-0.000068,standard,0,mpf,7000,500,5.000000,2.000000,300,300,300,218.775635,25,-4.083370,218.039276,218.832306,-0.793030,2.439598,2.426923,1.640214,0.930645,0.203078,0.021365,0.435586,1.873612,191.489334,0.000295,2.397709,-0.000030,1.000000,2.383926,-0.000024,1.000000,0.601714,0.600514,0.106642,0.000000,PSF-00578_20260612122148_ff6,PFA-00612,PSA-00572,PSF-00578,RHS-0697,3.0.0,2022-04-21T19:36:20.491Z,MEASUREMENT_END
PSF-00578_20260612122148_ff6,12:21:48,2026-06-12,PFA-00612,PSA-00572,PSF-00578,0.000000,0.000000,0.000000,224.652527,191.489334,0.147620,2121.307373,TIME,0.000000,0.010000,0.020000,0.030000,0.040000,0.050000,0.060000,0.070000,0.080000,0.090000,0.100000,0.110000,0.120000,0.130000,0.140000,0.150000,0.160000,0.170000,0.180000,0.190000,0.200000,0.210000,0.220000,0.230000,0.240000,0.250000,0.260000,0.270000,0.280000,0.290000,0.300000,0.310000,0.320000,0.330000,0.340000,0.350000,0.360000,0.370000,0.380000,0.390000,0.400000,0.410000,0.420000,0.430000,0.440000,0.450000,0.460000,0.470000,0.480000,0.490000,0.500000,0.510000,0.520000,0.530000,0.540000,0.550000,0.560000,0.570000,0.580000,0.590000,0.600000,0.610000,0.620000,0.630000,0.640000,0.650000,0.660000,0.670000,0.680000,0.690000,0.700000,0.710000,0.720000,0.730000,0.740000,0.750000,0.760000,0.770000,0.780000,0.790000,0.800000,0.810000,0.820000,0.830000,0.839999,0.849999,0.859999,0.869999,0.879999,0.889999,FLR,205.883865,215.032333,217.242477,218.033188,218.348267,218.460556,218.519562,218.546753,218.556396,218.587524,218.603607,218.606827,218.611115,218.621490,218.642593,218.641876,218.660477,218.671555,218.680862,218.700882,218.743805,218.727707,218.731277,218.754166,218.775635,218.757751,218.753098,218.753464,218.739502,218.731644,218.740585,218.726639,218.651886,218.623276,218.569275,218.490601,218.446976,218.393326,218.353989,218.298553,218.267441,218.169449,218.130463,218.065735,217.976685,217.969894,217.975967,217.860107,217.821121,217.731003,217.640518,217.568634,217.462418,217.373367,217.280396,217.216370,217.135910,217.011810,216.922043,216.810104,217.871185,218.039276,217.998505,217.970612,217.920898,217.856888,217.833633,217.813248,217.787506,217.765686,217.690948,217.654465,217.595459,217.573639,217.539307,217.494247,217.451691,217.417725,217.379089,217.364426,217.353348,217.286469,217.268585,217.229248,217.205994,217.168808,217.138046,217.129105,217.095490,217.070816,PAR,7015.842773,7015.842773,7015.842773,7015.842773,7015.842773,7015.842773,7015.842773,7015.842773,7015.842773,7015.842773,7015.842773,7015.842773,7015.842773,7015.842773,7015.842773,7015.842773,7015.842773,7015.842773,7015.842773,7015.842773,7015.842773,7015.842773,7015.842773,7015.842773,7015.842773,7015.842773,7015.842773,7015.842773,7015.842773,7015.842773,6957.388672,6898.934570,6840.480469,6782.026367,6723.572266,6665.118164,6606.664062,6548.209961,6489.755859,6431.301758,6372.847656,6314.393066,6255.938965,6197.484863,6139.030762,6080.576660,6022.122559,5963.668457,5905.214355,5846.760254,5788.306152,5729.852051,5671.397949,5612.943848,5554.489746,5496.035645,5437.581055,5379.126953,5320.672852,5262.218750,7015.842773,7015.842773,7015.842773,7015.842773,7015.842773,7015.842773,7015.842773,7015.842773,7015.842773,7015.842773,7015.842773,7015.842773,7015.842773,7015.842773,7015.842773,7015.842773,7015.842773,7015.842773,7015.842773,7015.842773,7015.842773,7015.842773,7015.842773,7015.842773,7015.842773,7015.842773,7015.842773,7015.842773,7015.842773,7015.842773,PHASE,1,1,1,1,1,1,1,1,1,1,1,1,1,1,1,1,1,1,1,1,1,1,1,1,1,1,1,1,1,1,2,2,2,2,2,2,2,2,2,2,2,2,2,2,2,2,2,2,2,2,2,2,2,2,2,2,2,2,2,2,3,3,3,3,3,3,3,3,3,3,3,3,3,3,3,3,3,3,3,3,3,3,3,3,3,3,3,3,3,3,FLASH_END
40,12:22:25,2026-06-12,Auto gsw+F,LI-COR Default,,040,,,0.187614,2.915755,0.176271,6.153352,1.373406,1.205150,4.685455,3.312050,12.309035,14.027547,47.855816,0.441786,7.500000,PSF-00578_20260612122225_c7d,0.000000,0.000000,0.000000,173.009995,281.978424,0.386442,0.5,0.80,316.145599,1.000000,28.07,24.63,32.43,31.67,31.67,97.91,156.0,155.6,0.2,2045,3.982,12:13:03,2026-06-12,-0.30,1,0.002,0.005,-9999.000,-2.067,1.634,-9999.000,1,150,0.005,2.000000,0.058905,0.000000,0.029230,0.000000,0.000000,-0.000068,standard,0,mpf,7000,500,5.000000,2.000000,300,300,300,262.014282,25,-14.793279,256.385559,260.892883,-4.507324,2.439165,2.430202,1.641635,0.931359,0.203278,-0.008816,0.438460,1.815602,173.009995,0.000302,2.397709,-0.000030,1.000000,2.383926,-0.000024,1.000000,0.601714,0.600514,0.106642,0.000000,PSF-00578_20260612122225_c7d,PFA-00612,PSA-00572,PSF-00578,RHS-0697,3.0.0,2022-04-21T19:36:20.491Z,MEASUREMENT_END
PSF-00578_20260612122225_c7d,12:22:25,2026-06-12,PFA-00612,PSA-00572,PSF-00578,0.000000,0.000000,0.000000,281.978424,173.009995,0.386442,2051.882568,TIME,0.000000,0.010000,0.020000,0.030000,0.040000,0.050000,0.060000,0.070000,0.080000,0.090000,0.100000,0.110000,0.120000,0.130000,0.140000,0.150000,0.160000,0.170000,0.180000,0.190000,0.200000,0.210000,0.220000,0.230000,0.240000,0.250000,0.260000,0.270000,0.280000,0.290000,0.300000,0.310000,0.320000,0.330000,0.340000,0.350000,0.360000,0.370000,0.380000,0.390000,0.400000,0.410000,0.420000,0.430000,0.440000,0.450000,0.460000,0.470000,0.480000,0.490000,0.500000,0.510000,0.520000,0.530000,0.540000,0.550000,0.560000,0.570000,0.580000,0.590000,0.600000,0.610000,0.620000,0.630000,0.640000,0.650000,0.660000,0.670000,0.680000,0.690000,0.700000,0.710000,0.720000,0.730000,0.740000,0.750000,0.760000,0.770000,0.780000,0.790000,0.800000,0.810000,0.820000,0.830000,0.839999,0.849999,0.859999,0.869999,0.879999,0.889999,FLR,221.255066,244.060638,249.489075,252.646210,255.209686,257.214539,258.644348,259.632111,260.344849,260.889160,261.296875,261.528259,261.750702,261.875854,261.965271,262.007111,262.014282,262.006775,261.956696,261.907349,261.872284,261.775024,261.708496,261.601562,261.498566,261.403442,261.280426,261.163483,261.042236,260.908142,260.806915,260.655273,260.429260,260.263336,260.040161,259.755127,259.600983,259.364258,259.202942,258.924377,258.787750,258.499512,258.295288,258.044952,257.764221,257.578979,257.317902,257.042542,256.870880,256.603729,256.344086,256.142365,255.875580,255.581970,255.289429,255.136017,254.856354,254.588135,254.292374,253.982666,256.197815,256.385559,256.329071,256.220337,256.086578,255.965347,255.822662,255.692123,255.565887,255.434280,255.312317,255.162125,255.030869,254.889252,254.764801,254.649994,254.540924,254.419327,254.287369,254.170776,254.068497,253.923294,253.809937,253.662949,253.548508,253.436920,253.329987,253.209106,253.100037,252.988815,PAR,7015.842773,7015.842773,7015.842773,7015.842773,7015.842773,7015.842773,7015.842773,7015.842773,7015.842773,7015.842773,7015.842773,7015.842773,7015.842773,7015.842773,7015.842773,7015.842773,7015.842773,7015.842773,7015.842773,7015.842773,7015.842773,7015.842773,7015.842773,7015.842773,7015.842773,7015.842773,7015.842773,7015.842773,7015.842773,7015.842773,6957.388672,6898.934570,6840.480469,6782.026367,6723.572266,6665.118164,6606.664062,6548.209961,6489.755859,6431.301758,6372.847656,6314.393066,6255.938965,6197.484863,6139.030762,6080.576660,6022.122559,5963.668457,5905.214355,5846.760254,5788.306152,5729.852051,5671.397949,5612.943848,5554.489746,5496.035645,5437.581055,5379.126953,5320.672852,5262.218750,7015.842773,7015.842773,7015.842773,7015.842773,7015.842773,7015.842773,7015.842773,7015.842773,7015.842773,7015.842773,7015.842773,7015.842773,7015.842773,7015.842773,7015.842773,7015.842773,7015.842773,7015.842773,7015.842773,7015.842773,7015.842773,7015.842773,7015.842773,7015.842773,7015.842773,7015.842773,7015.842773,7015.842773,7015.842773,7015.842773,PHASE,1,1,1,1,1,1,1,1,1,1,1,1,1,1,1,1,1,1,1,1,1,1,1,1,1,1,1,1,1,1,2,2,2,2,2,2,2,2,2,2,2,2,2,2,2,2,2,2,2,2,2,2,2,2,2,2,2,2,2,2,3,3,3,3,3,3,3,3,3,3,3,3,3,3,3,3,3,3,3,3,3,3,3,3,3,3,3,3,3,3,FLASH_END
41,12:24:33,2026-06-12,Auto gsw+F,LI-COR Default,,041,,,0.101658,2.916625,0.098234,3.134433,1.372989,1.287339,4.404899,3.031909,13.148216,14.023007,44.989376,0.441786,7.500000,PSF-00578_20260612122433_da5,0.000000,0.000000,0.000000,93.110916,228.426163,0.592381,0.5,0.80,394.716003,1.000000,28.14,26.39,32.38,30.58,30.58,97.91,156.1,155.2,0.6,1666,3.982,12:24:27,2026-06-12,-0.67,0,0.001,0.001,-9999.000,0.111,-0.039,-9999.000,1,150,0.005,2.000000,0.058905,0.000000,0.029230,0.000000,0.000000,-0.000068,standard,0,mpf,7000,500,5.000000,2.000000,300,300,300,210.637451,25,-14.615422,207.658768,207.594131,0.064636,2.441717,2.430829,1.642522,0.930401,0.203676,-0.020899,0.447904,1.498559,93.110916,0.000309,2.397709,-0.000030,1.000000,2.383926,-0.000024,1.000000,0.601714,0.600514,0.106642,0.000000,PSF-00578_20260612122433_da5,PFA-00612,PSA-00572,PSF-00578,RHS-0697,3.0.0,2022-04-21T19:36:20.491Z,MEASUREMENT_END
PSF-00578_20260612122433_da5,12:24:33,2026-06-12,PFA-00612,PSA-00572,PSF-00578,0.000000,0.000000,0.000000,228.426163,93.110916,0.592381,1672.455566,TIME,0.000000,0.010000,0.020000,0.030000,0.040000,0.050000,0.060000,0.070000,0.080000,0.090000,0.100000,0.110000,0.120000,0.130000,0.140000,0.150000,0.160000,0.170000,0.180000,0.190000,0.200000,0.210000,0.220000,0.230000,0.240000,0.250000,0.260000,0.270000,0.280000,0.290000,0.300000,0.310000,0.320000,0.330000,0.340000,0.350000,0.360000,0.370000,0.380000,0.390000,0.400000,0.410000,0.420000,0.430000,0.440000,0.450000,0.460000,0.470000,0.480000,0.490000,0.500000,0.510000,0.520000,0.530000,0.540000,0.550000,0.560000,0.570000,0.580000,0.590000,0.600000,0.610000,0.620000,0.630000,0.640000,0.650000,0.660000,0.670000,0.680000,0.690000,0.700000,0.710000,0.720000,0.730000,0.740000,0.750000,0.760000,0.770000,0.780000,0.790000,0.800000,0.810000,0.820000,0.830000,0.839999,0.849999,0.859999,0.869999,0.879999,0.889999,FLR,159.419067,190.333130,195.291275,198.281403,201.222183,204.192276,206.724640,208.552124,209.690445,210.314514,210.605621,210.637451,210.544830,210.372086,210.171463,209.950806,209.726578,209.486252,209.254501,209.037430,208.845016,208.622223,208.445190,208.280319,208.135849,208.005310,207.877640,207.780716,207.704544,207.613708,207.540390,207.472809,207.136627,207.036850,206.712845,206.360931,206.280823,205.958252,205.878143,205.565216,205.511215,205.171829,205.097443,204.807755,204.464081,204.385757,204.116470,203.780289,203.706619,203.405502,203.083633,202.993149,202.696320,202.378387,202.038651,201.957458,201.661346,201.348785,200.991516,200.625656,205.839874,206.780075,207.106232,207.264664,207.339401,207.383392,207.424164,207.443115,207.457779,207.478516,207.480667,207.471375,207.463501,207.468155,207.459213,207.469223,207.474945,207.495331,207.507843,207.525375,207.551117,207.536453,207.543259,207.575439,207.582230,207.597610,207.612274,207.624084,207.638382,207.658768,PAR,7015.842773,7015.842773,7015.842773,7015.842773,7015.842773,7015.842773,7015.842773,7015.842773,7015.842773,7015.842773,7015.842773,7015.842773,7015.842773,7015.842773,7015.842773,7015.842773,7015.842773,7015.842773,7015.842773,7015.842773,7015.842773,7015.842773,7015.842773,7015.842773,7015.842773,7015.842773,7015.842773,7015.842773,7015.842773,7015.842773,6957.388672,6898.934570,6840.480469,6782.026367,6723.572266,6665.118164,6606.664062,6548.209961,6489.755859,6431.301758,6372.847656,6314.393066,6255.938965,6197.484863,6139.030762,6080.576660,6022.122559,5963.668457,5905.214355,5846.760254,5788.306152,5729.852051,5671.397949,5612.943848,5554.489746,5496.035645,5437.581055,5379.126953,5320.672852,5262.218750,7015.842773,7015.842773,7015.842773,7015.842773,7015.842773,7015.842773,7015.842773,7015.842773,7015.842773,7015.842773,7015.842773,7015.842773,7015.842773,7015.842773,7015.842773,7015.842773,7015.842773,7015.842773,7015.842773,7015.842773,7015.842773,7015.842773,7015.842773,7015.842773,7015.842773,7015.842773,7015.842773,7015.842773,7015.842773,7015.842773,PHASE,1,1,1,1,1,1,1,1,1,1,1,1,1,1,1,1,1,1,1,1,1,1,1,1,1,1,1,1,1,1,2,2,2,2,2,2,2,2,2,2,2,2,2,2,2,2,2,2,2,2,2,2,2,2,2,2,2,2,2,2,3,3,3,3,3,3,3,3,3,3,3,3,3,3,3,3,3,3,3,3,3,3,3,3,3,3,3,3,3,3,FLASH_END
42,12:25:03,2026-06-12,Auto gsw+F,LI-COR Default,,042,,,0.084851,2.914999,0.082451,2.421700,1.422231,1.356004,4.215258,2.793027,13.849213,14.525606,43.051495,0.441786,7.500000,PSF-00578_20260612122503_27b,0.000000,0.000000,0.000000,82.222221,251.520264,0.673099,0.5,0.80,516.290100,1.000000,29.17,27.81,32.37,29.81,29.81,97.91,155.9,155.2,0.5,1918,3.982,12:24:27,2026-06-12,-0.67,0,0.001,0.002,-9999.000,0.026,0.014,-9999.000,1,150,0.005,2.000000,0.058905,0.000000,0.029230,0.000000,0.000000,-0.000068,standard,0,mpf,7000,500,5.000000,2.000000,300,300,300,207.629089,25,-36.456963,190.232635,199.556503,-9.323868,2.443761,2.432258,1.640866,0.930305,0.203761,-0.029655,0.449934,1.708944,82.222221,0.000299,2.397709,-0.000030,1.000000,2.383926,-0.000024,1.000000,0.601714,0.600514,0.106642,0.000000,PSF-00578_20260612122503_27b,PFA-00612,PSA-00572,PSF-00578,RHS-0697,3.0.0,2022-04-21T19:36:20.491Z,MEASUREMENT_END
PSF-00578_20260612122503_27b,12:25:03,2026-06-12,PFA-00612,PSA-00572,PSF-00578,0.000000,0.000000,0.000000,251.520264,82.222221,0.673099,1924.237793,TIME,0.000000,0.010000,0.020000,0.030000,0.040000,0.050000,0.060000,0.070000,0.080000,0.090000,0.100000,0.110000,0.120000,0.130000,0.140000,0.150000,0.160000,0.170000,0.180000,0.190000,0.200000,0.210000,0.220000,0.230000,0.240000,0.250000,0.260000,0.270000,0.280000,0.290000,0.300000,0.310000,0.320000,0.330000,0.340000,0.350000,0.360000,0.370000,0.380000,0.390000,0.400000,0.410000,0.420000,0.430000,0.440000,0.450000,0.460000,0.470000,0.480000,0.490000,0.500000,0.510000,0.520000,0.530000,0.540000,0.550000,0.560000,0.570000,0.580000,0.590000,0.600000,0.610000,0.620000,0.630000,0.640000,0.650000,0.660000,0.670000,0.680000,0.690000,0.700000,0.710000,0.720000,0.730000,0.740000,0.750000,0.760000,0.770000,0.780000,0.790000,0.800000,0.810000,0.820000,0.830000,0.839999,0.849999,0.859999,0.869999,0.879999,0.889999,FLR,149.592514,178.217056,180.324554,182.510025,186.771515,192.413086,197.757126,201.836227,204.548477,206.221817,207.126617,207.534317,207.629089,207.502487,207.247849,206.907028,206.516861,206.075546,205.602051,205.156448,204.688675,204.187637,203.701614,203.222397,202.747467,202.285049,201.805466,201.327682,200.870270,200.420029,199.974777,199.504852,198.789246,198.320740,197.610138,196.838730,196.353439,195.653915,195.200089,194.494492,194.082138,193.371536,192.944519,192.262894,191.559784,191.142792,190.476898,189.789169,189.401154,188.752777,188.083298,187.726730,187.119476,186.461090,185.803055,185.477966,184.891098,184.282425,183.666580,183.055405,189.171188,189.945465,190.172195,190.232635,190.188293,190.121765,190.072052,189.990524,189.942596,189.869644,189.843536,189.784882,189.737671,189.709061,189.677597,189.642914,189.623596,189.613586,189.601059,189.589615,189.584259,189.583542,189.590698,189.593201,189.596054,189.605362,189.620377,189.621811,189.638977,189.651840,PAR,7015.842773,7015.842773,7015.842773,7015.842773,7015.842773,7015.842773,7015.842773,7015.842773,7015.842773,7015.842773,7015.842773,7015.842773,7015.842773,7015.842773,7015.842773,7015.842773,7015.842773,7015.842773,7015.842773,7015.842773,7015.842773,7015.842773,7015.842773,7015.842773,7015.842773,7015.842773,7015.842773,7015.842773,7015.842773,7015.842773,6957.388672,6898.934570,6840.480469,6782.026367,6723.572266,6665.118164,6606.664062,6548.209961,6489.755859,6431.301758,6372.847656,6314.393066,6255.938965,6197.484863,6139.030762,6080.576660,6022.122559,5963.668457,5905.214355,5846.760254,5788.306152,5729.852051,5671.397949,5612.943848,5554.489746,5496.035645,5437.581055,5379.126953,5320.672852,5262.218750,7015.842773,7015.842773,7015.842773,7015.842773,7015.842773,7015.842773,7015.842773,7015.842773,7015.842773,7015.842773,7015.842773,7015.842773,7015.842773,7015.842773,7015.842773,7015.842773,7015.842773,7015.842773,7015.842773,7015.842773,7015.842773,7015.842773,7015.842773,7015.842773,7015.842773,7015.842773,7015.842773,7015.842773,7015.842773,7015.842773,PHASE,1,1,1,1,1,1,1,1,1,1,1,1,1,1,1,1,1,1,1,1,1,1,1,1,1,1,1,1,1,1,2,2,2,2,2,2,2,2,2,2,2,2,2,2,2,2,2,2,2,2,2,2,2,2,2,2,2,2,2,2,3,3,3,3,3,3,3,3,3,3,3,3,3,3,3,3,3,3,3,3,3,3,3,3,3,3,3,3,3,3,FLASH_END
43,12:25:19,2026-06-12,Auto gsw+F,LI-COR Default,,043,,,0.167581,2.917871,0.158480,5.039476,1.460098,1.322639,4.479342,3.019244,13.507652,14.911478,45.745972,0.441786,7.500000,PSF-00578_20260612122519_845,0.000000,0.000000,0.000000,85.007072,165.739517,0.487104,0.5,0.80,359.407532,1.000000,29.95,27.13,32.36,30.88,30.88,97.92,156.2,155.3,0.6,1845,3.980,12:24:27,2026-06-12,-0.67,0,-0.002,0.003,-9999.000,0.019,0.564,-9999.000,1,150,0.005,2.000000,0.058905,0.000000,0.029230,0.000000,0.000000,-0.000068,standard,0,mpf,7000,500,5.000000,2.000000,300,300,300,147.524002,25,-13.525362,144.759888,146.461197,-1.701309,2.442796,2.433347,1.643795,0.930672,0.203811,-0.017284,0.451229,1.647969,85.007072,0.000307,2.397709,-0.000030,1.000000,2.383926,-0.000024,1.000000,0.601714,0.600514,0.106642,0.000000,PSF-00578_20260612122519_845,PFA-00612,PSA-00572,PSF-00578,RHS-0697,3.0.0,2022-04-21T19:36:20.491Z,MEASUREMENT_END
PSF-00578_20260612122519_845,12:25:19,2026-06-12,PFA-00612,PSA-00572,PSF-00578,0.000000,0.000000,0.000000,165.739517,85.007072,0.487104,1851.264160,TIME,0.000000,0.010000,0.020000,0.030000,0.040000,0.050000,0.060000,0.070000,0.080000,0.090000,0.100000,0.110000,0.120000,0.130000,0.140000,0.150000,0.160000,0.170000,0.180000,0.190000,0.200000,0.210000,0.220000,0.230000,0.240000,0.250000,0.260000,0.270000,0.280000,0.290000,0.300000,0.310000,0.320000,0.330000,0.340000,0.350000,0.360000,0.370000,0.380000,0.390000,0.400000,0.410000,0.420000,0.430000,0.440000,0.450000,0.460000,0.470000,0.480000,0.490000,0.500000,0.510000,0.520000,0.530000,0.540000,0.550000,0.560000,0.570000,0.580000,0.590000,0.600000,0.610000,0.620000,0.630000,0.640000,0.650000,0.660000,0.670000,0.680000,0.690000,0.700000,0.710000,0.720000,0.730000,0.740000,0.750000,0.760000,0.770000,0.780000,0.790000,0.800000,0.810000,0.820000,0.830000,0.839999,0.849999,0.859999,0.869999,0.879999,0.889999,FLR,115.621094,131.155365,135.815979,138.449188,140.268448,141.808029,143.252487,144.515640,145.544525,146.324509,146.863098,147.191757,147.385239,147.492172,147.524002,147.497528,147.441391,147.376297,147.294754,147.208572,147.130966,147.025467,146.945709,146.849152,146.771194,146.681793,146.602036,146.547668,146.458618,146.395691,146.340973,146.271225,146.008377,145.933273,145.661118,145.364288,145.270950,144.992355,144.891495,144.636871,144.538528,144.257431,144.169800,143.903015,143.605835,143.486023,143.219589,142.928131,142.827988,142.570496,142.293686,142.176743,141.908890,141.623856,141.339905,141.227249,140.936142,140.659332,140.351410,140.064957,143.758896,144.338959,144.587158,144.705887,144.735931,144.759888,144.749527,144.728424,144.702316,144.682999,144.657608,144.618637,144.581436,144.559616,144.532806,144.496323,144.468781,144.437317,144.418716,144.385101,144.375793,144.343613,144.306778,144.288177,144.248840,144.230606,144.193405,144.161575,144.129761,144.094345,PAR,7015.842773,7015.842773,7015.842773,7015.842773,7015.842773,7015.842773,7015.842773,7015.842773,7015.842773,7015.842773,7015.842773,7015.842773,7015.842773,7015.842773,7015.842773,7015.842773,7015.842773,7015.842773,7015.842773,7015.842773,7015.842773,7015.842773,7015.842773,7015.842773,7015.842773,7015.842773,7015.842773,7015.842773,7015.842773,7015.842773,6957.388672,6898.934570,6840.480469,6782.026367,6723.572266,6665.118164,6606.664062,6548.209961,6489.755859,6431.301758,6372.847656,6314.393066,6255.938965,6197.484863,6139.030762,6080.576660,6022.122559,5963.668457,5905.214355,5846.760254,5788.306152,5729.852051,5671.397949,5612.943848,5554.489746,5496.035645,5437.581055,5379.126953,5320.672852,5262.218750,7015.842773,7015.842773,7015.842773,7015.842773,7015.842773,7015.842773,7015.842773,7015.842773,7015.842773,7015.842773,7015.842773,7015.842773,7015.842773,7015.842773,7015.842773,7015.842773,7015.842773,7015.842773,7015.842773,7015.842773,7015.842773,7015.842773,7015.842773,7015.842773,7015.842773,7015.842773,7015.842773,7015.842773,7015.842773,7015.842773,PHASE,1,1,1,1,1,1,1,1,1,1,1,1,1,1,1,1,1,1,1,1,1,1,1,1,1,1,1,1,1,1,2,2,2,2,2,2,2,2,2,2,2,2,2,2,2,2,2,2,2,2,2,2,2,2,2,2,2,2,2,2,3,3,3,3,3,3,3,3,3,3,3,3,3,3,3,3,3,3,3,3,3,3,3,3,3,3,3,3,3,3,FLASH_END
44,12:26:35,2026-06-12,Auto gsw+F,LI-COR Default,,044,,,0.012495,2.916934,0.012442,0.549959,1.259378,1.244336,5.439090,4.179711,12.708949,12.862581,55.551792,0.441786,7.500000,PSF-00578_20260612122635_1ca,0.000000,0.000000,0.000000,162.819382,191.126434,0.148106,0.5,0.80,129.049896,1.000000,25.65,25.34,32.49,34.32,34.32,97.91,156.1,155.3,0.5,2178,3.948,12:24:27,2026-06-12,-0.67,0,0.001,0.002,-9999.000,-1.305,-3.034,-9999.000,1,150,0.005,2.000000,0.058905,0.000000,0.029230,0.000000,0.000000,-0.000068,standard,0,mpf,7000,500,5.000000,2.000000,300,300,300,188.886887,25,-1.520033,189.954758,188.959869,0.994888,2.440193,2.427307,1.642838,0.930570,0.202776,0.022140,0.457114,1.926818,162.819382,0.000283,2.397709,-0.000030,1.000000,2.383926,-0.000024,1.000000,0.601714,0.600514,0.106642,0.000000,PSF-00578_20260612122635_1ca,PFA-00612,PSA-00572,PSF-00578,RHS-0697,3.0.0,2022-04-21T19:36:20.491Z,MEASUREMENT_END
PSF-00578_20260612122635_1ca,12:26:35,2026-06-12,PFA-00612,PSA-00572,PSF-00578,0.000000,0.000000,0.000000,191.126434,162.819382,0.148106,2184.982178,TIME,0.000000,0.010000,0.020000,0.030000,0.040000,0.050000,0.060000,0.070000,0.080000,0.090000,0.100000,0.110000,0.120000,0.130000,0.140000,0.150000,0.160000,0.170000,0.180000,0.190000,0.200000,0.210000,0.220000,0.230000,0.240000,0.250000,0.260000,0.270000,0.280000,0.290000,0.300000,0.310000,0.320000,0.330000,0.340000,0.350000,0.360000,0.370000,0.380000,0.390000,0.400000,0.410000,0.420000,0.430000,0.440000,0.450000,0.460000,0.470000,0.480000,0.490000,0.500000,0.510000,0.520000,0.530000,0.540000,0.550000,0.560000,0.570000,0.580000,0.590000,0.600000,0.610000,0.620000,0.630000,0.640000,0.650000,0.660000,0.670000,0.680000,0.690000,0.700000,0.710000,0.720000,0.730000,0.740000,0.750000,0.760000,0.770000,0.780000,0.790000,0.800000,0.810000,0.820000,0.830000,0.839999,0.849999,0.859999,0.869999,0.879999,0.889999,FLR,176.067703,184.919357,187.014694,187.705643,187.938446,188.048965,188.139801,188.182709,188.194870,188.220261,188.257462,188.245300,188.271042,188.334702,188.366882,188.443069,188.491348,188.503860,188.546417,188.543198,188.572525,188.603638,188.652634,188.687317,188.710205,188.728806,188.769577,188.836456,188.878296,188.886887,188.889740,188.889389,188.862198,188.871140,188.824646,188.750275,188.754562,188.740967,188.801758,188.806778,188.842529,188.774948,188.778519,188.717728,188.675522,188.704498,188.671951,188.594696,188.585037,188.533539,188.524597,188.501709,188.449142,188.410156,188.367599,188.360458,188.355438,188.293930,188.188797,188.116913,189.251297,189.520599,189.585693,189.607498,189.614655,189.656494,189.665085,189.643982,189.625381,189.612869,189.649704,189.647202,189.665436,189.706558,189.722305,189.705490,189.715500,189.735535,189.746613,189.739822,189.816711,189.834946,189.848541,189.849609,189.876434,189.887878,189.893250,189.899323,189.925430,189.954758,PAR,7015.842773,7015.842773,7015.842773,7015.842773,7015.842773,7015.842773,7015.842773,7015.842773,7015.842773,7015.842773,7015.842773,7015.842773,7015.842773,7015.842773,7015.842773,7015.842773,7015.842773,7015.842773,7015.842773,7015.842773,7015.842773,7015.842773,7015.842773,7015.842773,7015.842773,7015.842773,7015.842773,7015.842773,7015.842773,7015.842773,6957.388672,6898.934570,6840.480469,6782.026367,6723.572266,6665.118164,6606.664062,6548.209961,6489.755859,6431.301758,6372.847656,6314.393066,6255.938965,6197.484863,6139.030762,6080.576660,6022.122559,5963.668457,5905.214355,5846.760254,5788.306152,5729.852051,5671.397949,5612.943848,5554.489746,5496.035645,5437.581055,5379.126953,5320.672852,5262.218750,7015.842773,7015.842773,7015.842773,7015.842773,7015.842773,7015.842773,7015.842773,7015.842773,7015.842773,7015.842773,7015.842773,7015.842773,7015.842773,7015.842773,7015.842773,7015.842773,7015.842773,7015.842773,7015.842773,7015.842773,7015.842773,7015.842773,7015.842773,7015.842773,7015.842773,7015.842773,7015.842773,7015.842773,7015.842773,7015.842773,PHASE,1,1,1,1,1,1,1,1,1,1,1,1,1,1,1,1,1,1,1,1,1,1,1,1,1,1,1,1,1,1,2,2,2,2,2,2,2,2,2,2,2,2,2,2,2,2,2,2,2,2,2,2,2,2,2,2,2,2,2,2,3,3,3,3,3,3,3,3,3,3,3,3,3,3,3,3,3,3,3,3,3,3,3,3,3,3,3,3,3,3,FLASH_END
45,12:26:50,2026-06-12,Auto gsw+F,LI-COR Default,,045,,,0.120819,2.917328,0.116014,4.591841,1.400498,1.275122,5.146367,3.745870,13.022876,14.303344,52.560074,0.441786,7.500000,PSF-00578_20260612122650_f57,0.000000,0.000000,0.000000,99.941612,156.606461,0.361830,0.5,0.80,304.907654,1.000000,28.52,25.96,32.50,33.33,33.33,97.91,156.2,155.5,0.5,2107,3.979,12:24:27,2026-06-12,-0.67,0,0.002,0.003,-9999.000,-1.297,-3.491,-9999.000,1,150,0.005,2.000000,0.058905,0.000000,0.029230,0.000000,0.000000,-0.000068,standard,0,mpf,7000,500,5.000000,2.000000,300,300,300,138.971329,25,-12.176768,135.479813,139.250351,-3.770538,2.441096,2.431340,1.643240,0.931026,0.202755,0.010163,0.458147,1.866971,99.941612,0.000293,2.397709,-0.000030,1.000000,2.383926,-0.000024,1.000000,0.601714,0.600514,0.106642,0.000000,PSF-00578_20260612122650_f57,PFA-00612,PSA-00572,PSF-00578,RHS-0697,3.0.0,2022-04-21T19:36:20.491Z,MEASUREMENT_END
PSF-00578_20260612122650_f57,12:26:50,2026-06-12,PFA-00612,PSA-00572,PSF-00578,0.000000,0.000000,0.000000,156.606461,99.941612,0.361830,2113.359375,TIME,0.000000,0.010000,0.020000,0.030000,0.040000,0.050000,0.060000,0.070000,0.080000,0.090000,0.100000,0.110000,0.120000,0.130000,0.140000,0.150000,0.160000,0.170000,0.180000,0.190000,0.200000,0.210000,0.220000,0.230000,0.240000,0.250000,0.260000,0.270000,0.280000,0.290000,0.300000,0.310000,0.320000,0.330000,0.340000,0.350000,0.360000,0.370000,0.380000,0.390000,0.400000,0.410000,0.420000,0.430000,0.440000,0.450000,0.460000,0.470000,0.480000,0.490000,0.500000,0.510000,0.520000,0.530000,0.540000,0.550000,0.560000,0.570000,0.580000,0.590000,0.600000,0.610000,0.620000,0.630000,0.640000,0.650000,0.660000,0.670000,0.680000,0.690000,0.700000,0.710000,0.720000,0.730000,0.740000,0.750000,0.760000,0.770000,0.780000,0.790000,0.800000,0.810000,0.820000,0.830000,0.839999,0.849999,0.859999,0.869999,0.879999,0.889999,FLR,116.947891,126.796959,130.862473,133.497833,135.170822,136.225815,136.896378,137.331604,137.632721,137.866974,138.050079,138.172745,138.312943,138.438461,138.516785,138.561127,138.633011,138.702042,138.737076,138.793945,138.844009,138.887283,138.924484,138.964172,138.965256,138.959885,138.971329,138.963821,138.945938,138.926270,138.920181,138.869049,138.748520,138.671997,138.494247,138.276810,138.185623,137.972839,137.873764,137.664551,137.578369,137.373093,137.277252,137.061600,136.834854,136.686798,136.440033,136.181473,136.036636,135.772705,135.535599,135.382172,135.159012,134.907608,134.619720,134.452347,134.193069,133.936646,133.650543,133.389114,135.316376,135.479813,135.456924,135.347122,135.215164,135.095718,134.954102,134.828217,134.680511,134.539612,134.418365,134.267090,134.123688,133.954163,133.779282,133.622284,133.461349,133.272171,133.131622,132.979630,132.852676,132.698898,132.552628,132.386322,132.236832,132.071259,131.902100,131.730789,131.555206,131.397125,PAR,7015.842773,7015.842773,7015.842773,7015.842773,7015.842773,7015.842773,7015.842773,7015.842773,7015.842773,7015.842773,7015.842773,7015.842773,7015.842773,7015.842773,7015.842773,7015.842773,7015.842773,7015.842773,7015.842773,7015.842773,7015.842773,7015.842773,7015.842773,7015.842773,7015.842773,7015.842773,7015.842773,7015.842773,7015.842773,7015.842773,6957.388672,6898.934570,6840.480469,6782.026367,6723.572266,6665.118164,6606.664062,6548.209961,6489.755859,6431.301758,6372.847656,6314.393066,6255.938965,6197.484863,6139.030762,6080.576660,6022.122559,5963.668457,5905.214355,5846.760254,5788.306152,5729.852051,5671.397949,5612.943848,5554.489746,5496.035645,5437.581055,5379.126953,5320.672852,5262.218750,7015.842773,7015.842773,7015.842773,7015.842773,7015.842773,7015.842773,7015.842773,7015.842773,7015.842773,7015.842773,7015.842773,7015.842773,7015.842773,7015.842773,7015.842773,7015.842773,7015.842773,7015.842773,7015.842773,7015.842773,7015.842773,7015.842773,7015.842773,7015.842773,7015.842773,7015.842773,7015.842773,7015.842773,7015.842773,7015.842773,PHASE,1,1,1,1,1,1,1,1,1,1,1,1,1,1,1,1,1,1,1,1,1,1,1,1,1,1,1,1,1,1,2,2,2,2,2,2,2,2,2,2,2,2,2,2,2,2,2,2,2,2,2,2,2,2,2,2,2,2,2,2,3,3,3,3,3,3,3,3,3,3,3,3,3,3,3,3,3,3,3,3,3,3,3,3,3,3,3,3,3,3,FLASH_END
46,12:27:14,2026-06-12,Auto gsw+F,LI-COR Default,,046,,,0.133768,2.916548,0.127902,4.988047,1.333880,1.197514,5.028199,3.694319,12.230797,13.623564,51.355442,0.441786,7.500000,PSF-00578_20260612122714_18e,0.000000,0.000000,0.000000,98.527550,156.379532,0.369946,0.5,0.80,312.939148,1.000000,27.16,24.38,32.50,32.92,32.92,97.91,156.1,155.6,0.3,2115,3.977,12:24:27,2026-06-12,-0.67,0,-0.000,0.001,-9999.000,-0.687,-1.176,-9999.000,1,150,0.005,2.000000,0.058905,0.000000,0.029230,0.000000,0.000000,-0.000068,standard,0,mpf,7000,500,5.000000,2.000000,300,300,300,140.761612,25,-10.796086,138.082260,140.991379,-2.909119,2.438792,2.429439,1.642443,0.931322,0.202739,0.005190,0.459968,1.873701,98.527550,0.000299,2.397709,-0.000030,1.000000,2.383926,-0.000024,1.000000,0.601714,0.600514,0.106642,0.000000,PSF-00578_20260612122714_18e,PFA-00612,PSA-00572,PSF-00578,RHS-0697,3.0.0,2022-04-21T19:36:20.491Z,MEASUREMENT_END
PSF-00578_20260612122714_18e,12:27:14,2026-06-12,PFA-00612,PSA-00572,PSF-00578,0.000000,0.000000,0.000000,156.379532,98.527550,0.369946,2121.413818,TIME,0.000000,0.010000,0.020000,0.030000,0.040000,0.050000,0.060000,0.070000,0.080000,0.090000,0.100000,0.110000,0.120000,0.130000,0.140000,0.150000,0.160000,0.170000,0.180000,0.190000,0.200000,0.210000,0.220000,0.230000,0.240000,0.250000,0.260000,0.270000,0.280000,0.290000,0.300000,0.310000,0.320000,0.330000,0.340000,0.350000,0.360000,0.370000,0.380000,0.390000,0.400000,0.410000,0.420000,0.430000,0.440000,0.450000,0.460000,0.470000,0.480000,0.490000,0.500000,0.510000,0.520000,0.530000,0.540000,0.550000,0.560000,0.570000,0.580000,0.590000,0.600000,0.610000,0.620000,0.630000,0.640000,0.650000,0.660000,0.670000,0.680000,0.690000,0.700000,0.710000,0.720000,0.730000,0.740000,0.750000,0.760000,0.770000,0.780000,0.790000,0.800000,0.810000,0.820000,0.830000,0.839999,0.849999,0.859999,0.869999,0.879999,0.889999,FLR,118.320107,129.017471,133.136993,135.663635,137.231476,138.189194,138.816116,139.208084,139.493469,139.725922,139.919037,140.030624,140.179031,140.254135,140.336395,140.422943,140.482300,140.538101,140.593536,140.612839,140.675430,140.704041,140.726212,140.738724,140.742661,140.761612,140.761261,140.736938,140.731216,140.709045,140.724060,140.683289,140.519135,140.493393,140.318512,140.116089,140.041702,139.856812,139.780640,139.583588,139.513138,139.309998,139.217026,139.024261,138.808609,138.712051,138.501770,138.278961,138.152008,137.946014,137.726074,137.569778,137.363434,137.123108,136.893509,136.739014,136.519073,136.269455,136.036636,135.780212,137.855530,138.082260,138.075470,138.010025,137.928482,137.817261,137.720703,137.605545,137.502914,137.380951,137.261505,137.132767,137.017242,136.889221,136.762268,136.631012,136.530518,136.405701,136.293411,136.177902,136.040573,135.926483,135.782364,135.648972,135.520584,135.370010,135.222321,135.096786,134.936569,134.810333,PAR,7015.842773,7015.842773,7015.842773,7015.842773,7015.842773,7015.842773,7015.842773,7015.842773,7015.842773,7015.842773,7015.842773,7015.842773,7015.842773,7015.842773,7015.842773,7015.842773,7015.842773,7015.842773,7015.842773,7015.842773,7015.842773,7015.842773,7015.842773,7015.842773,7015.842773,7015.842773,7015.842773,7015.842773,7015.842773,7015.842773,6957.388672,6898.934570,6840.480469,6782.026367,6723.572266,6665.118164,6606.664062,6548.209961,6489.755859,6431.301758,6372.847656,6314.393066,6255.938965,6197.484863,6139.030762,6080.576660,6022.122559,5963.668457,5905.214355,5846.760254,5788.306152,5729.852051,5671.397949,5612.943848,5554.489746,5496.035645,5437.581055,5379.126953,5320.672852,5262.218750,7015.842773,7015.842773,7015.842773,7015.842773,7015.842773,7015.842773,7015.842773,7015.842773,7015.842773,7015.842773,7015.842773,7015.842773,7015.842773,7015.842773,7015.842773,7015.842773,7015.842773,7015.842773,7015.842773,7015.842773,7015.842773,7015.842773,7015.842773,7015.842773,7015.842773,7015.842773,7015.842773,7015.842773,7015.842773,7015.842773,PHASE,1,1,1,1,1,1,1,1,1,1,1,1,1,1,1,1,1,1,1,1,1,1,1,1,1,1,1,1,1,1,2,2,2,2,2,2,2,2,2,2,2,2,2,2,2,2,2,2,2,2,2,2,2,2,2,2,2,2,2,2,3,3,3,3,3,3,3,3,3,3,3,3,3,3,3,3,3,3,3,3,3,3,3,3,3,3,3,3,3,3,FLASH_END
47,12:28:20,2026-06-12,Auto gsw+F,LI-COR Default,,047,,,0.287359,2.916207,0.261583,7.913435,1.466247,1.250133,4.340559,2.874312,12.767495,14.974655,44.329754,0.441786,7.500000,PSF-00578_20260612122820_224,0.000000,0.000000,0.000000,87.532997,185.169601,0.527282,0.5,0.80,393.620361,1.000000,29.86,25.46,32.50,30.32,30.32,97.92,156.0,155.4,0.4,1866,3.976,12:24:27,2026-06-12,-0.67,0,0.003,0.002,0.015,0.393,-0.225,-0.149,1,150,0.005,2.000000,0.058905,0.000000,0.029230,0.000000,0.000000,-0.000068,standard,0,mpf,7000,500,5.000000,2.000000,300,300,300,161.850922,25,-17.617901,157.358414,160.057999,-2.699585,2.440360,2.433195,1.642096,0.930914,0.202758,-0.025250,0.464713,1.666066,87.532997,0.000308,2.397709,-0.000030,1.000000,2.383926,-0.000024,1.000000,0.601714,0.600514,0.106642,0.000000,PSF-00578_20260612122820_224,PFA-00612,PSA-00572,PSF-00578,RHS-0697,3.0.0,2022-04-21T19:36:20.491Z,MEASUREMENT_END
PSF-00578_20260612122820_224,12:28:20,2026-06-12,PFA-00612,PSA-00572,PSF-00578,0.000000,0.000000,0.000000,185.169601,87.532997,0.527282,1872.922119,TIME,0.000000,0.010000,0.020000,0.030000,0.040000,0.050000,0.060000,0.070000,0.080000,0.090000,0.100000,0.110000,0.120000,0.130000,0.140000,0.150000,0.160000,0.170000,0.180000,0.190000,0.200000,0.210000,0.220000,0.230000,0.240000,0.250000,0.260000,0.270000,0.280000,0.290000,0.300000,0.310000,0.320000,0.330000,0.340000,0.350000,0.360000,0.370000,0.380000,0.390000,0.400000,0.410000,0.420000,0.430000,0.440000,0.450000,0.460000,0.470000,0.480000,0.490000,0.500000,0.510000,0.520000,0.530000,0.540000,0.550000,0.560000,0.570000,0.580000,0.590000,0.600000,0.610000,0.620000,0.630000,0.640000,0.650000,0.660000,0.670000,0.680000,0.690000,0.700000,0.710000,0.720000,0.730000,0.740000,0.750000,0.760000,0.770000,0.780000,0.790000,0.800000,0.810000,0.820000,0.830000,0.839999,0.849999,0.859999,0.869999,0.879999,0.889999,FLR,125.801323,143.788574,148.049713,150.607468,152.458542,154.053925,155.594589,157.078735,158.432358,159.535294,160.404678,161.015869,161.426071,161.683197,161.806580,161.850922,161.824112,161.751144,161.642792,161.529785,161.408188,161.273361,161.118500,160.979752,160.845993,160.689713,160.562759,160.434372,160.285950,160.156494,160.057419,159.916519,159.580704,159.410477,159.070007,158.679123,158.485291,158.128387,157.953857,157.605164,157.460693,157.128098,156.996490,156.655304,156.285522,156.122803,155.797363,155.420776,155.269501,154.930115,154.586792,154.431946,154.129745,153.764603,153.394455,153.246765,152.911667,152.565125,152.201767,151.831268,156.161789,156.899216,157.199982,157.336594,157.358414,157.340164,157.300476,157.253265,157.230026,157.204269,157.187820,157.162430,157.142044,157.128098,157.094833,157.058365,157.014374,156.981110,156.926392,156.896713,156.874176,156.824829,156.806946,156.756882,156.728271,156.691437,156.662827,156.597015,156.559464,156.528351,PAR,7015.842773,7015.842773,7015.842773,7015.842773,7015.842773,7015.842773,7015.842773,7015.842773,7015.842773,7015.842773,7015.842773,7015.842773,7015.842773,7015.842773,7015.842773,7015.842773,7015.842773,7015.842773,7015.842773,7015.842773,7015.842773,7015.842773,7015.842773,7015.842773,7015.842773,7015.842773,7015.842773,7015.842773,7015.842773,7015.842773,6957.388672,6898.934570,6840.480469,6782.026367,6723.572266,6665.118164,6606.664062,6548.209961,6489.755859,6431.301758,6372.847656,6314.393066,6255.938965,6197.484863,6139.030762,6080.576660,6022.122559,5963.668457,5905.214355,5846.760254,5788.306152,5729.852051,5671.397949,5612.943848,5554.489746,5496.035645,5437.581055,5379.126953,5320.672852,5262.218750,7015.842773,7015.842773,7015.842773,7015.842773,7015.842773,7015.842773,7015.842773,7015.842773,7015.842773,7015.842773,7015.842773,7015.842773,7015.842773,7015.842773,7015.842773,7015.842773,7015.842773,7015.842773,7015.842773,7015.842773,7015.842773,7015.842773,7015.842773,7015.842773,7015.842773,7015.842773,7015.842773,7015.842773,7015.842773,7015.842773,PHASE,1,1,1,1,1,1,1,1,1,1,1,1,1,1,1,1,1,1,1,1,1,1,1,1,1,1,1,1,1,1,2,2,2,2,2,2,2,2,2,2,2,2,2,2,2,2,2,2,2,2,2,2,2,2,2,2,2,2,2,2,3,3,3,3,3,3,3,3,3,3,3,3,3,3,3,3,3,3,3,3,3,3,3,3,3,3,3,3,3,3,FLASH_END
48,12:28:37,2026-06-12,Auto gsw+F,LI-COR Default,,048,,,0.217066,2.916075,0.202027,7.453145,1.445649,1.242041,4.940107,3.494458,12.684923,14.764364,50.453148,0.441786,7.500000,PSF-00578_20260612122837_973,0.000000,0.000000,0.000000,95.485214,136.951660,0.302782,0.5,0.80,257.831238,1.000000,29.45,25.30,32.49,32.60,32.60,97.91,156.0,155.4,0.4,2129,3.976,12:24:27,2026-06-12,-0.67,0,-0.001,0.001,-9999.000,-0.754,-1.034,-9999.000,1,150,0.005,2.000000,0.058905,0.000000,0.029230,0.000000,0.000000,-0.000068,standard,0,mpf,7000,500,5.000000,2.000000,300,300,300,128.585098,25,-5.739088,127.836227,128.771484,-0.935257,2.440131,2.432628,1.641961,0.930878,0.202798,0.001537,0.465900,1.885477,95.485214,0.000280,2.397709,-0.000030,1.000000,2.383926,-0.000024,1.000000,0.601714,0.600514,0.106642,0.000000,PSF-00578_20260612122837_973,PFA-00612,PSA-00572,PSF-00578,RHS-0697,3.0.0,2022-04-21T19:36:20.491Z,MEASUREMENT_END
PSF-00578_20260612122837_973,12:28:37,2026-06-12,PFA-00612,PSA-00572,PSF-00578,0.000000,0.000000,0.000000,136.951660,95.485214,0.302782,2135.506592,TIME,0.000000,0.010000,0.020000,0.030000,0.040000,0.050000,0.060000,0.070000,0.080000,0.090000,0.100000,0.110000,0.120000,0.130000,0.140000,0.150000,0.160000,0.170000,0.180000,0.190000,0.200000,0.210000,0.220000,0.230000,0.240000,0.250000,0.260000,0.270000,0.280000,0.290000,0.300000,0.310000,0.320000,0.330000,0.340000,0.350000,0.360000,0.370000,0.380000,0.390000,0.400000,0.410000,0.420000,0.430000,0.440000,0.450000,0.460000,0.470000,0.480000,0.490000,0.500000,0.510000,0.520000,0.530000,0.540000,0.550000,0.560000,0.570000,0.580000,0.590000,0.600000,0.610000,0.620000,0.630000,0.640000,0.650000,0.660000,0.670000,0.680000,0.690000,0.700000,0.710000,0.720000,0.730000,0.740000,0.750000,0.760000,0.770000,0.780000,0.790000,0.800000,0.810000,0.820000,0.830000,0.839999,0.849999,0.859999,0.869999,0.879999,0.889999,FLR,109.317902,118.093018,121.872070,124.207375,125.657913,126.557350,127.123833,127.487183,127.693535,127.856255,127.961754,128.023987,128.070480,128.138428,128.182404,128.230331,128.299362,128.324387,128.364090,128.394135,128.427032,128.446335,128.474243,128.499268,128.509995,128.544327,128.543610,128.564713,128.572937,128.585098,128.602982,128.599045,128.517868,128.507141,128.414505,128.279694,128.255005,128.155594,128.132706,128.018616,127.996803,127.867699,127.836945,127.741096,127.610565,127.564430,127.481819,127.344849,127.289772,127.173546,127.046585,126.982567,126.846313,126.713631,126.601341,126.529457,126.395706,126.245140,126.102448,125.942230,127.530098,127.774719,127.836227,127.807976,127.775429,127.726074,127.677444,127.614143,127.576233,127.545479,127.491829,127.434250,127.350571,127.296570,127.235413,127.192856,127.112389,127.055885,126.979355,126.914978,126.870277,126.787659,126.728653,126.639244,126.578812,126.496552,126.435760,126.357437,126.283051,126.203300,PAR,7015.842773,7015.842773,7015.842773,7015.842773,7015.842773,7015.842773,7015.842773,7015.842773,7015.842773,7015.842773,7015.842773,7015.842773,7015.842773,7015.842773,7015.842773,7015.842773,7015.842773,7015.842773,7015.842773,7015.842773,7015.842773,7015.842773,7015.842773,7015.842773,7015.842773,7015.842773,7015.842773,7015.842773,7015.842773,7015.842773,6957.388672,6898.934570,6840.480469,6782.026367,6723.572266,6665.118164,6606.664062,6548.209961,6489.755859,6431.301758,6372.847656,6314.393066,6255.938965,6197.484863,6139.030762,6080.576660,6022.122559,5963.668457,5905.214355,5846.760254,5788.306152,5729.852051,5671.397949,5612.943848,5554.489746,5496.035645,5437.581055,5379.126953,5320.672852,5262.218750,7015.842773,7015.842773,7015.842773,7015.842773,7015.842773,7015.842773,7015.842773,7015.842773,7015.842773,7015.842773,7015.842773,7015.842773,7015.842773,7015.842773,7015.842773,7015.842773,7015.842773,7015.842773,7015.842773,7015.842773,7015.842773,7015.842773,7015.842773,7015.842773,7015.842773,7015.842773,7015.842773,7015.842773,7015.842773,7015.842773,PHASE,1,1,1,1,1,1,1,1,1,1,1,1,1,1,1,1,1,1,1,1,1,1,1,1,1,1,1,1,1,1,2,2,2,2,2,2,2,2,2,2,2,2,2,2,2,2,2,2,2,2,2,2,2,2,2,2,2,2,2,2,3,3,3,3,3,3,3,3,3,3,3,3,3,3,3,3,3,3,3,3,3,3,3,3,3,3,3,3,3,3,FLASH_END
49,12:28:59,2026-06-12,Auto gsw+F,LI-COR Default,,049,,,0.248622,2.915977,0.229089,7.736205,1.512300,1.301099,4.713560,3.201260,13.288652,15.445739,48.141518,0.441786,7.500000,PSF-00578_20260612122859_54f,0.000000,0.000000,0.000000,106.188293,185.827774,0.428566,0.5,0.80,319.283936,1.000000,30.79,26.49,32.50,31.77,31.77,97.91,156.0,155.5,0.3,1863,3.976,12:24:27,2026-06-12,-0.67,0,0.001,0.001,-9999.000,-0.349,-0.855,-9999.000,1,150,0.005,2.000000,0.058905,0.000000,0.029230,0.000000,0.000000,-0.000068,standard,0,mpf,7000,500,5.000000,2.000000,300,300,300,169.661163,25,-11.165552,169.292450,169.913010,-0.620560,2.441855,2.434479,1.641862,0.931181,0.202740,-0.008377,0.467291,1.662926,106.188293,0.000281,2.397709,-0.000030,1.000000,2.383926,-0.000024,1.000000,0.601714,0.600514,0.106642,0.000000,PSF-00578_20260612122859_54f,PFA-00612,PSA-00572,PSF-00578,RHS-0697,3.0.0,2022-04-21T19:36:20.491Z,MEASUREMENT_END
PSF-00578_20260612122859_54f,12:28:59,2026-06-12,PFA-00612,PSA-00572,PSF-00578,0.000000,0.000000,0.000000,185.827774,106.188293,0.428566,1869.164673,TIME,0.000000,0.010000,0.020000,0.030000,0.040000,0.050000,0.060000,0.070000,0.080000,0.090000,0.100000,0.110000,0.120000,0.130000,0.140000,0.150000,0.160000,0.170000,0.180000,0.190000,0.200000,0.210000,0.220000,0.230000,0.240000,0.250000,0.260000,0.270000,0.280000,0.290000,0.300000,0.310000,0.320000,0.330000,0.340000,0.350000,0.360000,0.370000,0.380000,0.390000,0.400000,0.410000,0.420000,0.430000,0.440000,0.450000,0.460000,0.470000,0.480000,0.490000,0.500000,0.510000,0.520000,0.530000,0.540000,0.550000,0.560000,0.570000,0.580000,0.590000,0.600000,0.610000,0.620000,0.630000,0.640000,0.650000,0.660000,0.670000,0.680000,0.690000,0.700000,0.710000,0.720000,0.730000,0.740000,0.750000,0.760000,0.770000,0.780000,0.790000,0.800000,0.810000,0.820000,0.830000,0.839999,0.849999,0.859999,0.869999,0.879999,0.889999,FLR,133.928055,152.960663,160.325287,163.971664,165.910370,166.999344,167.693848,168.159485,168.465973,168.673401,168.856140,168.970947,169.047836,169.125076,169.194107,169.250610,169.294235,169.365768,169.381851,169.417984,169.470551,169.471985,169.487000,169.516678,169.540283,169.560318,169.585342,169.603226,169.612885,169.661163,169.681198,169.696213,169.480560,169.445511,169.217712,168.960571,168.913010,168.681976,168.630127,168.428070,168.392654,168.168777,168.096191,167.866226,167.588715,167.519333,167.305832,167.041534,166.976456,166.738632,166.505463,166.426773,166.168213,165.920013,165.651077,165.572403,165.320999,165.067795,164.794571,164.526337,168.320770,169.011353,169.222717,169.272430,169.292450,169.291382,169.288879,169.273499,169.260620,169.260269,169.233444,169.188736,169.157990,169.120071,169.084305,169.027451,168.984894,168.957001,168.927307,168.897278,168.866867,168.811447,168.760300,168.728470,168.685562,168.632980,168.593643,168.548233,168.515320,168.477768,PAR,7015.842773,7015.842773,7015.842773,7015.842773,7015.842773,7015.842773,7015.842773,7015.842773,7015.842773,7015.842773,7015.842773,7015.842773,7015.842773,7015.842773,7015.842773,7015.842773,7015.842773,7015.842773,7015.842773,7015.842773,7015.842773,7015.842773,7015.842773,7015.842773,7015.842773,7015.842773,7015.842773,7015.842773,7015.842773,7015.842773,6957.388672,6898.934570,6840.480469,6782.026367,6723.572266,6665.118164,6606.664062,6548.209961,6489.755859,6431.301758,6372.847656,6314.393066,6255.938965,6197.484863,6139.030762,6080.576660,6022.122559,5963.668457,5905.214355,5846.760254,5788.306152,5729.852051,5671.397949,5612.943848,5554.489746,5496.035645,5437.581055,5379.126953,5320.672852,5262.218750,7015.842773,7015.842773,7015.842773,7015.842773,7015.842773,7015.842773,7015.842773,7015.842773,7015.842773,7015.842773,7015.842773,7015.842773,7015.842773,7015.842773,7015.842773,7015.842773,7015.842773,7015.842773,7015.842773,7015.842773,7015.842773,7015.842773,7015.842773,7015.842773,7015.842773,7015.842773,7015.842773,7015.842773,7015.842773,7015.842773,PHASE,1,1,1,1,1,1,1,1,1,1,1,1,1,1,1,1,1,1,1,1,1,1,1,1,1,1,1,1,1,1,2,2,2,2,2,2,2,2,2,2,2,2,2,2,2,2,2,2,2,2,2,2,2,2,2,2,2,2,2,2,3,3,3,3,3,3,3,3,3,3,3,3,3,3,3,3,3,3,3,3,3,3,3,3,3,3,3,3,3,3,FLASH_END
Obs#,Time,Date,configName,configAuthor,remark,Observation,,,gsw,gbw,gtw,E_apparent,VPcham,VPref,VPleaf,VPDleaf,H2O_r,H2O_s,H2O_leaf,leaf_area,leaf_width,flashID,Fo,Fm,Fv/Fm,Fs,Fm',PhiPS2,PS2/1,abs,ETR,TRANS,rh_s,rh_r,Tref,Tmeas,Tleaf,P_atm,flow,flow_s,leak_pct,Qamb,batt,match_time,match_date,rh_adj,type,gsw1sec,gsw2sec,gsw4sec,flr1sec,flr2sec,flr4sec,auto,flow_set,gsw_limit,gsw_period,aw,Bla,Blb,Blc,Bld,Ble,chamber,dark,flash_type,flash_intensity,modrate,flr_limit,flr_period,P1_dur,P2_dur,P3_dur,P1_Fmax,P2_ramp,P2_slp,P3_Fmax,P3_Pred,P3_DeltaF,v_humA,v_humB,v_flowIn,v_flowOut,v_temp,v_irt,v_pres,v_par,v_F,i_LED,b_rhr,m_rhr,span_rhr,b_rhs,m_rhs,span_rhs,z_flowIn,z_flowOut,z_quantum,z_flr,flashId,lciSerNum,lcpSerNum,lcfSerNum,lcrhSerNum,version,configUpdatedAt,MEASUREMENT_HEADER_END
flashId,time,date,lciSerialNumber,lcpSerialNumber,lcfSerialNumber,Fm,Fo,Fv/Fm,Fm',Fs,PhiPS2,LightIntensity,data[],FLASH_HEADER_END
1,12:40:56,2026-06-12,Auto gsw+F,LI-COR Default,,001,,,0.247833,2.915929,0.228419,8.677045,1.430584,1.193466,5.027601,3.597018,12.188301,14.609869,51.344490,0.441786,7.500000,PSF-00578_20260612124056_e39,0.000000,0.000000,0.000000,89.331146,148.269943,0.397510,0.5,0.80,341.306305,1.000000,26.84,22.39,33.96,32.91,32.91,97.92,156.0,155.3,0.5,2147,3.978,12:40:39,2026-06-12,-0.27,1,-0.000,0.001,0.009,-0.153,-0.754,-1.828,1,150,0.005,2.000000,0.058905,0.000000,0.029230,0.000000,0.000000,-0.000068,standard,0,mpf,7000,500,5.000000,2.000000,300,300,300,135.096786,25,-8.931341,134.364014,135.539703,-1.175690,2.435690,2.428245,1.641812,0.930558,0.191490,-0.012317,0.200369,1.900242,89.331146,0.000305,2.397709,-0.000030,1.000000,2.383926,-0.000024,1.000000,0.601714,0.600514,0.106642,0.000000,PSF-00578_20260612124056_e39,PFA-00612,PSA-00572,PSF-00578,RHS-0697,3.0.0,2022-04-21T19:36:20.491Z,MEASUREMENT_END
PSF-00578_20260612124056_e39,12:40:56,2026-06-12,PFA-00612,PSA-00572,PSF-00578,0.000000,0.000000,0.000000,148.269943,89.331146,0.397510,2153.177734,TIME,0.000000,0.010000,0.020000,0.030000,0.040000,0.050000,0.060000,0.070000,0.080000,0.090000,0.100000,0.110000,0.120000,0.130000,0.140000,0.150000,0.160000,0.170000,0.180000,0.190000,0.200000,0.210000,0.220000,0.230000,0.240000,0.250000,0.260000,0.270000,0.280000,0.290000,0.300000,0.310000,0.320000,0.330000,0.340000,0.350000,0.360000,0.370000,0.380000,0.390000,0.400000,0.410000,0.420000,0.430000,0.440000,0.450000,0.460000,0.470000,0.480000,0.490000,0.500000,0.510000,0.520000,0.530000,0.540000,0.550000,0.560000,0.570000,0.580000,0.590000,0.600000,0.610000,0.620000,0.630000,0.640000,0.650000,0.660000,0.670000,0.680000,0.690000,0.700000,0.710000,0.720000,0.730000,0.740000,0.750000,0.760000,0.770000,0.780000,0.790000,0.800000,0.810000,0.820000,0.830000,0.839999,0.849999,0.859999,0.869999,0.879999,0.889999,FLR,107.824089,119.965195,125.239853,128.396988,130.296356,131.452209,132.183914,132.657410,132.985001,133.220322,133.436325,133.577591,133.708481,133.811478,133.943436,134.036774,134.130829,134.224533,134.331100,134.408707,134.513138,134.571793,134.659058,134.735580,134.816772,134.887573,134.955887,135.010239,135.041000,135.096786,135.163666,135.187988,135.057800,135.081406,134.943359,134.780289,134.762054,134.591461,134.567139,134.418732,134.386185,134.215240,134.170883,133.992798,133.790009,133.710983,133.552902,133.317947,133.245712,133.082275,132.862335,132.777222,132.576233,132.333755,132.113464,132.016541,131.814835,131.570938,131.334900,131.092422,133.846878,134.258148,134.358292,134.364014,134.328598,134.292130,134.242416,134.176605,134.127258,134.057526,134.002441,133.920197,133.852966,133.785004,133.704895,133.637665,133.574005,133.494614,133.438461,133.375885,133.312225,133.213165,133.132690,133.070114,132.983566,132.902740,132.823349,132.763977,132.687454,132.613785,PAR,7015.842773,7015.842773,7015.842773,7015.842773,7015.842773,7015.842773,7015.842773,7015.842773,7015.842773,7015.842773,7015.842773,7015.842773,7015.842773,7015.842773,7015.842773,7015.842773,7015.842773,7015.842773,7015.842773,7015.842773,7015.842773,7015.842773,7015.842773,7015.842773,7015.842773,7015.842773,7015.842773,7015.842773,7015.842773,7015.842773,6957.388672,6898.934570,6840.480469,6782.026367,6723.572266,6665.118164,6606.664062,6548.209961,6489.755859,6431.301758,6372.847656,6314.393066,6255.938965,6197.484863,6139.030762,6080.576660,6022.122559,5963.668457,5905.214355,5846.760254,5788.306152,5729.852051,5671.397949,5612.943848,5554.489746,5496.035645,5437.581055,5379.126953,5320.672852,5262.218750,7015.842773,7015.842773,7015.842773,7015.842773,7015.842773,7015.842773,7015.842773,7015.842773,7015.842773,7015.842773,7015.842773,7015.842773,7015.842773,7015.842773,7015.842773,7015.842773,7015.842773,7015.842773,7015.842773,7015.842773,7015.842773,7015.842773,7015.842773,7015.842773,7015.842773,7015.842773,7015.842773,7015.842773,7015.842773,7015.842773,PHASE,1,1,1,1,1,1,1,1,1,1,1,1,1,1,1,1,1,1,1,1,1,1,1,1,1,1,1,1,1,1,2,2,2,2,2,2,2,2,2,2,2,2,2,2,2,2,2,2,2,2,2,2,2,2,2,2,2,2,2,2,3,3,3,3,3,3,3,3,3,3,3,3,3,3,3,3,3,3,3,3,3,3,3,3,3,3,3,3,3,3,FLASH_END
