SYS,SYS,SYS,SYS,SYS,USERDEF,USERDEF,USERDEF,USERDEF,PORO,PORO,PORO,PORO,PORO,PORO,PORO,PORO,PORO,PORO,PORO,PORO,PORO,FLUORO,FLUORO,FLUORO,FLUORO,FLUORO,FLUORO,FLUORO,FLUORO,FLUORO,FLUORO,FLUORO,SENSOR,SENSOR,SENSOR,SENSOR,SENSOR,SENSOR,SENSOR,SENSOR,SENSOR,SENSOR,SENSOR,LEAF_ANGLE,LEAF_ANGLE,LEAF_ANGLE,LEAF_ANGLE,LEAF_ANGLE,LEAF_ANGLE,LEAF_ANGLE,LEAF_ANGLE,LEAF_ANGLE,LEAF_ANGLE,GPS,GPS,GPS,GPS,GPS,GPS,GPS,MATCH,MATCH,MATCH,MATCH,STABILITY,STABILITY,STABILITY,STABILITY,STABILITY,STABILITY,P_CONFIG,P_CONFIG,P_CONFIG,P_CONFIG,P_CONFIG,P_CONFIG,P_CONFIG,P_CONFIG,P_CONFIG,P_CONFIG,P_CONFIG,FL_CONFIG,FL_CONFIG,FL_CONFIG,FL_CONFIG,FL_CONFIG,FL_CONFIG,FL_CONFIG,FL_CONFIG,FL_CONFIG,FL_CONFIG,FL_CONFIG,FL_CONFIG,FL_CONFIG,FL_CONFIG,FL_CONFIG,SENSOR_V,SENSOR_V,SENSOR_V,SENSOR_V,SENSOR_V,SENSOR_V,SENSOR_V,SENSOR_V,SENSOR_V,SENSOR_V,USERCAL,USERCAL,USERCAL,USERCAL,USERCAL,USERCAL,USERCAL,USERCAL,USERCAL,USERCAL,META,META,META,META,META,META,META
Obs#,Time,Date,configName,configAuthor,remark,Bar_code,,,gsw,gbw,gtw,E_apparent,VPcham,VPref,VPleaf,VPDleaf,H2O_r,H2O_s,H2O_leaf,leaf_area,leaf_width,flashID,Fo,Fm,Fv/Fm,Fs,Fm',PhiPS2,PS2/1,abs,ETR,TRANS,rh_s,rh_r,Tref,Tmeas,Tleaf,P_atm,flow,flow_s,leak_pct,Qamb,batt,pitch,roll,heading,angle_inc_leaf,direct_pct,slope_leaf,az_leaf,dec_solar,az_solar,zenith_solar,gps_time,gps_date,latitude,longitude,altitude,gps_sats,gps_HDOP,match_time,match_date,rh_adj,type,gsw1sec,gsw2sec,gsw4sec,flr1sec,flr2sec,flr4sec,auto,flow_set,gsw_limit,gsw_period,aw,Bla,Blb,Blc,Bld,Ble,chamber,dark,flash_type,flash_intensity,modrate,flr_limit,flr_period,P1_dur,P2_dur,P3_dur,P1_Fmax,P2_ramp,P2_slp,P3_Fmax,P3_Pred,P3_DeltaF,v_humA,v_humB,v_flowIn,v_flowOut,v_temp,v_irt,v_pres,v_par,v_F,i_LED,b_rhr,m_rhr,span_rhr,b_rhs,m_rhs,span_rhs,z_flowIn,z_flowOut,z_quantum,z_flr,flashId,lciSerNum,lcpSerNum,lcfSerNum,lcrhSerNum,version,configUpdatedAt
,HHMMSS,YYYYMMDD,,,,,,,mol+1m-2s-1,mol+1m-2s-1,mol+1m-2s-1,mmol+1m-2s-1,kPa,kPa,kPa,kPa,mmol+1mol-1,mmol+1mol-1,mmol+1mol-1,cm+2,mm,,,,,,,,,,umol+1m-2s-1,,%,%,C,C,C,kPa,umol+1sec-1,umol+1sec-1,%,umol+1m-2s-1,V,degrees,degrees,degrees,degrees,%,degrees,degrees,degrees,degrees,degrees,HHMMSS,YYYYMMDD,degrees,degrees,m,,,HHMMSS,YYYYMMDD,%,,,,,,,,,umol+1sec-1,(umol+1m-2s-1)s-1,s,,,,,,,,,,umol+1m-2s-1,Hz,s-1,s,ms,ms,ms,,%,,,,,V,V,V,V,V,V,V,V,V,A,,,,,,,,,,,,,,,,,
1,8:46:12,7/22/2026,Rain_out,Climate_model,,Pl1-R1-M2-H3-P10,,,0.112708,2.914505,0.108512,1.244591,1.668431,1.634367,2.769287,1.100856,16.643461,16.990347,28.20084,0.441786,7.5,PSF-00578_20260722084612_3f7,0,0,0,84.138748,247.853271,0.66053,0.5,0.8,96.025627,1,58.83,57.63,23.1,22.7,22.7,98.2,155.8,156.1,-0.2,363,4.1,-12,-20,353,,,,,,,,0:00:00,0000-00-00,nan,nan,nan,0,nan,8:45:24,7/22/2026,-1.09,1,0,-0.005,-0.02,0.225,0.041,-0.146,1,150,0.005,2,0.058905,0,0.02923,0,0,-6.80E-05,standard,0,rectangular,7000,500,-9999,-9999,55537,55537,55537,0,-9999,0,0,0,0,2.485148,2.473043,1.640364,0.93261,0.294282,-0.003691,0.156517,0.410328,84.138748,0.000281,2.397709,-3.00E-05,1,2.383926,-2.40E-05,1,0.601714,0.600514,0.106642,0,PSF-00578_20260722084612_3f7,PFA-00612,PSA-00572,PSF-00578,RHS-0697,3.0.0,2026-06-15T15:17:51.144Z
2,8:47:06,7/22/2026,Rain_out,Climate_model,,Pl1-R1-M2-H3-P10,,,0.132054,2.915545,0.126332,1.399232,1.708879,1.670629,2.771741,1.062861,17.012037,17.401543,28.224674,0.441786,7.5,PSF-00578_20260722084706_788,0,0,0,83.547592,238.179443,0.649224,0.5,0.8,141.713379,1,59.87,58.53,23.2,22.72,22.72,98.2,155.9,156.4,-0.3,546,4.099,9,-45,257,,,,,,,,0:00:00,0000-00-00,nan,nan,nan,0,nan,8:45:24,7/22/2026,-1.09,1,-0.003,-0.002,-9999,0.278,0.119,-9999,1,150,0.005,2,0.058905,0,0.02923,0,0,-6.80E-05,standard,0,rectangular,7000,500,-9999,-9999,55537,55537,55537,0,-9999,0,0,0,0,2.486282,2.474331,1.641422,0.933416,0.293047,-0.004681,0.165744,0.562622,83.547592,0.000275,2.397709,-3.00E-05,1,2.383926,-2.40E-05,1,0.601714,0.600514,0.106642,0,PSF-00578_20260722084706_788,PFA-00612,PSA-00572,PSF-00578,RHS-0697,3.0.0,2026-06-15T15:17:51.144Z
3,8:47:21,7/22/2026,Rain_out,Climate_model,,Pl1-R1-M2-H3-P10,,,0.115297,2.915437,0.110911,1.226066,1.718816,1.685303,2.779455,1.060638,17.162773,17.504068,28.305389,0.441786,7.5,PSF-00578_20260722084721_b8c,0,0,0,82.079529,254.151459,0.677045,0.5,0.8,60.014294,1,60.1,58.93,23.23,22.76,22.76,98.2,155.9,156.2,-0.2,222,4.099,14,56,134,,,,,,,,0:00:00,0000-00-00,nan,nan,nan,0,nan,8:45:24,7/22/2026,-1.09,1,-0.002,0,-0.013,0.138,-0.138,-0.221,1,150,0.005,2,0.058905,0,0.02923,0,0,-6.80E-05,standard,0,rectangular,7000,500,-9999,-9999,55537,55537,55537,0,-9999,0,0,0,0,2.486781,2.474611,1.641311,0.932852,0.292663,-0.004543,0.168156,0.29181,82.079529,0.000278,2.397709,-3.00E-05,1,2.383926,-2.40E-05,1,0.601714,0.600514,0.106642,0,PSF-00578_20260722084721_b8c,PFA-00612,PSA-00572,PSF-00578,RHS-0697,3.0.0,2026-06-15T15:17:51.144Z
4,8:47:35,7/22/2026,Rain_out,Climate_model,,Pl1-R1-M2-H3-P10,,,0.104535,2.914192,0.100915,1.240401,1.716933,1.682995,2.89553,1.178596,17.139664,17.485292,29.488146,0.441786,7.5,PSF-00578_20260722084735_7ea,0,0,0,88.664177,203.065033,0.563371,0.5,0.8,151.210693,1,59.94,58.75,23.26,23.44,23.44,98.19,155.8,156,-0.1,671,4.099,11,-57,138,,,,,,,,0:00:00,0000-00-00,nan,nan,nan,0,nan,8:45:24,7/22/2026,-1.09,1,0,0.001,-9999,0.347,0.646,-9999,1,150,0.005,2,0.058905,0,0.02923,0,0,-6.80E-05,standard,0,rectangular,7000,500,-9999,-9999,55537,55537,55537,0,-9999,0,0,0,0,2.486554,2.474405,1.640047,0.93235,0.292354,0.002519,0.170123,0.667326,88.664177,0.000281,2.397709,-3.00E-05,1,2.383926,-2.40E-05,1,0.601714,0.600514,0.106642,0,PSF-00578_20260722084735_7ea,PFA-00612,PSA-00572,PSF-00578,RHS-0697,3.0.0,2026-06-15T15:17:51.144Z
5,8:47:57,7/22/2026,Rain_out,Climate_model,,Pl1-R1-M2-H3-P10,,,0.093987,2.91494,0.091052,1.015726,1.742885,1.715115,2.812949,1.070064,17.465445,17.748228,28.644955,0.441786,7.5,PSF-00578_20260722084757_82a,0,0,0,92.929604,254.812714,0.635302,0.5,0.8,92.12178,1,60.68,59.71,23.31,22.96,22.96,98.2,155.9,156.2,-0.2,363,4.079,0,65,21,,,,,,,,0:00:00,0000-00-00,nan,nan,nan,0,nan,8:45:24,7/22/2026,-1.09,1,-0.002,-0.002,-9999,0.134,0.788,-9999,1,150,0.005,2,0.058905,0,0.02923,0,0,-6.80E-05,standard,0,rectangular,7000,500,-9999,-9999,55537,55537,55537,0,-9999,0,0,0,0,2.487761,2.475319,1.640806,0.932805,0.291822,-0.003188,0.173436,0.40955,92.929604,0.000269,2.397709,-3.00E-05,1,2.383926,-2.40E-05,1,0.601714,0.600514,0.106642,0,PSF-00578_20260722084757_82a,PFA-00612,PSA-00572,PSF-00578,RHS-0697,3.0.0,2026-06-15T15:17:51.144Z
6,8:48:14,7/22/2026,Rain_out,Climate_model,,Pl1-R1-M2-H3-P10,,,0.128363,2.914103,0.122947,1.334322,1.775637,1.739146,2.816466,1.040829,17.710245,18.081844,28.680916,0.441786,7.5,PSF-00578_20260722084814_5b1,0,0,0,82.265854,261.29364,0.685159,0.5,0.8,58.195595,1,61.66,60.39,23.35,22.98,22.98,98.2,155.8,156.2,-0.3,212,4.096,12,58,117,,,,,,,,0:00:00,0000-00-00,39.208183,-96.59343,337.700012,4,12.62,8:45:24,7/22/2026,-1.09,1,0,-0.001,-9999,0.211,0.099,-9999,1,150,0.005,2,0.058905,0,0.02923,0,0,-6.80E-05,standard,0,rectangular,7000,500,-9999,-9999,55537,55537,55537,0,-9999,0,0,0,0,2.48862,2.476538,1.639956,0.932943,0.291333,-0.003423,0.175838,0.284072,82.265854,0.000293,2.397709,-3.00E-05,1,2.383926,-2.40E-05,1,0.601714,0.600514,0.106642,0,PSF-00578_20260722084814_5b1,PFA-00612,PSA-00572,PSF-00578,RHS-0697,3.0.0,2026-06-15T15:17:51.144Z
7,8:48:51,7/22/2026,Rain_out,Climate_model,,Pl1-R1-M2-H3-P10,,,0.056212,2.914795,0.055148,0.648493,1.761419,1.74369,2.888873,1.127454,17.755753,17.936281,29.416983,0.441786,7.5,PSF-00578_20260722084851_561,0,0,0,79.511765,225.841644,0.647931,0.5,0.8,154.604904,1,60.85,60.24,23.43,23.4,23.4,98.2,155.9,156.1,-0.2,597,4.097,6,-48,258,,,,,,,,13:43:00,7/22/2026,39.208408,-96.593811,336.5,6,1.88,8:45:24,7/22/2026,-1.09,1,-0.001,0,-0.01,0.025,0.072,0.324,1,150,0.005,2,0.058905,0,0.02923,0,0,-6.80E-05,standard,0,rectangular,7000,500,-9999,-9999,55537,55537,55537,0,-9999,0,0,0,0,2.488404,2.475511,1.640659,0.93274,0.290324,0.000194,0.181264,0.605095,79.511765,0.000279,2.397709,-3.00E-05,1,2.383926,-2.40E-05,1,0.601714,0.600514,0.106642,0,PSF-00578_20260722084851_561,PFA-00612,PSA-00572,PSF-00578,RHS-0697,3.0.0,2026-06-15T15:17:51.144Z
8,8:49:03,7/22/2026,Rain_out,Climate_model,,Pl1-R1-M2-H3-P10,,,0.060508,2.914386,0.059278,0.680578,1.777414,1.758807,2.87809,1.100677,17.911274,18.100765,29.309797,0.441786,7.5,PSF-00578_20260722084903_ff3,0,0,0,82.778336,229.359268,0.639089,0.5,0.8,134.508133,1,61.29,60.65,23.46,23.34,23.34,98.2,155.8,156.1,-0.2,526,4.095,5,-51,256,,,,,,,,13:43:12,7/22/2026,39.208385,-96.593796,339.799988,8,1.18,8:45:24,7/22/2026,-1.09,1,-0.003,-0.004,-0.015,0.066,0.159,0.688,1,150,0.005,2,0.058905,0,0.02923,0,0,-6.80E-05,standard,0,rectangular,7000,500,-9999,-9999,55537,55537,55537,0,-9999,0,0,0,0,2.488921,2.476056,1.640243,0.932619,0.289976,-0.00081,0.182923,0.546302,82.778336,0.000273,2.397709,-3.00E-05,1,2.383926,-2.40E-05,1,0.601714,0.600514,0.106642,0,PSF-00578_20260722084903_ff3,PFA-00612,PSA-00572,PSF-00578,RHS-0697,3.0.0,2026-06-15T15:17:51.144Z
9,8:50:19,7/22/2026,Rain_out,Climate_model,,Pl1-R1-M2-H3-P10,,,0.11576,2.916408,0.111341,1.299795,1.757102,1.721607,2.876621,1.11952,17.528961,17.89036,29.289022,0.441786,7.5,PSF-00578_20260722085019_e1f,0,0,0,88.83548,291.614044,0.695366,0.5,0.8,48.624924,1,59.87,58.66,23.66,23.33,23.33,98.21,156,156.2,-0.1,175,4.094,27,63,179,,,,,,,,13:44:27,7/22/2026,39.208382,-96.593781,339.100006,8,1.18,8:45:24,7/22/2026,-1.09,1,-0.002,-0.003,-9999,0.039,0.532,-9999,1,150,0.005,2,0.058905,0,0.02923,0,0,-6.80E-05,standard,0,rectangular,7000,500,-9999,-9999,55537,55537,55537,0,-9999,0,0,0,0,2.486358,2.474246,1.6423,0.932881,0.287674,-0.003088,0.193441,0.252717,88.83548,0.000273,2.397709,-3.00E-05,1,2.383926,-2.40E-05,1,0.601714,0.600514,0.106642,0,PSF-00578_20260722085019_e1f,PFA-00612,PSA-00572,PSF-00578,RHS-0697,3.0.0,2026-06-15T15:17:51.144Z
10,8:50:49,7/22/2026,Rain_out,Climate_model,,Pl1-R1-M2-H3-P10,,,0.093983,2.916123,0.091049,1.110698,1.781471,1.751142,2.95069,1.169218,17.830181,18.138996,30.044008,0.441786,7.5,PSF-00578_20260722085049_f09,0,0,0,85.31356,211.150284,0.595958,0.5,0.8,133.486481,1,60.41,59.38,23.74,23.75,23.75,98.21,156,156.3,-0.2,560,4.093,14,-60,133,,,,,,,,13:44:58,7/22/2026,39.208347,-96.593765,339.399994,8,1.18,8:45:24,7/22/2026,-1.09,1,-0.002,-0.001,-9999,0.226,0.536,-9999,1,150,0.005,2,0.058905,0,0.02923,0,0,-6.80E-05,standard,0,rectangular,7000,500,-9999,-9999,55537,55537,55537,0,-9999,0,0,0,0,2.487261,2.474909,1.64201,0.933058,0.286764,0.000642,0.197365,0.57454,85.31356,0.000292,2.397709,-3.00E-05,1,2.383926,-2.40E-05,1,0.601714,0.600514,0.106642,0,PSF-00578_20260722085049_f09,PFA-00612,PSA-00572,PSF-00578,RHS-0697,3.0.0,2026-06-15T15:17:51.144Z
11,8:51:12,7/22/2026,Rain_out,Climate_model,,Pl1-R1-M2-H3-P10,,,0.075878,2.915104,0.073953,0.855578,1.776212,1.752827,2.885605,1.109393,17.845516,18.083603,29.378326,0.441786,7.5,PSF-00578_20260722085112_9d4,0,0,0,84.811447,245.196823,0.654109,0.5,0.8,63.816185,1,60.03,59.24,23.8,23.38,23.38,98.22,155.9,156.2,-0.2,244,4.091,-36,-44,7,,,,,,,,13:45:21,7/22/2026,39.208359,-96.59375,340.200012,8,1.04,8:45:24,7/22/2026,-1.09,1,0,0,-9999,-0.133,-0.638,-9999,1,150,0.005,2,0.058905,0,0.02923,0,0,-6.80E-05,standard,0,rectangular,7000,500,-9999,-9999,55537,55537,55537,0,-9999,0,0,0,0,2.487072,2.474427,1.640973,0.932813,0.28613,-0.004004,0.200338,0.310445,84.811447,0.000272,2.397709,-3.00E-05,1,2.383926,-2.40E-05,1,0.601714,0.600514,0.106642,0,PSF-00578_20260722085112_9d4,PFA-00612,PSA-00572,PSF-00578,RHS-0697,3.0.0,2026-06-15T15:17:51.144Z
12,8:51:29,7/22/2026,Rain_out,Climate_model,,Pl1-R1-M2-H3-P10,,,0.033123,2.917089,0.032751,0.367793,1.801817,1.791782,2.878642,1.076824,18.241009,18.34317,29.305643,0.441786,7.5,PSF-00578_20260722085129_5a1,0,0,0,81.331726,253.028152,0.678567,0.5,0.8,52.320831,1,60.73,60.4,23.84,23.34,23.34,98.23,156.1,156.2,0,193,4.09,-5,30,142,,,,,,,,13:45:38,7/22/2026,39.208385,-96.593864,343,8,0.99,8:45:24,7/22/2026,-1.09,1,0.001,-0.002,-0.012,0.041,-0.047,0.19,1,150,0.005,2,0.058905,0,0.02923,0,0,-6.80E-05,standard,0,rectangular,7000,500,-9999,-9999,55537,55537,55537,0,-9999,0,0,0,0,2.488534,2.475301,1.642995,0.932855,0.285632,-0.004918,0.202561,0.267711,81.331726,0.000291,2.397709,-3.00E-05,1,2.383926,-2.40E-05,1,0.601714,0.600514,0.106642,0,PSF-00578_20260722085129_5a1,PFA-00612,PSA-00572,PSF-00578,RHS-0697,3.0.0,2026-06-15T15:17:51.144Z
13,8:53:15,7/22/2026,Rain_out,Climate_model,,Pl7-R1-M2-H1-P08,,,0.036547,2.915435,0.036094,0.416995,1.811167,1.799777,2.91857,1.107403,18.324028,18.439995,29.714773,0.441786,7.5,PSF-00578_20260722085315_088,0,0,0,82.941772,258.730896,0.679428,0.5,0.8,72.36216,1,60.19,59.81,24.08,23.57,23.57,98.22,155.9,156.1,-0.1,266,4.058,-14,14,7,,,,,,,,13:47:24,7/22/2026,39.208374,-96.593864,343.200012,9,0.97,8:45:24,7/22/2026,-1.09,1,0,-0.003,-0.021,-0.024,-0.076,-0.087,1,150,0.005,2,0.058905,0,0.02923,0,0,-6.80E-05,standard,0,rectangular,7000,500,-9999,-9999,55537,55537,55537,0,-9999,0,0,0,0,2.487745,2.474576,1.641309,0.932749,0.282938,-0.005039,0.216329,0.329125,82.941772,0.00029,2.397709,-3.00E-05,1,2.383926,-2.40E-05,1,0.601714,0.600514,0.106642,0,PSF-00578_20260722085315_088,PFA-00612,PSA-00572,PSF-00578,RHS-0697,3.0.0,2026-06-15T15:17:51.144Z
14,8:53:29,7/22/2026,Rain_out,Climate_model,,Pl7-R1-M2-H1-P08,,,0.023176,2.915211,0.022993,0.26646,1.829517,1.82224,2.940061,1.110543,18.553862,18.627964,29.935404,0.441786,7.5,PSF-00578_20260722085329_1a7,0,0,0,89.406609,294.226898,0.69613,0.5,0.8,59.008026,1,60.69,60.45,24.11,23.69,23.69,98.21,155.9,156.1,-0.2,212,4.088,10,45,11,,,,,,,,13:47:39,7/22/2026,39.20837,-96.593849,343.299988,8,1.06,8:45:24,7/22/2026,-1.09,1,-0.001,-0.002,-9999,0.563,0.482,-9999,1,150,0.005,2,0.058905,0,0.02923,0,0,-6.80E-05,standard,0,rectangular,7000,500,-9999,-9999,55537,55537,55537,0,-9999,0,0,0,0,2.488551,2.475199,1.641081,0.932768,0.282608,-0.004033,0.218068,0.283714,89.406609,0.000278,2.397709,-3.00E-05,1,2.383926,-2.40E-05,1,0.601714,0.600514,0.106642,0,PSF-00578_20260722085329_1a7,PFA-00612,PSA-00572,PSF-00578,RHS-0697,3.0.0,2026-06-15T15:17:51.144Z
15,8:53:42,7/22/2026,Rain_out,Climate_model,,Pl7-R1-M2-H1-P08,,,0.020151,2.91602,0.020013,0.239472,1.839845,1.83331,2.986114,1.146268,18.667433,18.73398,30.405704,0.441786,7.5,PSF-00578_20260722085342_98d,0,0,0,95.352531,273.18512,0.65096,0.5,0.8,82.428696,1,60.93,60.72,24.14,23.95,23.95,98.21,156,156.1,-0.1,317,4.088,11,48,8,,,,,,,,13:47:50,7/22/2026,39.20837,-96.593864,343,9,0.97,8:45:24,7/22/2026,-1.09,1,-0.002,-0.004,-9999,1.084,1.942,-9999,1,150,0.005,2,0.058905,0,0.02923,0,0,-6.80E-05,standard,0,rectangular,7000,500,-9999,-9999,55537,55537,55537,0,-9999,0,0,0,0,2.488889,2.475501,1.641905,0.932637,0.282308,-0.001501,0.219591,0.371159,95.352531,0.000278,2.397709,-3.00E-05,1,2.383926,-2.40E-05,1,0.601714,0.600514,0.106642,0,PSF-00578_20260722085342_98d,PFA-00612,PSA-00572,PSF-00578,RHS-0697,3.0.0,2026-06-15T15:17:51.144Z
16,8:53:58,7/22/2026,Rain_out,Climate_model,,Pl7-R1-M2-H1-P08,,,0.052794,2.916103,0.051855,0.599794,1.864458,1.848094,2.97245,1.107992,18.817875,18.984499,30.266424,0.441786,7.5,PSF-00578_20260722085358_9a9,0,0,0,86.714745,283.916107,0.694576,0.5,0.8,70.861313,1,61.62,61.08,24.17,23.87,23.87,98.21,156,156,0,255,4.087,32,58,10,,,,,,,,13:48:07,7/22/2026,39.208363,-96.593857,343.100006,9,0.97,8:45:24,7/22/2026,-1.09,1,-0.001,0.001,0.009,1.136,0.569,0.555,1,150,0.005,2,0.058905,0,0.02923,0,0,-6.80E-05,standard,0,rectangular,7000,500,-9999,-9999,55537,55537,55537,0,-9999,0,0,0,0,2.489344,2.476353,1.64199,0.932394,0.281921,-0.002714,0.221525,0.319759,86.714745,0.000283,2.397709,-3.00E-05,1,2.383926,-2.40E-05,1,0.601714,0.600514,0.106642,0,PSF-00578_20260722085358_9a9,PFA-00612,PSA-00572,PSF-00578,RHS-0697,3.0.0,2026-06-15T15:17:51.144Z
17,8:54:12,7/22/2026,Rain_out,Climate_model,,Pl7-R1-M2-H1-P08,,,0.087571,2.915044,0.085017,0.951687,1.868082,1.842098,2.940477,1.072395,18.757874,19.022463,29.942537,0.441786,7.5,PSF-00578_20260722085412_3ba,0,0,0,95.614311,299.782623,0.681054,0.5,0.8,39.476418,1,61.63,60.77,24.2,23.69,23.69,98.2,155.9,156.2,-0.2,145,4.082,18,-77,27,,,,,,,,13:48:21,7/22/2026,39.208355,-96.593857,343.200012,9,0.97,8:45:24,7/22/2026,-1.09,1,0.001,0,-9999,-0.134,0.087,-9999,1,150,0.005,2,0.058905,0,0.02923,0,0,-6.80E-05,standard,0,rectangular,7000,500,-9999,-9999,55537,55537,55537,0,-9999,0,0,0,0,2.488941,2.476351,1.640912,0.932977,0.281564,-0.005027,0.223216,0.227726,95.614311,0.000276,2.397709,-3.00E-05,1,2.383926,-2.40E-05,1,0.601714,0.600514,0.106642,0,PSF-00578_20260722085412_3ba,PFA-00612,PSA-00572,PSF-00578,RHS-0697,3.0.0,2026-06-15T15:17:51.144Z
18,8:54:30,7/22/2026,Rain_out,Climate_model,,Pl7-R1-M2-H1-P08,,,0.093281,2.915818,0.090389,0.976585,1.867325,1.840678,2.902581,1.035255,18.743362,19.014711,29.55657,0.441786,7.5,PSF-00578_20260722085430_df7,0,0,0,88.345528,289.341675,0.694667,0.5,0.8,38.627842,1,61.46,60.58,24.24,23.48,23.48,98.2,156,156.2,-0.2,139,4.085,11,-75,29,,,,,,,,13:48:39,7/22/2026,39.208351,-96.593857,343.100006,11,0.86,8:45:24,7/22/2026,-1.09,1,0,-0.003,-9999,0.007,0.258,-9999,1,150,0.005,2,0.058905,0,0.02923,0,0,-6.80E-05,standard,0,rectangular,7000,500,-9999,-9999,55537,55537,55537,0,-9999,0,0,0,0,2.488695,2.476135,1.641699,0.932972,0.281127,-0.007802,0.225369,0.222801,88.345528,0.00028,2.397709,-3.00E-05,1,2.383926,-2.40E-05,1,0.601714,0.600514,0.106642,0,PSF-00578_20260722085430_df7,PFA-00612,PSA-00572,PSF-00578,RHS-0697,3.0.0,2026-06-15T15:17:51.144Z
19,8:54:49,7/22/2026,Rain_out,Climate_model,,Pl7-R1-M2-H1-P08,,,0.032425,2.915228,0.032069,0.355208,1.855681,1.845982,2.91708,1.061399,18.796135,18.894888,29.702244,0.441786,7.5,PSF-00578_20260722085449_330,0,0,0,81.641434,271.85083,0.699683,0.5,0.8,38.702873,1,60.93,60.61,24.28,23.56,23.56,98.21,155.9,156,-0.1,138,4.084,-7,-50,16,,,,,,,,13:48:59,7/22/2026,39.208363,-96.59388,343.799988,12,0.77,8:45:24,7/22/2026,-1.09,1,-0.002,-0.004,-9999,-0.064,0.176,-9999,1,150,0.005,2,0.058905,0,0.02923,0,0,-6.80E-05,standard,0,rectangular,7000,500,-9999,-9999,55537,55537,55537,0,-9999,0,0,0,0,2.488724,2.475467,1.641098,0.932458,0.280678,-0.007344,0.227696,0.222192,81.641434,0.000267,2.397709,-3.00E-05,1,2.383926,-2.40E-05,1,0.601714,0.600514,0.106642,0,PSF-00578_20260722085449_330,PFA-00612,PSA-00572,PSF-00578,RHS-0697,3.0.0,2026-06-15T15:17:51.144Z
20,8:55:06,7/22/2026,Rain_out,Climate_model,,Pl7-R1-M2-H1-P08,,,0.035236,2.915204,0.034815,0.391727,1.832416,1.821717,2.910718,1.078303,18.549677,18.658611,29.638454,0.441786,7.5,PSF-00578_20260722085506_4bc,0,0,0,88.356972,283.847443,0.688717,0.5,0.8,67.948402,1,60.05,59.7,24.31,23.53,23.53,98.21,155.9,156,-0.1,247,4.083,31,60,6,,,,,,,,13:49:13,7/22/2026,39.208385,-96.593857,343.799988,12,0.77,8:45:24,7/22/2026,-1.09,1,0.004,0.001,-9999,-0.211,0.646,-9999,1,150,0.005,2,0.058905,0,0.02923,0,0,-6.80E-05,standard,0,rectangular,7000,500,-9999,-9999,55537,55537,55537,0,-9999,0,0,0,0,2.487563,2.474364,1.641074,0.932499,0.28032,-0.00809,0.229712,0.312737,88.356972,0.000282,2.397709,-3.00E-05,1,2.383926,-2.40E-05,1,0.601714,0.600514,0.106642,0,PSF-00578_20260722085506_4bc,PFA-00612,PSA-00572,PSF-00578,RHS-0697,3.0.0,2026-06-15T15:17:51.144Z
21,8:55:21,7/22/2026,Rain_out,Climate_model,,Pl7-R1-M2-H1-P08,,,0.008524,2.917049,0.008499,0.096419,1.841182,1.838553,2.928181,1.086999,18.721581,18.748352,29.817026,0.441786,7.5,PSF-00578_20260722085521_615,0,0,0,89.882256,283.236267,0.68266,0.5,0.8,87.312485,1,60.25,60.16,24.34,23.63,23.63,98.21,156.1,156.1,0,320,4.083,0,50,10,,,,,,,,13:49:30,7/22/2026,39.208382,-96.593857,344.299988,12,0.77,8:45:24,7/22/2026,-1.09,1,-0.001,0.001,-9999,0.292,0.603,-9999,1,150,0.005,2,0.058905,0,0.02923,0,0,-6.80E-05,standard,0,rectangular,7000,500,-9999,-9999,55537,55537,55537,0,-9999,0,0,0,0,2.48815,2.474612,1.642955,0.932557,0.280054,-0.007271,0.23142,0.373821,89.882256,0.000279,2.397709,-3.00E-05,1,2.383926,-2.40E-05,1,0.601714,0.600514,0.106642,0,PSF-00578_20260722085521_615,PFA-00612,PSA-00572,PSF-00578,RHS-0697,3.0.0,2026-06-15T15:17:51.144Z
22,8:55:57,7/22/2026,Rain_out,Climate_model,,Pl7-R1-M2-H1-P08,,,0.056085,2.916209,0.055027,0.621564,1.840656,1.823696,2.923017,1.082361,18.570776,18.743475,29.7652,0.441786,7.5,PSF-00578_20260722085557_0be,0,0,0,83.802582,276.362671,0.696766,0.5,0.8,46.620983,1,59.95,59.4,24.41,23.6,23.6,98.2,156,156.1,0,167,4.083,0,-57,16,,,,,,,,13:50:03,7/22/2026,39.208378,-96.593872,344.200012,12,0.77,8:55:48,7/22/2026,-0.81,1,0.003,0.005,-9999,0.06,0.049,-9999,1,150,0.005,2,0.058905,0,0.02923,0,0,-6.80E-05,standard,0,rectangular,7000,500,-9999,-9999,55537,55537,55537,0,-9999,0,0,0,0,2.487161,2.473872,1.642098,0.932609,0.279172,-0.008461,0.235765,0.246415,83.802582,0.000285,2.397709,-3.00E-05,1,2.383926,-2.40E-05,1,0.601714,0.600514,0.106642,0,PSF-00578_20260722085557_0be,PFA-00612,PSA-00572,PSF-00578,RHS-0697,3.0.0,2026-06-15T15:17:51.144Z
23,8:56:26,7/22/2026,Rain_out,Climate_model,,Pl7-R1-M2-H1-P08,,,0.023164,2.914914,0.022981,0.264133,1.811706,1.804489,2.91334,1.101634,18.373686,18.44717,29.664238,0.441786,7.5,PSF-00578_20260722085626_e96,0,0,0,79.616188,249.802353,0.681283,0.5,0.8,85.369522,1,58.81,58.57,24.47,23.54,23.54,98.21,155.9,156,-0.1,313,4.082,-10,-35,298,,,,,,,,13:50:35,7/22/2026,39.208378,-96.593872,344.700012,13,0.74,8:55:48,7/22/2026,-0.81,1,0.001,0.002,-9999,-0.11,-0.23,-9999,1,150,0.005,2,0.058905,0,0.02923,0,0,-6.80E-05,standard,0,rectangular,7000,500,-9999,-9999,55537,55537,55537,0,-9999,0,0,0,0,2.486106,2.472435,1.640779,0.932331,0.278551,-0.009676,0.239237,0.368403,79.616188,0.000297,2.397709,-3.00E-05,1,2.383926,-2.40E-05,1,0.601714,0.600514,0.106642,0,PSF-00578_20260722085626_e96,PFA-00612,PSA-00572,PSF-00578,RHS-0697,3.0.0,2026-06-15T15:17:51.144Z
24,8:56:41,7/22/2026,Rain_out,Climate_model,,Pl7-R1-M2-H1-P08,,,0.029048,2.916923,0.028762,0.332344,1.801867,1.7928,2.909444,1.107577,18.255224,18.347549,29.625475,0.441786,7.5,PSF-00578_20260722085641_f21,0,0,0,79.780701,252.567169,0.684121,0.5,0.8,83.348473,1,58.43,58.14,24.49,23.52,23.52,98.21,156.1,156,0.1,305,4.082,-4,-36,293,,,,,,,,13:50:50,7/22/2026,39.208382,-96.593872,345.200012,13,0.74,8:55:48,7/22/2026,-0.81,1,0,0.001,-9999,-0.129,0.005,-9999,1,150,0.005,2,0.058905,0,0.02923,0,0,-6.80E-05,standard,0,rectangular,7000,500,-9999,-9999,55537,55537,55537,0,-9999,0,0,0,0,2.485549,2.471962,1.642825,0.932411,0.278373,-0.010095,0.241047,0.361146,79.780701,0.000281,2.397709,-3.00E-05,1,2.383926,-2.40E-05,1,0.601714,0.600514,0.106642,0,PSF-00578_20260722085641_f21,PFA-00612,PSA-00572,PSF-00578,RHS-0697,3.0.0,2026-06-15T15:17:51.144Z
25,8:57:02,7/22/2026,Rain_out,Climate_model,,Pl7-R1-M2-H1-P08,,,0.029402,2.915613,0.029108,0.337952,1.834913,1.825686,2.94743,1.112517,18.588997,18.682945,30.010511,0.441786,7.5,PSF-00578_20260722085702_b34,0,0,0,87.786911,283.783447,0.690655,0.5,0.8,71.845413,1,59.43,59.13,24.51,23.73,23.73,98.21,156,155.7,0.2,260,4.081,4,49,9,,,,,,,,13:51:11,7/22/2026,39.208374,-96.59388,345.299988,13,0.74,8:55:48,7/22/2026,-0.81,1,0.001,0,-9999,-0.069,0.071,-9999,1,150,0.005,2,0.058905,0,0.02923,0,0,-6.80E-05,standard,0,rectangular,7000,500,-9999,-9999,55537,55537,55537,0,-9999,0,0,0,0,2.486808,2.473208,1.641491,0.931632,0.27814,-0.007979,0.243524,0.323946,87.786911,0.000288,2.397709,-3.00E-05,1,2.383926,-2.40E-05,1,0.601714,0.600514,0.106642,0,PSF-00578_20260722085702_b34,PFA-00612,PSA-00572,PSF-00578,RHS-0697,3.0.0,2026-06-15T15:17:51.144Z
26,8:57:35,7/22/2026,Rain_out,Climate_model,,Pl7-R1-M2-H1-P08,,,0.036238,2.915512,0.035793,0.408059,1.804986,1.79384,2.897842,1.092856,18.265074,18.378555,29.506136,0.441786,7.5,PSF-00578_20260722085735_f8c,0,0,0,78.979614,252.102966,0.686717,0.5,0.8,62.055763,1,58.36,58,24.54,23.45,23.45,98.21,155.9,156,0,226,4.08,0,-55,249,,,,,,,,13:51:44,7/22/2026,39.208359,-96.593857,345,12,0.78,8:55:48,7/22/2026,-0.81,1,-0.002,-0.001,-9999,0.166,0.025,-9999,1,150,0.005,2,0.058905,0,0.02923,0,0,-6.80E-05,standard,0,rectangular,7000,500,-9999,-9999,55537,55537,55537,0,-9999,0,0,0,0,2.485368,2.471867,1.641388,0.932301,0.277834,-0.011352,0.247344,0.295412,78.979614,0.000291,2.397709,-3.00E-05,1,2.383926,-2.40E-05,1,0.601714,0.600514,0.106642,0,PSF-00578_20260722085735_f8c,PFA-00612,PSA-00572,PSF-00578,RHS-0697,3.0.0,2026-06-15T15:17:51.144Z
27,8:57:56,7/22/2026,Rain_out,Climate_model,,Pl7-R1-M2-H1-P08,,,0.039489,2.916178,0.038962,0.447203,1.814126,1.80192,2.914179,1.100053,18.348789,18.47308,29.67482,0.441786,7.5,PSF-00578_20260722085756_ec4,0,0,0,77.005859,244.095322,0.684525,0.5,0.8,82.822479,1,58.6,58.2,24.55,23.55,23.55,98.2,156,156,0,302,4.08,-3,-43,263,,,,,,,,13:52:05,7/22/2026,39.208363,-96.593849,345.100006,13,0.74,8:55:48,7/22/2026,-0.81,1,0.004,0.002,-9999,-0.138,-0.279,-9999,1,150,0.005,2,0.058905,0,0.02923,0,0,-6.80E-05,standard,0,rectangular,7000,500,-9999,-9999,55537,55537,55537,0,-9999,0,0,0,0,2.48562,2.472157,1.642067,0.932305,0.277637,-0.010533,0.249855,0.35939,77.005859,0.000279,2.397709,-3.00E-05,1,2.383926,-2.40E-05,1,0.601714,0.600514,0.106642,0,PSF-00578_20260722085756_ec4,PFA-00612,PSA-00572,PSF-00578,RHS-0697,3.0.0,2026-06-15T15:17:51.144Z
28,8:58:16,7/22/2026,Rain_out,Climate_model,,Pl7-R1-M2-H1-P08,,,0.030895,2.914543,0.030571,0.33915,1.824385,1.815117,2.887873,1.063488,18.480534,18.574905,29.402765,0.441786,7.5,PSF-00578_20260722085816_e1a,0,0,0,81.934692,264.24765,0.689932,0.5,0.8,39.173405,1,58.87,58.57,24.57,23.4,23.4,98.22,155.8,156.1,-0.2,142,4.078,-18,-36,282,,,,,,,,13:52:25,7/22/2026,39.208366,-96.593857,345,14,0.72,8:55:48,7/22/2026,-0.81,1,0,0,-9999,0.134,0.217,-9999,1,150,0.005,2,0.058905,0,0.02923,0,0,-6.80E-05,standard,0,rectangular,7000,500,-9999,-9999,55537,55537,55537,0,-9999,0,0,0,0,2.486081,2.472492,1.640403,0.932777,0.277443,-0.012361,0.252171,0.22525,81.934692,0.000282,2.397709,-3.00E-05,1,2.383926,-2.40E-05,1,0.601714,0.600514,0.106642,0,PSF-00578_20260722085816_e1a,PFA-00612,PSA-00572,PSF-00578,RHS-0697,3.0.0,2026-06-15T15:17:51.144Z
29,8:59:19,7/22/2026,Rain_out,Climate_model,,Pl15-R2-M2-H1-P05,,,0.058451,2.915674,0.057303,0.651475,1.810558,1.792768,2.900324,1.089765,18.25453,18.435673,29.532005,0.441786,7.5,PSF-00578_20260722085919_8d1,0,0,0,85.583923,294.652832,0.709543,0.5,0.8,42.003914,1,58.2,57.63,24.63,23.47,23.47,98.21,156,155.9,0,148,4.076,5,-61,38,,,,,,,,13:53:27,7/22/2026,39.208366,-96.593857,345.100006,13,0.75,8:55:48,7/22/2026,-0.81,1,0,-0.001,-9999,-0.039,-0.329,-9999,1,150,0.005,2,0.058905,0,0.02923,0,0,-6.80E-05,standard,0,rectangular,7000,500,-9999,-9999,55537,55537,55537,0,-9999,0,0,0,0,2.484875,2.471648,1.641553,0.932131,0.27675,-0.012278,0.259564,0.230305,85.583923,0.000288,2.397709,-3.00E-05,1,2.383926,-2.40E-05,1,0.601714,0.600514,0.106642,0,PSF-00578_20260722085919_8d1,PFA-00612,PSA-00572,PSF-00578,RHS-0697,3.0.0,2026-06-15T15:17:51.144Z
30,8:59:35,7/22/2026,Rain_out,Climate_model,,Pl15-R2-M2-H1-P05,,,0.033156,2.91591,0.032783,0.375023,1.806906,1.796666,2.903541,1.096635,18.292587,18.396847,29.562132,0.441786,7.5,PSF-00578_20260722085935_55d,0,0,0,83.816528,287.893646,0.708863,0.5,0.8,43.746857,1,58.05,57.72,24.64,23.48,23.48,98.22,156,156.1,0,154,4.069,12,-53,13,,,,,,,,13:53:44,7/22/2026,39.20837,-96.593849,345,14,0.72,8:55:48,7/22/2026,-0.81,1,0,-0.003,-9999,0.026,-0.147,-9999,1,150,0.005,2,0.058905,0,0.02923,0,0,-6.80E-05,standard,0,rectangular,7000,500,-9999,-9999,55537,55537,55537,0,-9999,0,0,0,0,2.484991,2.471457,1.641793,0.932555,0.276644,-0.012184,0.261339,0.23556,83.816528,0.000294,2.397709,-3.00E-05,1,2.383926,-2.40E-05,1,0.601714,0.600514,0.106642,0,PSF-00578_20260722085935_55d,PFA-00612,PSA-00572,PSF-00578,RHS-0697,3.0.0,2026-06-15T15:17:51.144Z
31,8:59:49,7/22/2026,Rain_out,Climate_model,,Pl15-R2-M2-H1-P05,,,0.060406,2.916356,0.05918,0.666647,1.814199,1.796004,2.894096,1.079896,18.285566,18.470821,29.465517,0.441786,7.5,PSF-00578_20260722085949_25c,0,0,0,87.192535,298.858521,0.708248,0.5,0.8,43.973244,1,58.26,57.67,24.65,23.43,23.43,98.22,156,155.9,0.1,155,4.075,7,-61,38,,,,,,,,13:53:58,7/22/2026,39.208389,-96.59388,344.700012,12,0.84,8:55:48,7/22/2026,-0.81,1,0.002,0.002,-9999,0.154,-0.143,-9999,1,150,0.005,2,0.058905,0,0.02923,0,0,-6.80E-05,standard,0,rectangular,7000,500,-9999,-9999,55537,55537,55537,0,-9999,0,0,0,0,2.484927,2.471714,1.642247,0.932181,0.276555,-0.012861,0.262891,0.23634,87.192535,0.000289,2.397709,-3.00E-05,1,2.383926,-2.40E-05,1,0.601714,0.600514,0.106642,0,PSF-00578_20260722085949_25c,PFA-00612,PSA-00572,PSF-00578,RHS-0697,3.0.0,2026-06-15T15:17:51.144Z
32,9:00:10,7/22/2026,Rain_out,Climate_model,,Pl15-R2-M2-H1-P05,,,0.037304,2.916804,0.036833,0.420673,1.808983,1.797505,2.903844,1.094861,18.300892,18.417759,29.564838,0.441786,7.5,PSF-00578_20260722090010_0f8,0,0,0,79.766754,279.404633,0.714512,0.5,0.8,45.521885,1,58.05,57.68,24.66,23.49,23.49,98.22,156.1,155.9,0.1,159,4.04,3,49,51,,,,,,,,13:54:19,7/22/2026,39.208397,-96.593872,344.600006,13,0.79,8:55:48,7/22/2026,-0.81,1,0,0.002,-9999,0.106,-0.294,-9999,1,150,0.005,2,0.058905,0,0.02923,0,0,-6.80E-05,standard,0,rectangular,7000,500,-9999,-9999,55537,55537,55537,0,-9999,0,0,0,0,2.484932,2.471448,1.642705,0.932086,0.276419,-0.012391,0.265254,0.23973,79.766754,0.000277,2.397709,-3.00E-05,1,2.383926,-2.40E-05,1,0.601714,0.600514,0.106642,0,PSF-00578_20260722090010_0f8,PFA-00612,PSA-00572,PSF-00578,RHS-0697,3.0.0,2026-06-15T15:17:51.144Z
33,9:00:24,7/22/2026,Rain_out,Climate_model,,Pl15-R2-M2-H1-P05,,,0.049687,2.91546,0.048855,0.54814,1.816798,1.801828,2.892311,1.075513,18.346169,18.498594,29.449442,0.441786,7.5,PSF-00578_20260722090024_860,0,0,0,81.056358,283.455139,0.714042,0.5,0.8,46.917294,1,58.28,57.8,24.67,23.42,23.42,98.21,155.9,156,0,164,4.069,13,48,52,,,,,,,,13:54:32,7/22/2026,39.208412,-96.593857,344.399994,14,0.72,8:55:48,7/22/2026,-0.81,1,0,0.002,-9999,-0.046,-0.06,-9999,1,150,0.005,2,0.058905,0,0.02923,0,0,-6.80E-05,standard,0,rectangular,7000,500,-9999,-9999,55537,55537,55537,0,-9999,0,0,0,0,2.485083,2.471738,1.641335,0.932341,0.276357,-0.01317,0.266774,0.2439,81.056358,0.000283,2.397709,-3.00E-05,1,2.383926,-2.40E-05,1,0.601714,0.600514,0.106642,0,PSF-00578_20260722090024_860,PFA-00612,PSA-00572,PSF-00578,RHS-0697,3.0.0,2026-06-15T15:17:51.144Z
34,9:00:44,7/22/2026,Rain_out,Climate_model,,Pl15-R2-M2-H1-P05,,,0.066654,2.916942,0.065165,0.750443,1.797684,1.77721,2.901605,1.103921,18.096289,18.30477,29.545355,0.441786,7.5,PSF-00578_20260722090044_bd7,0,0,0,88.944916,291.298981,0.694661,0.5,0.8,39.454033,1,57.64,56.98,24.68,23.47,23.47,98.21,156.1,156,0.1,142,4.043,17,-74,49,,,,,,,,13:54:53,7/22/2026,39.208405,-96.593864,344.5,14,0.72,8:55:48,7/22/2026,-0.81,1,0,0.001,-9999,0.278,-0.229,-9999,1,150,0.005,2,0.058905,0,0.02923,0,0,-6.80E-05,standard,0,rectangular,7000,500,-9999,-9999,55537,55537,55537,0,-9999,0,0,0,0,2.484038,2.470931,1.642846,0.932415,0.276266,-0.012683,0.269105,0.225287,88.944916,0.000279,2.397709,-3.00E-05,1,2.383926,-2.40E-05,1,0.601714,0.600514,0.106642,0,PSF-00578_20260722090044_bd7,PFA-00612,PSA-00572,PSF-00578,RHS-0697,3.0.0,2026-06-15T15:17:51.144Z
35,9:01:00,7/22/2026,Rain_out,Climate_model,,Pl15-R2-M2-H1-P05,,,0.038064,2.91641,0.037574,0.449485,1.806001,1.793733,2.952389,1.146388,18.264261,18.389175,30.061998,0.441786,7.5,PSF-00578_20260722090100_294,0,0,0,85.888985,247.188812,0.652537,0.5,0.8,93.195724,1,57.88,57.49,24.68,23.76,23.76,98.21,156,155.8,0.2,357,4.075,-6,19,40,,,,,,,,13:55:09,7/22/2026,39.208401,-96.593872,344.600006,14,0.75,8:55:48,7/22/2026,-0.81,1,0,0.001,-9999,0.063,-0.005,-9999,1,150,0.005,2,0.058905,0,0.02923,0,0,-6.80E-05,standard,0,rectangular,7000,500,-9999,-9999,55537,55537,55537,0,-9999,0,0,0,0,2.484687,2.471239,1.642302,0.931813,0.276201,-0.009611,0.270817,0.404988,85.888985,0.000279,2.397709,-3.00E-05,1,2.383926,-2.40E-05,1,0.601714,0.600514,0.106642,0,PSF-00578_20260722090100_294,PFA-00612,PSA-00572,PSF-00578,RHS-0697,3.0.0,2026-06-15T15:17:51.144Z
36,9:01:15,7/22/2026,Rain_out,Climate_model,,Pl15-R2-M2-H1-P05,,,0.008462,2.915868,0.008438,0.097575,1.800724,1.798059,2.909259,1.108535,18.307194,18.334324,29.621027,0.441786,7.5,PSF-00578_20260722090115_151,0,0,0,89.689491,290.632721,0.691399,0.5,0.8,67.38887,1,57.7,57.61,24.69,23.52,23.52,98.22,156,155.8,0.1,244,4.074,-16,18,45,,,,,,,,13:55:23,7/22/2026,39.208385,-96.593842,344.399994,14,0.75,8:55:48,7/22/2026,-0.81,1,-0.001,-0.001,-9999,0.075,0.033,-9999,1,150,0.005,2,0.058905,0,0.02923,0,0,-6.80E-05,standard,0,rectangular,7000,500,-9999,-9999,55537,55537,55537,0,-9999,0,0,0,0,2.484839,2.471002,1.64175,0.931935,0.276141,-0.012334,0.272487,0.310247,89.689491,0.000296,2.397709,-3.00E-05,1,2.383926,-2.40E-05,1,0.601714,0.600514,0.106642,0,PSF-00578_20260722090115_151,PFA-00612,PSA-00572,PSF-00578,RHS-0697,3.0.0,2026-06-15T15:17:51.144Z
37,9:01:49,7/22/2026,Rain_out,Climate_model,,Pl15-R2-M2-H1-P05,,,0.042247,2.915588,0.041644,0.496722,1.827615,1.814052,2.970491,1.142876,18.470354,18.608452,30.245016,0.441786,7.5,PSF-00578_20260722090149_dcb,0,0,0,91.678619,296.11908,0.690399,0.5,0.8,131.35347,1,58.48,58.05,24.71,23.86,23.86,98.21,155.9,156.1,-0.1,476,4.073,22,35,276,,,,,,,,13:55:57,7/22/2026,39.208382,-96.593826,344,15,0.68,8:55:48,7/22/2026,-0.81,1,-0.002,-0.001,-9999,-0.249,-0.153,-9999,1,150,0.005,2,0.058905,0,0.02923,0,0,-6.80E-05,standard,0,rectangular,7000,500,-9999,-9999,55537,55537,55537,0,-9999,0,0,0,0,2.485389,2.471982,1.641465,0.932593,0.275894,-0.00881,0.276405,0.504081,91.678619,0.000281,2.397709,-3.00E-05,1,2.383926,-2.40E-05,1,0.601714,0.600514,0.106642,0,PSF-00578_20260722090149_dcb,PFA-00612,PSA-00572,PSF-00578,RHS-0697,3.0.0,2026-06-15T15:17:51.144Z
38,9:02:38,7/22/2026,Rain_out,Climate_model,,Pl15-R2-M2-H1-P05,,,0.062263,2.915477,0.060961,0.762356,1.843309,1.822495,3.040954,1.197645,18.556881,18.768816,30.963394,0.441786,7.5,PSF-00578_20260722090238_447,0,0,0,76.891068,217.909103,0.647142,0.5,0.8,211.03598,1,58.79,58.13,24.76,24.25,24.25,98.21,155.9,155.8,0.1,815,4.072,10,-19,279,,,,,,,,13:56:47,7/22/2026,39.208374,-96.593826,343.899994,14,0.75,8:55:48,7/22/2026,-0.81,1,0.004,0.004,-9999,-0.112,-0.046,-9999,1,150,0.005,2,0.058905,0,0.02923,0,0,-6.80E-05,standard,0,rectangular,7000,500,-9999,-9999,55537,55537,55537,0,-9999,0,0,0,0,2.485487,2.472367,1.641352,0.931866,0.275307,-0.005127,0.282194,0.787861,76.891068,0.000274,2.397709,-3.00E-05,1,2.383926,-2.40E-05,1,0.601714,0.600514,0.106642,0,PSF-00578_20260722090238_447,PFA-00612,PSA-00572,PSF-00578,RHS-0697,3.0.0,2026-06-15T15:17:51.144Z
39,9:03:07,7/22/2026,Rain_out,Climate_model,,Pl15-R2-M2-H1-P05,,,0.070048,2.915555,0.068405,1.08989,1.869605,1.839857,3.392525,1.522921,18.733095,19.035982,34.542088,0.441786,7.5,PSF-00578_20260722090307_638,0,0,0,83.647728,187.839752,0.554686,0.5,0.8,130.605515,1,59.45,58.5,24.82,26.09,26.09,98.21,155.9,155.8,0.1,589,4.071,-13,-36,40,,,,,,,,13:57:16,7/22/2026,39.208385,-96.593834,343.799988,14,0.75,8:55:48,7/22/2026,-0.81,1,-0.001,-0.001,-9999,-0.313,-1.178,-9999,1,150,0.005,2,0.058905,0,0.02923,0,0,-6.80E-05,standard,0,rectangular,7000,500,-9999,-9999,55537,55537,55537,0,-9999,0,0,0,0,2.485952,2.473178,1.641431,0.931973,0.274739,0.014673,0.285529,0.598505,83.647728,0.000289,2.397709,-3.00E-05,1,2.383926,-2.40E-05,1,0.601714,0.600514,0.106642,0,PSF-00578_20260722090307_638,PFA-00612,PSA-00572,PSF-00578,RHS-0697,3.0.0,2026-06-15T15:17:51.144Z
40,9:03:35,7/22/2026,Rain_out,Climate_model,,Pl15-R2-M2-H1-P05,,,0.091572,2.915009,0.088783,1.200375,1.866908,1.834131,3.160781,1.293872,18.675272,19.009014,32.183327,0.441786,7.5,PSF-00578_20260722090335_ad2,0,0,0,88.378784,223.44017,0.604463,0.5,0.8,145.304138,1,59.19,58.15,24.86,24.9,24.9,98.21,155.9,155.7,0.1,601,4.068,-12,23,38,,,,,,,,13:57:44,7/22/2026,39.208393,-96.593857,343,15,0.68,8:55:48,7/22/2026,-0.81,1,-0.001,-0.002,-9999,0.217,0.789,-9999,1,150,0.005,2,0.058905,0,0.02923,0,0,-6.80E-05,standard,0,rectangular,7000,500,-9999,-9999,55537,55537,55537,0,-9999,0,0,0,0,2.485498,2.472848,1.640876,0.931749,0.27421,0.000878,0.288532,0.608797,88.378784,0.00029,2.397709,-3.00E-05,1,2.383926,-2.40E-05,1,0.601714,0.600514,0.106642,0,PSF-00578_20260722090335_ad2,PFA-00612,PSA-00572,PSF-00578,RHS-0697,3.0.0,2026-06-15T15:17:51.144Z
41,9:04:23,7/22/2026,Rain_out,Climate_model,,Pl16-R2-M1-H2-P08,,,0.127409,2.915357,0.122074,1.419466,1.88605,1.84731,2.99957,1.11352,18.810661,19.205133,30.543806,0.441786,7.5,PSF-00578_20260722090423_94e,0,0,0,88.638428,233.664032,0.620659,0.5,0.8,207.816818,1,59.53,58.31,24.94,24.03,24.03,98.21,155.9,155.8,0.1,837,4.059,10,53,307,,,,,,,,13:58:32,7/22/2026,39.208378,-96.593849,343.299988,15,0.68,8:55:48,7/22/2026,-0.81,1,0.001,0.002,-9999,0.192,0.108,-9999,1,150,0.005,2,0.058905,0,0.02923,0,0,-6.80E-05,standard,0,rectangular,7000,500,-9999,-9999,55537,55537,55537,0,-9999,0,0,0,0,2.485684,2.473262,1.64123,0.931841,0.273392,-0.009566,0.294031,0.806093,88.638428,0.000282,2.397709,-3.00E-05,1,2.383926,-2.40E-05,1,0.601714,0.600514,0.106642,0,PSF-00578_20260722090423_94e,PFA-00612,PSA-00572,PSF-00578,RHS-0697,3.0.0,2026-06-15T15:17:51.144Z
42,9:04:39,7/22/2026,Rain_out,Climate_model,,Pl16-R2-M1-H2-P08,,,0.11894,2.916971,0.11428,1.477871,1.892967,1.852691,3.1304,1.237432,18.86665,19.2768,31.878038,0.441786,7.5,PSF-00578_20260722090439_42c,0,0,0,78.209282,199.580673,0.608132,0.5,0.8,223.278275,1,59.66,58.39,24.96,24.74,24.74,98.2,156.1,155.7,0.3,918,4.036,0,55,319,,,,,,,,13:58:48,7/22/2026,39.208393,-96.593842,343.700012,15,0.73,8:55:48,7/22/2026,-0.81,1,0,-0.001,-9999,0.375,1.145,-9999,1,150,0.005,2,0.058905,0,0.02923,0,0,-6.80E-05,standard,0,rectangular,7000,500,-9999,-9999,55537,55537,55537,0,-9999,0,0,0,0,2.485782,2.473416,1.642876,0.931609,0.273112,-0.002024,0.295743,0.873612,78.209282,0.000292,2.397709,-3.00E-05,1,2.383926,-2.40E-05,1,0.601714,0.600514,0.106642,0,PSF-00578_20260722090439_42c,PFA-00612,PSA-00572,PSF-00578,RHS-0697,3.0.0,2026-06-15T15:17:51.144Z
43,9:05:00,7/22/2026,Rain_out,Climate_model,,Pl16-R2-M1-H2-P08,,,0.092361,2.915728,0.089525,1.03566,1.881113,1.852857,2.988946,1.107833,18.868393,19.156134,30.437645,0.441786,7.5,PSF-00578_20260722090500_cd8,0,0,0,81.073166,248.803497,0.674148,0.5,0.8,68.734833,1,59.16,58.27,25,23.97,23.97,98.2,156,156,0,255,4.067,15,-39,325,,,,,,,,13:59:09,7/22/2026,39.208374,-96.593826,343.600006,15,0.69,8:55:48,7/22/2026,-0.81,1,0.002,0.002,-9999,-0.132,-0.178,-9999,1,150,0.005,2,0.058905,0,0.02923,0,0,-6.80E-05,standard,0,rectangular,7000,500,-9999,-9999,55537,55537,55537,0,-9999,0,0,0,0,2.485629,2.472789,1.641607,0.932318,0.272736,-0.01088,0.297988,0.319628,81.073166,0.000291,2.397709,-3.00E-05,1,2.383926,-2.40E-05,1,0.601714,0.600514,0.106642,0,PSF-00578_20260722090500_cd8,PFA-00612,PSA-00572,PSF-00578,RHS-0697,3.0.0,2026-06-15T15:17:51.144Z
44,9:05:21,7/22/2026,Rain_out,Climate_model,,Pl16-R2-M1-H2-P08,,,0.164316,2.915784,0.15555,1.787126,1.929306,1.880574,3.029036,1.09973,19.150696,19.64695,30.845968,0.441786,7.5,PSF-00578_20260722090521_8a8,0,0,0,87.020874,284.108521,0.693705,0.5,0.8,48.106426,1,60.56,59.03,25.03,24.19,24.19,98.2,156,156.1,-0.1,173,4.068,4,-69,353,,,,,,,,13:59:30,7/22/2026,39.20837,-96.593834,343.100006,16,0.67,8:55:48,7/22/2026,-0.81,1,0.005,0.001,-9999,-0.124,-0.19,-9999,1,150,0.005,2,0.058905,0,0.02923,0,0,-6.80E-05,standard,0,rectangular,7000,500,-9999,-9999,55537,55537,55537,0,-9999,0,0,0,0,2.486582,2.47453,1.641665,0.93269,0.272372,-0.008822,0.300218,0.251505,87.020874,0.000285,2.397709,-3.00E-05,1,2.383926,-2.40E-05,1,0.601714,0.600514,0.106642,0,PSF-00578_20260722090521_8a8,PFA-00612,PSA-00572,PSF-00578,RHS-0697,3.0.0,2026-06-15T15:17:51.144Z
45,9:05:43,7/22/2026,Rain_out,Climate_model,,Pl16-R2-M1-H2-P08,,,0.107651,2.916566,0.103819,1.157263,1.885436,1.853884,2.953132,1.067696,18.878122,19.199423,30.071783,0.441786,7.5,PSF-00578_20260722090543_8eb,0,0,0,84.416626,238.799927,0.646496,0.5,0.8,80.10878,1,59.07,58.08,25.06,23.77,23.77,98.2,156.1,156,0,310,4.063,9,57,307,,,,,,,,13:59:52,7/22/2026,39.208363,-96.593842,343.200012,16,0.67,8:55:48,7/22/2026,-0.81,1,0.002,0.002,-9999,-0.039,0.019,-9999,1,150,0.005,2,0.058905,0,0.02923,0,0,-6.80E-05,standard,0,rectangular,7000,500,-9999,-9999,55537,55537,55537,0,-9999,0,0,0,0,2.485368,2.472658,1.642462,0.932395,0.272022,-0.013795,0.302593,0.365489,84.416626,0.000298,2.397709,-3.00E-05,1,2.383926,-2.40E-05,1,0.601714,0.600514,0.106642,0,PSF-00578_20260722090543_8eb,PFA-00612,PSA-00572,PSF-00578,RHS-0697,3.0.0,2026-06-15T15:17:51.144Z
46,9:06:15,7/22/2026,Rain_out,Climate_model,,Pl16-R2-M1-H2-P08,,,0.089703,2.915133,0.087025,1.047319,1.861507,1.832913,3.013992,1.152485,18.664862,18.956038,30.691994,0.441786,7.5,PSF-00578_20260722090615_36f,0,0,0,83.653809,257.599365,0.675256,0.5,0.8,84.580177,1,58.13,57.24,25.12,24.11,24.11,98.2,155.9,155.7,0.1,313,4.066,4,-53,94,,,,,,,,14:00:24,7/22/2026,39.208359,-96.593826,342.5,16,0.67,9:06:06,7/22/2026,-0.72,1,0.002,0.005,-9999,0.178,-4.747,-9999,1,150,0.005,2,0.058905,0,0.02923,0,0,-6.80E-05,standard,0,rectangular,7000,500,-9999,-9999,55537,55537,55537,0,-9999,0,0,0,0,2.484281,2.471357,1.641002,0.931735,0.271429,-0.010696,0.306006,0.368297,83.653809,0.00029,2.397709,-3.00E-05,1,2.383926,-2.40E-05,1,0.601714,0.600514,0.106642,0,PSF-00578_20260722090615_36f,PFA-00612,PSA-00572,PSF-00578,RHS-0697,3.0.0,2026-06-15T15:17:51.144Z
47,9:06:37,7/22/2026,Rain_out,Climate_model,,Pl16-R2-M1-H2-P08,,,0.081759,2.915509,0.079528,0.986371,1.880042,1.853124,3.067362,1.187321,18.8701,19.144197,31.234518,0.441786,7.5,PSF-00578_20260722090637_56e,0,0,0,81.249115,213.872559,0.620105,0.5,0.8,127.103592,1,58.56,57.73,25.16,24.4,24.4,98.2,155.9,155.9,0,512,4.065,12,50,307,,,,,,,,14:00:46,7/22/2026,39.208355,-96.593819,342.799988,16,0.67,9:06:06,7/22/2026,-0.72,1,-0.001,0,-9999,0.052,0.472,-9999,1,150,0.005,2,0.058905,0,0.02923,0,0,-6.80E-05,standard,0,rectangular,7000,500,-9999,-9999,55537,55537,55537,0,-9999,0,0,0,0,2.484899,2.471897,1.641385,0.932166,0.270985,-0.007943,0.308378,0.534818,81.249115,0.000291,2.397709,-3.00E-05,1,2.383926,-2.40E-05,1,0.601714,0.600514,0.106642,0,PSF-00578_20260722090637_56e,PFA-00612,PSA-00572,PSF-00578,RHS-0697,3.0.0,2026-06-15T15:17:51.144Z
48,9:06:52,7/22/2026,Rain_out,Climate_model,,Pl16-R2-M1-H2-P08,,,0.092989,2.916609,0.090116,1.198643,1.905882,1.873209,3.178285,1.272403,19.074867,19.407574,32.364437,0.441786,7.5,PSF-00578_20260722090652_4df,0,0,0,100.680115,249.346375,0.596224,0.5,0.8,53.492962,1,59.3,58.28,25.18,24.99,24.99,98.2,156.1,155.9,0.1,224,4.064,-11,-52,103,,,,,,,,14:01:01,7/22/2026,39.208359,-96.593811,342.799988,16,0.67,9:06:06,7/22/2026,-0.72,1,0,0.004,-9999,14.088,7.246,-9999,1,150,0.005,2,0.058905,0,0.02923,0,0,-6.80E-05,standard,0,rectangular,7000,500,-9999,-9999,55537,55537,55537,0,-9999,0,0,0,0,2.485601,2.472811,1.642506,0.932147,0.270764,-0.001623,0.309998,0.294062,100.680115,0.00028,2.397709,-3.00E-05,1,2.383926,-2.40E-05,1,0.601714,0.600514,0.106642,0,PSF-00578_20260722090652_4df,PFA-00612,PSA-00572,PSF-00578,RHS-0697,3.0.0,2026-06-15T15:17:51.144Z
49,9:07:10,7/22/2026,Rain_out,Climate_model,,Pl16-R2-M1-H2-P08,,,0.054593,2.914814,0.05359,0.66453,1.883118,1.864974,3.070139,1.187021,18.991251,19.176008,31.263586,0.441786,7.5,PSF-00578_20260722090710_3be,0,0,0,86.476921,273.349274,0.683639,0.5,0.8,93.217735,1,58.51,57.95,25.2,24.41,24.41,98.2,155.9,155.9,-0.1,341,4.05,4,-53,100,,,,,,,,14:01:19,7/22/2026,39.208366,-96.593765,333.899994,20,0.56,9:06:06,7/22/2026,-0.72,1,0,-0.002,-9999,-0.022,0.058,-9999,1,150,0.005,2,0.058905,0,0.02923,0,0,-6.80E-05,standard,0,rectangular,7000,500,-9999,-9999,55537,55537,55537,0,-9999,0,0,0,0,2.485178,2.471827,1.640678,0.932262,0.270535,-0.00824,0.31181,0.391482,86.476921,0.000286,2.397709,-3.00E-05,1,2.383926,-2.40E-05,1,0.601714,0.600514,0.106642,0,PSF-00578_20260722090710_3be,PFA-00612,PSA-00572,PSF-00578,RHS-0697,3.0.0,2026-06-15T15:17:51.144Z
166,10:20:34,7/22/2026,Rain_out,Climate_model,,Pl23-R3-M3-H2-P03,,,0.069456,2.915891,0.06784,1.07309,1.905761,1.876482,3.417647,1.511886,19.100658,19.398687,34.788132,0.441786,7.5,PSF-00578_20260722102034_b87,0,0,0,152.192108,372.459412,0.591386,0.5,0.8,58.283653,1,50.05,49.28,28.06,26.22,26.22,98.24,156,155.5,0.3,246,3.951,-12,7,350,,,,,,,,15:14:42,7/22/2026,39.208469,-96.593819,335.299988,20,0.58,10:18:08,7/22/2026,-0.52,1,0.004,0.005,-9999,-1.011,3.645,-9999,1,150,0.005,2,0.058905,0,0.02923,0,0,-6.80E-05,standard,0,rectangular,7000,500,-9999,-9999,55537,55537,55537,0,-9999,0,0,0,0,2.473496,2.460362,1.641773,0.931242,0.241496,-0.020408,0.678081,0.312518,152.192108,0.000293,2.397709,-3.00E-05,1,2.383926,-2.40E-05,1,0.601714,0.600514,0.106642,0,PSF-00578_20260722102034_b87,PFA-00612,PSA-00572,PSF-00578,RHS-0697,3.0.0,2026-06-15T15:17:51.144Z
210,10:36:47,7/22/2026,Rain_out,Climate_model,,Pl19-R3-M1-H1-P02,,,0.188871,2.91393,0.177374,3.045534,1.882382,1.799163,3.522295,1.639912,18.31918,19.166517,35.864197,0.441786,7.5,PSF-00578_20260722103647_fe3,0,0,0,89.199188,227.348679,0.607655,0.5,0.8,81.593903,1,48.32,46.19,28.45,26.73,26.73,98.21,155.7,155.7,0.1,336,3.926,-4,-17,312,,,,,,,,15:30:56,7/22/2026,39.208443,-96.593765,339.600006,20,0.59,10:28:35,7/22/2026,-0.48,1,0,0.004,0.02,0.423,0.669,1.182,1,150,0.005,2,0.058905,0,0.02923,0,0,-6.80E-05,standard,0,rectangular,7000,500,-9999,-9999,55537,55537,55537,0,-9999,0,0,0,0,2.469385,2.458027,1.639781,0.931544,0.237784,-0.019153,0.736363,0.38714,89.199188,0.0003,2.397709,-3.00E-05,1,2.383926,-2.40E-05,1,0.601714,0.600514,0.106642,0,PSF-00578_20260722103647_fe3,PFA-00612,PSA-00572,PSF-00578,RHS-0697,3.0.0,2026-06-15T15:17:51.144Z
14,10:58:22,7/22/2026,Rain_out,Climate_model,,Pl16-R2-M1-H2-P08,,,0.167712,2.915237,0.158589,3.124559,1.855037,1.769742,3.734536,1.879499,18.023691,18.892368,38.033867,0.441786,7.5,PSF-00578_20260722105822_b12,0,0,0,90.883614,209.290268,0.565753,0.5,0.8,181.95015,1,46.06,43.94,29.02,27.73,27.73,98.19,155.9,155.4,0.3,804,3.864,-6,28,92,,,,,,,,15:52:30,7/22/2026,39.208408,-96.593857,330.299988,9,1.24,10:54:09,7/22/2026,-0.43,1,0,0,0.028,1.104,2.15,5.754,1,150,0.005,2,0.058905,0,0.02923,0,0,-6.80E-05,standard,0,rectangular,7000,500,-9999,-9999,55537,55537,55537,0,-9999,0,0,0,0,2.466333,2.45495,1.641108,0.93091,0.232448,-0.014491,0.204306,0.778465,90.883614,0.000302,2.397709,-3.00E-05,1,2.383926,-2.40E-05,1,0.601714,0.600514,0.106642,0,PSF-00578_20260722105822_b12,PFA-00612,PSA-00572,PSF-00578,RHS-0697,3.0.0,2026-06-15T15:17:51.144Z
18,10:59:33,7/22/2026,Rain_out,Climate_model,,Pl17-R2-M1-H1-P04,,,0.098231,2.915462,0.095029,1.769598,1.885154,1.836874,3.66181,1.776656,18.708872,19.200605,37.296146,0.441786,7.5,PSF-00578_20260722105933_90f,0,0,0,84.64122,254.592773,0.667543,0.5,0.8,134.60907,1,46.72,45.52,29.06,27.39,27.39,98.18,155.9,155.7,0.1,504,3.899,-5,32,137,,,,,,,,15:53:40,7/22/2026,39.20842,-96.593842,331.399994,9,1.24,10:54:09,7/22/2026,-0.43,1,0.002,0,-9999,-0.075,-0.067,-9999,1,150,0.005,2,0.058905,0,0.02923,0,0,-6.80E-05,standard,0,rectangular,7000,500,-9999,-9999,55537,55537,55537,0,-9999,0,0,0,0,2.468405,2.45579,1.641336,0.931663,0.232134,-0.01868,0.214066,0.527877,84.64122,0.000289,2.397709,-3.00E-05,1,2.383926,-2.40E-05,1,0.601714,0.600514,0.106642,0,PSF-00578_20260722105933_90f,PFA-00612,PSA-00572,PSF-00578,RHS-0697,3.0.0,2026-06-15T15:17:51.144Z
48,11:13:09,7/22/2026,Rain_out,Climate_model,,Pl15-R2-M2-H1-P05,,,0.057193,2.918053,0.056094,1.094895,1.76167,1.731826,3.625161,1.863491,17.642218,17.946234,36.929729,0.441786,7.5,PSF-00578_20260722111309_f56,0,0,0,84.227798,217.456345,0.612668,0.5,0.8,61.627575,1,41.67,40.96,29.87,27.22,27.22,98.16,156.3,155,0.8,251,3.877,-25,-30,297,,,,,,,,16:07:17,7/22/2026,39.208427,-96.593819,337,12,0.99,11:07:09,7/22/2026,-0.42,1,0,0,0.015,0.262,0.277,0.449,1,150,0.005,2,0.058905,0,0.02923,0,0,-6.80E-05,standard,0,rectangular,7000,500,-9999,-9999,55537,55537,55537,0,-9999,0,0,0,0,2.462232,2.449093,1.643981,0.929825,0.224845,-0.029917,0.314368,0.316768,84.227798,0.000291,2.397709,-3.00E-05,1,2.383926,-2.40E-05,1,0.601714,0.600514,0.106642,0,PSF-00578_20260722111309_f56,PFA-00612,PSA-00572,PSF-00578,RHS-0697,3.0.0,2026-06-15T15:17:51.144Z
70,11:20:15,7/22/2026,Rain_out,Climate_model,,Pl10-R2-M3-H3-P12,,,0.068847,2.915375,0.067259,1.479077,1.687662,1.647234,3.786014,2.098352,16.781752,17.193624,38.571297,0.441786,7.5,PSF-00578_20260722112015_92d,0,0,0,91.957214,192.313675,0.521837,0.5,0.8,154.0065,1,39.7,38.75,29.96,27.96,27.96,98.16,155.9,155.3,0.4,738,3.862,4,-45,210,,,,,,,,16:14:24,7/22/2026,39.208458,-96.593773,338.899994,13,0.87,11:17:26,7/22/2026,-0.43,1,-0.001,-0.001,0.011,-2.538,-2.238,-6.469,1,150,0.005,2,0.058905,0,0.02923,0,0,-6.80E-05,standard,0,rectangular,7000,500,-9999,-9999,55537,55537,55537,0,-9999,0,0,0,0,2.459244,2.446489,1.641249,0.93065,0.223989,-0.02266,0.358249,0.723143,91.957214,0.00031,2.397709,-3.00E-05,1,2.383926,-2.40E-05,1,0.601714,0.600514,0.106642,0,PSF-00578_20260722112015_92d,PFA-00612,PSA-00572,PSF-00578,RHS-0697,3.0.0,2026-06-15T15:17:51.144Z
111,11:35:24,7/22/2026,Rain_out,Climate_model,,Pl7-R1-M2-H1-P08,,,0.17461,2.916386,0.164747,3.325866,1.701357,1.610545,3.628913,1.927556,16.409597,17.334873,36.974453,0.441786,7.5,PSF-00578_20260722113524_f05,0,0,0,84.315063,230.166443,0.633678,0.5,0.8,218.007034,1,41.94,39.7,29.15,27.24,27.24,98.15,156,155.5,0.3,860,3.832,-10,46,358,,,,,,,,16:29:32,7/22/2026,39.208401,-96.593857,342,15,0.7,11:27:50,7/22/2026,-0.44,1,-0.004,-0.001,0.01,-0.683,-0.877,-0.601,1,150,0.005,2,0.058905,0,0.02923,0,0,-6.80E-05,standard,0,rectangular,7000,500,-9999,-9999,55537,55537,55537,0,-9999,0,0,0,0,2.460655,2.449584,1.642279,0.931183,0.231281,-0.021484,0.444491,0.825315,84.315063,0.000289,2.397709,-3.00E-05,1,2.383926,-2.40E-05,1,0.601714,0.600514,0.106642,0,PSF-00578_20260722113524_f05,PFA-00612,PSA-00572,PSF-00578,RHS-0697,3.0.0,2026-06-15T15:17:51.144Z
125,11:40:22,7/22/2026,Rain_out,Climate_model,,Pl8-R1-M2-H3-P02,,,0.220965,2.916291,0.205402,3.956677,1.797143,1.689202,3.635499,1.838355,17.210365,18.310123,37.040138,0.441786,7.5,PSF-00578_20260722114022_348,0,0,0,78.637718,195.742615,0.59826,0.5,0.8,182.307587,1,42.8,40.23,29.75,27.27,27.27,98.15,156,155.3,0.5,762,3.836,6,33,347,,,,,,,,16:34:27,7/22/2026,39.208389,-96.593895,340.700012,17,0.66,11:38:11,7/22/2026,-0.51,1,-0.004,-0.004,0.017,0.01,0.24,0.258,1,150,0.005,2,0.058905,0,0.02923,0,0,-6.80E-05,standard,0,rectangular,7000,500,-9999,-9999,55537,55537,55537,0,-9999,0,0,0,0,2.461267,2.4507,1.642181,0.930721,0.225893,-0.028009,0.472147,0.74321,78.637718,0.00029,2.397709,-3.00E-05,1,2.383926,-2.40E-05,1,0.601714,0.600514,0.106642,0,PSF-00578_20260722114022_348,PFA-00612,PSA-00572,PSF-00578,RHS-0697,3.0.0,2026-06-15T15:17:51.144Z
188,12:04:20,7/22/2026,Rain_out,Climate_model,,Pl6-R1-M1-H2-P08,,,0.09856,2.917083,0.095339,2.271192,1.73084,1.668887,4.00036,2.269519,17.006159,17.637476,40.764153,0.441786,7.5,PSF-00578_20260722120420_0d1,0,0,0,91.926811,293.636078,0.686936,0.5,0.8,144.47879,1,38.6,37.22,30.89,28.91,28.91,98.13,156.1,155.3,0.5,526,3.802,-6,-49,10,,,,,,,,16:58:28,7/22/2026,39.208378,-96.593819,335.700012,17,0.67,11:58:42,7/22/2026,-0.42,1,0,0.003,0.017,0.099,-0.011,0.965,1,150,0.005,2,0.058905,0,0.02923,0,0,-6.80E-05,standard,0,rectangular,7000,500,-9999,-9999,55537,55537,55537,0,-9999,0,0,0,0,2.457029,2.44489,1.64299,0.930615,0.21592,-0.022705,0.580626,0.545999,91.926811,0.000307,2.397709,-3.00E-05,1,2.383926,-2.40E-05,1,0.601714,0.600514,0.106642,0,PSF-00578_20260722120420_0d1,PFA-00612,PSA-00572,PSF-00578,RHS-0697,3.0.0,2026-06-15T15:17:51.144Z
209,12:11:38,7/22/2026,Rain_out,Climate_model,,Pl1-R1-M2-H3-P12,,,0.104215,2.916582,0.10062,2.331279,1.662026,1.59838,3.87098,2.208955,16.292299,16.941034,39.456921,0.441786,7.5,PSF-00578_20260722121138_c8b,0,0,0,84.033249,206.66098,0.593376,0.5,0.8,158.21225,1,37.05,35.63,30.9,28.34,28.34,98.11,156.1,155.3,0.5,667,3.791,-15,-38,241,,,,,,,,17:05:46,7/22/2026,39.208401,-96.593742,338.600006,18,0.65,12:08:52,7/22/2026,-0.41,1,0,0.001,0.017,-0.121,-0.35,-0.177,1,150,0.005,2,0.058905,0,0.02923,0,0,-6.80E-05,standard,0,rectangular,7000,500,-9999,-9999,55537,55537,55537,0,-9999,0,0,0,0,2.454871,2.442812,1.642478,0.930699,0.215864,-0.029239,0.607034,0.663622,84.033249,0.000303,2.397709,-3.00E-05,1,2.383926,-2.40E-05,1,0.601714,0.600514,0.106642,0,PSF-00578_20260722121138_c8b,PFA-00612,PSA-00572,PSF-00578,RHS-0697,3.0.0,2026-06-15T15:17:51.144Z
210,12:11:54,7/22/2026,Rain_out,Climate_model,,Pl1-R1-M2-H3-P10,,,0.098666,2.915888,0.095437,2.221073,1.651895,1.591213,3.871053,2.219159,16.217628,16.8361,39.453743,0.441786,7.5,PSF-00578_20260722121154_536,0,0,0,97.094536,246.955994,0.606835,0.5,0.8,163.332306,1,36.88,35.52,30.88,28.34,28.34,98.12,156,155.5,0.3,673,3.789,-5,27,135,,,,,,,,17:06:02,7/22/2026,39.208397,-96.593773,338.799988,18,0.65,12:08:52,7/22/2026,-0.41,1,-0.001,-0.002,0.015,0.565,1.69,2.833,1,150,0.005,2,0.058905,0,0.02923,0,0,-6.80E-05,standard,0,rectangular,7000,500,-9999,-9999,55537,55537,55537,0,-9999,0,0,0,0,2.454723,2.442582,1.64177,0.931064,0.216068,-0.028954,0.608014,0.668894,97.094536,0.0003,2.397709,-3.00E-05,1,2.383926,-2.40E-05,1,0.601714,0.600514,0.106642,0,PSF-00578_20260722121154_536,PFA-00612,PSA-00572,PSF-00578,RHS-0697,3.0.0,2026-06-15T15:17:51.144Z
65,12:49:36,7/22/2026,Rain_out,Climate_model,,Pl27-R3-M3-H3-P02,,,0.117209,2.916333,0.11268,2.547781,1.73,1.660481,3.884741,2.154741,16.925591,17.634211,39.597885,0.441786,7.5,PSF-00578_20260722124936_28a,0,0,0,88.871597,249.279144,0.643486,0.5,0.8,120.727379,1,38.65,37.1,30.86,28.4,28.4,98.1,156,155.2,0.6,469,3.703,0,-44,329,,,,,,,,17:43:44,7/22/2026,39.208439,-96.593857,339.700012,19,0.66,12:43:00,7/22/2026,-0.43,1,0.002,0.004,-9999,-0.142,-0.112,-9999,1,150,0.005,2,0.058905,0,0.02923,0,0,-6.80E-05,standard,0,rectangular,7000,500,-9999,-9999,55537,55537,55537,0,-9999,0,0,0,0,2.456873,2.444975,1.642224,0.930297,0.216196,-0.02809,0.449486,0.498561,88.871597,0.000308,2.397709,-3.00E-05,1,2.383926,-2.40E-05,1,0.601714,0.600514,0.106642,0,PSF-00578_20260722124936_28a,PFA-00612,PSA-00572,PSF-00578,RHS-0697,3.0.0,2026-06-15T15:17:51.144Z
1,12:50:43,7/22/2026,Rain_out,Climate_model,,Pl27-R3-M3-H3-P02,,,0.120326,2.916557,0.115559,2.58132,1.820947,1.750594,3.947882,2.126935,17.844673,18.561817,40.242733,0.441786,7.5,PSF-00578_20260722125043_a96,0,0,0,86.267349,240.153198,0.640782,0.5,0.8,128.950073,1,40.67,39.1,30.87,28.68,28.68,98.1,156.1,155.1,0.6,503,3.735,3,-44,326,,,,,,,,17:44:52,7/22/2026,39.208466,-96.59388,333.399994,7,1,12:50:36,7/22/2026,-0.39,1,-0.002,-0.002,-9999,-0.245,-0.122,-9999,1,150,0.005,2,0.058905,0,0.02923,0,0,-6.80E-05,standard,0,rectangular,7000,500,-9999,-9999,55537,55537,55537,0,-9999,0,0,0,0,2.459568,2.44758,1.642453,0.930101,0.216139,-0.025006,0.294358,0.527021,86.267349,0.000295,2.397709,-3.00E-05,1,2.383926,-2.40E-05,1,0.601714,0.600514,0.106642,0,PSF-00578_20260722125043_a96,PFA-00612,PSA-00572,PSF-00578,RHS-0697,3.0.0,2026-06-15T15:17:51.144Z
2,12:50:57,7/22/2026,Rain_out,Climate_model,,Pl27-R3-M3-H3-P02,,,0.098069,2.916226,0.094878,2.356632,1.802802,1.738542,4.165441,2.362639,17.72142,18.376436,42.459438,0.441786,7.5,PSF-00578_20260722125057_db9,0,0,0,86.666466,240.626343,0.63983,0.5,0.8,134.416718,1,40.24,38.81,30.88,29.61,29.61,98.1,156,155.2,0.6,525,3.729,0,-45,325,,,,,,,,17:45:05,7/22/2026,39.208466,-96.593864,332.899994,3,2.4,12:50:36,7/22/2026,-0.39,1,-0.003,-0.005,-9999,-0.103,-0.121,-9999,1,150,0.005,2,0.058905,0,0.02923,0,0,-6.80E-05,standard,0,rectangular,7000,500,-9999,-9999,55537,55537,55537,0,-9999,0,0,0,0,2.459179,2.447021,1.642115,0.930285,0.216066,-0.01447,0.297188,0.545494,86.666466,0.000288,2.397709,-3.00E-05,1,2.383926,-2.40E-05,1,0.601714,0.600514,0.106642,0,PSF-00578_20260722125057_db9,PFA-00612,PSA-00572,PSF-00578,RHS-0697,3.0.0,2026-06-15T15:17:51.144Z
3,12:51:09,7/22/2026,Rain_out,Climate_model,,Pl27-R3-M3-H3-P02,,,0.093975,2.917283,0.091042,2.242447,1.774087,1.71297,4.118042,2.343955,17.459867,18.082815,41.974148,0.441786,7.5,PSF-00578_20260722125109_fd6,0,0,0,144.075394,292.533173,0.50749,0.5,0.8,132.558273,1,39.6,38.24,30.88,29.41,29.41,98.11,156.2,155.2,0.6,653,3.734,0,-49,326,,,,,,,,17:45:18,7/22/2026,39.208439,-96.59388,337,8,0.95,12:50:36,7/22/2026,-0.39,1,-0.001,-0.001,-9999,0.433,1.795,-9999,1,150,0.005,2,0.058905,0,0.02923,0,0,-6.80E-05,standard,0,rectangular,7000,500,-9999,-9999,55537,55537,55537,0,-9999,0,0,0,0,2.458406,2.446172,1.643194,0.930436,0.216054,-0.016771,0.299508,0.652285,144.075394,0.00029,2.397709,-3.00E-05,1,2.383926,-2.40E-05,1,0.601714,0.600514,0.106642,0,PSF-00578_20260722125109_fd6,PFA-00612,PSA-00572,PSF-00578,RHS-0697,3.0.0,2026-06-15T15:17:51.144Z
4,12:51:53,7/22/2026,Rain_out,Climate_model,,Pl27-R3-M3-H3-P02,,,0.074151,2.915771,0.072312,1.715872,1.779066,1.732248,4.038048,2.258981,17.656454,18.133663,41.159,0.441786,7.5,PSF-00578_20260722125153_ca8,0,0,0,86.485504,238.236664,0.636977,0.5,0.8,114.261215,1,39.69,38.65,30.89,29.07,29.07,98.11,156,155,0.6,448,3.734,0,-50,325,,,,,,,,17:46:00,7/22/2026,39.208435,-96.593872,337,8,0.95,12:50:36,7/22/2026,-0.39,1,-0.001,0.003,-9999,-0.103,-0.567,-9999,1,150,0.005,2,0.058905,0,0.02923,0,0,-6.80E-05,standard,0,rectangular,7000,500,-9999,-9999,55537,55537,55537,0,-9999,0,0,0,0,2.458958,2.446291,1.641651,0.9298,0.21598,-0.020769,0.306966,0.48136,86.485504,0.000306,2.397709,-3.00E-05,1,2.383926,-2.40E-05,1,0.601714,0.600514,0.106642,0,PSF-00578_20260722125153_ca8,PFA-00612,PSA-00572,PSF-00578,RHS-0697,3.0.0,2026-06-15T15:17:51.144Z
5,12:52:04,7/22/2026,Rain_out,Climate_model,,Pl27-R3-M3-H3-P02,,,0.084517,2.916381,0.082137,1.974106,1.810173,1.756351,4.097228,2.287055,17.901531,18.450117,41.760834,0.441786,7.5,PSF-00578_20260722125204_598,0,0,0,82.481148,195.431107,0.577953,0.5,0.8,101.716171,1,40.39,39.19,30.89,29.32,29.32,98.11,156,155.1,0.6,440,3.732,-1,-52,326,,,,,,,,17:46:13,7/22/2026,39.208443,-96.593872,337,8,0.95,12:50:36,7/22/2026,-0.39,1,0.003,0.004,-9999,-0.071,0.081,-9999,1,150,0.005,2,0.058905,0,0.02923,0,0,-6.80E-05,standard,0,rectangular,7000,500,-9999,-9999,55537,55537,55537,0,-9999,0,0,0,0,2.459682,2.447206,1.642273,0.930213,0.215984,-0.017877,0.308587,0.474286,82.481148,0.000301,2.397709,-3.00E-05,1,2.383926,-2.40E-05,1,0.601714,0.600514,0.106642,0,PSF-00578_20260722125204_598,PFA-00612,PSA-00572,PSF-00578,RHS-0697,3.0.0,2026-06-15T15:17:51.144Z
6,12:52:18,7/22/2026,Rain_out,Climate_model,,Pl27-R3-M3-H3-P02,,,0.107426,2.916319,0.10361,2.498624,1.899781,1.831717,4.192381,2.292601,18.669554,19.363285,42.730347,0.441786,7.5,PSF-00578_20260722125218_b8a,0,0,0,83.469986,214.687592,0.611203,0.5,0.8,117.221336,1,42.38,40.86,30.89,29.72,29.72,98.11,156,155.1,0.6,479,3.732,-3,-47,328,,,,,,,,17:46:27,7/22/2026,39.208443,-96.593857,336.899994,8,0.95,12:50:36,7/22/2026,-0.39,1,0.001,0.002,0.009,-0.485,-0.892,-0.968,1,150,0.005,2,0.058905,0,0.02923,0,0,-6.80E-05,standard,0,rectangular,7000,500,-9999,-9999,55537,55537,55537,0,-9999,0,0,0,0,2.461925,2.449817,1.64221,0.930128,0.215965,-0.013318,0.310671,0.507279,83.469986,0.0003,2.397709,-3.00E-05,1,2.383926,-2.40E-05,1,0.601714,0.600514,0.106642,0,PSF-00578_20260722125218_b8a,PFA-00612,PSA-00572,PSF-00578,RHS-0697,3.0.0,2026-06-15T15:17:51.144Z
7,12:52:31,7/22/2026,Rain_out,Climate_model,,Pl27-R3-M3-H3-P02,,,0.153983,2.916005,0.146259,3.438067,1.864138,1.770424,4.100386,2.236247,18.044418,18.999573,41.791733,0.441786,7.5,PSF-00578_20260722125231_027,0,0,0,78.910233,204.905029,0.614894,0.5,0.8,119.727676,1,41.58,39.49,30.89,29.33,29.33,98.11,156,155.3,0.5,487,3.732,1,-44,327,,,,,,,,17:46:39,7/22/2026,39.208462,-96.593842,336.799988,8,0.95,12:50:36,7/22/2026,-0.39,1,0.002,0.002,0.013,-0.137,-0.212,-0.565,1,150,0.005,2,0.058905,0,0.02923,0,0,-6.80E-05,standard,0,rectangular,7000,500,-9999,-9999,55537,55537,55537,0,-9999,0,0,0,0,2.46009,2.448771,1.64189,0.930549,0.215946,-0.017774,0.312449,0.513389,78.910233,0.000285,2.397709,-3.00E-05,1,2.383926,-2.40E-05,1,0.601714,0.600514,0.106642,0,PSF-00578_20260722125231_027,PFA-00612,PSA-00572,PSF-00578,RHS-0697,3.0.0,2026-06-15T15:17:51.144Z
8,12:52:41,7/22/2026,Rain_out,Climate_model,,Pl27-R3-M3-H3-P02,,,0.105713,2.91607,0.102015,2.341915,1.849607,1.785761,4.034575,2.184968,18.199667,18.850359,41.118572,0.441786,7.5,PSF-00578_20260722125241_147,0,0,0,81.929688,204.002731,0.598389,0.5,0.8,163.442947,1,41.26,39.83,30.89,29.05,29.05,98.12,156,155,0.6,683,3.731,-2,-34,330,,,,,,,,17:46:49,7/22/2026,39.20845,-96.593842,336.799988,8,1.07,12:50:36,7/22/2026,-0.39,1,-0.001,0,-9999,-0.049,-0.28,-9999,1,150,0.005,2,0.058905,0,0.02923,0,0,-6.80E-05,standard,0,rectangular,7000,500,-9999,-9999,55537,55537,55537,0,-9999,0,0,0,0,2.460552,2.44835,1.641956,0.93001,0.215957,-0.020971,0.313805,0.677216,81.929688,0.00029,2.397709,-3.00E-05,1,2.383926,-2.40E-05,1,0.601714,0.600514,0.106642,0,PSF-00578_20260722125241_147,PFA-00612,PSA-00572,PSF-00578,RHS-0697,3.0.0,2026-06-15T15:17:51.144Z
9,12:52:50,7/22/2026,Rain_out,Climate_model,,Pl27-R3-M3-H3-P02,,,0.120681,2.915468,0.115884,2.701613,1.899973,1.826324,4.117353,2.21738,18.612831,19.363426,41.961674,0.441786,7.5,PSF-00578_20260722125250_9ea,0,0,0,78.833702,200.694321,0.607195,0.5,0.8,170.583984,1,42.38,40.74,30.89,29.41,29.41,98.12,155.9,155.2,0.5,702,3.734,-4,-30,331,,,,,,,,17:46:59,7/22/2026,39.208431,-96.593842,337.100006,9,0.93,12:50:36,7/22/2026,-0.39,1,0.004,0.003,-9999,0.082,-0.031,-9999,1,150,0.005,2,0.058905,0,0.02923,0,0,-6.80E-05,standard,0,rectangular,7000,500,-9999,-9999,55537,55537,55537,0,-9999,0,0,0,0,2.461759,2.449817,1.641343,0.930398,0.215952,-0.016945,0.315131,0.693509,78.833702,0.0003,2.397709,-3.00E-05,1,2.383926,-2.40E-05,1,0.601714,0.600514,0.106642,0,PSF-00578_20260722125250_9ea,PFA-00612,PSA-00572,PSF-00578,RHS-0697,3.0.0,2026-06-15T15:17:51.144Z
10,12:53:10,7/22/2026,Rain_out,Climate_model,,Pl27-R3-M3-H3-P02,,,0.099014,2.91663,0.095763,2.118197,1.809603,1.751856,3.916654,2.107051,17.853813,18.442331,39.916061,0.441786,7.5,PSF-00578_20260722125310_514,0,0,0,83.492516,225.52121,0.62978,0.5,0.8,125.489731,1,40.35,39.06,30.9,28.54,28.54,98.12,156.1,155.2,0.5,498,3.732,8,43,83,,,,,,,,17:47:19,7/22/2026,39.208447,-96.593834,337,9,0.93,12:50:36,7/22/2026,-0.39,1,0.001,0.003,-9999,-0.088,-0.297,-9999,1,150,0.005,2,0.058905,0,0.02923,0,0,-6.80E-05,standard,0,rectangular,7000,500,-9999,-9999,55537,55537,55537,0,-9999,0,0,0,0,2.459513,2.447155,1.642527,0.930448,0.215891,-0.026906,0.317953,0.522887,83.492516,0.000293,2.397709,-3.00E-05,1,2.383926,-2.40E-05,1,0.601714,0.600514,0.106642,0,PSF-00578_20260722125310_514,PFA-00612,PSA-00572,PSF-00578,RHS-0697,3.0.0,2026-06-15T15:17:51.144Z
11,12:53:26,7/22/2026,Rain_out,Climate_model,,Pl27-R3-M3-H3-P02,,,0.200086,2.91427,0.187232,4.047976,1.869967,1.759475,3.928691,2.058724,17.931555,19.057621,40.03894,0.441786,7.5,PSF-00578_20260722125326_01c,0,0,0,84.313988,206.49469,0.591689,0.5,0.8,172.447113,1,41.7,39.23,30.9,28.6,28.6,98.12,155.8,155.3,0.3,729,3.731,19,16,71,,,,,,,,17:47:34,7/22/2026,39.208462,-96.593842,337.200012,9,0.93,12:50:36,7/22/2026,-0.39,1,0.001,-0.002,0.011,0.067,0.065,0.073,1,150,0.005,2,0.058905,0,0.02923,0,0,-6.80E-05,standard,0,rectangular,7000,500,-9999,-9999,55537,55537,55537,0,-9999,0,0,0,0,2.459747,2.448925,1.640125,0.93068,0.215906,-0.026284,0.32008,0.715466,84.313988,0.000291,2.397709,-3.00E-05,1,2.383926,-2.40E-05,1,0.601714,0.600514,0.106642,0,PSF-00578_20260722125326_01c,PFA-00612,PSA-00572,PSF-00578,RHS-0697,3.0.0,2026-06-15T15:17:51.144Z
12,12:53:41,7/22/2026,Rain_out,Climate_model,,Pl27-R3-M3-H3-P02,,,0.151476,2.917498,0.144,3.133984,1.770352,1.68494,3.844677,2.074325,17.172544,18.043047,39.18412,0.441786,7.5,PSF-00578_20260722125341_d31,0,0,0,91.682907,280.025116,0.67259,0.5,0.8,79.119247,1,39.48,37.57,30.9,28.22,28.22,98.12,156.2,155.8,0.3,294,3.692,5,80,207,,,,,,,,17:47:50,7/22/2026,39.208462,-96.593849,337.100006,9,0.93,12:50:36,7/22/2026,-0.39,1,-0.002,-0.004,-9999,0.022,-0.037,-9999,1,150,0.005,2,0.058905,0,0.02923,0,0,-6.80E-05,standard,0,rectangular,7000,500,-9999,-9999,55537,55537,55537,0,-9999,0,0,0,0,2.457506,2.446005,1.643414,0.931811,0.2159,-0.03052,0.322037,0.352374,91.682907,0.000297,2.397709,-3.00E-05,1,2.383926,-2.40E-05,1,0.601714,0.600514,0.106642,0,PSF-00578_20260722125341_d31,PFA-00612,PSA-00572,PSF-00578,RHS-0697,3.0.0,2026-06-15T15:17:51.144Z
13,12:53:52,7/22/2026,Rain_out,Climate_model,,Pl27-R3-M3-H3-P02,,,0.117872,2.914381,0.11329,2.495606,1.735719,1.66751,3.835849,2.10013,16.994123,17.68926,39.09235,0.441786,7.5,PSF-00578_20260722125352_3ba,0,0,0,85.804581,267.802124,0.679597,0.5,0.8,93.625931,1,38.71,37.19,30.89,28.18,28.18,98.12,155.8,155.4,0.2,344,3.73,3,79,192,,,,,,,,17:48:01,7/22/2026,39.208458,-96.593849,337.100006,9,0.93,12:50:36,7/22/2026,-0.39,1,-0.001,0,-9999,-0.096,-0.055,-9999,1,150,0.005,2,0.058905,0,0.02923,0,0,-6.80E-05,standard,0,rectangular,7000,500,-9999,-9999,55537,55537,55537,0,-9999,0,0,0,0,2.456988,2.444993,1.640238,0.930997,0.215924,-0.030935,0.323424,0.394431,85.804581,0.000293,2.397709,-3.00E-05,1,2.383926,-2.40E-05,1,0.601714,0.600514,0.106642,0,PSF-00578_20260722125352_3ba,PFA-00612,PSA-00572,PSF-00578,RHS-0697,3.0.0,2026-06-15T15:17:51.144Z
14,12:54:02,7/22/2026,Rain_out,Climate_model,,Pl27-R3-M3-H3-P02,,,0.139542,2.916707,0.133171,2.901733,1.755527,1.676387,3.832489,2.076962,17.08629,17.892906,39.061989,0.441786,7.5,PSF-00578_20260722125402_b20,0,0,0,91.989044,278.715485,0.669954,0.5,0.8,77.904236,1,39.16,37.4,30.89,28.17,28.17,98.11,156.1,155.6,0.3,291,3.694,10,79,201,,,,,,,,17:48:11,7/22/2026,39.208458,-96.593849,336.799988,11,0.9,12:50:36,7/22/2026,-0.39,1,0.001,-0.001,-9999,0.166,0.032,-9999,1,150,0.005,2,0.058905,0,0.02923,0,0,-6.80E-05,standard,0,rectangular,7000,500,-9999,-9999,55537,55537,55537,0,-9999,0,0,0,0,2.457272,2.445593,1.642605,0.931314,0.215966,-0.031047,0.324682,0.349552,91.989044,0.000289,2.397709,-3.00E-05,1,2.383926,-2.40E-05,1,0.601714,0.600514,0.106642,0,PSF-00578_20260722125402_b20,PFA-00612,PSA-00572,PSF-00578,RHS-0697,3.0.0,2026-06-15T15:17:51.144Z
15,12:54:15,7/22/2026,Rain_out,Climate_model,,Pl27-R3-M3-H3-P02,,,0.0911,2.915908,0.08834,2.028924,1.671098,1.615673,3.861195,2.190097,16.46567,17.030516,39.350266,0.441786,7.5,PSF-00578_20260722125415_fca,0,0,0,89.665894,234.313492,0.617325,0.5,0.8,129.591278,1,37.3,36.06,30.88,28.3,28.3,98.12,156,155.5,0.3,525,3.73,-2,-45,114,,,,,,,,17:48:23,7/22/2026,39.208466,-96.593857,336.600006,11,0.9,12:50:36,7/22/2026,-0.39,1,0.003,0.001,-9999,-0.111,-0.389,-9999,1,150,0.005,2,0.058905,0,0.02923,0,0,-6.80E-05,standard,0,rectangular,7000,500,-9999,-9999,55537,55537,55537,0,-9999,0,0,0,0,2.455461,2.443124,1.641791,0.931155,0.216048,-0.029481,0.32602,0.545164,89.665894,0.000296,2.397709,-3.00E-05,1,2.383926,-2.40E-05,1,0.601714,0.600514,0.106642,0,PSF-00578_20260722125415_fca,PFA-00612,PSA-00572,PSF-00578,RHS-0697,3.0.0,2026-06-15T15:17:51.144Z
16,12:54:31,7/22/2026,Rain_out,Climate_model,,Pl27-R3-M3-H3-P02,,,0.133886,2.916725,0.12801,2.848293,1.712291,1.63456,3.834065,2.121774,16.656832,17.44894,39.070686,0.441786,7.5,PSF-00578_20260722125431_02e,0,0,0,83.661674,197.233551,0.575824,0.5,0.8,168.580292,1,38.24,36.5,30.87,28.18,28.18,98.13,156.1,155.6,0.3,732,3.729,-8,17,316,,,,,,,,17:48:39,7/22/2026,39.208454,-96.593857,336.600006,11,0.9,12:50:36,7/22/2026,-0.39,1,0,0,0.021,0.027,0.153,0.071,1,150,0.005,2,0.058905,0,0.02923,0,0,-6.80E-05,standard,0,rectangular,7000,500,-9999,-9999,55537,55537,55537,0,-9999,0,0,0,0,2.456064,2.444376,1.642623,0.931453,0.216132,-0.03074,0.328169,0.718212,83.661674,0.000295,2.397709,-3.00E-05,1,2.383926,-2.40E-05,1,0.601714,0.600514,0.106642,0,PSF-00578_20260722125431_02e,PFA-00612,PSA-00572,PSF-00578,RHS-0697,3.0.0,2026-06-15T15:17:51.144Z
17,12:54:48,7/22/2026,Rain_out,Climate_model,,Pl27-R3-M3-H3-P02,,,0.156463,2.917094,0.148498,3.511461,1.696254,1.600451,3.949642,2.253388,16.311527,17.287939,40.254097,0.441786,7.5,PSF-00578_20260722125448_e2d,0,0,0,79.208496,194.96727,0.593734,0.5,0.8,149.684113,1,37.91,35.77,30.85,28.69,28.69,98.12,156.1,155.6,0.3,630,3.73,11,-43,316,,,,,,,,17:48:55,7/22/2026,39.208454,-96.593842,336.600006,0,0.9,12:50:36,7/22/2026,-0.39,1,-0.002,0.001,0.011,0.026,-0.149,-0.224,1,150,0.005,2,0.058905,0,0.02923,0,0,-6.80E-05,standard,0,rectangular,7000,500,-9999,-9999,55537,55537,55537,0,-9999,0,0,0,0,2.45507,2.443945,1.643,0.931508,0.216256,-0.024757,0.330271,0.633281,79.208496,0.000303,2.397709,-3.00E-05,1,2.383926,-2.40E-05,1,0.601714,0.600514,0.106642,0,PSF-00578_20260722125448_e2d,PFA-00612,PSA-00572,PSF-00578,RHS-0697,3.0.0,2026-06-15T15:17:51.144Z
18,12:55:06,7/22/2026,Rain_out,Climate_model,,Pl27-R3-M3-H3-P02,,,0.110839,2.918787,0.106784,2.411557,1.682227,1.616514,3.835651,2.153424,16.47604,17.145811,39.094219,0.441786,7.5,PSF-00578_20260722125506_158,0,0,0,96.586349,259.7612,0.628173,0.5,0.8,111.018143,1,37.61,36.15,30.85,28.18,28.18,98.11,156.3,155.7,0.4,442,3.729,14,-68,14,,,,,,,,17:49:14,7/22/2026,39.208492,-96.593887,335.700012,13,0.77,12:50:36,7/22/2026,-0.39,1,0.002,0.001,-9999,-0.168,-0.302,-9999,1,150,0.005,2,0.058905,0,0.02923,0,0,-6.80E-05,standard,0,rectangular,7000,500,-9999,-9999,55537,55537,55537,0,-9999,0,0,0,0,2.45558,2.443549,1.644734,0.931615,0.216314,-0.030409,0.332481,0.475827,96.586349,0.000285,2.397709,-3.00E-05,1,2.383926,-2.40E-05,1,0.601714,0.600514,0.106642,0,PSF-00578_20260722125506_158,PFA-00612,PSA-00572,PSF-00578,RHS-0697,3.0.0,2026-06-15T15:17:51.144Z
19,12:56:51,7/22/2026,Rain_out,Climate_model,,Pl27-R3-M3-H3-P02,,,0.117782,2.91648,0.11321,2.627105,1.908241,1.836689,4.115207,2.206966,18.719378,19.448627,41.941833,0.441786,7.5,PSF-00578_20260722125651_b37,0,0,0,79.235313,198.801041,0.601434,0.5,0.8,176.256653,1,42.58,40.98,30.89,29.4,29.4,98.12,156.1,141.3,9.5,733,3.727,-12,10,317,,,,,,,,17:50:59,7/22/2026,39.208473,-96.59388,336.200012,12,0.88,12:50:36,7/22/2026,-0.39,1,0.003,0.002,-9999,-0.104,-0.123,-9999,1,150,0.005,2,0.058905,0,0.02923,0,0,-6.80E-05,standard,0,rectangular,7000,500,-9999,-9999,55537,55537,55537,0,-9999,0,0,0,0,2.462083,2.450073,1.642373,0.895889,0.215992,-0.016994,0.345382,0.718833,79.235313,0.000293,2.397709,-3.00E-05,1,2.383926,-2.40E-05,1,0.601714,0.600514,0.106642,0,PSF-00578_20260722125651_b37,PFA-00612,PSA-00572,PSF-00578,RHS-0697,3.0.0,2026-06-15T15:17:51.144Z
20,12:57:14,7/22/2026,Rain_out,Climate_model,,Pl27-R3-M3-H3-P02,,,0.090582,2.916921,0.087853,2.146846,1.85017,1.791681,4.174325,2.324155,18.259817,18.855907,42.542408,0.441786,7.5,PSF-00578_20260722125714_8eb,0,0,0,86.645721,213.109375,0.593421,0.5,0.8,151.668854,1,41.24,39.94,30.9,29.64,29.64,98.12,156.1,155.6,0.3,639,3.726,24,-40,288,,,,,,,,17:51:23,7/22/2026,39.208473,-96.59388,336.200012,13,0.77,12:50:36,7/22/2026,-0.39,1,0.002,0.001,-9999,-0.239,-0.014,-9999,1,150,0.005,2,0.058905,0,0.02923,0,0,-6.80E-05,standard,0,rectangular,7000,500,-9999,-9999,55537,55537,55537,0,-9999,0,0,0,0,2.460691,2.448329,1.642824,0.931472,0.215858,-0.014329,0.34799,0.640545,86.645721,0.000286,2.397709,-3.00E-05,1,2.383926,-2.40E-05,1,0.601714,0.600514,0.106642,0,PSF-00578_20260722125714_8eb,PFA-00612,PSA-00572,PSF-00578,RHS-0697,3.0.0,2026-06-15T15:17:51.144Z
21,12:57:28,7/22/2026,Rain_out,Climate_model,,Pl27-R3-M3-H3-P02,,,0.082533,2.916963,0.080262,1.943566,1.842946,1.789992,4.14649,2.303544,18.242426,18.782097,42.258301,0.441786,7.5,PSF-00578_20260722125728_4f1,0,0,0,93.291878,231.379517,0.596802,0.5,0.8,137.649368,1,41.06,39.88,30.91,29.53,29.53,98.12,156.1,155.6,0.4,577,3.726,9,-40,94,,,,,,,,17:51:36,7/22/2026,39.208462,-96.593864,336.5,13,0.77,12:50:36,7/22/2026,-0.39,1,0.002,0.001,-9999,-0.134,-0.059,-9999,1,150,0.005,2,0.058905,0,0.02923,0,0,-6.80E-05,standard,0,rectangular,7000,500,-9999,-9999,55537,55537,55537,0,-9999,0,0,0,0,2.460608,2.448085,1.642867,0.93132,0.215773,-0.015785,0.349589,0.58845,93.291878,0.00029,2.397709,-3.00E-05,1,2.383926,-2.40E-05,1,0.601714,0.600514,0.106642,0,PSF-00578_20260722125728_4f1,PFA-00612,PSA-00572,PSF-00578,RHS-0697,3.0.0,2026-06-15T15:17:51.144Z
22,12:57:49,7/22/2026,Rain_out,Climate_model,,Pl27-R3-M3-H3-P02,,,0.144156,2.916143,0.137366,2.976295,1.906762,1.825679,3.968951,2.06219,18.607634,19.434044,40.45224,0.441786,7.5,PSF-00578_20260722125749_a10,0,0,0,85.847496,258.638977,0.66808,0.5,0.8,111.912415,1,42.43,40.63,30.93,28.77,28.77,98.11,156,155.9,0.1,419,3.725,-7,79,100,,,,,,,,17:51:57,7/22/2026,39.208462,-96.593864,336.5,13,0.77,12:50:36,7/22/2026,-0.39,1,0.001,0,-9999,0.133,-0.92,-9999,1,150,0.005,2,0.058905,0,0.02923,0,0,-6.80E-05,standard,0,rectangular,7000,500,-9999,-9999,55537,55537,55537,0,-9999,0,0,0,0,2.461603,2.449875,1.642031,0.932079,0.215595,-0.024707,0.352021,0.456571,85.847496,0.000284,2.397709,-3.00E-05,1,2.383926,-2.40E-05,1,0.601714,0.600514,0.106642,0,PSF-00578_20260722125749_a10,PFA-00612,PSA-00572,PSF-00578,RHS-0697,3.0.0,2026-06-15T15:17:51.144Z
23,12:58:00,7/22/2026,Rain_out,Climate_model,,Pl27-R3-M3-H3-P02,,,0.162191,2.916033,0.153645,3.476173,1.872377,1.777635,4.025455,2.153078,18.118099,19.083736,41.02845,0.441786,7.5,PSF-00578_20260722125800_e51,0,0,0,87.504745,266.980286,0.672243,0.5,0.8,112.267479,1,41.65,39.55,30.94,29.02,29.02,98.11,156,155.6,0.3,418,3.725,-2,74,107,,,,,,,,17:52:09,7/22/2026,39.208462,-96.593872,336.299988,15,0.7,12:50:36,7/22/2026,-0.39,1,-0.002,-0.002,0.018,-0.145,-0.288,-0.08,1,150,0.005,2,0.058905,0,0.02923,0,0,-6.80E-05,standard,0,rectangular,7000,500,-9999,-9999,55537,55537,55537,0,-9999,0,0,0,0,2.460158,2.44886,1.641918,0.931393,0.215556,-0.021971,0.353338,0.455507,87.504745,0.000298,2.397709,-3.00E-05,1,2.383926,-2.40E-05,1,0.601714,0.600514,0.106642,0,PSF-00578_20260722125800_e51,PFA-00612,PSA-00572,PSF-00578,RHS-0697,3.0.0,2026-06-15T15:17:51.144Z
24,12:58:21,7/22/2026,Rain_out,Climate_model,,Pl27-R3-M3-H3-P02,,,0.168981,2.916625,0.159727,3.992198,1.885175,1.776423,4.260843,2.375668,18.104038,19.212362,43.423485,0.441786,7.5,PSF-00578_20260722125821_558,0,0,0,86.007713,190.710068,0.549013,0.5,0.8,221.709595,1,41.9,39.48,30.95,30,30,98.12,156.1,155.5,0.4,1010,3.686,6,20,56,,,,,,,,17:52:29,7/22/2026,39.208473,-96.593864,336.299988,16,0.69,12:50:36,7/22/2026,-0.39,1,-0.002,0,0.021,0.372,0.439,-2.826,1,150,0.005,2,0.058905,0,0.02923,0,0,-6.80E-05,standard,0,rectangular,7000,500,-9999,-9999,55537,55537,55537,0,-9999,0,0,0,0,2.460068,2.449177,1.642521,0.931125,0.215412,-0.010826,0.355714,0.950232,86.007713,0.000288,2.397709,-3.00E-05,1,2.383926,-2.40E-05,1,0.601714,0.600514,0.106642,0,PSF-00578_20260722125821_558,PFA-00612,PSA-00572,PSF-00578,RHS-0697,3.0.0,2026-06-15T15:17:51.144Z
25,12:58:33,7/22/2026,Rain_out,Climate_model,,Pl27-R3-M3-H3-P02,,,0.197474,2.916037,0.18495,4.588399,1.867256,1.742188,4.225876,2.35862,17.756054,19.03072,43.069328,0.441786,7.5,PSF-00578_20260722125833_b73,0,0,0,89.375854,189.196945,0.527604,0.5,0.8,227.02063,1,41.48,38.7,30.96,29.86,29.86,98.12,156,155.5,0.3,1076,3.724,6,15,53,,,,,,,,17:52:41,7/22/2026,39.208477,-96.593864,336.399994,15,0.74,12:50:36,7/22/2026,-0.39,1,-0.002,-0.001,-9999,-0.156,0.148,-9999,1,150,0.005,2,0.058905,0,0.02923,0,0,-6.80E-05,standard,0,rectangular,7000,500,-9999,-9999,55537,55537,55537,0,-9999,0,0,0,0,2.459024,2.448633,1.641922,0.931239,0.215352,-0.012566,0.356973,1.005491,89.375854,0.000284,2.397709,-3.00E-05,1,2.383926,-2.40E-05,1,0.601714,0.600514,0.106642,0,PSF-00578_20260722125833_b73,PFA-00612,PSA-00572,PSF-00578,RHS-0697,3.0.0,2026-06-15T15:17:51.144Z
26,12:58:44,7/22/2026,Rain_out,Climate_model,,Pl27-R3-M3-H3-P02,,,0.195812,2.915562,0.183489,4.543493,1.861908,1.737999,4.216445,2.354538,17.711685,18.974421,42.969158,0.441786,7.5,PSF-00578_20260722125844_d03,0,0,0,87.92424,195.717209,0.550759,0.5,0.8,222.917816,1,41.34,38.59,30.97,29.82,29.82,98.13,155.9,155.6,0.2,1012,3.724,6,16,57,,,,,,,,17:52:52,7/22/2026,39.208473,-96.593864,336.399994,16,0.71,12:50:36,7/22/2026,-0.39,1,0,0.002,-9999,-0.522,0.06,-9999,1,150,0.005,2,0.058905,0,0.02923,0,0,-6.80E-05,standard,0,rectangular,7000,500,-9999,-9999,55537,55537,55537,0,-9999,0,0,0,0,2.458866,2.448443,1.641439,0.931293,0.215262,-0.013139,0.358179,0.952141,87.92424,0.000302,2.397709,-3.00E-05,1,2.383926,-2.40E-05,1,0.601714,0.600514,0.106642,0,PSF-00578_20260722125844_d03,PFA-00612,PSA-00572,PSF-00578,RHS-0697,3.0.0,2026-06-15T15:17:51.144Z
27,12:58:58,7/22/2026,Rain_out,Climate_model,,Pl27-R3-M3-H3-P02,,,0.188073,2.915768,0.176677,4.092639,1.912385,1.800852,4.115587,2.203202,18.352674,19.489326,41.94239,0.441786,7.5,PSF-00578_20260722125858_15a,0,0,0,88.847641,200.006607,0.555776,0.5,0.8,228.964355,1,42.43,39.96,30.98,29.4,29.4,98.12,156,155.4,0.4,1030,3.724,-1,26,57,,,,,,,,17:53:06,7/22/2026,39.208469,-96.593864,336.399994,16,0.69,12:50:36,7/22/2026,-0.39,1,0.003,0.004,0.014,0.222,0.048,-0.115,1,150,0.005,2,0.058905,0,0.02923,0,0,-6.80E-05,standard,0,rectangular,7000,500,-9999,-9999,55537,55537,55537,0,-9999,0,0,0,0,2.460701,2.449869,1.641648,0.930826,0.215164,-0.018116,0.359757,0.967234,88.847641,0.000286,2.397709,-3.00E-05,1,2.383926,-2.40E-05,1,0.601714,0.600514,0.106642,0,PSF-00578_20260722125858_15a,PFA-00612,PSA-00572,PSF-00578,RHS-0697,3.0.0,2026-06-15T15:17:51.144Z
28,12:59:10,7/22/2026,Rain_out,Climate_model,,Pl27-R3-M3-H3-P02,,,0.12317,2.916494,0.118179,2.708026,1.846719,1.772908,4.027994,2.181275,18.067112,18.819298,41.047951,0.441786,7.5,PSF-00578_20260722125910_62f,0,0,0,98.789337,228.119019,0.566939,0.5,0.8,176.803619,1,40.95,39.32,30.99,29.03,29.03,98.13,156.1,155.6,0.3,780,3.722,2,52,56,,,,,,,,17:53:17,7/22/2026,39.208469,-96.593864,336.299988,16,0.69,12:50:36,7/22/2026,-0.39,1,-0.006,-0.004,-9999,-0.102,-0.424,-9999,1,150,0.005,2,0.058905,0,0.02923,0,0,-6.80E-05,standard,0,rectangular,7000,500,-9999,-9999,55537,55537,55537,0,-9999,0,0,0,0,2.45984,2.447932,1.642388,0.93131,0.215082,-0.022501,0.361109,0.758096,98.789337,0.000303,2.397709,-3.00E-05,1,2.383926,-2.40E-05,1,0.601714,0.600514,0.106642,0,PSF-00578_20260722125910_62f,PFA-00612,PSA-00572,PSF-00578,RHS-0697,3.0.0,2026-06-15T15:17:51.144Z
29,12:59:25,7/22/2026,Rain_out,Climate_model,,Pl27-R3-M3-H3-P02,,,0.218703,2.915907,0.203444,4.931052,1.911291,1.776923,4.215358,2.304067,18.108955,19.478325,42.959503,0.441786,7.5,PSF-00578_20260722125925_263,0,0,0,86.314201,187.339783,0.539264,0.5,0.8,229.595749,1,42.36,39.38,31,29.81,29.81,98.12,156,155.7,0.2,1064,3.723,-4,15,52,,,,,,,,17:53:34,7/22/2026,39.208469,-96.593872,336.299988,16,0.68,12:50:36,7/22/2026,-0.39,1,0.002,0.001,0.012,-0.207,-0.094,-0.506,1,150,0.005,2,0.058905,0,0.02923,0,0,-6.80E-05,standard,0,rectangular,7000,500,-9999,-9999,55537,55537,55537,0,-9999,0,0,0,0,2.459923,2.449768,1.64179,0.931605,0.214986,-0.013573,0.362817,0.996032,86.314201,0.000296,2.397709,-3.00E-05,1,2.383926,-2.40E-05,1,0.601714,0.600514,0.106642,0,PSF-00578_20260722125925_263,PFA-00612,PSA-00572,PSF-00578,RHS-0697,3.0.0,2026-06-15T15:17:51.144Z
30,12:59:44,7/22/2026,Rain_out,Climate_model,,Pl27-R3-M3-H3-P02,,,0.135816,2.915516,0.129771,3.019867,1.861577,1.779216,4.076014,2.214437,18.131489,18.970808,41.53751,0.441786,7.5,PSF-00578_20260722125944_521,0,0,0,100.125793,233.284943,0.5708,0.5,0.8,144.096466,1,41.21,39.38,31.02,29.23,29.23,98.13,155.9,155.5,0.3,631,3.722,7,-51,97,,,,,,,,17:53:52,7/22/2026,39.208443,-96.593864,336.5,17,0.67,12:50:36,7/22/2026,-0.39,1,0,0.002,0.012,-0.718,-0.303,-0.488,1,150,0.005,2,0.058905,0,0.02923,0,0,-6.80E-05,standard,0,rectangular,7000,500,-9999,-9999,55537,55537,55537,0,-9999,0,0,0,0,2.459927,2.448262,1.641392,0.931061,0.214815,-0.020521,0.364761,0.633992,100.125793,0.000289,2.397709,-3.00E-05,1,2.383926,-2.40E-05,1,0.601714,0.600514,0.106642,0,PSF-00578_20260722125944_521,PFA-00612,PSA-00572,PSF-00578,RHS-0697,3.0.0,2026-06-15T15:17:51.144Z
1,16:01:13,7/22/2026,Rain_out,Climate_model,,Pl27-R3-M3-H3-P02,,,0.163489,2.915922,0.154809,4.163959,1.743011,1.629421,4.299378,2.556367,16.616108,17.77445,43.843136,0.441786,7.5,PSF-00578_20260722160113_6e7,0,0,0,92.168571,133.379456,0.308975,0.5,0.8,246.435028,1,50.78,47.47,26.29,30.16,30.16,98.06,156,156.1,-0.1,1994,4.108,-2,-31,336,,,,,,,,0:00:00,0000-00-00,nan,nan,nan,0,nan,15:59:55,7/22/2026,-0.79,1,0.001,0.001,-9999,0.092,0.372,-9999,1,150,0.005,2,0.058905,0,0.02923,0,0,-6.80E-05,standard,0,rectangular,7000,500,-9999,-9999,55537,55537,55537,0,-9999,0,0,0,0,2.47146,2.461953,1.641805,0.93275,0.259086,0.044762,0.197972,1.772772,92.168571,0.000273,2.397709,-3.00E-05,1,2.383926,-2.40E-05,1,0.601714,0.600514,0.106642,0,PSF-00578_20260722160113_6e7,PFA-00612,PSA-00572,PSF-00578,RHS-0697,3.0.0,2026-06-15T15:17:51.144Z
2,16:01:27,7/22/2026,Rain_out,Climate_model,,Pl27-R3-M3-H3-P02,,,0.153974,2.914478,0.146248,3.7556,1.735885,1.633299,4.178456,2.44257,16.653788,17.699795,42.60524,0.441786,7.5,PSF-00578_20260722160127_a50,0,0,0,92.387794,137.725357,0.329188,0.5,0.8,257.107971,1,50.26,47.29,26.4,29.66,29.66,98.07,155.8,155.8,0,1953,4.107,-1,-18,335,,,,,,,,0:00:00,0000-00-00,nan,nan,nan,0,nan,15:59:55,7/22/2026,-0.79,1,-0.002,-0.004,-9999,-0.467,-0.49,-9999,1,150,0.005,2,0.058905,0,0.02923,0,0,-6.80E-05,standard,0,rectangular,7000,500,-9999,-9999,55537,55537,55537,0,-9999,0,0,0,0,2.471196,2.461262,1.640337,0.93184,0.257985,0.037737,0.200333,1.738194,92.387794,0.000276,2.397709,-3.00E-05,1,2.383926,-2.40E-05,1,0.601714,0.600514,0.106642,0,PSF-00578_20260722160127_a50,PFA-00612,PSA-00572,PSF-00578,RHS-0697,3.0.0,2026-06-15T15:17:51.144Z
3,16:01:44,7/22/2026,Rain_out,Climate_model,,Pl27-R3-M3-H3-P02,,,0.128116,2.915762,0.122724,3.251484,1.762756,1.674064,4.280829,2.518073,17.07118,17.975615,43.653538,0.441786,7.5,PSF-00578_20260722160144_a03,0,0,0,92.274071,131.735443,0.29955,0.5,0.8,240.65799,1,50.66,48.11,26.52,30.08,30.08,98.06,156,155.6,0.2,2008,4.105,-4,-21,335,,,,,,,,0:00:00,0000-00-00,nan,nan,nan,0,nan,15:59:55,7/22/2026,-0.79,1,0,0.002,-9999,0.174,0.07,-9999,1,150,0.005,2,0.058905,0,0.02923,0,0,-6.80E-05,standard,0,rectangular,7000,500,-9999,-9999,55537,55537,55537,0,-9999,0,0,0,0,2.472245,2.461748,1.641642,0.931497,0.256686,0.041215,0.202968,1.784906,92.274071,0.000274,2.397709,-3.00E-05,1,2.383926,-2.40E-05,1,0.601714,0.600514,0.106642,0,PSF-00578_20260722160144_a03,PFA-00612,PSA-00572,PSF-00578,RHS-0697,3.0.0,2026-06-15T15:17:51.144Z
4,16:02:14,7/22/2026,Rain_out,Climate_model,,Pl27-R3-M3-H3-P02,,,0.225984,2.915487,0.209728,5.175039,1.837888,1.696799,4.18344,2.345552,17.302181,18.740862,42.658352,0.441786,7.5,PSF-00578_20260722160214_f37,0,0,0,89.436295,132.407791,0.324539,0.5,0.8,271.432404,1,52.06,48.06,26.77,29.68,29.68,98.07,155.9,155.7,0.1,2091,4.104,17,18,72,,,,,,,,0:00:00,0000-00-00,nan,nan,nan,0,nan,15:59:55,7/22/2026,-0.79,1,-0.005,-0.005,0.012,0.104,-0.028,-1.273,1,150,0.005,2,0.058905,0,0.02923,0,0,-6.80E-05,standard,0,rectangular,7000,500,-9999,-9999,55537,55537,55537,0,-9999,0,0,0,0,2.472143,2.463493,1.641363,0.931758,0.254202,0.033753,0.207801,1.853768,89.436295,0.000282,2.397709,-3.00E-05,1,2.383926,-2.40E-05,1,0.601714,0.600514,0.106642,0,PSF-00578_20260722160214_f37,PFA-00612,PSA-00572,PSF-00578,RHS-0697,3.0.0,2026-06-15T15:17:51.144Z
5,16:02:23,7/22/2026,Rain_out,Climate_model,,Pl27-R3-M3-H3-P02,,,0.246792,2.917248,0.227543,5.631845,1.837752,1.68442,4.190425,2.352673,17.175915,18.739426,42.729462,0.441786,7.5,PSF-00578_20260722160223_abe,0,0,0,96.629265,145.617126,0.336416,0.5,0.8,258.720642,1,51.84,47.52,26.84,29.71,29.71,98.07,156.2,155.7,0.3,1923,4.102,15,15,77,,,,,,,,0:00:00,0000-00-00,nan,nan,nan,0,nan,15:59:55,7/22/2026,-0.79,1,0.005,0.005,-9999,-1.344,-2.038,-9999,1,150,0.005,2,0.058905,0,0.02923,0,0,-6.80E-05,standard,0,rectangular,7000,500,-9999,-9999,55537,55537,55537,0,-9999,0,0,0,0,2.47142,2.463208,1.643157,0.931679,0.253506,0.033305,0.209156,1.713156,96.629265,0.000288,2.397709,-3.00E-05,1,2.383926,-2.40E-05,1,0.601714,0.600514,0.106642,0,PSF-00578_20260722160223_abe,PFA-00612,PSA-00572,PSF-00578,RHS-0697,3.0.0,2026-06-15T15:17:51.144Z
6,16:02:53,7/22/2026,Rain_out,Climate_model,,Pl27-R3-M3-H3-P02,,,0.183905,2.915524,0.172993,4.062146,1.938738,1.828112,4.169748,2.23101,18.641748,19.769823,42.520027,0.441786,7.5,PSF-00578_20260722160253_7ee,0,0,0,91.521622,136.771912,0.330845,0.5,0.8,263.751984,1,54.02,50.94,27.05,29.63,29.63,98.07,155.9,154.9,0.6,1993,4.101,11,21,65,,,,,,,,0:00:00,0000-00-00,nan,nan,nan,0,nan,15:59:55,7/22/2026,-0.79,1,0.005,0.004,0.006,-0.56,-0.842,0.187,1,150,0.005,2,0.058905,0,0.02923,0,0,-6.80E-05,standard,0,rectangular,7000,500,-9999,-9999,55537,55537,55537,0,-9999,0,0,0,0,2.475837,2.465938,1.6414,0.929752,0.251405,0.029918,0.213618,1.771974,91.521622,0.000298,2.397709,-3.00E-05,1,2.383926,-2.40E-05,1,0.601714,0.600514,0.106642,0,PSF-00578_20260722160253_7ee,PFA-00612,PSA-00572,PSF-00578,RHS-0697,3.0.0,2026-06-15T15:17:51.144Z
7,16:03:11,7/22/2026,Rain_out,Climate_model,,Pl27-R3-M3-H3-P02,,,0.190938,2.917714,0.17921,3.927494,1.891919,1.785078,3.977063,2.085144,18.200411,19.289749,40.549591,0.441786,7.5,PSF-00578_20260722160311_998,0,0,0,87.141396,159.430145,0.45342,0.5,0.8,332.789398,1,52.3,49.34,27.18,28.81,28.81,98.08,156.2,155.5,0.4,1835,4.1,4,29,57,,,,,,,,0:00:00,0000-00-00,nan,nan,nan,0,nan,15:59:55,7/22/2026,-0.79,1,0.004,0.002,0.023,0.26,0.458,0.786,1,150,0.005,2,0.058905,0,0.02923,0,0,-6.80E-05,standard,0,rectangular,7000,500,-9999,-9999,55537,55537,55537,0,-9999,0,0,0,0,2.473737,2.463722,1.643634,0.931207,0.250037,0.018879,0.216237,1.639842,87.141396,0.000288,2.397709,-3.00E-05,1,2.383926,-2.40E-05,1,0.601714,0.600514,0.106642,0,PSF-00578_20260722160311_998,PFA-00612,PSA-00572,PSF-00578,RHS-0697,3.0.0,2026-06-15T15:17:51.144Z
8,16:03:23,7/22/2026,Rain_out,Climate_model,,Pl27-R3-M3-H3-P02,,,0.146845,2.915325,0.139803,3.017514,1.896455,1.814217,3.950298,2.053844,18.497509,19.335989,40.276699,0.441786,7.5,PSF-00578_20260722160323_bf0,0,0,0,87.147118,178.613663,0.512092,0.5,0.8,368.385376,1,52.14,49.88,27.28,28.69,28.69,98.08,155.9,155.6,0.2,1798,4.1,3,33,54,,,,,,,,0:00:00,0000-00-00,nan,nan,nan,0,nan,15:59:55,7/22/2026,-0.79,1,-0.005,-0.003,0.014,0.717,0.232,-0.111,1,150,0.005,2,0.058905,0,0.02923,0,0,-6.80E-05,standard,0,rectangular,7000,500,-9999,-9999,55537,55537,55537,0,-9999,0,0,0,0,2.474412,2.463502,1.641197,0.93152,0.249114,0.01648,0.217973,1.609384,87.147118,0.000294,2.397709,-3.00E-05,1,2.383926,-2.40E-05,1,0.601714,0.600514,0.106642,0,PSF-00578_20260722160323_bf0,PFA-00612,PSA-00572,PSF-00578,RHS-0697,3.0.0,2026-06-15T15:17:51.144Z
9,16:03:34,7/22/2026,Rain_out,Climate_model,,Pl27-R3-M3-H3-P02,,,0.166088,2.915156,0.157135,4.304265,1.889916,1.772607,4.488679,2.598764,18.076395,19.272661,45.773895,0.441786,7.5,PSF-00578_20260722160334_4c2,0,0,0,92.721107,137.803314,0.327149,0.5,0.8,251.805984,1,51.7,48.49,27.36,30.91,30.91,98.06,155.9,155.7,0.1,1924,4.099,12,34,83,,,,,,,,0:00:00,0000-00-00,nan,nan,nan,0,nan,15:59:55,7/22/2026,-0.79,1,0,0.001,-9999,0.377,0.799,-9999,1,150,0.005,2,0.058905,0,0.02923,0,0,-6.80E-05,standard,0,rectangular,7000,500,-9999,-9999,55537,55537,55537,0,-9999,0,0,0,0,2.472598,2.462936,1.641026,0.931684,0.248288,0.041393,0.219424,1.714509,92.721107,0.000275,2.397709,-3.00E-05,1,2.383926,-2.40E-05,1,0.601714,0.600514,0.106642,0,PSF-00578_20260722160334_4c2,PFA-00612,PSA-00572,PSF-00578,RHS-0697,3.0.0,2026-06-15T15:17:51.144Z
10,16:03:54,7/22/2026,Rain_out,Climate_model,,Pl27-R3-M3-H3-P02,,,0.1004,2.915903,0.097058,2.501357,1.761569,1.693343,4.211935,2.450366,17.267294,17.963005,42.949783,0.441786,7.5,PSF-00578_20260722160354_983,0,0,0,104.426979,156.891708,0.334401,0.5,0.8,220.305954,1,47.74,45.89,27.52,29.8,29.8,98.07,156,155.7,0.2,1647,4.098,17,-74,349,,,,,,,,0:00:00,0000-00-00,nan,nan,nan,0,nan,15:59:55,7/22/2026,-0.79,1,-0.005,-0.004,0.011,1.495,-2.617,-5.555,1,150,0.005,2,0.058905,0,0.02923,0,0,-6.80E-05,standard,0,rectangular,7000,500,-9999,-9999,55537,55537,55537,0,-9999,0,0,0,0,2.469163,2.457842,1.641786,0.931619,0.246712,0.026535,0.222191,1.482864,104.426979,0.000286,2.397709,-3.00E-05,1,2.383926,-2.40E-05,1,0.601714,0.600514,0.106642,0,PSF-00578_20260722160354_983,PFA-00612,PSA-00572,PSF-00578,RHS-0697,3.0.0,2026-06-15T15:17:51.144Z
11,16:04:05,7/22/2026,Rain_out,Climate_model,,Pl27-R3-M3-H3-P02,,,0.096713,2.915077,0.093607,2.331175,1.809907,1.746317,4.177418,2.367512,17.808662,18.457134,42.600636,0.441786,7.5,PSF-00578_20260722160405_c32,0,0,0,115.612152,170.281647,0.321053,0.5,0.8,198.620117,1,48.79,47.08,27.61,29.66,29.66,98.06,155.9,155.7,0.1,1547,4.097,15,-68,349,,,,,,,,0:00:00,0000-00-00,nan,nan,nan,0,nan,15:59:55,7/22/2026,-0.79,1,0.001,0.004,0.001,-3.335,-4.767,9.007,1,150,0.005,2,0.058905,0,0.02923,0,0,-6.80E-05,standard,0,rectangular,7000,500,-9999,-9999,55537,55537,55537,0,-9999,0,0,0,0,2.470705,2.459177,1.640945,0.93158,0.245833,0.023843,0.223675,1.398978,115.612152,0.000274,2.397709,-3.00E-05,1,2.383926,-2.40E-05,1,0.601714,0.600514,0.106642,0,PSF-00578_20260722160405_c32,PFA-00612,PSA-00572,PSF-00578,RHS-0697,3.0.0,2026-06-15T15:17:51.144Z
12,16:04:14,7/22/2026,Rain_out,Climate_model,,Pl27-R3-M3-H3-P02,,,0.119664,2.916634,0.114948,2.846383,1.867168,1.789669,4.219914,2.352746,18.251404,19.041754,43.035534,0.441786,7.5,PSF-00578_20260722160414_379,0,0,0,95.715164,147.940643,0.353016,0.5,0.8,203.509186,1,50.13,48.05,27.68,29.83,29.83,98.06,156.1,155.7,0.2,1441,4.097,14,-76,11,,,,,,,,0:00:00,0000-00-00,nan,nan,nan,0,nan,15:59:55,7/22/2026,-0.79,1,0.005,0,-9999,-0.451,-1.202,-9999,1,150,0.005,2,0.058905,0,0.02923,0,0,-6.80E-05,standard,0,rectangular,7000,500,-9999,-9999,55537,55537,55537,0,-9999,0,0,0,0,2.471957,2.460872,1.642531,0.931616,0.245137,0.02507,0.224843,1.310897,95.715164,0.000286,2.397709,-3.00E-05,1,2.383926,-2.40E-05,1,0.601714,0.600514,0.106642,0,PSF-00578_20260722160414_379,PFA-00612,PSA-00572,PSF-00578,RHS-0697,3.0.0,2026-06-15T15:17:51.144Z
13,16:04:23,7/22/2026,Rain_out,Climate_model,,Pl27-R3-M3-H3-P02,,,0.121097,2.915981,0.116268,2.976815,1.880496,1.799417,4.311707,2.43121,18.351244,19.17812,43.972664,0.441786,7.5,PSF-00578_20260722160423_3c2,0,0,0,97.888824,147.64238,0.336987,0.5,0.8,209.970016,1,50.27,48.11,27.75,30.21,30.21,98.05,156,155.8,0.1,1558,4.099,14,-66,7,,,,,,,,0:00:00,0000-00-00,nan,nan,nan,0,nan,15:59:55,7/22/2026,-0.79,1,0,-0.001,-9999,-1.263,-2.795,-9999,1,150,0.005,2,0.058905,0,0.02923,0,0,-6.80E-05,standard,0,rectangular,7000,500,-9999,-9999,55537,55537,55537,0,-9999,0,0,0,0,2.472023,2.461047,1.641866,0.931881,0.244443,0.028621,0.225961,1.408231,97.888824,0.000292,2.397709,-3.00E-05,1,2.383926,-2.40E-05,1,0.601714,0.600514,0.106642,0,PSF-00578_20260722160423_3c2,PFA-00612,PSA-00572,PSF-00578,RHS-0697,3.0.0,2026-06-15T15:17:51.144Z
14,16:04:40,7/22/2026,Rain_out,Climate_model,,Pl27-R3-M3-H3-P02,,,0.088978,2.916282,0.086344,2.149154,1.79367,1.735087,4.160507,2.366838,17.692923,18.290297,42.425259,0.441786,7.5,PSF-00578_20260722160440_acb,0,0,0,20.807505,1.110077,-17.744202,0.5,0.8,-3454.72583,1,47.58,46.02,27.89,29.59,29.59,98.07,156,-20.3,113,487,4.098,-4,-45,305,,,,,,,,0:00:00,0000-00-00,nan,nan,nan,0,nan,15:59:55,7/22/2026,-0.79,1,0.002,0.001,-9999,-0.306,-0.268,-9999,1,150,0.005,2,0.058905,0,0.02923,0,0,-6.80E-05,standard,0,rectangular,7000,500,-9999,-9999,55537,55537,55537,0,-9999,0,0,0,0,2.469272,2.45757,1.642172,0.565328,0.243143,0.019851,0.228189,0.513354,20.807505,0.000293,2.397709,-3.00E-05,1,2.383926,-2.40E-05,1,0.601714,0.600514,0.106642,0,PSF-00578_20260722160440_acb,PFA-00612,PSA-00572,PSF-00578,RHS-0697,3.0.0,2026-06-15T15:17:51.144Z
15,16:05:06,7/22/2026,Rain_out,Climate_model,,Pl27-R3-M3-H3-P02,,,0.03274,2.915868,0.032376,0.720763,1.856102,1.836461,3.974479,2.118377,18.725878,18.926155,40.526646,0.441786,7.5,PSF-00578_20260722160506_fce,0,0,0,104.913353,218.388321,0.519602,0.5,0.8,61.457649,1,48.63,48.12,28.1,28.8,28.8,98.07,156,155.4,0.4,296,4.098,10,-40,81,,,,,,,,0:00:00,0000-00-00,nan,nan,nan,0,nan,15:59:55,7/22/2026,-0.79,1,0.002,0,-9999,0.489,1.441,-9999,1,150,0.005,2,0.058905,0,0.02923,0,0,-6.80E-05,standard,0,rectangular,7000,500,-9999,-9999,55537,55537,55537,0,-9999,0,0,0,0,2.471979,2.45889,1.64175,0.930835,0.241127,0.008316,0.231681,0.35372,104.913353,0.000288,2.397709,-3.00E-05,1,2.383926,-2.40E-05,1,0.601714,0.600514,0.106642,0,PSF-00578_20260722160506_fce,PFA-00612,PSA-00572,PSF-00578,RHS-0697,3.0.0,2026-06-15T15:17:51.144Z
16,16:05:18,7/22/2026,Rain_out,Climate_model,,Pl27-R3-M3-H3-P02,,,0.062402,2.917358,0.061095,1.382382,1.829498,1.791863,3.982644,2.153146,18.272148,18.655924,40.612183,0.441786,7.5,PSF-00578_20260722160518_fc3,0,0,0,101.91214,203.776367,0.499882,0.5,0.8,59.704643,1,47.69,46.71,28.19,28.83,28.83,98.07,156.2,155.5,0.5,299,4.093,14,-39,89,,,,,,,,0:00:00,0000-00-00,nan,nan,nan,0,nan,15:59:55,7/22/2026,-0.79,1,0.001,0,-0.006,-0.104,0.082,1.906,1,150,0.005,2,0.058905,0,0.02923,0,0,-6.80E-05,standard,0,rectangular,7000,500,-9999,-9999,55537,55537,55537,0,-9999,0,0,0,0,2.470115,2.457659,1.643271,0.931035,0.240272,0.007695,0.232999,0.356142,101.91214,0.000282,2.397709,-3.00E-05,1,2.383926,-2.40E-05,1,0.601714,0.600514,0.106642,0,PSF-00578_20260722160518_fc3,PFA-00612,PSA-00572,PSF-00578,RHS-0697,3.0.0,2026-06-15T15:17:51.144Z
17,16:05:33,7/22/2026,Rain_out,Climate_model,,Pl27-R3-M3-H3-P02,,,0.102714,2.915891,0.099219,2.05195,1.848583,1.792663,3.818174,1.969591,18.279472,18.849678,38.93325,0.441786,7.5,PSF-00578_20260722160533_789,0,0,0,80.61898,258.671509,0.688334,0.5,0.8,82.918381,1,47.85,46.4,28.31,28.11,28.11,98.07,156,155.7,0.2,301,4.096,-5,-53,140,,,,,,,,0:00:00,0000-00-00,nan,nan,nan,0,nan,15:59:55,7/22/2026,-0.79,1,0.001,0,-9999,0.076,0.082,-9999,1,150,0.005,2,0.058905,0,0.02923,0,0,-6.80E-05,standard,0,rectangular,7000,500,-9999,-9999,55537,55537,55537,0,-9999,0,0,0,0,2.469692,2.457844,1.641774,0.931739,0.239124,-0.001984,0.234808,0.358283,80.61898,0.000289,2.397709,-3.00E-05,1,2.383926,-2.40E-05,1,0.601714,0.600514,0.106642,0,PSF-00578_20260722160533_789,PFA-00612,PSA-00572,PSF-00578,RHS-0697,3.0.0,2026-06-15T15:17:51.144Z
18,16:05:41,7/22/2026,Rain_out,Climate_model,,Pl27-R3-M3-H3-P02,,,0.094457,2.915524,0.091493,1.95412,1.813836,1.76055,3.847897,2.034061,17.952564,18.495937,39.237534,0.441786,7.5,PSF-00578_20260722160541_a5c,0,0,0,78.288673,259.988312,0.698876,0.5,0.8,51.22765,1,46.79,45.41,28.37,28.24,28.24,98.07,155.9,155.6,0.2,183,4.095,-3,-62,131,,,,,,,,0:00:00,0000-00-00,nan,nan,nan,0,nan,15:59:55,7/22/2026,-0.79,1,0.003,0.004,-9999,0.148,0.295,-9999,1,150,0.005,2,0.058905,0,0.02923,0,0,-6.80E-05,standard,0,rectangular,7000,500,-9999,-9999,55537,55537,55537,0,-9999,0,0,0,0,2.468381,2.456467,1.6414,0.931483,0.238557,-0.001152,0.235808,0.259763,78.288673,0.000293,2.397709,-3.00E-05,1,2.383926,-2.40E-05,1,0.601714,0.600514,0.106642,0,PSF-00578_20260722160541_a5c,PFA-00612,PSA-00572,PSF-00578,RHS-0697,3.0.0,2026-06-15T15:17:51.144Z
19,16:05:51,7/22/2026,Rain_out,Climate_model,,Pl27-R3-M3-H3-P02,,,0.087499,2.917969,0.084951,1.818153,1.83118,1.781703,3.869127,2.037947,18.167477,18.67198,39.452305,0.441786,7.5,PSF-00578_20260722160551_e01,0,0,0,79.629066,257.900116,0.691241,0.5,0.8,51.020622,1,47.03,45.76,28.44,28.33,28.33,98.07,156.2,155.5,0.4,185,4.095,-3,-62,131,,,,,,,,0:00:00,0000-00-00,nan,nan,nan,0,nan,15:59:55,7/22/2026,-0.79,1,0.004,0.002,-9999,0.07,0.107,-9999,1,150,0.005,2,0.058905,0,0.02923,0,0,-6.80E-05,standard,0,rectangular,7000,500,-9999,-9999,55537,55537,55537,0,-9999,0,0,0,0,2.468825,2.456769,1.643896,0.931259,0.237858,-0.000923,0.237022,0.260828,79.629066,0.000291,2.397709,-3.00E-05,1,2.383926,-2.40E-05,1,0.601714,0.600514,0.106642,0,PSF-00578_20260722160551_e01,PFA-00612,PSA-00572,PSF-00578,RHS-0697,3.0.0,2026-06-15T15:17:51.144Z
20,16:06:09,7/22/2026,Rain_out,Climate_model,,Pl27-R3-M3-H3-P02,,,0.060625,2.915376,0.05939,1.288889,1.753146,1.71797,3.821036,2.067891,17.517262,17.875925,38.961143,0.441786,7.5,PSF-00578_20260722160609_d53,0,0,0,76.977608,262.734528,0.707014,0.5,0.8,46.582851,1,44.72,43.82,28.56,28.12,28.12,98.07,155.9,155.6,0.2,165,4.096,2,48,333,,,,,,,,0:00:00,0000-00-00,nan,nan,nan,0,nan,15:59:55,7/22/2026,-0.79,1,0.001,0.002,-9999,-0.009,-0.101,-9999,1,150,0.005,2,0.058905,0,0.02923,0,0,-6.80E-05,standard,0,rectangular,7000,500,-9999,-9999,55537,55537,55537,0,-9999,0,0,0,0,2.466253,2.453766,1.641249,0.931479,0.236758,-0.004712,0.239192,0.244277,76.977608,0.000293,2.397709,-3.00E-05,1,2.383926,-2.40E-05,1,0.601714,0.600514,0.106642,0,PSF-00578_20260722160609_d53,PFA-00612,PSA-00572,PSF-00578,RHS-0697,3.0.0,2026-06-15T15:17:51.144Z
21,16:06:18,7/22/2026,Rain_out,Climate_model,,Pl27-R3-M3-H3-P02,,,0.037907,2.915886,0.03742,0.825185,1.780863,1.758359,3.881058,2.100196,17.929583,18.15905,39.574268,0.441786,7.5,PSF-00578_20260722160618_d5c,0,0,0,73.086617,257.798553,0.716497,0.5,0.8,46.81295,1,45.27,44.7,28.62,28.39,28.39,98.07,156,155.5,0.3,163,4.09,0,50,336,,,,,,,,0:00:00,0000-00-00,nan,nan,nan,0,nan,15:59:55,7/22/2026,-0.79,1,-0.003,-0.002,-9999,0.177,0.264,-9999,1,150,0.005,2,0.058905,0,0.02923,0,0,-6.80E-05,standard,0,rectangular,7000,500,-9999,-9999,55537,55537,55537,0,-9999,0,0,0,0,2.4674,2.45447,1.641769,0.931146,0.236204,-0.002339,0.240248,0.243126,73.086617,0.000291,2.397709,-3.00E-05,1,2.383926,-2.40E-05,1,0.601714,0.600514,0.106642,0,PSF-00578_20260722160618_d5c,PFA-00612,PSA-00572,PSF-00578,RHS-0697,3.0.0,2026-06-15T15:17:51.144Z
22,16:06:33,7/22/2026,Rain_out,Climate_model,,Pl27-R3-M3-H3-P02,,,0.059973,2.916267,0.058765,1.260081,1.836542,1.80221,3.878022,2.04148,18.378036,18.728134,39.546127,0.441786,7.5,PSF-00578_20260722160633_edb,0,0,0,78.008293,268.338928,0.709292,0.5,0.8,47.079876,1,46.44,45.57,28.71,28.37,28.37,98.06,156,155.7,0.2,166,4.094,2,52,334,,,,,,,,0:00:00,0000-00-00,nan,nan,nan,0,nan,15:59:55,7/22/2026,-0.79,1,-0.001,0.003,-0.006,0.014,-0.059,-0.011,1,150,0.005,2,0.058905,0,0.02923,0,0,-6.80E-05,standard,0,rectangular,7000,500,-9999,-9999,55537,55537,55537,0,-9999,0,0,0,0,2.468527,2.455958,1.642157,0.931525,0.235338,-0.003557,0.241951,0.245298,78.008293,0.000294,2.397709,-3.00E-05,1,2.383926,-2.40E-05,1,0.601714,0.600514,0.106642,0,PSF-00578_20260722160633_edb,PFA-00612,PSA-00572,PSF-00578,RHS-0697,3.0.0,2026-06-15T15:17:51.144Z
23,16:06:44,7/22/2026,Rain_out,Climate_model,,Pl27-R3-M3-H3-P02,,,0.045271,2.917046,0.044579,0.987513,1.775624,1.74872,3.885137,2.109513,17.833342,18.107714,39.620403,0.441786,7.5,PSF-00578_20260722160644_8f9,0,0,0,83.810089,289.151794,0.710152,0.5,0.8,41.501968,1,44.71,44.03,28.78,28.4,28.4,98.06,156.1,155.5,0.4,146,4.093,10,57,319,,,,,,,,0:00:00,0000-00-00,nan,nan,nan,0,nan,15:59:55,7/22/2026,-0.79,1,-0.001,0,0.011,0.195,0.33,1.22,1,150,0.005,2,0.058905,0,0.02923,0,0,-6.80E-05,standard,0,rectangular,7000,500,-9999,-9999,55537,55537,55537,0,-9999,0,0,0,0,2.466492,2.453716,1.642952,0.931029,0.234674,-0.004017,0.24318,0.228723,83.810089,0.000283,2.397709,-3.00E-05,1,2.383926,-2.40E-05,1,0.601714,0.600514,0.106642,0,PSF-00578_20260722160644_8f9,PFA-00612,PSA-00572,PSF-00578,RHS-0697,3.0.0,2026-06-15T15:17:51.144Z
24,16:06:53,7/22/2026,Rain_out,Climate_model,,Pl27-R3-M3-H3-P02,,,0.032435,2.915955,0.032078,0.712075,1.754324,1.734902,3.868768,2.114444,17.691479,17.889538,39.451363,0.441786,7.5,PSF-00578_20260722160653_36f,0,0,0,79.841141,281.206726,0.716077,0.5,0.8,42.888901,1,44.03,43.55,28.84,28.33,28.33,98.06,156,155.7,0.2,150,4.06,8,56,320,,,,,,,,0:00:00,0000-00-00,nan,nan,nan,0,nan,15:59:55,7/22/2026,-0.79,1,-0.002,0,-9999,0.39,0.827,-9999,1,150,0.005,2,0.058905,0,0.02923,0,0,-6.80E-05,standard,0,rectangular,7000,500,-9999,-9999,55537,55537,55537,0,-9999,0,0,0,0,2.46584,2.45283,1.641838,0.931549,0.23417,-0.00547,0.244148,0.231759,79.841141,0.000289,2.397709,-3.00E-05,1,2.383926,-2.40E-05,1,0.601714,0.600514,0.106642,0,PSF-00578_20260722160653_36f,PFA-00612,PSA-00572,PSF-00578,RHS-0697,3.0.0,2026-06-15T15:17:51.144Z
25,16:07:04,7/22/2026,Rain_out,Climate_model,,Pl27-R3-M3-H3-P02,,,0.12731,2.915703,0.121984,3.321047,1.818443,1.727906,4.403429,2.584986,17.621128,18.54442,44.906025,0.441786,7.5,PSF-00578_20260722160704_600,0,0,0,89.429497,130.71048,0.31582,0.5,0.8,232.839935,1,45.45,43.18,28.91,30.58,30.58,98.06,156,155.4,0.4,1843,4.091,-13,-46,342,,,,,,,,0:00:00,0000-00-00,nan,nan,nan,0,nan,15:59:55,7/22/2026,-0.79,1,0.001,0.001,-9999,0,-0.003,-9999,1,150,0.005,2,0.058905,0,0.02923,0,0,-6.80E-05,standard,0,rectangular,7000,500,-9999,-9999,55537,55537,55537,0,-9999,0,0,0,0,2.465347,2.454648,1.641582,0.93084,0.23348,0.019586,0.245416,1.646737,89.429497,0.000275,2.397709,-3.00E-05,1,2.383926,-2.40E-05,1,0.601714,0.600514,0.106642,0,PSF-00578_20260722160704_600,PFA-00612,PSA-00572,PSF-00578,RHS-0697,3.0.0,2026-06-15T15:17:51.144Z
26,16:07:22,7/22/2026,Rain_out,Climate_model,,Pl27-R3-M3-H3-P02,,,0.093689,2.915358,0.090772,2.121641,1.855116,1.797279,4.0779,2.222785,18.32733,18.917109,41.583439,0.441786,7.5,PSF-00578_20260722160722_995,0,0,0,110.434769,211.99823,0.479077,0.5,0.8,52.263611,1,46.04,44.61,29.03,29.24,29.24,98.07,155.9,155.5,0.3,273,4.087,0,-47,329,,,,,,,,0:00:00,0000-00-00,nan,nan,nan,0,nan,15:59:55,7/22/2026,-0.79,1,0.001,0.002,0.011,-8.196,1.287,-34.424,1,150,0.005,2,0.058905,0,0.02923,0,0,-6.80E-05,standard,0,rectangular,7000,500,-9999,-9999,55537,55537,55537,0,-9999,0,0,0,0,2.467207,2.455398,1.64123,0.931125,0.232376,0.002696,0.247529,0.334531,110.434769,0.000308,2.397709,-3.00E-05,1,2.383926,-2.40E-05,1,0.601714,0.600514,0.106642,0,PSF-00578_20260722160722_995,PFA-00612,PSA-00572,PSF-00578,RHS-0697,3.0.0,2026-06-15T15:17:51.144Z
42,16:16:00,7/22/2026,Rain_out,Climate_model,,Pl1-R1-M2-H3-P10,,,0.11116,2.915021,0.107077,3.109285,1.692334,1.607413,4.450576,2.758243,16.39226,17.258276,45.386604,0.441786,7.5,PSF-00578_20260722161600_90c,0,0,0,99.585052,150.412201,0.337919,0.5,0.8,201.044052,1,38.08,36.17,30.74,30.76,30.76,98.06,155.9,155.1,0.5,1487,4.073,4,-68,330,,,,,,,,0:00:00,0000-00-00,nan,nan,nan,0,nan,16:10:17,7/22/2026,-0.51,1,0.001,0.002,0.023,-0.892,-2.438,4.225,1,150,0.005,2,0.058905,0,0.02923,0,0,-6.80E-05,standard,0,rectangular,7000,500,-9999,-9999,55537,55537,55537,0,-9999,0,0,0,0,2.455624,2.444341,1.640889,0.930135,0.217242,0.000531,0.305055,1.349462,99.585052,0.000281,2.397709,-3.00E-05,1,2.383926,-2.40E-05,1,0.601714,0.600514,0.106642,0,PSF-00578_20260722161600_90c,PFA-00612,PSA-00572,PSF-00578,RHS-0697,3.0.0,2026-06-15T15:17:51.144Z
43,16:16:23,7/22/2026,Rain_out,Climate_model,,Pl1-R1-M2-H3-P10,,,0.122541,2.915338,0.117598,2.968019,1.664768,1.583701,4.06735,2.402582,16.150249,16.976952,41.477966,0.441786,7.5,PSF-00578_20260722161623_b4c,0,0,0,83.349823,159.369705,0.477003,0.5,0.8,260.450745,1,37.35,35.53,30.79,29.19,29.19,98.06,155.9,155.3,0.4,1365,4.076,-7,1,25,,,,,,,,0:00:00,0000-00-00,nan,nan,nan,0,nan,16:10:17,7/22/2026,-0.51,1,0,0.001,0.015,0.132,0.317,1.37,1,150,0.005,2,0.058905,0,0.02923,0,0,-6.80E-05,standard,0,rectangular,7000,500,-9999,-9999,55537,55537,55537,0,-9999,0,0,0,0,2.454747,2.443364,1.64121,0.930631,0.216806,-0.018203,0.30733,1.247243,83.349823,0.000294,2.397709,-3.00E-05,1,2.383926,-2.40E-05,1,0.601714,0.600514,0.106642,0,PSF-00578_20260722161623_b4c,PFA-00612,PSA-00572,PSF-00578,RHS-0697,3.0.0,2026-06-15T15:17:51.144Z
44,16:16:35,7/22/2026,Rain_out,Climate_model,,Pl1-R1-M2-H3-P10,,,0.125514,2.91559,0.120334,2.971307,1.661433,1.58029,4.012708,2.351275,16.115501,16.942984,40.920841,0.441786,7.5,PSF-00578_20260722161635_f21,0,0,0,82.907799,173.458817,0.522032,0.5,0.8,297.536682,1,37.25,35.43,30.8,28.96,28.96,98.06,155.9,155.3,0.4,1425,4.075,-7,-1,25,,,,,,,,0:00:00,0000-00-00,nan,nan,nan,0,nan,16:10:17,7/22/2026,-0.51,1,0.001,0.002,0.009,0.274,0.587,1.529,1,150,0.005,2,0.058905,0,0.02923,0,0,-6.80E-05,standard,0,rectangular,7000,500,-9999,-9999,55537,55537,55537,0,-9999,0,0,0,0,2.454615,2.443236,1.641467,0.93062,0.216725,-0.020993,0.308526,1.297262,82.907799,0.000296,2.397709,-3.00E-05,1,2.383926,-2.40E-05,1,0.601714,0.600514,0.106642,0,PSF-00578_20260722161635_f21,PFA-00612,PSA-00572,PSF-00578,RHS-0697,3.0.0,2026-06-15T15:17:51.144Z
45,16:16:55,7/22/2026,Rain_out,Climate_model,,Pl1-R1-M2-H3-P10,,,0.154341,2.916867,0.146585,3.683507,1.669094,1.568601,4.061452,2.392358,15.994916,17.01963,41.414337,0.441786,7.5,PSF-00578_20260722161655_45c,0,0,0,100.099327,223.6315,0.552392,0.5,0.8,169.376755,1,37.39,35.14,30.81,29.17,29.17,98.07,156.1,155.2,0.6,767,4.043,-4,-54,280,,,,,,,,0:00:00,0000-00-00,nan,nan,nan,0,nan,16:10:17,7/22/2026,-0.51,1,0,0.002,-9999,0.871,-1.727,-9999,1,150,0.005,2,0.058905,0,0.02923,0,0,-6.80E-05,standard,0,rectangular,7000,500,-9999,-9999,55537,55537,55537,0,-9999,0,0,0,0,2.454212,2.443419,1.642769,0.930364,0.216596,-0.018779,0.31058,0.747167,100.099327,0.000309,2.397709,-3.00E-05,1,2.383926,-2.40E-05,1,0.601714,0.600514,0.106642,0,PSF-00578_20260722161655_45c,PFA-00612,PSA-00572,PSF-00578,RHS-0697,3.0.0,2026-06-15T15:17:51.144Z
46,16:17:28,7/22/2026,Rain_out,Climate_model,,Pl1-R1-M2-H3-P10,,,0.099639,2.917055,0.096348,2.353334,1.577657,1.513408,3.905868,2.328211,15.433252,16.088448,39.830803,0.441786,7.5,PSF-00578_20260722161728_515,0,0,0,83.517548,249.880676,0.66577,0.5,0.8,64.149559,1,35.31,33.88,30.83,28.5,28.5,98.06,156.1,155.1,0.7,241,4.073,12,60,325,,,,,,,,0:00:00,0000-00-00,nan,nan,nan,0,nan,16:10:17,7/22/2026,-0.51,1,0.003,0.002,0.018,-0.163,-0.52,0.044,1,150,0.005,2,0.058905,0,0.02923,0,0,-6.80E-05,standard,0,rectangular,7000,500,-9999,-9999,55537,55537,55537,0,-9999,0,0,0,0,2.452474,2.440639,1.64296,0.9301,0.216475,-0.026646,0.313985,0.307921,83.517548,0.000304,2.397709,-3.00E-05,1,2.383926,-2.40E-05,1,0.601714,0.600514,0.106642,0,PSF-00578_20260722161728_515,PFA-00612,PSA-00572,PSF-00578,RHS-0697,3.0.0,2026-06-15T15:17:51.144Z
47,16:17:43,7/22/2026,Rain_out,Climate_model,,Pl1-R1-M2-H3-P10,,,0.065582,2.917928,0.06414,1.584353,1.561878,1.518643,3.916604,2.354726,15.485725,15.926598,39.937939,0.441786,7.5,PSF-00578_20260722161743_dcf,0,0,0,82.198265,246.289017,0.666253,0.5,0.8,58.352093,1,34.95,33.99,30.83,28.54,28.54,98.07,156.2,155.4,0.5,219,4.073,15,57,326,,,,,,,,0:00:00,0000-00-00,nan,nan,nan,0,nan,16:10:17,7/22/2026,-0.51,1,0.001,0.003,-9999,0.029,-0.348,-9999,1,150,0.005,2,0.058905,0,0.02923,0,0,-6.80E-05,standard,0,rectangular,7000,500,-9999,-9999,55537,55537,55537,0,-9999,0,0,0,0,2.452626,2.440154,1.643853,0.931009,0.216445,-0.026149,0.315205,0.289598,82.198265,0.000288,2.397709,-3.00E-05,1,2.383926,-2.40E-05,1,0.601714,0.600514,0.106642,0,PSF-00578_20260722161743_dcf,PFA-00612,PSA-00572,PSF-00578,RHS-0697,3.0.0,2026-06-15T15:17:51.144Z
48,16:17:58,7/22/2026,Rain_out,Climate_model,,Pl1-R1-M2-H3-P10,,,0.044903,2.916768,0.044222,1.131215,1.541754,1.51085,3.979741,2.437987,15.406068,15.7212,40.581242,0.441786,7.5,PSF-00578_20260722161758_591,0,0,0,89.634064,257.045746,0.651291,0.5,0.8,88.118729,1,34.5,33.81,30.83,28.82,28.82,98.07,156.1,155.3,0.5,338,4.065,16,49,319,,,,,,,,0:00:00,0000-00-00,nan,nan,nan,0,nan,16:10:17,7/22/2026,-0.51,1,0,0,0.009,0.152,-0.149,0.431,1,150,0.005,2,0.058905,0,0.02923,0,0,-6.80E-05,standard,0,rectangular,7000,500,-9999,-9999,55537,55537,55537,0,-9999,0,0,0,0,2.452385,2.439547,1.642667,0.930684,0.216444,-0.023006,0.316575,0.389275,89.634064,0.000291,2.397709,-3.00E-05,1,2.383926,-2.40E-05,1,0.601714,0.600514,0.106642,0,PSF-00578_20260722161758_591,PFA-00612,PSA-00572,PSF-00578,RHS-0697,3.0.0,2026-06-15T15:17:51.144Z
49,16:23:10,7/22/2026,Rain_out,Climate_model,,Pl23-R3-M3-H2-P03,,,0.117997,2.916612,0.113409,3.660927,1.688929,1.589071,4.750188,3.061259,16.206408,17.224831,48.445599,0.441786,7.5,PSF-00578_20260722162310_099,0,0,0,91.716171,131.816986,0.304216,0.5,0.8,213.549835,1,37.33,35.13,31.05,31.91,31.91,98.05,156.1,155.2,0.6,1755,4.065,9,-59,7,,,,,,,,0:00:00,0000-00-00,nan,nan,nan,0,nan,16:23:02,7/22/2026,-0.79,1,-0.002,-0.001,0.012,-0.48,0.01,-0.921,1,150,0.005,2,0.058905,0,0.02923,0,0,-6.80E-05,standard,0,rectangular,7000,500,-9999,-9999,55537,55537,55537,0,-9999,0,0,0,0,2.454157,2.443673,1.642509,0.930347,0.214607,0.010355,0.34843,1.573023,91.716171,0.00029,2.397709,-3.00E-05,1,2.383926,-2.40E-05,1,0.601714,0.600514,0.106642,0,PSF-00578_20260722162310_099,PFA-00612,PSA-00572,PSF-00578,RHS-0697,3.0.0,2026-06-15T15:17:51.144Z
50,16:23:25,7/22/2026,Rain_out,Climate_model,,Pl23-R3-M3-H2-P03,,,0.08878,2.91636,0.086157,2.818357,1.697317,1.620437,4.798325,3.101008,16.527313,17.311432,48.939529,0.441786,7.5,PSF-00578_20260722162325_95e,0,0,0,104.561806,147.787567,0.292486,0.5,0.8,208.807953,1,37.48,35.78,31.07,32.09,32.09,98.05,156,155.1,0.6,1785,4.033,12,-65,5,,,,,,,,0:00:00,0000-00-00,nan,nan,nan,0,nan,16:23:02,7/22/2026,-0.79,1,0,-0.001,0.008,-0.501,-1.593,-4.02,1,150,0.005,2,0.058905,0,0.02923,0,0,-6.80E-05,standard,0,rectangular,7000,500,-9999,-9999,55537,55537,55537,0,-9999,0,0,0,0,2.455046,2.443861,1.642251,0.930156,0.214441,0.012232,0.349924,1.597965,104.561806,0.000291,2.397709,-3.00E-05,1,2.383926,-2.40E-05,1,0.601714,0.600514,0.106642,0,PSF-00578_20260722162325_95e,PFA-00612,PSA-00572,PSF-00578,RHS-0697,3.0.0,2026-06-15T15:17:51.144Z
51,16:23:43,7/22/2026,Rain_out,Climate_model,,Pl23-R3-M3-H2-P03,,,0.096617,2.916376,0.093519,2.975343,1.685722,1.604545,4.703682,3.017961,16.364019,17.191904,47.970692,0.441786,7.5,PSF-00578_20260722162343_7ee,0,0,0,91.961143,132.270462,0.304749,0.5,0.8,206.998383,1,37.18,35.39,31.09,31.73,31.73,98.05,156,155.3,0.5,1698,4.064,7,-62,9,,,,,,,,0:00:00,0000-00-00,nan,nan,nan,0,nan,16:23:02,7/22/2026,-0.79,1,0.002,0.001,-9999,-0.449,-0.957,-9999,1,150,0.005,2,0.058905,0,0.02923,0,0,-6.80E-05,standard,0,rectangular,7000,500,-9999,-9999,55537,55537,55537,0,-9999,0,0,0,0,2.454505,2.443457,1.642268,0.930554,0.214261,0.007821,0.351888,1.525549,91.961143,0.000289,2.397709,-3.00E-05,1,2.383926,-2.40E-05,1,0.601714,0.600514,0.106642,0,PSF-00578_20260722162343_7ee,PFA-00612,PSA-00572,PSF-00578,RHS-0697,3.0.0,2026-06-15T15:17:51.144Z
52,16:23:57,7/22/2026,Rain_out,Climate_model,,Pl23-R3-M3-H2-P03,,,0.043555,2.916351,0.042915,1.10882,1.597094,1.566813,4.057562,2.460468,15.978999,16.287817,41.38068,0.441786,7.5,PSF-00578_20260722162357_af9,0,0,0,88.484642,224.834564,0.606446,0.5,0.8,126.342148,1,35.18,34.51,31.11,29.15,29.15,98.05,156,155.3,0.5,521,4.063,9,43,1,,,,,,,,0:00:00,0000-00-00,nan,nan,nan,0,nan,16:23:02,7/22/2026,-0.79,1,0.001,0.002,-9999,0.532,-1.441,-9999,1,150,0.005,2,0.058905,0,0.02923,0,0,-6.80E-05,standard,0,rectangular,7000,500,-9999,-9999,55537,55537,55537,0,-9999,0,0,0,0,2.453301,2.440782,1.642242,0.930563,0.214072,-0.022452,0.353354,0.541839,88.484642,0.00028,2.397709,-3.00E-05,1,2.383926,-2.40E-05,1,0.601714,0.600514,0.106642,0,PSF-00578_20260722162357_af9,PFA-00612,PSA-00572,PSF-00578,RHS-0697,3.0.0,2026-06-15T15:17:51.144Z
53,16:24:11,7/22/2026,Rain_out,Climate_model,,Pl23-R3-M3-H2-P03,,,0.015637,2.915453,0.015554,0.401886,1.608238,1.597257,4.068353,2.460115,16.290266,16.402262,41.492737,0.441786,7.5,PSF-00578_20260722162411_676,0,0,0,90.024231,223.809235,0.597764,0.5,0.8,338.164978,1,35.42,35.17,31.11,29.2,29.2,98.05,155.9,155.2,0.5,1414,4.063,7,-48,28,,,,,,,,0:00:00,0000-00-00,nan,nan,nan,0,nan,16:23:02,7/22/2026,-0.79,1,0.002,0.004,-9999,-0.02,0.076,-9999,1,150,0.005,2,0.058905,0,0.02923,0,0,-6.80E-05,standard,0,rectangular,7000,500,-9999,-9999,55537,55537,55537,0,-9999,0,0,0,0,2.454213,2.441105,1.641327,0.930367,0.214052,-0.021953,0.354777,1.288401,90.024231,0.000301,2.397709,-3.00E-05,1,2.383926,-2.40E-05,1,0.601714,0.600514,0.106642,0,PSF-00578_20260722162411_676,PFA-00612,PSA-00572,PSF-00578,RHS-0697,3.0.0,2026-06-15T15:17:51.144Z
55,16:24:39,7/22/2026,Rain_out,Climate_model,,Pl23-R3-M3-H2-P03,,,0.050223,2.916886,0.049373,1.304649,1.615217,1.579614,4.130077,2.51486,16.111067,16.474203,42.124191,0.441786,7.5,PSF-00578_20260722162439_c60,0,0,0,80.846428,247.581833,0.673456,0.5,0.8,143.521698,1,35.55,34.76,31.13,29.46,29.46,98.05,156.1,155.4,0.5,533,4.061,-10,52,316,,,,,,,,0:00:00,0000-00-00,nan,nan,nan,0,nan,16:23:02,7/22/2026,-0.79,1,-0.001,0,0.013,-0.129,-0.166,0.099,1,150,0.005,2,0.058905,0,0.02923,0,0,-6.80E-05,standard,0,rectangular,7000,500,-9999,-9999,55537,55537,55537,0,-9999,0,0,0,0,2.45365,2.44128,1.642788,0.930824,0.213961,-0.019084,0.357513,0.551824,80.846428,0.000303,2.397709,-3.00E-05,1,2.383926,-2.40E-05,1,0.601714,0.600514,0.106642,0,PSF-00578_20260722162439_c60,PFA-00612,PSA-00572,PSF-00578,RHS-0697,3.0.0,2026-06-15T15:17:51.144Z
56,16:24:54,7/22/2026,Rain_out,Climate_model,,Pl23-R3-M3-H2-P03,,,0.041821,2.915518,0.04123,1.075284,1.61727,1.587894,4.099813,2.482543,16.195152,16.494762,41.81456,0.441786,7.5,PSF-00578_20260722162454_38e,0,0,0,81.386093,255.55658,0.681534,0.5,0.8,82.768211,1,35.57,34.92,31.14,29.33,29.33,98.05,155.9,155.2,0.5,304,4.058,8,52,324,,,,,,,,0:00:00,0000-00-00,nan,nan,nan,0,nan,16:23:02,7/22/2026,-0.79,1,-0.003,-0.002,0.01,-0.161,-0.223,-0.117,1,150,0.005,2,0.058905,0,0.02923,0,0,-6.80E-05,standard,0,rectangular,7000,500,-9999,-9999,55537,55537,55537,0,-9999,0,0,0,0,2.453868,2.441309,1.641394,0.930404,0.213869,-0.020678,0.359009,0.360333,81.386093,0.000299,2.397709,-3.00E-05,1,2.383926,-2.40E-05,1,0.601714,0.600514,0.106642,0,PSF-00578_20260722162454_38e,PFA-00612,PSA-00572,PSF-00578,RHS-0697,3.0.0,2026-06-15T15:17:51.144Z
57,16:25:08,7/22/2026,Rain_out,Climate_model,,Pl23-R3-M3-H2-P03,,,0.049848,2.915339,0.04901,1.262783,1.630809,1.596312,4.083416,2.452607,16.281252,16.633106,41.647964,0.441786,7.5,PSF-00578_20260722162508_5d3,0,0,0,81.534866,248.156906,0.671438,0.5,0.8,129.51033,1,35.84,35.09,31.15,29.26,29.26,98.05,155.9,155.2,0.5,482,4.061,-8,47,327,,,,,,,,0:00:00,0000-00-00,nan,nan,nan,0,nan,16:23:02,7/22/2026,-0.79,1,0.001,0.003,-9999,-0.021,-0.12,-9999,1,150,0.005,2,0.058905,0,0.02923,0,0,-6.80E-05,standard,0,rectangular,7000,500,-9999,-9999,55537,55537,55537,0,-9999,0,0,0,0,2.454087,2.441672,1.641212,0.930289,0.213766,-0.021617,0.360295,0.50957,81.534866,0.000301,2.397709,-3.00E-05,1,2.383926,-2.40E-05,1,0.601714,0.600514,0.106642,0,PSF-00578_20260722162508_5d3,PFA-00612,PSA-00572,PSF-00578,RHS-0697,3.0.0,2026-06-15T15:17:51.144Z
58,16:25:22,7/22/2026,Rain_out,Climate_model,,Pl23-R3-M3-H2-P03,,,0.017947,2.91812,0.017838,0.45451,1.629087,1.616697,4.055034,2.425946,16.488325,16.614693,41.356369,0.441786,7.5,PSF-00578_20260722162522_686,0,0,0,89.942696,221.909515,0.594688,0.5,0.8,73.18528,1,35.75,35.48,31.18,29.14,29.14,98.05,156.3,155.1,0.8,308,4.061,2,50,359,,,,,,,,0:00:00,0000-00-00,nan,nan,nan,0,nan,16:23:02,7/22/2026,-0.79,1,0.001,0.002,-9999,-0.285,-0.121,-9999,1,150,0.005,2,0.058905,0,0.02923,0,0,-6.80E-05,standard,0,rectangular,7000,500,-9999,-9999,55537,55537,55537,0,-9999,0,0,0,0,2.454621,2.441545,1.64405,0.930028,0.213542,-0.023314,0.361647,0.36372,89.942696,0.000292,2.397709,-3.00E-05,1,2.383926,-2.40E-05,1,0.601714,0.600514,0.106642,0,PSF-00578_20260722162522_686,PFA-00612,PSA-00572,PSF-00578,RHS-0697,3.0.0,2026-06-15T15:17:51.144Z
60,16:25:46,7/22/2026,Rain_out,Climate_model,,Pl23-R3-M3-H2-P03,,,0.036849,2.916319,0.036389,0.930083,1.646977,1.621592,4.079869,2.432891,16.5385,16.797409,41.610298,0.441786,7.5,PSF-00578_20260722162546_e0a,0,0,0,87.141037,220.951431,0.60561,0.5,0.8,103.549782,1,36.06,35.51,31.21,29.25,29.25,98.05,156,155.1,0.6,427,4.055,6,45,0,,,,,,,,0:00:00,0000-00-00,nan,nan,nan,0,nan,16:23:02,7/22/2026,-0.79,1,0.002,0,0.014,-0.152,-0.43,-0.217,1,150,0.005,2,0.058905,0,0.02923,0,0,-6.80E-05,standard,0,rectangular,7000,500,-9999,-9999,55537,55537,55537,0,-9999,0,0,0,0,2.454654,2.441957,1.64221,0.930088,0.213215,-0.022559,0.363813,0.463821,87.141037,0.000288,2.397709,-3.00E-05,1,2.383926,-2.40E-05,1,0.601714,0.600514,0.106642,0,PSF-00578_20260722162546_e0a,PFA-00612,PSA-00572,PSF-00578,RHS-0697,3.0.0,2026-06-15T15:17:51.144Z
61,16:25:58,7/22/2026,Rain_out,Climate_model,,Pl23-R3-M3-H2-P03,,,0.029153,2.91635,0.028864,0.753222,1.692645,1.672097,4.174644,2.481998,17.0543,17.263872,42.578632,0.441786,7.5,PSF-00578_20260722162558_1ab,0,0,0,90.556023,213.800674,0.576447,0.5,0.8,273.382843,1,37.03,36.58,31.23,29.65,29.65,98.05,156,155.1,0.6,1186,4.06,3,-57,22,,,,,,,,0:00:00,0000-00-00,nan,nan,nan,0,nan,16:23:02,7/22/2026,-0.79,1,-0.002,0.002,-9999,0.793,1.983,-9999,1,150,0.005,2,0.058905,0,0.02923,0,0,-6.80E-05,standard,0,rectangular,7000,500,-9999,-9999,55537,55537,55537,0,-9999,0,0,0,0,2.45611,2.443241,1.642241,0.930129,0.213076,-0.018176,0.364928,1.097341,90.556023,0.000302,2.397709,-3.00E-05,1,2.383926,-2.40E-05,1,0.601714,0.600514,0.106642,0,PSF-00578_20260722162558_1ab,PFA-00612,PSA-00572,PSF-00578,RHS-0697,3.0.0,2026-06-15T15:17:51.144Z
62,16:26:12,7/22/2026,Rain_out,Climate_model,,Pl23-R3-M3-H2-P03,,,0.061269,2.916399,0.060009,1.501301,1.68971,1.648755,4.070592,2.380883,16.816008,17.233717,41.516853,0.441786,7.5,PSF-00578_20260722162612_e16,0,0,0,88.07373,210.386032,0.581371,0.5,0.8,240.92453,1,36.93,36.04,31.25,29.21,29.21,98.05,156,155.3,0.5,1036,4.059,5,-59,21,,,,,,,,0:00:00,0000-00-00,nan,nan,nan,0,nan,16:23:02,7/22/2026,-0.79,1,-0.001,-0.001,-9999,-0.495,0.034,-9999,1,150,0.005,2,0.058905,0,0.02923,0,0,-6.80E-05,standard,0,rectangular,7000,500,-9999,-9999,55537,55537,55537,0,-9999,0,0,0,0,2.455369,2.443109,1.642291,0.93059,0.212943,-0.02339,0.36626,0.972322,88.07373,0.000295,2.397709,-3.00E-05,1,2.383926,-2.40E-05,1,0.601714,0.600514,0.106642,0,PSF-00578_20260722162612_e16,PFA-00612,PSA-00572,PSF-00578,RHS-0697,3.0.0,2026-06-15T15:17:51.144Z
63,16:26:25,7/22/2026,Rain_out,Climate_model,,Pl23-R3-M3-H2-P03,,,0.059277,2.917171,0.058097,1.447612,1.650064,1.61058,4.022526,2.372462,16.426109,16.828802,41.025246,0.441786,7.5,PSF-00578_20260722162625_d69,0,0,0,89.749214,215.111725,0.582779,0.5,0.8,257.042511,1,36.04,35.18,31.26,29,29,98.05,156.1,155.2,0.6,1103,4.059,5,-60,25,,,,,,,,0:00:00,0000-00-00,nan,nan,nan,0,nan,16:23:02,7/22/2026,-0.79,1,0.001,0.002,-9999,0.165,-0.047,-9999,1,150,0.005,2,0.058905,0,0.02923,0,0,-6.80E-05,standard,0,rectangular,7000,500,-9999,-9999,55537,55537,55537,0,-9999,0,0,0,0,2.454197,2.441919,1.643079,0.930296,0.212844,-0.025881,0.367383,1.028005,89.749214,0.000298,2.397709,-3.00E-05,1,2.383926,-2.40E-05,1,0.601714,0.600514,0.106642,0,PSF-00578_20260722162625_d69,PFA-00612,PSA-00572,PSF-00578,RHS-0697,3.0.0,2026-06-15T15:17:51.144Z
64,16:26:36,7/22/2026,Rain_out,Climate_model,,Pl23-R3-M3-H2-P03,,,0.048773,2.917391,0.047971,1.209505,1.634856,1.601867,4.035581,2.400725,16.336868,16.673319,41.157455,0.441786,7.5,PSF-00578_20260722162636_2aa,0,0,0,87.920311,217.313644,0.595422,0.5,0.8,283.159851,1,35.7,34.98,31.26,29.06,29.06,98.05,156.2,155.1,0.7,1189,4.057,4,-56,21,,,,,,,,0:00:00,0000-00-00,nan,nan,nan,0,nan,16:23:02,7/22/2026,-0.79,1,0.001,0.002,-9999,-0.603,0.852,-9999,1,150,0.005,2,0.058905,0,0.02923,0,0,-6.80E-05,standard,0,rectangular,7000,500,-9999,-9999,55537,55537,55537,0,-9999,0,0,0,0,2.45392,2.441459,1.643305,0.930231,0.212798,-0.025306,0.368394,1.10007,87.920311,0.000312,2.397709,-3.00E-05,1,2.383926,-2.40E-05,1,0.601714,0.600514,0.106642,0,PSF-00578_20260722162636_2aa,PFA-00612,PSA-00572,PSF-00578,RHS-0697,3.0.0,2026-06-15T15:17:51.144Z
1,18:02:22,7/22/2026,Rain_out,Climate_model,,Pl23-R3-M3-H2-P03,,,0.033949,2.915833,0.033558,0.790157,1.468187,1.446576,3.715508,2.247321,14.755591,14.976042,37.899525,0.441786,7.5,PSF-00578_20260722180222_46d,0,0,0,89.159485,222.246765,0.598827,0.5,0.8,98.243668,1,35.55,35.02,29.46,27.64,27.64,98.04,156,155.3,0.4,410,3.965,3,-31,21,,,,,,,,22:56:30,7/22/2026,39.20842,-96.593872,341.600006,8,0.97,18:01:38,7/22/2026,-0.45,1,0.002,0.005,-9999,-0.186,-0.035,-9999,1,150,0.005,2,0.058905,0,0.02923,0,0,-6.80E-05,standard,0,rectangular,7000,500,-9999,-9999,55537,55537,55537,0,-9999,0,0,0,0,2.454258,2.441071,1.641715,0.93067,0.228463,-0.020513,0.097544,0.449357,89.159485,0.000296,2.397709,-3.00E-05,1,2.383926,-2.40E-05,1,0.601714,0.600514,0.106642,0,PSF-00578_20260722180222_46d,PFA-00612,PSA-00572,PSF-00578,RHS-0697,3.0.0,2026-06-15T15:17:51.144Z
2,18:02:33,7/22/2026,Rain_out,Climate_model,,Pl23-R3-M3-H2-P03,,,0.054277,2.916711,0.053286,1.272923,1.46431,1.429514,3.744201,2.279891,14.580557,14.935466,38.189575,0.441786,7.5,PSF-00578_20260722180233_9f0,0,0,0,134.667282,263.184784,0.488317,0.5,0.8,72.626785,1,35.5,34.66,29.44,27.77,27.77,98.04,156.1,155.5,0.4,372,3.928,-14,-37,337,,,,,,,,22:56:41,7/22/2026,39.208431,-96.593857,338.899994,9,0.89,18:01:38,7/22/2026,-0.45,1,0.003,0.005,-9999,5.226,-1.073,-9999,1,150,0.005,2,0.058905,0,0.02923,0,0,-6.80E-05,standard,0,rectangular,7000,500,-9999,-9999,55537,55537,55537,0,-9999,0,0,0,0,2.453763,2.441018,1.64261,0.931243,0.228689,-0.018737,0.099387,0.41733,134.667282,0.000293,2.397709,-3.00E-05,1,2.383926,-2.40E-05,1,0.601714,0.600514,0.106642,0,PSF-00578_20260722180233_9f0,PFA-00612,PSA-00572,PSF-00578,RHS-0697,3.0.0,2026-06-15T15:17:51.144Z
3,18:02:48,7/22/2026,Rain_out,Climate_model,,Pl23-R3-M3-H2-P03,,,0.113109,2.915958,0.108886,2.442254,1.510323,1.44356,3.651317,2.140994,14.724941,15.405952,37.245033,0.441786,7.5,PSF-00578_20260722180248_618,0,0,0,86.967941,281.759613,0.69134,0.5,0.8,58.465252,1,36.68,35.06,29.41,27.34,27.34,98.04,156,155.5,0.3,211,3.956,3,41,2,,,,,,,,22:56:56,7/22/2026,39.208427,-96.593895,339.100006,8,1.01,18:01:38,7/22/2026,-0.45,1,0.005,0.005,-9999,0.016,0.107,-9999,1,150,0.005,2,0.058905,0,0.02923,0,0,-6.80E-05,standard,0,rectangular,7000,500,-9999,-9999,55537,55537,55537,0,-9999,0,0,0,0,2.454311,2.442597,1.641842,0.931261,0.228937,-0.023268,0.101825,0.283301,86.967941,0.000285,2.397709,-3.00E-05,1,2.383926,-2.40E-05,1,0.601714,0.600514,0.106642,0,PSF-00578_20260722180248_618,PFA-00612,PSA-00572,PSF-00578,RHS-0697,3.0.0,2026-06-15T15:17:51.144Z
4,18:03:01,7/22/2026,Rain_out,Climate_model,,Pl23-R3-M3-H2-P03,,,0.034823,2.916467,0.034412,0.820032,1.462259,1.439842,3.736232,2.273973,14.688411,14.917095,38.114799,0.441786,7.5,PSF-00578_20260722180301_39c,0,0,0,93.018295,230.951782,0.597239,0.5,0.8,186.90361,1,35.56,35.01,29.38,27.73,27.73,98.03,156.1,155.5,0.3,782,3.96,4,-42,23,,,,,,,,22:57:09,7/22/2026,39.208412,-96.593903,339.100006,9,0.96,18:01:38,7/22/2026,-0.45,1,0.003,0,-9999,0.154,-0.083,-9999,1,150,0.005,2,0.058905,0,0.02923,0,0,-6.80E-05,standard,0,rectangular,7000,500,-9999,-9999,55537,55537,55537,0,-9999,0,0,0,0,2.454257,2.441099,1.642361,0.931263,0.229151,-0.018561,0.103932,0.760373,93.018295,0.000287,2.397709,-3.00E-05,1,2.383926,-2.40E-05,1,0.601714,0.600514,0.106642,0,PSF-00578_20260722180301_39c,PFA-00612,PSA-00572,PSF-00578,RHS-0697,3.0.0,2026-06-15T15:17:51.144Z
22,21:29:50,7/22/2026,Rain_out,Climate_model,,Pl23-R3-M3-H2-P03,,,-0.000901,2.9167,-0.000901,-0.011701,1.488569,1.488889,2.734577,1.246008,15.182289,15.179028,27.884642,0.441786,7.5,PSF-00578_20260722212950_a73,0,0,0,82.948921,350.936279,0.763635,0.5,0.8,0.002792,1,48.87,48.88,24.28,22.49,22.49,98.07,156.1,156.2,0,0,3.939,16,49,8,,,,,,,,0:00:00,0000-00-00,nan,nan,nan,0,nan,21:21:58,7/22/2026,-0.64,1,-0.002,-0.003,-9999,0.067,0.193,-9999,1,150,0.005,2,0.058905,0,0.02923,0,0,-6.80E-05,standard,0,rectangular,7000,500,-9999,-9999,55537,55537,55537,0,-9999,0,0,0,0,2.473657,2.459645,1.642599,0.932787,0.280652,-0.01893,0.170329,0.10665,82.948921,0.000286,2.397709,-3.00E-05,1,2.383926,-2.40E-05,1,0.601714,0.600514,0.106642,0,PSF-00578_20260722212950_a73,PFA-00612,PSA-00572,PSF-00578,RHS-0697,3.0.0,2026-06-15T15:17:51.144Z
23,21:30:33,7/22/2026,Rain_out,Climate_model,,Pl23-R3-M3-H2-P03,,,-0.003054,2.915777,-0.003058,-0.039384,1.507441,1.508518,2.743262,1.235821,15.382057,15.371073,27.97249,0.441786,7.5,PSF-00578_20260722213033_c35,0,0,0,83.614822,339.624512,0.753802,0.5,0.8,0.00224,1,49.61,49.64,24.24,22.55,22.55,98.07,156,156,0,0,3.938,-1,-28,332,,,,,,,,0:00:00,0000-00-00,nan,nan,nan,0,nan,21:21:58,7/22/2026,-0.64,1,-0.001,-0.003,-9999,0.235,0.523,-9999,1,150,0.005,2,0.058905,0,0.02923,0,0,-6.80E-05,standard,0,rectangular,7000,500,-9999,-9999,55537,55537,55537,0,-9999,0,0,0,0,2.474662,2.460602,1.641657,0.932316,0.281108,-0.01792,0.176044,0.106648,83.614822,0.000269,2.397709,-3.00E-05,1,2.383926,-2.40E-05,1,0.601714,0.600514,0.106642,0,PSF-00578_20260722213033_c35,PFA-00612,PSA-00572,PSF-00578,RHS-0697,3.0.0,2026-06-15T15:17:51.144Z
24,21:30:45,7/22/2026,Rain_out,Climate_model,,Pl23-R3-M3-H2-P03,,,-0.006969,2.916214,-0.006986,-0.088489,1.510822,1.513241,2.726148,1.215326,15.430648,15.405978,27.798763,0.441786,7.5,PSF-00578_20260722213045_92c,0,0,0,82.583069,311.37265,0.734777,0.5,0.8,0.003944,1,49.76,49.84,24.23,22.44,22.44,98.07,156,156,0,0,3.938,-7,-27,335,,,,,,,,0:00:00,0000-00-00,nan,nan,nan,0,nan,21:21:58,7/22/2026,-0.64,1,-0.001,-0.002,-9999,0.191,0.397,-9999,1,150,0.005,2,0.058905,0,0.02923,0,0,-6.80E-05,standard,0,rectangular,7000,500,-9999,-9999,55537,55537,55537,0,-9999,0,0,0,0,2.474925,2.460804,1.642103,0.932465,0.281275,-0.018866,0.177584,0.106653,82.583069,0.000294,2.397709,-3.00E-05,1,2.383926,-2.40E-05,1,0.601714,0.600514,0.106642,0,PSF-00578_20260722213045_92c,PFA-00612,PSA-00572,PSF-00578,RHS-0697,3.0.0,2026-06-15T15:17:51.144Z
25,21:30:57,7/22/2026,Rain_out,Climate_model,,Pl23-R3-M3-H2-P03,,,-0.004725,2.91753,-0.004733,-0.057859,1.505336,1.506917,2.678613,1.173277,15.365959,15.349845,27.313694,0.441786,7.5,PSF-00578_20260722213057_805,0,0,0,88.471771,353.675354,0.74985,0.5,0.8,0.003126,1,49.63,49.68,24.21,22.15,22.15,98.07,156.2,155.6,0.3,0,3.937,-12,-14,342,,,,,,,,0:00:00,0000-00-00,nan,nan,nan,0,nan,21:21:58,7/22/2026,-0.64,1,-0.001,-0.004,-9999,1.114,2.228,-9999,1,150,0.005,2,0.058905,0,0.02923,0,0,-6.80E-05,standard,0,rectangular,7000,500,-9999,-9999,55537,55537,55537,0,-9999,0,0,0,0,2.474715,2.460633,1.643446,0.93152,0.281447,-0.021802,0.179046,0.106651,88.471771,0.000278,2.397709,-3.00E-05,1,2.383926,-2.40E-05,1,0.601714,0.600514,0.106642,0,PSF-00578_20260722213057_805,PFA-00612,PSA-00572,PSF-00578,RHS-0697,3.0.0,2026-06-15T15:17:51.144Z
27,21:31:39,7/22/2026,Rain_out,Climate_model,,Pl23-R3-M3-H2-P03,,,-0.005135,2.916337,-0.005144,-0.071897,1.501938,1.503904,2.84242,1.340482,15.334616,15.314571,28.982847,0.441786,7.5,PSF-00578_20260722213139_3d3,0,0,0,100.118996,357.697235,0.720101,0.5,0.8,0.004728,1,49.66,49.73,24.16,23.13,23.13,98.07,156,156,0,0,3.937,-17,-21,341,,,,,,,,0:00:00,0000-00-00,nan,nan,nan,0,nan,21:21:58,7/22/2026,-0.64,1,-0.001,-0.002,-9999,-0.19,0.048,-9999,1,150,0.005,2,0.058905,0,0.02923,0,0,-6.80E-05,standard,0,rectangular,7000,500,-9999,-9999,55537,55537,55537,0,-9999,0,0,0,0,2.474788,2.460688,1.642228,0.932366,0.282007,-0.01071,0.184394,0.106656,100.118996,0.000276,2.397709,-3.00E-05,1,2.383926,-2.40E-05,1,0.601714,0.600514,0.106642,0,PSF-00578_20260722213139_3d3,PFA-00612,PSA-00572,PSF-00578,RHS-0697,3.0.0,2026-06-15T15:17:51.144Z
28,21:31:54,7/22/2026,Rain_out,Climate_model,,Pl23-R3-M3-H2-P03,,,-0.009426,2.915366,-0.009457,-0.120962,1.507352,1.510661,2.734532,1.22718,15.405356,15.37161,27.886099,0.441786,7.5,PSF-00578_20260722213154_9b4,0,0,0,76.813461,327.458374,0.765425,0.5,0.8,0.003453,1,49.9,50.01,24.14,22.49,22.49,98.06,155.9,156.1,-0.1,0,3.935,25,59,311,,,,,,,,0:00:00,0000-00-00,nan,nan,nan,0,nan,21:21:58,7/22/2026,-0.64,1,0,-0.001,-9999,-0.026,-0.128,-9999,1,150,0.005,2,0.058905,0,0.02923,0,0,-6.80E-05,standard,0,rectangular,7000,500,-9999,-9999,55537,55537,55537,0,-9999,0,0,0,0,2.475152,2.460989,1.641239,0.932677,0.282207,-0.017412,0.186341,0.106651,76.813461,0.000293,2.397709,-3.00E-05,1,2.383926,-2.40E-05,1,0.601714,0.600514,0.106642,0,PSF-00578_20260722213154_9b4,PFA-00612,PSA-00572,PSF-00578,RHS-0697,3.0.0,2026-06-15T15:17:51.144Z
29,21:32:29,7/22/2026,Rain_out,Climate_model,,Pl23-R3-M3-H2-P03,,,-6.00E-06,2.916711,-6.00E-06,-7.70E-05,1.527919,1.527921,2.820714,1.292796,15.580139,15.580118,28.762697,0.441786,7.5,PSF-00578_20260722213229_9fd,0,0,0,85.245964,311.900848,0.726689,0.5,0.8,0.002283,1,50.64,50.64,24.12,23.01,23.01,98.07,156.1,156,0.1,0,3.935,20,-55,344,,,,,,,,0:00:00,0000-00-00,nan,nan,nan,0,nan,21:32:20,7/22/2026,-0.58,1,-0.002,-0.001,-0.006,0.256,0.746,1.176,1,150,0.005,2,0.058905,0,0.02923,0,0,-6.80E-05,standard,0,rectangular,7000,500,-9999,-9999,55537,55537,55537,0,-9999,0,0,0,0,2.475973,2.461871,1.642609,0.932312,0.282423,-0.011677,0.190786,0.106649,85.245964,0.000291,2.397709,-3.00E-05,1,2.383926,-2.40E-05,1,0.601714,0.600514,0.106642,0,PSF-00578_20260722213229_9fd,PFA-00612,PSA-00572,PSF-00578,RHS-0697,3.0.0,2026-06-15T15:17:51.144Z
30,21:32:51,7/22/2026,Rain_out,Climate_model,,Pl23-R3-M3-H2-P03,,,0.000134,2.915261,0.000134,0.001722,1.512304,1.512257,2.74443,1.232126,15.42065,15.42113,27.985258,0.441786,7.5,PSF-00578_20260722213251_4e0,0,0,0,80.828545,312.664032,0.741484,0.5,0.8,0.003092,1,50.14,50.14,24.12,22.55,22.55,98.07,155.9,156,-0.1,0,3.928,7,-27,21,,,,,,,,0:00:00,0000-00-00,nan,nan,nan,0,nan,21:32:20,7/22/2026,-0.58,1,-0.001,-0.001,-9999,0.207,0.19,-9999,1,150,0.005,2,0.058905,0,0.02923,0,0,-6.80E-05,standard,0,rectangular,7000,500,-9999,-9999,55537,55537,55537,0,-9999,0,0,0,0,2.475328,2.461239,1.641132,0.932385,0.282506,-0.016481,0.19364,0.106651,80.828545,0.000282,2.397709,-3.00E-05,1,2.383926,-2.40E-05,1,0.601714,0.600514,0.106642,0,PSF-00578_20260722213251_4e0,PFA-00612,PSA-00572,PSF-00578,RHS-0697,3.0.0,2026-06-15T15:17:51.144Z
31,21:33:18,7/22/2026,Rain_out,Climate_model,,Pl23-R3-M3-H2-P03,,,0.001514,2.916344,0.001513,0.019519,1.501968,1.501434,2.739716,1.237748,15.309669,15.31511,27.936047,0.441786,7.5,PSF-00578_20260722213318_b46,0,0,0,82.388519,330.935242,0.751043,0.5,0.8,0.003774,1,49.86,49.84,24.1,22.53,22.53,98.07,156,156,0,0,3.933,10,-13,12,,,,,,,,0:00:00,0000-00-00,nan,nan,nan,0,nan,21:32:20,7/22/2026,-0.58,1,-0.003,-0.001,-9999,0.294,0.78,-9999,1,150,0.005,2,0.058905,0,0.02923,0,0,-6.80E-05,standard,0,rectangular,7000,500,-9999,-9999,55537,55537,55537,0,-9999,0,0,0,0,2.474946,2.460882,1.642235,0.932389,0.282739,-0.016559,0.196966,0.106652,82.388519,0.000284,2.397709,-3.00E-05,1,2.383926,-2.40E-05,1,0.601714,0.600514,0.106642,0,PSF-00578_20260722213318_b46,PFA-00612,PSA-00572,PSF-00578,RHS-0697,3.0.0,2026-06-15T15:17:51.144Z
32,21:33:30,7/22/2026,Rain_out,Climate_model,,Pl23-R3-M3-H2-P03,,,-0.003678,2.917089,-0.003683,-0.046611,1.512139,1.513412,2.726569,1.21443,15.431843,15.418858,27.802059,0.441786,7.5,PSF-00578_20260722213330_81b,0,0,0,79.546806,335.641266,0.763,0.5,0.8,0.004357,1,50.23,50.27,24.09,22.45,22.45,98.07,156.1,156.1,0,0,3.897,13,57,3,,,,,,,,0:00:00,0000-00-00,nan,nan,nan,0,nan,21:32:20,7/22/2026,-0.58,1,-0.001,-0.002,-9999,-0.052,-0.175,-9999,1,150,0.005,2,0.058905,0,0.02923,0,0,-6.80E-05,standard,0,rectangular,7000,500,-9999,-9999,55537,55537,55537,0,-9999,0,0,0,0,2.475506,2.461357,1.642996,0.93266,0.282859,-0.017295,0.19834,0.106654,79.546806,0.000299,2.397709,-3.00E-05,1,2.383926,-2.40E-05,1,0.601714,0.600514,0.106642,0,PSF-00578_20260722213330_81b,PFA-00612,PSA-00572,PSF-00578,RHS-0697,3.0.0,2026-06-15T15:17:51.144Z
33,21:33:42,7/22/2026,Rain_out,Climate_model,,Pl23-R3-M3-H2-P03,,,-0.000518,2.916862,-0.000518,-0.007029,1.511596,1.511788,2.812827,1.301231,15.415714,15.413755,28.682415,0.441786,7.5,PSF-00578_20260722213342_91e,0,0,0,84.570053,360.83902,0.765629,0.5,0.8,0.003585,1,50.24,50.24,24.08,22.96,22.96,98.07,156.1,156,0.1,0,3.932,15,57,1,,,,,,,,0:00:00,0000-00-00,nan,nan,nan,0,nan,21:32:20,7/22/2026,-0.58,1,0,-0.001,-9999,0.367,0.876,-9999,1,150,0.005,2,0.058905,0,0.02923,0,0,-6.80E-05,standard,0,rectangular,7000,500,-9999,-9999,55537,55537,55537,0,-9999,0,0,0,0,2.475472,2.46137,1.642763,0.932356,0.282957,-0.011658,0.199838,0.106652,84.570053,0.000295,2.397709,-3.00E-05,1,2.383926,-2.40E-05,1,0.601714,0.600514,0.106642,0,PSF-00578_20260722213342_91e,PFA-00612,PSA-00572,PSF-00578,RHS-0697,3.0.0,2026-06-15T15:17:51.144Z
34,21:34:02,7/22/2026,Rain_out,Climate_model,,Pl23-R3-M3-H2-P03,,,-0.001796,2.915673,-0.001797,-0.025413,1.507223,1.507918,2.863447,1.356224,15.375585,15.368496,29.197321,0.441786,7.5,PSF-00578_20260722213402_99d,0,0,0,81.48658,335.261475,0.756946,0.5,0.8,0.003934,1,50.14,50.16,24.06,23.25,23.25,98.07,156,156.1,-0.1,0,3.932,15,41,2,,,,,,,,0:00:00,0000-00-00,nan,nan,nan,0,nan,21:32:20,7/22/2026,-0.58,1,-0.001,0,-9999,0.132,0.021,-9999,1,150,0.005,2,0.058905,0,0.02923,0,0,-6.80E-05,standard,0,rectangular,7000,500,-9999,-9999,55537,55537,55537,0,-9999,0,0,0,0,2.475368,2.461246,1.641551,0.932688,0.283132,-0.00829,0.202365,0.106653,81.48658,0.00029,2.397709,-3.00E-05,1,2.383926,-2.40E-05,1,0.601714,0.600514,0.106642,0,PSF-00578_20260722213402_99d,PFA-00612,PSA-00572,PSF-00578,RHS-0697,3.0.0,2026-06-15T15:17:51.144Z
43,21:37:01,7/22/2026,Rain_out,Climate_model,,Pl27-R3-M3-H3-P02,,,-0.001275,2.914648,-0.001276,-0.017131,1.518464,1.518933,2.806221,1.287756,15.486087,15.481305,28.610456,0.441786,7.5,PSF-00578_20260722213701_17c,0,0,0,80.981613,308.01593,0.737086,0.5,0.8,0.00383,1,50.84,50.85,23.95,22.92,22.92,98.08,155.8,156.1,-0.2,0,3.928,-9,31,323,,,,,,,,0:00:00,0000-00-00,nan,nan,nan,0,nan,21:32:20,7/22/2026,-0.58,1,0,-0.001,-9999,0.117,0.1,-9999,1,150,0.005,2,0.058905,0,0.02923,0,0,-6.80E-05,standard,0,rectangular,7000,500,-9999,-9999,55537,55537,55537,0,-9999,0,0,0,0,2.476288,2.46216,1.640509,0.932623,0.284348,-0.01073,0.223928,0.106653,80.981613,0.000284,2.397709,-3.00E-05,1,2.383926,-2.40E-05,1,0.601714,0.600514,0.106642,0,PSF-00578_20260722213701_17c,PFA-00612,PSA-00572,PSF-00578,RHS-0697,3.0.0,2026-06-15T15:17:51.144Z
44,21:37:12,7/22/2026,Rain_out,Climate_model,,Pl27-R3-M3-H3-P02,,,-0.003213,2.915857,-0.003217,-0.038652,1.524429,1.525486,2.67775,1.153321,15.553445,15.542667,27.301619,0.441786,7.5,PSF-00578_20260722213712_18b,0,0,0,75.102211,302.404755,0.75165,0.5,0.8,0.005322,1,51.05,51.08,23.95,22.15,22.15,98.08,156,156,0,0,3.927,8,-34,331,,,,,,,,0:00:00,0000-00-00,nan,nan,nan,0,nan,21:32:20,7/22/2026,-0.58,1,-0.001,-0.001,-9999,-0.063,-0.124,-9999,1,150,0.005,2,0.058905,0,0.02923,0,0,-6.80E-05,standard,0,rectangular,7000,500,-9999,-9999,55537,55537,55537,0,-9999,0,0,0,0,2.476588,2.46243,1.641739,0.932373,0.284391,-0.019001,0.22522,0.106657,75.102211,0.000269,2.397709,-3.00E-05,1,2.383926,-2.40E-05,1,0.601714,0.600514,0.106642,0,PSF-00578_20260722213712_18b,PFA-00612,PSA-00572,PSF-00578,RHS-0697,3.0.0,2026-06-15T15:17:51.144Z
45,21:37:24,7/22/2026,Rain_out,Climate_model,,Pl27-R3-M3-H3-P02,,,0.000701,2.914713,0.000701,0.009187,1.527806,1.527554,2.785748,1.257943,15.574774,15.577337,28.403181,0.441786,7.5,PSF-00578_20260722213724_6e3,0,0,0,78.832268,329.902405,0.761044,0.5,0.8,0.003434,1,51.18,51.17,23.94,22.8,22.8,98.08,155.8,156.2,-0.2,0,3.927,-9,27,325,,,,,,,,0:00:00,0000-00-00,nan,nan,nan,0,nan,21:32:20,7/22/2026,-0.58,1,0,0,-9999,0.133,0.215,-9999,1,150,0.005,2,0.058905,0,0.02923,0,0,-6.80E-05,standard,0,rectangular,7000,500,-9999,-9999,55537,55537,55537,0,-9999,0,0,0,0,2.476705,2.462602,1.640575,0.932961,0.284465,-0.011923,0.22664,0.106651,78.832268,0.00029,2.397709,-3.00E-05,1,2.383926,-2.40E-05,1,0.601714,0.600514,0.106642,0,PSF-00578_20260722213724_6e3,PFA-00612,PSA-00572,PSF-00578,RHS-0697,3.0.0,2026-06-15T15:17:51.144Z
46,21:37:53,7/22/2026,Rain_out,Climate_model,,Pl27-R3-M3-H3-P02,,,0.000805,2.914529,0.000804,0.010338,1.532709,1.532426,2.765451,1.232742,15.624642,15.627527,28.196592,0.441786,7.5,PSF-00578_20260722213753_5d3,0,0,0,74.486015,320.302979,0.767451,0.5,0.8,0.003857,1,51.38,51.37,23.93,22.68,22.68,98.08,155.8,155.7,0.1,0,3.926,16,43,341,,,,,,,,0:00:00,0000-00-00,nan,nan,nan,0,nan,21:32:20,7/22/2026,-0.58,1,-0.001,-0.003,-9999,0.202,0.261,-9999,1,150,0.005,2,0.058905,0,0.02923,0,0,-6.80E-05,standard,0,rectangular,7000,500,-9999,-9999,55537,55537,55537,0,-9999,0,0,0,0,2.476961,2.462855,1.640388,0.931588,0.284587,-0.013108,0.230096,0.106652,74.486015,0.000283,2.397709,-3.00E-05,1,2.383926,-2.40E-05,1,0.601714,0.600514,0.106642,0,PSF-00578_20260722213753_5d3,PFA-00612,PSA-00572,PSF-00578,RHS-0697,3.0.0,2026-06-15T15:17:51.144Z
47,21:38:03,7/22/2026,Rain_out,Climate_model,,Pl27-R3-M3-H3-P02,,,-0.003427,2.916579,-0.003431,-0.040762,1.531361,1.532475,2.671635,1.140274,15.625264,15.613906,27.240248,0.441786,7.5,PSF-00578_20260722213803_04b,0,0,0,79.075096,298.873535,0.735423,0.5,0.8,0.004577,1,51.35,51.39,23.93,22.11,22.11,98.08,156.1,156.3,-0.2,0,3.926,15,-40,335,,,,,,,,0:00:00,0000-00-00,nan,nan,nan,0,nan,21:32:20,7/22/2026,-0.58,1,0,0,-9999,0.102,0.179,-9999,1,150,0.005,2,0.058905,0,0.02923,0,0,-6.80E-05,standard,0,rectangular,7000,500,-9999,-9999,55537,55537,55537,0,-9999,0,0,0,0,2.476984,2.462817,1.642475,0.933226,0.284642,-0.019162,0.231201,0.106655,79.075096,0.00029,2.397709,-3.00E-05,1,2.383926,-2.40E-05,1,0.601714,0.600514,0.106642,0,PSF-00578_20260722213803_04b,PFA-00612,PSA-00572,PSF-00578,RHS-0697,3.0.0,2026-06-15T15:17:51.144Z
48,21:38:13,7/22/2026,Rain_out,Climate_model,,Pl27-R3-M3-H3-P02,,,-0.003805,2.915857,-0.00381,-0.060439,1.539182,1.540835,3.058581,1.519399,15.710579,15.693729,31.185749,0.441786,7.5,PSF-00578_20260722213813_f33,0,0,0,77.721474,301.87619,0.742539,0.5,0.8,0.003604,1,51.62,51.68,23.93,24.35,24.35,98.08,156,156.1,-0.1,0,3.926,14,-39,333,,,,,,,,0:00:00,0000-00-00,nan,nan,nan,0,nan,21:32:20,7/22/2026,-0.58,1,0,-0.002,-9999,0.367,0.51,-9999,1,150,0.005,2,0.058905,0,0.02923,0,0,-6.80E-05,standard,0,rectangular,7000,500,-9999,-9999,55537,55537,55537,0,-9999,0,0,0,0,2.477362,2.463167,1.641739,0.932589,0.284684,0.005199,0.232306,0.106652,77.721474,0.000293,2.397709,-3.00E-05,1,2.383926,-2.40E-05,1,0.601714,0.600514,0.106642,0,PSF-00578_20260722213813_f33,PFA-00612,PSA-00572,PSF-00578,RHS-0697,3.0.0,2026-06-15T15:17:51.144Z
49,21:38:23,7/22/2026,Rain_out,Climate_model,,Pl27-R3-M3-H3-P02,,,-0.004381,2.91621,-0.004388,-0.069442,1.545596,1.547495,3.061372,1.515776,15.778082,15.758729,31.213409,0.441786,7.5,PSF-00578_20260722213823_393,0,0,0,73.966385,315.199615,0.765335,0.5,0.8,0.003715,1,51.83,51.9,23.93,24.37,24.37,98.08,156,156.2,-0.1,0,3.925,7,-40,334,,,,,,,,0:00:00,0000-00-00,nan,nan,nan,0,nan,21:32:20,7/22/2026,-0.58,1,0,-0.001,-9999,0.166,0.281,-9999,1,150,0.005,2,0.058905,0,0.02923,0,0,-6.80E-05,standard,0,rectangular,7000,500,-9999,-9999,55537,55537,55537,0,-9999,0,0,0,0,2.477644,2.463434,1.642099,0.93283,0.284664,0.005347,0.233417,0.106652,73.966385,0.00029,2.397709,-3.00E-05,1,2.383926,-2.40E-05,1,0.601714,0.600514,0.106642,0,PSF-00578_20260722213823_393,PFA-00612,PSA-00572,PSF-00578,RHS-0697,3.0.0,2026-06-15T15:17:51.144Z
50,21:38:32,7/22/2026,Rain_out,Climate_model,,Pl27-R3-M3-H3-P02,,,-0.011645,2.91564,-0.011692,-0.148405,1.564997,1.569054,2.78227,1.217273,15.998881,15.957512,28.36945,0.441786,7.5,PSF-00578_20260722213832_cd9,0,0,0,77.021599,325.733887,0.763544,0.5,0.8,0.003053,1,52.48,52.61,23.93,22.78,22.78,98.07,156,156,-0.1,0,3.925,6,-45,333,,,,,,,,0:00:00,0000-00-00,nan,nan,nan,0,nan,21:32:20,7/22/2026,-0.58,1,0.001,0.001,-9999,0.088,0.122,-9999,1,150,0.005,2,0.058905,0,0.02923,0,0,-6.80E-05,standard,0,rectangular,7000,500,-9999,-9999,55537,55537,55537,0,-9999,0,0,0,0,2.47857,2.464253,1.641518,0.932504,0.284642,-0.011976,0.234444,0.10665,77.021599,0.000288,2.397709,-3.00E-05,1,2.383926,-2.40E-05,1,0.601714,0.600514,0.106642,0,PSF-00578_20260722213832_cd9,PFA-00612,PSA-00572,PSF-00578,RHS-0697,3.0.0,2026-06-15T15:17:51.144Z
51,21:38:41,7/22/2026,Rain_out,Climate_model,,Pl27-R3-M3-H3-P02,,,-0.004989,2.916552,-0.004998,-0.067674,1.561273,1.563122,2.85938,1.298107,15.937658,15.918806,29.154362,0.441786,7.5,PSF-00578_20260722213841_db6,0,0,0,75.505257,302.709473,0.750569,0.5,0.8,0.003129,1,52.36,52.43,23.93,23.23,23.23,98.08,156.1,155.7,0.2,0,3.925,1,-39,334,,,,,,,,0:00:00,0000-00-00,nan,nan,nan,0,nan,21:32:20,7/22/2026,-0.58,1,-0.002,-0.002,-9999,-0.046,0.087,-9999,1,150,0.005,2,0.058905,0,0.02923,0,0,-6.80E-05,standard,0,rectangular,7000,500,-9999,-9999,55537,55537,55537,0,-9999,0,0,0,0,2.47833,2.464111,1.642447,0.93161,0.284686,-0.007038,0.235495,0.106651,75.505257,0.000292,2.397709,-3.00E-05,1,2.383926,-2.40E-05,1,0.601714,0.600514,0.106642,0,PSF-00578_20260722213841_db6,PFA-00612,PSA-00572,PSF-00578,RHS-0697,3.0.0,2026-06-15T15:17:51.144Z
52,21:38:54,7/22/2026,Rain_out,Climate_model,,Pl27-R3-M3-H3-P02,,,-0.003288,2.916284,-0.003292,-0.041008,1.550329,1.55145,2.745381,1.195052,15.819497,15.80807,27.993525,0.441786,7.5,PSF-00578_20260722213854_183,0,0,0,73.919533,318.31134,0.767776,0.5,0.8,0.004516,1,52.01,52.04,23.92,22.56,22.56,98.07,156,156,0.1,0,3.924,11,45,338,,,,,,,,0:00:00,0000-00-00,nan,nan,nan,0,nan,21:32:20,7/22/2026,-0.58,1,-0.001,-0.002,-9999,0.155,0.276,-9999,1,150,0.005,2,0.058905,0,0.02923,0,0,-6.80E-05,standard,0,rectangular,7000,500,-9999,-9999,55537,55537,55537,0,-9999,0,0,0,0,2.477835,2.463655,1.642175,0.932281,0.284716,-0.014278,0.236959,0.106654,73.919533,0.000281,2.397709,-3.00E-05,1,2.383926,-2.40E-05,1,0.601714,0.600514,0.106642,0,PSF-00578_20260722213854_183,PFA-00612,PSA-00572,PSF-00578,RHS-0697,3.0.0,2026-06-15T15:17:51.144Z
53,21:39:03,7/22/2026,Rain_out,Climate_model,,Pl27-R3-M3-H3-P02,,,0.000704,2.917194,0.000704,0.009719,1.548567,1.548301,2.871526,1.322959,15.786507,15.789212,29.27813,0.441786,7.5,PSF-00578_20260722213903_976,0,0,0,76.578857,326.290741,0.765305,0.5,0.8,0.004108,1,51.96,51.95,23.92,23.3,23.3,98.08,156.1,156.1,0,0,3.925,14,51,335,,,,,,,,0:00:00,0000-00-00,nan,nan,nan,0,nan,21:32:20,7/22/2026,-0.58,1,0.001,-0.001,-9999,0.641,1.045,-9999,1,150,0.005,2,0.058905,0,0.02923,0,0,-6.80E-05,standard,0,rectangular,7000,500,-9999,-9999,55537,55537,55537,0,-9999,0,0,0,0,2.477715,2.463596,1.643103,0.932594,0.284762,-0.006203,0.237995,0.106653,76.578857,0.000291,2.397709,-3.00E-05,1,2.383926,-2.40E-05,1,0.601714,0.600514,0.106642,0,PSF-00578_20260722213903_976,PFA-00612,PSA-00572,PSF-00578,RHS-0697,3.0.0,2026-06-15T15:17:51.144Z
54,21:39:12,7/22/2026,Rain_out,Climate_model,,Pl27-R3-M3-H3-P02,,,0.022671,2.915904,0.022496,0.263656,1.557505,1.550297,2.68211,1.124606,15.807263,15.880751,27.347542,0.441786,7.5,PSF-00578_20260722213912_d59,0,0,0,78.247192,341.312531,0.770746,0.5,0.8,0.004005,1,52.27,52.03,23.92,22.18,22.18,98.07,156,156,0,0,3.924,22,60,313,,,,,,,,0:00:00,0000-00-00,nan,nan,nan,0,nan,21:32:20,7/22/2026,-0.58,1,0,0.001,-9999,0.511,0.544,-9999,1,150,0.005,2,0.058905,0,0.02923,0,0,-6.80E-05,standard,0,rectangular,7000,500,-9999,-9999,55537,55537,55537,0,-9999,0,0,0,0,2.477815,2.463991,1.641787,0.932479,0.284797,-0.018324,0.238954,0.106653,78.247192,0.000283,2.397709,-3.00E-05,1,2.383926,-2.40E-05,1,0.601714,0.600514,0.106642,0,PSF-00578_20260722213912_d59,PFA-00612,PSA-00572,PSF-00578,RHS-0697,3.0.0,2026-06-15T15:17:51.144Z
55,21:39:23,7/22/2026,Rain_out,Climate_model,,Pl27-R3-M3-H3-P02,,,-0.000256,2.915321,-0.000257,-0.003193,1.553079,1.553166,2.747046,1.193968,15.837116,15.836226,28.010719,0.441786,7.5,PSF-00578_20260722213923_937,0,0,0,82.135323,331.702698,0.752383,0.5,0.8,0.004554,1,52.14,52.14,23.91,22.57,22.57,98.07,155.9,156.1,-0.1,0,3.923,31,61,257,,,,,,,,0:00:00,0000-00-00,nan,nan,nan,0,nan,21:32:20,7/22/2026,-0.58,1,0,0,0.006,0.067,0.301,0.403,1,150,0.005,2,0.058905,0,0.02923,0,0,-6.80E-05,standard,0,rectangular,7000,500,-9999,-9999,55537,55537,55537,0,-9999,0,0,0,0,2.47796,2.463822,1.641193,0.932591,0.284852,-0.014039,0.240088,0.106655,82.135323,0.00028,2.397709,-3.00E-05,1,2.383926,-2.40E-05,1,0.601714,0.600514,0.106642,0,PSF-00578_20260722213923_937,PFA-00612,PSA-00572,PSF-00578,RHS-0697,3.0.0,2026-06-15T15:17:51.144Z
56,21:39:32,7/22/2026,Rain_out,Climate_model,,Pl27-R3-M3-H3-P02,,,-0.002823,2.916675,-0.002826,-0.046231,1.568687,1.56995,3.134572,1.565884,16.008179,15.995303,31.962027,0.441786,7.5,PSF-00578_20260722213932_8ae,0,0,0,83.042976,340.698853,0.756257,0.5,0.8,0.004448,1,52.66,52.7,23.91,24.76,24.76,98.07,156.1,155.9,0.1,0,3.923,33,55,253,,,,,,,,0:00:00,0000-00-00,nan,nan,nan,0,nan,21:32:20,7/22/2026,-0.58,1,0.001,0.003,-9999,0.882,1.534,-9999,1,150,0.005,2,0.058905,0,0.02923,0,0,-6.80E-05,standard,0,rectangular,7000,500,-9999,-9999,55537,55537,55537,0,-9999,0,0,0,0,2.478686,2.464487,1.642573,0.932078,0.284849,0.009886,0.241118,0.106654,83.042976,0.000295,2.397709,-3.00E-05,1,2.383926,-2.40E-05,1,0.601714,0.600514,0.106642,0,PSF-00578_20260722213932_8ae,PFA-00612,PSA-00572,PSF-00578,RHS-0697,3.0.0,2026-06-15T15:17:51.144Z
57,21:39:45,7/22/2026,Rain_out,Climate_model,,Pl27-R3-M3-H3-P02,,,-0.00056,2.914652,-0.00056,-0.006724,1.568706,1.56889,2.720492,1.151786,15.996795,15.99492,27.738819,0.441786,7.5,PSF-00578_20260722213945_4bb,0,0,0,83.535431,317.04892,0.736522,0.5,0.8,0.001936,1,52.65,52.65,23.91,22.41,22.41,98.08,155.8,155.9,-0.1,0,3.924,7,-16,340,,,,,,,,0:00:00,0000-00-00,nan,nan,nan,0,nan,21:32:20,7/22/2026,-0.58,1,-0.002,0,-9999,0.146,0.421,-9999,1,150,0.005,2,0.058905,0,0.02923,0,0,-6.80E-05,standard,0,rectangular,7000,500,-9999,-9999,55537,55537,55537,0,-9999,0,0,0,0,2.478624,2.464472,1.640513,0.932261,0.284805,-0.015807,0.242602,0.106647,83.535431,0.000282,2.397709,-3.00E-05,1,2.383926,-2.40E-05,1,0.601714,0.600514,0.106642,0,PSF-00578_20260722213945_4bb,PFA-00612,PSA-00572,PSF-00578,RHS-0697,3.0.0,2026-06-15T15:17:51.144Z
58,21:39:54,7/22/2026,Rain_out,Climate_model,,Pl27-R3-M3-H3-P02,,,-0.004037,2.915303,-0.004043,-0.056244,1.571148,1.572686,2.904634,1.333487,16.034315,16.018633,29.614197,0.441786,7.5,PSF-00578_20260722213954_04e,0,0,0,82.603455,313.058502,0.73614,0.5,0.8,0.004708,1,52.73,52.78,23.91,23.49,23.49,98.08,155.9,156.1,-0.1,0,3.923,7,-24,338,,,,,,,,0:00:00,0000-00-00,nan,nan,nan,0,nan,21:32:20,7/22/2026,-0.58,1,0,0,-9999,0.408,0.711,-9999,1,150,0.005,2,0.058905,0,0.02923,0,0,-6.80E-05,standard,0,rectangular,7000,500,-9999,-9999,55537,55537,55537,0,-9999,0,0,0,0,2.478793,2.464581,1.641175,0.932559,0.284817,-0.004082,0.243634,0.106655,82.603455,0.00029,2.397709,-3.00E-05,1,2.383926,-2.40E-05,1,0.601714,0.600514,0.106642,0,PSF-00578_20260722213954_04e,PFA-00612,PSA-00572,PSF-00578,RHS-0697,3.0.0,2026-06-15T15:17:51.144Z
