SYS,SYS,SYS,SYS,SYS,USERDEF,USERDEF,USERDEF,USERDEF,PORO,PORO,PORO,PORO,PORO,PORO,PORO,PORO,PORO,PORO,PORO,PORO,PORO,FLUORO,FLUORO,FLUORO,FLUORO,FLUORO,FLUORO,FLUORO,FLUORO,FLUORO,FLUORO,FLUORO,SENSOR,SENSOR,SENSOR,SENSOR,SENSOR,SENSOR,SENSOR,SENSOR,SENSOR,SENSOR,SENSOR,LEAF_ANGLE,LEAF_ANGLE,LEAF_ANGLE,LEAF_ANGLE,LEAF_ANGLE,LEAF_ANGLE,LEAF_ANGLE,LEAF_ANGLE,LEAF_ANGLE,LEAF_ANGLE,GPS,GPS,GPS,GPS,GPS,GPS,GPS,MATCH,MATCH,MATCH,MATCH,STABILITY,STABILITY,STABILITY,STABILITY,STABILITY,STABILITY,P_CONFIG,P_CONFIG,P_CONFIG,P_CONFIG,P_CONFIG,P_CONFIG,P_CONFIG,P_CONFIG,P_CONFIG,P_CONFIG,P_CONFIG,FL_CONFIG,FL_CONFIG,FL_CONFIG,FL_CONFIG,FL_CONFIG,FL_CONFIG,FL_CONFIG,FL_CONFIG,FL_CONFIG,FL_CONFIG,FL_CONFIG,FL_CONFIG,FL_CONFIG,FL_CONFIG,FL_CONFIG,SENSOR_V,SENSOR_V,SENSOR_V,SENSOR_V,SENSOR_V,SENSOR_V,SENSOR_V,SENSOR_V,SENSOR_V,SENSOR_V,USERCAL,USERCAL,USERCAL,USERCAL,USERCAL,USERCAL,USERCAL,USERCAL,USERCAL,USERCAL,META,META,META,META,META,META,META
Obs#,Time,Date,configName,configAuthor,remark,Bar_code,,,gsw,gbw,gtw,E_apparent,VPcham,VPref,VPleaf,VPDleaf,H2O_r,H2O_s,H2O_leaf,leaf_area,leaf_width,flashID,Fo,Fm,Fv/Fm,Fs,Fm',PhiPS2,PS2/1,abs,ETR,TRANS,rh_s,rh_r,Tref,Tmeas,Tleaf,P_atm,flow,flow_s,leak_pct,Qamb,batt,pitch,roll,heading,angle_inc_leaf,direct_pct,slope_leaf,az_leaf,dec_solar,az_solar,zenith_solar,gps_time,gps_date,latitude,longitude,altitude,gps_sats,gps_HDOP,match_time,match_date,rh_adj,type,gsw1sec,gsw2sec,gsw4sec,flr1sec,flr2sec,flr4sec,auto,flow_set,gsw_limit,gsw_period,aw,Bla,Blb,Blc,Bld,Ble,chamber,dark,flash_type,flash_intensity,modrate,flr_limit,flr_period,P1_dur,P2_dur,P3_dur,P1_Fmax,P2_ramp,P2_slp,P3_Fmax,P3_Pred,P3_DeltaF,v_humA,v_humB,v_flowIn,v_flowOut,v_temp,v_irt,v_pres,v_par,v_F,i_LED,b_rhr,m_rhr,span_rhr,b_rhs,m_rhs,span_rhs,z_flowIn,z_flowOut,z_quantum,z_flr,flashId,lciSerNum,lcpSerNum,lcfSerNum,lcrhSerNum,version,configUpdatedAt
,HHMMSS,YYYYMMDD,,,,,,,mol+1m-2s-1,mol+1m-2s-1,mol+1m-2s-1,mmol+1m-2s-1,kPa,kPa,kPa,kPa,mmol+1mol-1,mmol+1mol-1,mmol+1mol-1,cm+2,mm,,,,,,,,,,umol+1m-2s-1,,%,%,C,C,C,kPa,umol+1sec-1,umol+1sec-1,%,umol+1m-2s-1,V,degrees,degrees,degrees,degrees,%,degrees,degrees,degrees,degrees,degrees,HHMMSS,YYYYMMDD,degrees,degrees,m,,,HHMMSS,YYYYMMDD,%,,,,,,,,,umol+1sec-1,(umol+1m-2s-1)s-1,s,,,,,,,,,,umol+1m-2s-1,Hz,s-1,s,ms,ms,ms,,%,,,,,V,V,V,V,V,V,V,V,V,A,,,,,,,,,,,,,,,,,
1,09:01:49,2026-07-21,Rain_out,Climate_model,,Pl1-R1-M2-H3-P10,,,0.102542,2.91572,0.099058,1.290039,1.941353,1.906401,3.178946,1.237594,19.534595,19.892744,32.574177,0.441786,7.5,PSF-00578_20260721090149_715,0,0,0,82.076668,268.629303,0.694461,0.5,0.8,154.966187,1,67.43,66.21,23.35,25,25,97.59,156,156,0,558,3.774,-6,-8,350,,,,,,,,00:00:00,0000-00-00,nan,nan,nan,0,nan,09:01:11,2026-07-21,-0.82,1,-0.002,-0.004,-0.012,-0.058,0.144,0.284,1,150,0.005,2,0.058905,0,0.02923,0,0,-6.8e-05,standard,0,rectangular,7000,500,-9999,-9999,55537,55537,55537,0,-9999,0,0,0,0,2.495954,2.483348,1.641599,0.93248,0.291363,0.018732,0.076836,0.572784,82.076668,0.000288,2.397709,-3e-05,1,2.383926,-2.4e-05,1,0.601714,0.600514,0.106642,0,PSF-00578_20260721090149_715,PFA-00612,PSA-00572,PSF-00578,RHS-0697,3.0.0,2026-06-15T15:17:51.144Z
2,09:02:15,2026-07-21,Rain_out,Climate_model,,Pl1-R1-M2-H3-P10,,,0.115516,2.914866,0.111113,1.363537,1.988883,1.951934,3.154907,1.166024,20.001425,20.380045,32.328262,0.441786,7.5,PSF-00578_20260721090215_a59,0,0,0,88.933823,247.973083,0.641357,0.5,0.8,87.762482,1,68.28,67.01,23.54,24.87,24.87,97.59,155.9,156.2,-0.2,342,3.771,-5,-20,358,,,,,,,,00:00:00,0000-00-00,nan,nan,nan,0,nan,09:01:11,2026-07-21,-0.82,1,-0.004,-0.004,-0.016,0.257,0.387,0.821,1,150,0.005,2,0.058905,0,0.02923,0,0,-6.8e-05,standard,0,rectangular,7000,500,-9999,-9999,55537,55537,55537,0,-9999,0,0,0,0,2.496922,2.484372,1.640731,0.932809,0.289124,0.015195,0.081521,0.392492,88.933823,0.000289,2.397709,-3e-05,1,2.383926,-2.4e-05,1,0.601714,0.600514,0.106642,0,PSF-00578_20260721090215_a59,PFA-00612,PSA-00572,PSF-00578,RHS-0697,3.0.0,2026-06-15T15:17:51.144Z
3,09:02:28,2026-07-21,Rain_out,Climate_model,,Pl1-R1-M2-H3-P10,,,0.142516,2.917336,0.135878,1.588244,2.0305,1.987566,3.14093,1.11043,20.367428,20.807396,32.186436,0.441786,7.5,PSF-00578_20260721090228_30f,0,0,0,83.824394,299.88028,0.720474,0.5,0.8,73.615898,1,69.31,67.85,23.63,24.79,24.79,97.59,156.2,156,0.1,255,3.771,-21,-25,354,,,,,,,,00:00:00,0000-00-00,nan,nan,nan,0,nan,09:01:11,2026-07-21,-0.82,1,-0.003,-0.003,-0.011,0.083,0.181,0.667,1,150,0.005,2,0.058905,0,0.02923,0,0,-6.8e-05,standard,0,rectangular,7000,500,-9999,-9999,55537,55537,55537,0,-9999,0,0,0,0,2.497958,2.485638,1.643249,0.932421,0.288043,0.013338,0.08353,0.320086,83.824394,0.000284,2.397709,-3e-05,1,2.383926,-2.4e-05,1,0.601714,0.600514,0.106642,0,PSF-00578_20260721090228_30f,PFA-00612,PSA-00572,PSF-00578,RHS-0697,3.0.0,2026-06-15T15:17:51.144Z
4,09:02:43,2026-07-21,Rain_out,Climate_model,,Pl1-R1-M2-H3-P10,,,0.058441,2.916517,0.057293,0.691872,2.054153,2.035444,3.200792,1.146639,20.859339,21.051073,32.801891,0.441786,7.5,PSF-00578_20260721090243_5b2,0,0,0,84.307549,270.963898,0.688861,0.5,0.8,44.148743,1,69.6,68.96,23.76,25.11,25.11,97.58,156.1,156.3,-0.1,160,3.765,3,36,167,,,,,,,,00:00:00,0000-00-00,nan,nan,nan,0,nan,09:01:11,2026-07-21,-0.82,1,-0.001,-0.004,-0.019,-0.155,-0.149,-0.375,1,150,0.005,2,0.058905,0,0.02923,0,0,-6.8e-05,standard,0,rectangular,7000,500,-9999,-9999,55537,55537,55537,0,-9999,0,0,0,0,2.499335,2.48597,1.642411,0.933147,0.286613,0.015478,0.086111,0.240522,84.307549,0.000275,2.397709,-3e-05,1,2.383926,-2.4e-05,1,0.601714,0.600514,0.106642,0,PSF-00578_20260721090243_5b2,PFA-00612,PSA-00572,PSF-00578,RHS-0697,3.0.0,2026-06-15T15:17:51.144Z
5,09:02:56,2026-07-21,Rain_out,Climate_model,,Pl1-R1-M2-H3-P10,,,0.119804,2.915827,0.115076,1.218987,2.093302,2.060329,3.099595,1.006293,21.111338,21.449196,31.760256,0.441786,7.5,PSF-00578_20260721090256_5c9,0,0,0,82.113503,234.979385,0.65055,0.5,0.8,38.955769,1,70.49,69.38,23.86,24.57,24.57,97.59,156,156,0,150,3.73,11,40,175,,,,,,,,00:00:00,0000-00-00,nan,nan,nan,0,nan,09:01:11,2026-07-21,-0.82,1,-0.003,-0.004,-0.015,0.054,0.062,0.109,1,150,0.005,2,0.058905,0,0.02923,0,0,-6.8e-05,standard,0,rectangular,7000,500,-9999,-9999,55537,55537,55537,0,-9999,0,0,0,0,2.499837,2.487055,1.641709,0.93253,0.285441,0.008384,0.088142,0.231731,82.113503,0.000283,2.397709,-3e-05,1,2.383926,-2.4e-05,1,0.601714,0.600514,0.106642,0,PSF-00578_20260721090256_5c9,PFA-00612,PSA-00572,PSF-00578,RHS-0697,3.0.0,2026-06-15T15:17:51.144Z
6,09:03:15,2026-07-21,Rain_out,Climate_model,,Pl1-R1-M2-H3-P10,,,0.121864,2.91538,0.116975,1.292547,2.127863,2.092906,3.176809,1.048945,21.447824,21.806065,32.555519,0.441786,7.5,PSF-00578_20260721090315_625,0,0,0,73.670982,218.463776,0.662777,0.5,0.8,151.178619,1,71.03,69.87,24,24.98,24.98,97.58,155.9,156.2,-0.2,570,3.757,0,-31,250,,,,,,,,00:00:00,0000-00-00,nan,nan,nan,0,nan,09:01:11,2026-07-21,-0.82,1,0.003,0.001,-0.01,-0.025,0.014,0.134,1,150,0.005,2,0.058905,0,0.02923,0,0,-6.8e-05,standard,0,rectangular,7000,500,-9999,-9999,55537,55537,55537,0,-9999,0,0,0,0,2.500425,2.487707,1.641254,0.932859,0.283798,0.011349,0.091079,0.58313,73.670982,0.000275,2.397709,-3e-05,1,2.383926,-2.4e-05,1,0.601714,0.600514,0.106642,0,PSF-00578_20260721090315_625,PFA-00612,PSA-00572,PSF-00578,RHS-0697,3.0.0,2026-06-15T15:17:51.144Z
7,09:03:27,2026-07-21,Rain_out,Climate_model,,Pl1-R1-M2-H3-P10,,,0.097888,2.916122,0.094709,1.095277,2.112516,2.082904,3.210316,1.0978,21.343803,21.647242,32.896545,0.441786,7.5,PSF-00578_20260721090327_47e,0,0,0,75.841431,215.242981,0.647647,0.5,0.8,109.183693,1,70.09,69.11,24.11,25.16,25.16,97.59,156,156,0,421,3.768,0,-32,258,,,,,,,,00:00:00,0000-00-00,nan,nan,nan,0,nan,09:01:11,2026-07-21,-0.82,1,0.003,0.001,-9999,-0.064,-0.111,-9999,1,150,0.005,2,0.058905,0,0.02923,0,0,-6.8e-05,standard,0,rectangular,7000,500,-9999,-9999,55537,55537,55537,0,-9999,0,0,0,0,2.499456,2.486525,1.642009,0.932343,0.282639,0.012171,0.093038,0.458809,75.841431,0.000302,2.397709,-3e-05,1,2.383926,-2.4e-05,1,0.601714,0.600514,0.106642,0,PSF-00578_20260721090327_47e,PFA-00612,PSA-00572,PSF-00578,RHS-0697,3.0.0,2026-06-15T15:17:51.144Z
8,09:03:41,2026-07-21,Rain_out,Climate_model,,Pl1-R1-M2-H3-P10,,,0.136717,2.913486,0.130589,1.520798,2.125624,2.084426,3.230956,1.105332,21.358578,21.780718,33.106773,0.441786,7.5,PSF-00578_20260721090341_6f0,0,0,0,77.529785,209.724777,0.630326,0.5,0.8,171.100479,1,70.08,68.72,24.21,25.27,25.27,97.59,155.7,156,-0.2,679,3.768,0,-34,251,,,,,,,,00:00:00,0000-00-00,nan,nan,nan,0,nan,09:01:11,2026-07-21,-0.82,1,0.003,0.003,-9999,-0.085,0.042,-9999,1,150,0.005,2,0.058905,0,0.02923,0,0,-6.8e-05,standard,0,rectangular,7000,500,-9999,-9999,55537,55537,55537,0,-9999,0,0,0,0,2.498951,2.486494,1.63933,0.932335,0.281442,0.012192,0.095075,0.673684,77.529785,0.000298,2.397709,-3e-05,1,2.383926,-2.4e-05,1,0.601714,0.600514,0.106642,0,PSF-00578_20260721090341_6f0,PFA-00612,PSA-00572,PSF-00578,RHS-0697,3.0.0,2026-06-15T15:17:51.144Z
9,09:03:50,2026-07-21,Rain_out,Climate_model,,Pl1-R1-M2-H3-P10,,,0.126676,2.915481,0.121401,1.464326,2.126988,2.087382,3.271618,1.14463,21.388094,21.793917,33.522224,0.441786,7.5,PSF-00578_20260721090350_c22,0,0,0,82.271576,281.882996,0.708136,0.5,0.8,39.770538,1,69.78,68.48,24.29,25.48,25.48,97.6,155.9,156,-0.1,140,3.767,21,45,138,,,,,,,,00:00:00,0000-00-00,nan,nan,nan,0,nan,09:01:11,2026-07-21,-0.82,1,0.002,0.001,-9999,0.082,0.239,-9999,1,150,0.005,2,0.058905,0,0.02923,0,0,-6.8e-05,standard,0,rectangular,7000,500,-9999,-9999,55537,55537,55537,0,-9999,0,0,0,0,2.498642,2.486117,1.641356,0.932514,0.280533,0.013637,0.096508,0.223963,82.271576,0.000294,2.397709,-3e-05,1,2.383926,-2.4e-05,1,0.601714,0.600514,0.106642,0,PSF-00578_20260721090350_c22,PFA-00612,PSA-00572,PSF-00578,RHS-0697,3.0.0,2026-06-15T15:17:51.144Z
10,09:04:02,2026-07-21,Rain_out,Climate_model,,Pl1-R1-M2-H3-P10,,,0.151278,2.916686,0.143818,1.873836,2.134882,2.084247,3.370712,1.23583,21.354164,21.872948,34.534657,0.441786,7.5,PSF-00578_20260721090402_5ac,0,0,0,80.02317,200.039856,0.599964,0.5,0.8,92.88382,1,69.63,67.98,24.39,25.98,25.98,97.6,156.1,156.1,0,387,3.759,-3,24,35,,,,,,,,00:00:00,0000-00-00,nan,nan,nan,0,nan,09:01:11,2026-07-21,-0.82,1,0.002,0.003,-9999,0.327,1.8,-9999,1,150,0.005,2,0.058905,0,0.02923,0,0,-6.8e-05,standard,0,rectangular,7000,500,-9999,-9999,55537,55537,55537,0,-9999,0,0,0,0,2.498,2.485921,1.642584,0.932759,0.279446,0.018185,0.098251,0.430045,80.02317,0.000302,2.397709,-3e-05,1,2.383926,-2.4e-05,1,0.601714,0.600514,0.106642,0,PSF-00578_20260721090402_5ac,PFA-00612,PSA-00572,PSF-00578,RHS-0697,3.0.0,2026-06-15T15:17:51.144Z
11,09:04:16,2026-07-21,Rain_out,Climate_model,,Pl1-R1-M2-H3-P10,,,0.037181,2.914176,0.036713,0.464646,2.107986,2.095401,3.30914,1.201153,21.465973,21.594902,33.89991,0.441786,7.5,PSF-00578_20260721090416_719,0,0,0,81.834557,280.144226,0.707884,0.5,0.8,59.958778,1,68.29,67.88,24.5,25.67,25.67,97.61,155.8,156,-0.2,212,3.725,4,44,41,,,,,,,,00:00:00,0000-00-00,nan,nan,nan,0,nan,09:01:11,2026-07-21,-0.82,1,-0.002,-0.004,-9999,0.127,0.045,-9999,1,150,0.005,2,0.058905,0,0.02923,0,0,-6.8e-05,standard,0,rectangular,7000,500,-9999,-9999,55537,55537,55537,0,-9999,0,0,0,0,2.497859,2.484243,1.64003,0.932464,0.278187,0.013447,0.100301,0.28358,81.834557,0.000288,2.397709,-3e-05,1,2.383926,-2.4e-05,1,0.601714,0.600514,0.106642,0,PSF-00578_20260721090416_719,PFA-00612,PSA-00572,PSF-00578,RHS-0697,3.0.0,2026-06-15T15:17:51.144Z
12,09:04:27,2026-07-21,Rain_out,Climate_model,,Pl1-R1-M2-H3-P10,,,0.133373,2.915879,0.127539,1.690147,2.131149,2.08545,3.387935,1.256786,21.367975,21.836216,34.71352,0.441786,7.5,PSF-00578_20260721090427_bec,0,0,0,86.865303,217.587585,0.60078,0.5,0.8,143.321915,1,68.67,67.19,24.59,26.07,26.07,97.6,156,156,0,596,3.765,12,-69,136,,,,,,,,00:00:00,0000-00-00,39.208317,-96.593666,345.899994,6,2.44,09:01:11,2026-07-21,-0.82,1,-0.002,-0.003,-9999,-0.122,-0.06,-9999,1,150,0.005,2,0.058905,0,0.02923,0,0,-6.8e-05,standard,0,rectangular,7000,500,-9999,-9999,55537,55537,55537,0,-9999,0,0,0,0,2.496975,2.484692,1.641762,0.932296,0.277172,0.016876,0.101952,0.604983,86.865303,0.000287,2.397709,-3e-05,1,2.383926,-2.4e-05,1,0.601714,0.600514,0.106642,0,PSF-00578_20260721090427_bec,PFA-00612,PSA-00572,PSF-00578,RHS-0697,3.0.0,2026-06-15T15:17:51.144Z
13,09:04:39,2026-07-21,Rain_out,Climate_model,,Pl1-R1-M2-H3-P10,,,0.075549,2.915009,0.07364,1.022864,2.098786,2.0711,3.416147,1.317361,21.220341,21.504007,35.001591,0.441786,7.5,PSF-00578_20260721090439_aae,0,0,0,87.170723,221.976044,0.607297,0.5,0.8,133.464188,1,67.25,66.36,24.69,26.21,26.21,97.6,155.9,156.2,-0.2,549,3.764,8,-64,130,,,,,,,,13:58:51,2026-07-21,39.208141,-96.593742,325.799988,6,2.44,09:01:11,2026-07-21,-0.82,1,-0.003,-0.003,-0.019,-0.031,0.346,0.148,1,150,0.005,2,0.058905,0,0.02923,0,0,-6.8e-05,standard,0,rectangular,7000,500,-9999,-9999,55537,55537,55537,0,-9999,0,0,0,0,2.495918,2.482925,1.640876,0.932803,0.276156,0.017426,0.103577,0.565727,87.170723,0.000282,2.397709,-3e-05,1,2.383926,-2.4e-05,1,0.601714,0.600514,0.106642,0,PSF-00578_20260721090439_aae,PFA-00612,PSA-00572,PSF-00578,RHS-0697,3.0.0,2026-06-15T15:17:51.144Z
14,09:04:50,2026-07-21,Rain_out,Climate_model,,Pl1-R1-M2-H3-P10,,,0.08604,2.915643,0.083574,1.050459,2.123148,2.094735,3.315803,1.192655,21.461126,21.752226,33.971298,0.441786,7.5,PSF-00578_20260721090450_1b9,0,0,0,80.230949,273.031342,0.706147,0.5,0.8,28.335413,1,67.68,66.77,24.77,25.7,25.7,97.61,156,156,-0.1,100,3.763,25,58,161,,,,,,,,13:59:01,2026-07-21,39.208302,-96.593742,336.899994,8,1.09,09:01:11,2026-07-21,-0.82,1,0.003,0.001,-9999,0.18,0.426,-9999,1,150,0.005,2,0.058905,0,0.02923,0,0,-6.8e-05,standard,0,rectangular,7000,500,-9999,-9999,55537,55537,55537,0,-9999,0,0,0,0,2.496418,2.483442,1.641521,0.93253,0.275198,0.010818,0.10509,0.190465,80.230949,0.000304,2.397709,-3e-05,1,2.383926,-2.4e-05,1,0.601714,0.600514,0.106642,0,PSF-00578_20260721090450_1b9,PFA-00612,PSA-00572,PSF-00578,RHS-0697,3.0.0,2026-06-15T15:17:51.144Z
15,09:05:09,2026-07-21,Rain_out,Climate_model,,Pl1-R1-M2-H3-P10,,,0.096174,2.916152,0.093104,1.218765,2.112513,2.079555,3.354495,1.241982,21.304571,21.642216,34.366039,0.441786,7.5,PSF-00578_20260721090509_c87,0,0,0,83.598373,221.590515,0.622735,0.5,0.8,80.542221,1,66.73,65.69,24.93,25.9,25.9,97.61,156,156,0,323,3.763,-4,26,31,,,,,,,,13:59:21,2026-07-21,39.208302,-96.59375,337.200012,8,1.1,09:01:11,2026-07-21,-0.82,1,-0.003,-0.004,-0.01,-0.118,1.555,1.905,1,150,0.005,2,0.058905,0,0.02923,0,0,-6.8e-05,standard,0,rectangular,7000,500,-9999,-9999,55537,55537,55537,0,-9999,0,0,0,0,2.495033,2.482246,1.642039,0.932415,0.273541,0.01132,0.1079,0.37682,83.598373,0.000286,2.397709,-3e-05,1,2.383926,-2.4e-05,1,0.601714,0.600514,0.106642,0,PSF-00578_20260721090509_c87,PFA-00612,PSA-00572,PSF-00578,RHS-0697,3.0.0,2026-06-15T15:17:51.144Z
16,09:05:26,2026-07-21,Rain_out,Climate_model,,Pl1-R1-M2-H3-P10,,,0.04288,2.916013,0.042259,0.568532,2.129198,2.113825,3.405172,1.275974,21.655712,21.813206,34.885303,0.441786,7.5,PSF-00578_20260721090526_dc2,0,0,0,83.074806,247.187378,0.66392,0.5,0.8,88.536911,1,66.73,66.24,25.06,26.15,26.15,97.61,156,156.2,-0.1,333,3.724,-17,25,29,,,,,,,,13:59:39,2026-07-21,39.208305,-96.593742,337.799988,9,1.04,09:01:11,2026-07-21,-0.82,1,-0.001,-0.002,-0.013,0.202,0.007,0.434,1,150,0.005,2,0.058905,0,0.02923,0,0,-6.8e-05,standard,0,rectangular,7000,500,-9999,-9999,55537,55537,55537,0,-9999,0,0,0,0,2.495704,2.482215,1.641898,0.932822,0.272083,0.012665,0.110391,0.385215,83.074806,0.000279,2.397709,-3e-05,1,2.383926,-2.4e-05,1,0.601714,0.600514,0.106642,0,PSF-00578_20260721090526_dc2,PFA-00612,PSA-00572,PSF-00578,RHS-0697,3.0.0,2026-06-15T15:17:51.144Z
17,09:05:40,2026-07-21,Rain_out,Climate_model,,Pl1-R1-M2-H3-P10,,,0.006392,2.916911,0.006378,0.091815,2.13914,2.136659,3.503673,1.364533,21.889925,21.915339,35.894882,0.441786,7.5,PSF-00578_20260721090540_fb6,0,0,0,97.450378,299.414642,0.67453,0.5,0.8,40.603752,1,66.6,66.52,25.17,26.64,26.64,97.61,156.1,156.2,-0.1,150,3.76,-47,12,15,,,,,,,,13:59:53,2026-07-21,39.208302,-96.593788,338.100006,8,1.13,09:01:11,2026-07-21,-0.82,1,-0.006,-0.004,-9999,0.451,0.854,-9999,1,150,0.005,2,0.058905,0,0.02923,0,0,-6.8e-05,standard,0,rectangular,7000,500,-9999,-9999,55537,55537,55537,0,-9999,0,0,0,0,2.496034,2.48204,1.642814,0.932979,0.270889,0.016868,0.112394,0.232388,97.450378,0.000301,2.397709,-3e-05,1,2.383926,-2.4e-05,1,0.601714,0.600514,0.106642,0,PSF-00578_20260721090540_fb6,PFA-00612,PSA-00572,PSF-00578,RHS-0697,3.0.0,2026-06-15T15:17:51.144Z
18,09:05:53,2026-07-21,Rain_out,Climate_model,,Pl1-R1-M2-H3-P10,,,0.042092,2.916425,0.041493,0.606877,2.102134,2.085726,3.488822,1.386687,21.368881,21.536991,35.744015,0.441786,7.5,PSF-00578_20260721090553_ebf,0,0,0,87.571625,199.468735,0.560976,0.5,0.8,104.628708,1,65.08,64.57,25.26,26.57,26.57,97.61,156.1,156.2,-0.1,466,3.76,-38,19,14,,,,,,,,14:00:05,2026-07-21,39.208298,-96.593887,335.799988,9,1.04,09:01:11,2026-07-21,-0.82,1,-0.002,0,-9999,-0.346,-1.114,-9999,1,150,0.005,2,0.058905,0,0.02923,0,0,-6.8e-05,standard,0,rectangular,7000,500,-9999,-9999,55537,55537,55537,0,-9999,0,0,0,0,2.49356,2.480136,1.642318,0.932812,0.269869,0.014998,0.114078,0.496258,87.571625,0.000295,2.397709,-3e-05,1,2.383926,-2.4e-05,1,0.601714,0.600514,0.106642,0,PSF-00578_20260721090553_ebf,PFA-00612,PSA-00572,PSF-00578,RHS-0697,3.0.0,2026-06-15T15:17:51.144Z
19,09:06:20,2026-07-21,Rain_out,Climate_model,,Pl7-R1-M2-H1-P08,,,-0.002733,2.914276,-0.002736,-0.037926,2.098262,2.099289,3.413071,1.314809,21.508339,21.497816,34.968742,0.441786,7.5,PSF-00578_20260721090620_3f5,0,0,0,91.639282,294.251556,0.688568,0.5,0.8,70.545555,1,64.2,64.23,25.46,26.19,26.19,97.6,155.8,156.1,-0.2,256,3.76,-13,19,1,,,,,,,,14:00:32,2026-07-21,39.208298,-96.59388,335.799988,9,1.04,09:01:11,2026-07-21,-0.82,1,0,-0.001,-9999,0.82,2.4,-9999,1,150,0.005,2,0.058905,0,0.02923,0,0,-6.8e-05,standard,0,rectangular,7000,500,-9999,-9999,55537,55537,55537,0,-9999,0,0,0,0,2.493099,2.479012,1.640131,0.932663,0.267755,0.008613,0.117918,0.320661,91.639282,0.000294,2.397709,-3e-05,1,2.383926,-2.4e-05,1,0.601714,0.600514,0.106642,0,PSF-00578_20260721090620_3f5,PFA-00612,PSA-00572,PSF-00578,RHS-0697,3.0.0,2026-06-15T15:17:51.144Z
20,09:06:32,2026-07-21,Rain_out,Climate_model,,Pl7-R1-M2-H1-P08,,,0.040369,2.915643,0.039817,0.537219,2.150981,2.136455,3.430223,1.279242,21.888899,22.037727,35.144104,0.441786,7.5,PSF-00578_20260721090632_b21,0,0,0,82.62706,278.929352,0.703771,0.5,0.8,65.225914,1,65.48,65.04,25.55,26.28,26.28,97.6,156,155.9,0,232,3.754,-8,34,0,,,,,,,,14:00:44,2026-07-21,39.208298,-96.59388,336.100006,9,1.04,09:01:11,2026-07-21,-0.82,1,0.003,0.002,-9999,0.26,0.079,-9999,1,150,0.005,2,0.058905,0,0.02923,0,0,-6.8e-05,standard,0,rectangular,7000,500,-9999,-9999,55537,55537,55537,0,-9999,0,0,0,0,2.494096,2.480586,1.641521,0.932276,0.266833,0.008596,0.119548,0.300248,82.62706,0.000293,2.397709,-3e-05,1,2.383926,-2.4e-05,1,0.601714,0.600514,0.106642,0,PSF-00578_20260721090632_b21,PFA-00612,PSA-00572,PSF-00578,RHS-0697,3.0.0,2026-06-15T15:17:51.144Z
21,09:06:46,2026-07-21,Rain_out,Climate_model,,Pl7-R1-M2-H1-P08,,,0.003537,2.916546,0.003533,0.049778,2.130103,2.128758,3.466114,1.33601,21.808195,21.82198,35.508823,0.441786,7.5,PSF-00578_20260721090646_a88,0,0,0,102.370621,281.424866,0.636242,0.5,0.8,98.432236,1,64.47,64.43,25.64,26.45,26.45,97.61,156.1,155.7,0.2,387,3.72,-10,20,4,,,,,,,,14:00:59,2026-07-21,39.208302,-96.59388,336.5,9,1.04,09:01:11,2026-07-21,-0.82,1,-0.002,-0.002,0.006,-0.23,-2.931,2.119,1,150,0.005,2,0.058905,0,0.02923,0,0,-6.8e-05,standard,0,rectangular,7000,500,-9999,-9999,55537,55537,55537,0,-9999,0,0,0,0,2.49332,2.479321,1.642442,0.931755,0.265815,0.009502,0.121388,0.429822,102.370621,0.000294,2.397709,-3e-05,1,2.383926,-2.4e-05,1,0.601714,0.600514,0.106642,0,PSF-00578_20260721090646_a88,PFA-00612,PSA-00572,PSF-00578,RHS-0697,3.0.0,2026-06-15T15:17:51.144Z
22,09:06:58,2026-07-21,Rain_out,Climate_model,,Pl7-R1-M2-H1-P08,,,0.001047,2.916959,0.001047,0.014913,2.138159,2.137756,3.488604,1.350446,21.899979,21.904108,35.738586,0.441786,7.5,PSF-00578_20260721090658_8ca,0,0,0,94.816803,269.881012,0.648672,0.5,0.8,61.893597,1,64.41,64.4,25.72,26.56,26.56,97.61,156.1,155.9,0.1,239,3.757,-8,28,9,,,,,,,,14:01:10,2026-07-21,39.208332,-96.593895,336.299988,9,1.05,09:01:11,2026-07-21,-0.82,1,-0.001,-0.003,-9999,0.86,-0.151,-9999,1,150,0.005,2,0.058905,0,0.02923,0,0,-6.8e-05,standard,0,rectangular,7000,500,-9999,-9999,55537,55537,55537,0,-9999,0,0,0,0,2.49326,2.479227,1.642863,0.932238,0.264964,0.009833,0.122933,0.305962,94.816803,0.000291,2.397709,-3e-05,1,2.383926,-2.4e-05,1,0.601714,0.600514,0.106642,0,PSF-00578_20260721090658_8ca,PFA-00612,PSA-00572,PSF-00578,RHS-0697,3.0.0,2026-06-15T15:17:51.144Z
23,09:07:14,2026-07-21,Rain_out,Climate_model,,Pl7-R1-M2-H1-P08,,,0.023613,2.914902,0.023423,0.336695,2.150667,2.141556,3.513177,1.36251,21.93807,22.031403,35.988937,0.441786,7.5,PSF-00578_20260721090714_de8,0,0,0,87.728622,266.987457,0.671413,0.5,0.8,64.648766,1,64.39,64.11,25.83,26.68,26.68,97.62,155.9,156,-0.1,241,3.755,-20,34,9,,,,,,,,14:01:26,2026-07-21,39.208321,-96.593887,337,10,0.88,09:01:11,2026-07-21,-0.82,1,-0.001,0.002,0.004,0.008,-0.535,0.429,1,150,0.005,2,0.058905,0,0.02923,0,0,-6.8e-05,standard,0,rectangular,7000,500,-9999,-9999,55537,55537,55537,0,-9999,0,0,0,0,2.492884,2.479181,1.640767,0.932411,0.263864,0.010002,0.125026,0.307783,87.728622,0.000295,2.397709,-3e-05,1,2.383926,-2.4e-05,1,0.601714,0.600514,0.106642,0,PSF-00578_20260721090714_de8,PFA-00612,PSA-00572,PSF-00578,RHS-0697,3.0.0,2026-06-15T15:17:51.144Z
24,09:07:27,2026-07-21,Rain_out,Climate_model,,Pl7-R1-M2-H1-P08,,,0.016982,2.916625,0.016883,0.238209,2.148529,2.142092,3.485984,1.337455,21.945078,22.011021,35.712841,0.441786,7.5,PSF-00578_20260721090727_c6d,0,0,0,95.063927,301.761017,0.684969,0.5,0.8,69.090263,1,64.01,63.82,25.91,26.55,26.55,97.61,156.1,156,0.1,252,3.743,10,52,13,,,,,,,,14:01:39,2026-07-21,39.208305,-96.593887,337,11,0.82,09:01:11,2026-07-21,-0.82,1,0,-0.001,-9999,2.044,5.068,-9999,1,150,0.005,2,0.058905,0,0.02923,0,0,-6.8e-05,standard,0,rectangular,7000,500,-9999,-9999,55537,55537,55537,0,-9999,0,0,0,0,2.492494,2.478697,1.642522,0.932397,0.262997,0.007591,0.12671,0.317347,95.063927,0.0003,2.397709,-3e-05,1,2.383926,-2.4e-05,1,0.601714,0.600514,0.106642,0,PSF-00578_20260721090727_c6d,PFA-00612,PSA-00572,PSF-00578,RHS-0697,3.0.0,2026-06-15T15:17:51.144Z
25,09:07:37,2026-07-21,Rain_out,Climate_model,,Pl7-R1-M2-H1-P08,,,0.015616,2.916388,0.015533,0.229088,2.167201,2.161011,3.564377,1.397177,22.141907,22.205324,36.520912,0.441786,7.5,PSF-00578_20260721090737_144,0,0,0,85.319641,272.656189,0.68708,0.5,0.8,63.520668,1,64.3,64.11,25.98,26.93,26.93,97.6,156,156.1,0,231,3.754,13,53,10,,,,,,,,14:01:49,2026-07-21,39.208324,-96.593872,337.200012,11,0.82,09:01:11,2026-07-21,-0.82,1,-0.002,-0.003,-9999,0.566,0.794,-9999,1,150,0.005,2,0.058905,0,0.02923,0,0,-6.8e-05,standard,0,rectangular,7000,500,-9999,-9999,55537,55537,55537,0,-9999,0,0,0,0,2.492855,2.479043,1.64228,0.932677,0.262259,0.011055,0.128104,0.299767,85.319641,0.00029,2.397709,-3e-05,1,2.383926,-2.4e-05,1,0.601714,0.600514,0.106642,0,PSF-00578_20260721090737_144,PFA-00612,PSA-00572,PSF-00578,RHS-0697,3.0.0,2026-06-15T15:17:51.144Z
26,09:07:48,2026-07-21,Rain_out,Climate_model,,Pl7-R1-M2-H1-P08,,,0.010613,2.91579,0.010575,0.150968,2.194579,2.190499,3.546973,1.352394,22.443642,22.485441,36.341934,0.441786,7.5,PSF-00578_20260721090748_e94,0,0,0,89.516045,261.435272,0.657598,0.5,0.8,86.712357,1,64.85,64.73,26.05,26.85,26.85,97.6,156,155.9,0,330,3.755,19,50,12,,,,,,,,14:02:00,2026-07-21,39.208324,-96.593864,337.200012,11,0.82,09:01:11,2026-07-21,-0.82,1,0.001,0.001,-9999,0.206,0.671,-9999,1,150,0.005,2,0.058905,0,0.02923,0,0,-6.8e-05,standard,0,rectangular,7000,500,-9999,-9999,55537,55537,55537,0,-9999,0,0,0,0,2.493621,2.479722,1.641671,0.932167,0.261556,0.009358,0.129414,0.382097,89.516045,0.000296,2.397709,-3e-05,1,2.383926,-2.4e-05,1,0.601714,0.600514,0.106642,0,PSF-00578_20260721090748_e94,PFA-00612,PSA-00572,PSF-00578,RHS-0697,3.0.0,2026-06-15T15:17:51.144Z
27,09:07:59,2026-07-21,Rain_out,Climate_model,,Pl7-R1-M2-H1-P08,,,0.047718,2.916423,0.04695,0.631713,2.193037,2.175977,3.467976,1.27494,22.297869,22.472691,35.537369,0.441786,7.5,PSF-00578_20260721090759_737,0,0,0,83.394173,296.915894,0.719132,0.5,0.8,39.434467,1,64.54,64.04,26.12,26.46,26.46,97.59,156.1,155.9,0.1,137,3.754,7,-51,21,,,,,,,,14:02:11,2026-07-21,39.208328,-96.593857,336.799988,11,0.82,09:01:11,2026-07-21,-0.82,1,-0.001,0,-9999,0.293,0.734,-9999,1,150,0.005,2,0.058905,0,0.02923,0,0,-6.8e-05,standard,0,rectangular,7000,500,-9999,-9999,55537,55537,55537,0,-9999,0,0,0,0,2.492738,2.479327,1.642316,0.932272,0.260843,0.004286,0.130768,0.221192,83.394173,0.000293,2.397709,-3e-05,1,2.383926,-2.4e-05,1,0.601714,0.600514,0.106642,0,PSF-00578_20260721090759_737,PFA-00612,PSA-00572,PSF-00578,RHS-0697,3.0.0,2026-06-15T15:17:51.144Z
28,09:08:10,2026-07-21,Rain_out,Climate_model,,Pl7-R1-M2-H1-P08,,,0.045878,2.915895,0.045168,0.612735,2.194326,2.17777,3.479826,1.2855,22.313845,22.483482,35.654953,0.441786,7.5,PSF-00578_20260721090810_de2,0,0,0,80.786346,279.823059,0.711295,0.5,0.8,43.135498,1,64.29,63.81,26.19,26.52,26.52,97.6,156,155.7,0.2,152,3.753,0,-44,16,,,,,,,,14:02:23,2026-07-21,39.208336,-96.593857,336.799988,11,0.82,09:01:11,2026-07-21,-0.82,1,-0.005,-0.004,0.004,0.013,0.182,1.074,1,150,0.005,2,0.058905,0,0.02923,0,0,-6.8e-05,standard,0,rectangular,7000,500,-9999,-9999,55537,55537,55537,0,-9999,0,0,0,0,2.492434,2.479006,1.641778,0.931721,0.260067,0.004093,0.132261,0.233324,80.786346,0.000289,2.397709,-3e-05,1,2.383926,-2.4e-05,1,0.601714,0.600514,0.106642,0,PSF-00578_20260721090810_de2,PFA-00612,PSA-00572,PSF-00578,RHS-0697,3.0.0,2026-06-15T15:17:51.144Z
29,09:08:23,2026-07-21,Rain_out,Climate_model,,Pl7-R1-M2-H1-P08,,,0.0237,2.916962,0.023509,0.325969,2.217322,2.208525,3.530529,1.313207,22.632332,22.722481,36.179852,0.441786,7.5,PSF-00578_20260721090823_8e1,0,0,0,87.080238,275.549408,0.683976,0.5,0.8,100.932373,1,64.67,64.41,26.27,26.77,26.77,97.58,156.1,155.9,0.1,369,3.744,34,52,11,,,,,,,,14:02:35,2026-07-21,39.208351,-96.593857,336.799988,11,0.84,09:01:11,2026-07-21,-0.82,1,0.001,-0.001,-9999,0.063,1.038,-9999,1,150,0.005,2,0.058905,0,0.02923,0,0,-6.8e-05,standard,0,rectangular,7000,500,-9999,-9999,55537,55537,55537,0,-9999,0,0,0,0,2.493188,2.479465,1.642866,0.932137,0.25927,0.005987,0.133845,0.414903,87.080238,0.000305,2.397709,-3e-05,1,2.383926,-2.4e-05,1,0.601714,0.600514,0.106642,0,PSF-00578_20260721090823_8e1,PFA-00612,PSA-00572,PSF-00578,RHS-0697,3.0.0,2026-06-15T15:17:51.144Z
30,09:08:35,2026-07-21,Rain_out,Climate_model,,Pl7-R1-M2-H1-P08,,,0.09287,2.916774,0.090004,1.249044,2.215626,2.181911,3.530047,1.31442,22.358395,22.703882,36.172958,0.441786,7.5,PSF-00578_20260721090835_825,0,0,0,89.016083,287.240967,0.6901,0.5,0.8,34.759583,1,64.31,63.33,26.35,26.76,26.76,97.59,156.1,155.8,0.2,126,3.754,15,-75,30,,,,,,,,14:02:48,2026-07-21,39.208363,-96.593872,336.600006,12,0.75,09:01:11,2026-07-21,-0.82,1,0.003,0.001,-0.005,-0.491,-0.663,0.85,1,150,0.005,2,0.058905,0,0.02923,0,0,-6.8e-05,standard,0,rectangular,7000,500,-9999,-9999,55537,55537,55537,0,-9999,0,0,0,0,2.491805,2.479003,1.642674,0.932008,0.258429,0.005042,0.135461,0.211861,89.016083,0.000286,2.397709,-3e-05,1,2.383926,-2.4e-05,1,0.601714,0.600514,0.106642,0,PSF-00578_20260721090835_825,PFA-00612,PSA-00572,PSF-00578,RHS-0697,3.0.0,2026-06-15T15:17:51.144Z
31,09:08:47,2026-07-21,Rain_out,Climate_model,,Pl7-R1-M2-H1-P08,,,0.065011,2.914611,0.063593,0.906541,2.187647,2.163129,3.537947,1.3503,22.166723,22.417974,36.255211,0.441786,7.5,PSF-00578_20260721090847_fca,0,0,0,81.361771,284.307007,0.713824,0.5,0.8,41.633488,1,63.23,62.52,26.42,26.8,26.8,97.58,155.8,156.1,-0.2,146,3.716,13,-74,21,,,,,,,,14:02:59,2026-07-21,39.208363,-96.593864,336.600006,12,0.75,09:01:11,2026-07-21,-0.82,1,-0.003,-0.001,-9999,0.257,0.622,-9999,1,150,0.005,2,0.058905,0,0.02923,0,0,-6.8e-05,standard,0,rectangular,7000,500,-9999,-9999,55537,55537,55537,0,-9999,0,0,0,0,2.490766,2.477643,1.640472,0.932669,0.257692,0.004662,0.136875,0.22848,81.361771,0.0003,2.397709,-3e-05,1,2.383926,-2.4e-05,1,0.601714,0.600514,0.106642,0,PSF-00578_20260721090847_fca,PFA-00612,PSA-00572,PSF-00578,RHS-0697,3.0.0,2026-06-15T15:17:51.144Z
32,09:09:00,2026-07-21,Rain_out,Climate_model,,Pl7-R1-M2-H1-P08,,,0.030863,2.914226,0.03054,0.444282,2.167662,2.155639,3.545837,1.378175,22.088163,22.211359,36.333096,0.441786,7.5,PSF-00578_20260721090900_d11,0,0,0,84.050774,269.7612,0.688425,0.5,0.8,124.938698,1,62.36,62.01,26.5,26.84,26.84,97.59,155.8,155.9,-0.1,454,3.754,37,60,9,,,,,,,,14:03:12,2026-07-21,39.20837,-96.593857,336.5,13,0.7,09:01:11,2026-07-21,-0.82,1,-0.003,-0.002,-9999,0.037,-0.004,-9999,1,150,0.005,2,0.058905,0,0.02923,0,0,-6.8e-05,standard,0,rectangular,7000,500,-9999,-9999,55537,55537,55537,0,-9999,0,0,0,0,2.490108,2.476542,1.640081,0.932053,0.256879,0.004194,0.138509,0.485756,84.050774,0.000297,2.397709,-3e-05,1,2.383926,-2.4e-05,1,0.601714,0.600514,0.106642,0,PSF-00578_20260721090900_d11,PFA-00612,PSA-00572,PSF-00578,RHS-0697,3.0.0,2026-06-15T15:17:51.144Z
33,09:09:11,2026-07-21,Rain_out,Climate_model,,Pl7-R1-M2-H1-P08,,,0.041927,2.91585,0.041333,0.737668,2.195242,2.175313,3.882552,1.687311,22.292149,22.49638,39.787586,0.441786,7.5,PSF-00578_20260721090911_548,0,0,0,111.90641,192.710281,0.419302,0.5,0.8,50.87804,1,62.88,62.31,26.58,28.39,28.39,97.58,156,156.1,-0.1,303,3.723,43,43,0,,,,,,,,14:03:24,2026-07-21,39.208366,-96.593864,336.700012,13,0.7,09:01:11,2026-07-21,-0.82,1,0.004,0.005,-9999,-0.564,-1.313,-9999,1,150,0.005,2,0.058905,0,0.02923,0,0,-6.8e-05,standard,0,rectangular,7000,500,-9999,-9999,55537,55537,55537,0,-9999,0,0,0,0,2.490464,2.477175,1.641731,0.93257,0.256118,0.020983,0.139991,0.360116,111.90641,0.000291,2.397709,-3e-05,1,2.383926,-2.4e-05,1,0.601714,0.600514,0.106642,0,PSF-00578_20260721090911_548,PFA-00612,PSA-00572,PSF-00578,RHS-0697,3.0.0,2026-06-15T15:17:51.144Z
34,09:09:30,2026-07-21,Rain_out,Climate_model,,Pl7-R1-M2-H1-P08,,,0.029888,2.915884,0.029584,0.54337,2.161759,2.147073,3.898458,1.736699,22.001745,22.152231,39.948742,0.441786,7.5,PSF-00578_20260721090930_424,0,0,0,143.84079,245.690338,0.414544,0.5,0.8,146.920029,1,61.47,61.05,26.7,28.46,28.46,97.59,156,155.9,0.1,886,3.753,23,46,11,,,,,,,,14:03:42,2026-07-21,39.20837,-96.593872,336.600006,13,0.7,09:01:11,2026-07-21,-0.82,1,0.004,0.004,-9999,3.122,1.394,-9999,1,150,0.005,2,0.058905,0,0.02923,0,0,-6.8e-05,standard,0,rectangular,7000,500,-9999,-9999,55537,55537,55537,0,-9999,0,0,0,0,2.488848,2.47539,1.641767,0.932078,0.254857,0.020383,0.142407,0.846996,143.84079,0.000284,2.397709,-3e-05,1,2.383926,-2.4e-05,1,0.601714,0.600514,0.106642,0,PSF-00578_20260721090930_424,PFA-00612,PSA-00572,PSF-00578,RHS-0697,3.0.0,2026-06-15T15:17:51.144Z
35,09:09:47,2026-07-21,Rain_out,Climate_model,,Pl7-R1-M2-H1-P08,,,0.083977,2.914236,0.081625,1.197983,2.178429,2.146015,3.568496,1.390067,21.991072,22.323227,36.567795,0.441786,7.5,PSF-00578_20260721090947_5ef,0,0,0,81.718323,280.436035,0.708603,0.5,0.8,63.998547,1,61.56,60.65,26.81,26.95,26.95,97.59,155.8,156,-0.2,226,3.749,-5,-35,12,,,,,,,,14:03:59,2026-07-21,39.208374,-96.593887,336.799988,15,0.66,09:01:11,2026-07-21,-0.82,1,0.005,0.004,-0.005,0.11,0.275,0.346,1,150,0.005,2,0.058905,0,0.02923,0,0,-6.8e-05,standard,0,rectangular,7000,500,-9999,-9999,55537,55537,55537,0,-9999,0,0,0,0,2.488318,2.475493,1.640091,0.932472,0.253806,0.001998,0.14448,0.295309,81.718323,0.000271,2.397709,-3e-05,1,2.383926,-2.4e-05,1,0.601714,0.600514,0.106642,0,PSF-00578_20260721090947_5ef,PFA-00612,PSA-00572,PSF-00578,RHS-0697,3.0.0,2026-06-15T15:17:51.144Z
36,09:10:02,2026-07-21,Rain_out,Climate_model,,Pl7-R1-M2-H1-P08,,,-0.002167,2.916793,-0.002168,-0.034687,2.1592,2.160137,3.673643,1.514442,22.134483,22.124884,37.643059,0.441786,7.5,PSF-00578_20260721091002_7be,0,0,0,81.700089,302.519928,0.729935,0.5,0.8,56.665722,1,60.66,60.69,26.91,27.44,27.44,97.59,156.1,155.9,0.1,194,3.75,-4,42,10,,,,,,,,14:04:14,2026-07-21,39.208382,-96.59388,337.5,15,0.66,09:01:11,2026-07-21,-0.82,1,0.002,0.003,-9999,0.153,0.364,-9999,1,150,0.005,2,0.058905,0,0.02923,0,0,-6.8e-05,standard,0,rectangular,7000,500,-9999,-9999,55537,55537,55537,0,-9999,0,0,0,0,2.488349,2.474345,1.642694,0.932158,0.252793,0.006454,0.146482,0.26881,81.700089,0.000296,2.397709,-3e-05,1,2.383926,-2.4e-05,1,0.601714,0.600514,0.106642,0,PSF-00578_20260721091002_7be,PFA-00612,PSA-00572,PSF-00578,RHS-0697,3.0.0,2026-06-15T15:17:51.144Z
37,09:10:28,2026-07-21,Rain_out,Climate_model,,Pl17-R2-M1-H1-P04,,,0.080997,2.91704,0.078809,1.145364,2.19583,2.164915,3.57213,1.3763,22.185488,22.502296,36.606255,0.441786,7.5,PSF-00578_20260721091028_468,0,0,0,76.079964,265.420319,0.71336,0.5,0.8,44.031139,1,61.06,60.2,27.08,26.97,26.97,97.58,156.1,155.8,0.2,154,3.75,8,-48,0,,,,,,,,14:04:40,2026-07-21,39.208382,-96.593895,337.5,15,0.66,09:01:11,2026-07-21,-0.82,1,0.001,0.001,-9999,0.402,0.711,-9999,1,150,0.005,2,0.058905,0,0.02923,0,0,-6.8e-05,standard,0,rectangular,7000,500,-9999,-9999,55537,55537,55537,0,-9999,0,0,0,0,2.487697,2.474813,1.642946,0.93178,0.251038,-0.000926,0.149841,0.23558,76.079964,0.000276,2.397709,-3e-05,1,2.383926,-2.4e-05,1,0.601714,0.600514,0.106642,0,PSF-00578_20260721091028_468,PFA-00612,PSA-00572,PSF-00578,RHS-0697,3.0.0,2026-06-15T15:17:51.144Z
38,09:10:40,2026-07-21,Rain_out,Climate_model,,Pl17-R2-M1-H1-P04,,,0.099415,2.915939,0.096137,1.39499,2.207359,2.169676,3.58142,1.374061,22.232676,22.618818,36.69883,0.441786,7.5,PSF-00578_20260721091040_f26,0,0,0,88.966728,302.023529,0.705431,0.5,0.8,40.517891,1,61.12,60.08,27.15,27.01,27.01,97.59,156,155.9,0.1,144,3.75,1,-41,0,,,,,,,,14:04:53,2026-07-21,39.208382,-96.59391,337.299988,14,0.7,09:01:11,2026-07-21,-0.82,1,-0.001,-0.003,0.014,-0.243,0.161,1.661,1,150,0.005,2,0.058905,0,0.02923,0,0,-6.8e-05,standard,0,rectangular,7000,500,-9999,-9999,55537,55537,55537,0,-9999,0,0,0,0,2.48753,2.47488,1.641822,0.93205,0.250325,-0.001239,0.151343,0.226626,88.966728,0.000289,2.397709,-3e-05,1,2.383926,-2.4e-05,1,0.601714,0.600514,0.106642,0,PSF-00578_20260721091040_f26,PFA-00612,PSA-00572,PSF-00578,RHS-0697,3.0.0,2026-06-15T15:17:51.144Z
39,09:10:51,2026-07-21,Rain_out,Climate_model,,Pl17-R2-M1-H1-P04,,,0.05022,2.915797,0.04937,0.743529,2.196984,2.176894,3.62294,1.425956,22.306013,22.511873,37.123238,0.441786,7.5,PSF-00578_20260721091051_507,0,0,0,91.403244,296.684143,0.691917,0.5,0.8,95.172806,1,60.62,60.06,27.21,27.21,27.21,97.59,156,155.9,0.1,344,3.75,28,54,346,,,,,,,,14:05:04,2026-07-21,39.208382,-96.593887,337.399994,15,0.66,09:01:11,2026-07-21,-0.82,1,0.002,0.004,-9999,0.392,0.593,-9999,1,150,0.005,2,0.058905,0,0.02923,0,0,-6.8e-05,standard,0,rectangular,7000,500,-9999,-9999,55537,55537,55537,0,-9999,0,0,0,0,2.487502,2.474239,1.641678,0.932072,0.249724,0.00029,0.152653,0.393977,91.403244,0.000297,2.397709,-3e-05,1,2.383926,-2.4e-05,1,0.601714,0.600514,0.106642,0,PSF-00578_20260721091051_507,PFA-00612,PSA-00572,PSF-00578,RHS-0697,3.0.0,2026-06-15T15:17:51.144Z
40,09:11:04,2026-07-21,Rain_out,Climate_model,,Pl17-R2-M1-H1-P04,,,0.12754,2.917289,0.122198,1.695433,2.224619,2.178874,3.538703,1.314084,22.325958,22.794683,36.259525,0.441786,7.5,PSF-00578_20260721091104_73b,0,0,0,91.979385,254.030945,0.637921,0.5,0.8,82.481812,1,61.14,59.88,27.28,26.81,26.81,97.59,156.2,155.9,0.2,323,3.749,28,48,345,,,,,,,,14:05:16,2026-07-21,39.208389,-96.593887,337.899994,16,0.64,09:01:11,2026-07-21,-0.82,1,0.001,0.001,-9999,-0.846,1.372,-9999,1,150,0.005,2,0.058905,0,0.02923,0,0,-6.8e-05,standard,0,rectangular,7000,500,-9999,-9999,55537,55537,55537,0,-9999,0,0,0,0,2.487256,2.474879,1.6432,0.932206,0.249054,-0.004987,0.154131,0.37674,91.979385,0.000304,2.397709,-3e-05,1,2.383926,-2.4e-05,1,0.601714,0.600514,0.106642,0,PSF-00578_20260721091104_73b,PFA-00612,PSA-00572,PSF-00578,RHS-0697,3.0.0,2026-06-15T15:17:51.144Z
41,09:11:31,2026-07-21,Rain_out,Climate_model,,Pl17-R2-M1-H1-P04,,,0.097404,2.91619,0.094256,1.313175,2.215234,2.17977,3.534834,1.3196,22.335535,22.698929,36.220531,0.441786,7.5,PSF-00578_20260721091131_745,0,0,0,87.571266,258.481628,0.661209,0.5,0.8,73.167114,1,60.32,59.35,27.44,26.79,26.79,97.59,156,155.8,0.1,277,3.742,29,45,348,,,,,,,,14:05:44,2026-07-21,39.208393,-96.593872,337.899994,15,0.68,09:11:23,2026-07-21,-0.64,1,-0.001,0.001,0.011,0.027,-1.219,0.131,1,150,0.005,2,0.058905,0,0.02923,0,0,-6.8e-05,standard,0,rectangular,7000,500,-9999,-9999,55537,55537,55537,0,-9999,0,0,0,0,2.486556,2.473605,1.642078,0.931951,0.247496,-0.006987,0.157669,0.337799,87.571266,0.000286,2.397709,-3e-05,1,2.383926,-2.4e-05,1,0.601714,0.600514,0.106642,0,PSF-00578_20260721091131_745,PFA-00612,PSA-00572,PSF-00578,RHS-0697,3.0.0,2026-06-15T15:17:51.144Z
42,09:11:45,2026-07-21,Rain_out,Climate_model,,Pl17-R2-M1-H1-P04,,,0.130872,2.916589,0.125252,1.765174,2.208295,2.160637,3.543072,1.334778,22.140396,22.628754,36.306438,0.441786,7.5,PSF-00578_20260721091145_af1,0,0,0,85.234161,291.497467,0.707599,0.5,0.8,34.646202,1,59.86,58.57,27.52,26.83,26.83,97.59,156.1,155.9,0.1,122,3.747,16,-74,15,,,,,,,,14:05:57,2026-07-21,39.208385,-96.593872,337.700012,15,0.68,09:11:23,2026-07-21,-0.64,1,0.002,0.002,0.013,-0.255,0.048,0.58,1,150,0.005,2,0.058905,0,0.02923,0,0,-6.8e-05,standard,0,rectangular,7000,500,-9999,-9999,55537,55537,55537,0,-9999,0,0,0,0,2.485543,2.473017,1.642486,0.932162,0.246744,-0.007412,0.159322,0.208924,85.234161,0.000295,2.397709,-3e-05,1,2.383926,-2.4e-05,1,0.601714,0.600514,0.106642,0,PSF-00578_20260721091145_af1,PFA-00612,PSA-00572,PSF-00578,RHS-0697,3.0.0,2026-06-15T15:17:51.144Z
43,09:11:55,2026-07-21,Rain_out,Climate_model,,Pl17-R2-M1-H1-P04,,,0.065148,2.915967,0.063725,0.979476,2.181075,2.154606,3.636564,1.455489,22.075199,22.346394,37.258736,0.441786,7.5,PSF-00578_20260721091155_fae,0,0,0,77.688576,261.97995,0.703456,0.5,0.8,77.572746,1,58.95,58.23,27.57,27.27,27.27,97.6,156,155.9,0.1,276,3.746,20,58,352,,,,,,,,14:06:08,2026-07-21,39.208378,-96.59388,337.100006,16,0.64,09:11:23,2026-07-21,-0.64,1,-0.002,-0.001,-9999,0.249,-0.219,-9999,1,150,0.005,2,0.058905,0,0.02923,0,0,-6.8e-05,standard,0,rectangular,7000,500,-9999,-9999,55537,55537,55537,0,-9999,0,0,0,0,2.485104,2.471862,1.641851,0.932115,0.246247,-0.002995,0.16052,0.336999,77.688576,0.000293,2.397709,-3e-05,1,2.383926,-2.4e-05,1,0.601714,0.600514,0.106642,0,PSF-00578_20260721091155_fae,PFA-00612,PSA-00572,PSF-00578,RHS-0697,3.0.0,2026-06-15T15:17:51.144Z
44,09:12:10,2026-07-21,Rain_out,Climate_model,,Pl17-R2-M1-H1-P04,,,0.174046,2.916359,0.164244,2.202498,2.206698,2.147217,3.477326,1.270627,22.001303,22.610773,35.630161,0.441786,7.5,PSF-00578_20260721091210_b81,0,0,0,88.071587,253.40152,0.652443,0.5,0.8,53.683716,1,59.42,57.81,27.63,26.51,26.51,97.6,156,155.9,0.1,206,3.746,22,56,343,,,,,,,,14:06:22,2026-07-21,39.208385,-96.593895,337.600006,16,0.64,09:11:23,2026-07-21,-0.64,1,-0.003,-0.002,0.018,-0.143,-0.479,0.193,1,150,0.005,2,0.058905,0,0.02923,0,0,-6.8e-05,standard,0,rectangular,7000,500,-9999,-9999,55537,55537,55537,0,-9999,0,0,0,0,2.484561,2.472441,1.64225,0.932207,0.245623,-0.01228,0.162228,0.278524,88.071587,0.000292,2.397709,-3e-05,1,2.383926,-2.4e-05,1,0.601714,0.600514,0.106642,0,PSF-00578_20260721091210_b81,PFA-00612,PSA-00572,PSF-00578,RHS-0697,3.0.0,2026-06-15T15:17:51.144Z
45,09:12:23,2026-07-21,Rain_out,Climate_model,,Pl17-R2-M1-H1-P04,,,0.03379,2.91604,0.033403,0.51843,2.161162,2.147151,3.630962,1.4698,22.000515,22.144079,37.204193,0.441786,7.5,PSF-00578_20260721091223_6fb,0,0,0,115.060333,293.294189,0.607697,0.5,0.8,66.283371,1,58.01,57.63,27.69,27.24,27.24,97.6,156,155.7,0.2,273,3.737,7,43,1,,,,,,,,14:06:35,2026-07-21,39.208382,-96.593872,338.100006,17,0.63,09:11:23,2026-07-21,-0.64,1,-0.001,0.001,-9999,1.667,3.499,-9999,1,150,0.005,2,0.058905,0,0.02923,0,0,-6.8e-05,standard,0,rectangular,7000,500,-9999,-9999,55537,55537,55537,0,-9999,0,0,0,0,2.484316,2.47066,1.641925,0.93169,0.245097,-0.004633,0.163805,0.334491,115.060333,0.000289,2.397709,-3e-05,1,2.383926,-2.4e-05,1,0.601714,0.600514,0.106642,0,PSF-00578_20260721091223_6fb,PFA-00612,PSA-00572,PSF-00578,RHS-0697,3.0.0,2026-06-15T15:17:51.144Z
46,09:12:34,2026-07-21,Rain_out,Climate_model,,Pl17-R2-M1-H1-P04,,,0.049107,2.915917,0.048294,0.706382,2.180406,2.161315,3.565995,1.385589,22.144001,22.339592,36.535801,0.441786,7.5,PSF-00578_20260721091234_512,0,0,0,75.284958,259.699707,0.710108,0.5,0.8,47.039314,1,58.37,57.86,27.73,26.94,26.94,97.6,156,155.9,0.1,166,3.746,-5,-16,350,,,,,,,,14:06:47,2026-07-21,39.208393,-96.59388,338,17,0.63,09:11:23,2026-07-21,-0.64,1,0.004,0.004,-9999,-0.182,-0.085,-9999,1,150,0.005,2,0.058905,0,0.02923,0,0,-6.8e-05,standard,0,rectangular,7000,500,-9999,-9999,55537,55537,55537,0,-9999,0,0,0,0,2.4846,2.471109,1.6418,0.932124,0.244662,-0.008605,0.165113,0.24502,75.284958,0.000292,2.397709,-3e-05,1,2.383926,-2.4e-05,1,0.601714,0.600514,0.106642,0,PSF-00578_20260721091234_512,PFA-00612,PSA-00572,PSF-00578,RHS-0697,3.0.0,2026-06-15T15:17:51.144Z
47,09:12:50,2026-07-21,Rain_out,Climate_model,,Pl17-R2-M1-H1-P04,,,0.147865,2.916492,0.14073,1.867588,2.210374,2.159942,3.467916,1.257542,22.130613,22.647337,35.532021,0.441786,7.5,PSF-00578_20260721091250_7c4,0,0,0,84.324005,242.104416,0.651704,0.5,0.8,71.788086,1,58.97,57.62,27.79,26.46,26.46,97.6,156.1,155.7,0.2,275,3.746,16,58,350,,,,,,,,14:06:58,2026-07-21,39.208393,-96.59388,337.899994,17,0.63,09:11:23,2026-07-21,-0.64,1,-0.001,0,-9999,0.217,0.212,-9999,1,150,0.005,2,0.058905,0,0.02923,0,0,-6.8e-05,standard,0,rectangular,7000,500,-9999,-9999,55537,55537,55537,0,-9999,0,0,0,0,2.484288,2.471852,1.642386,0.931675,0.24409,-0.014585,0.166942,0.33675,84.324005,0.000295,2.397709,-3e-05,1,2.383926,-2.4e-05,1,0.601714,0.600514,0.106642,0,PSF-00578_20260721091250_7c4,PFA-00612,PSA-00572,PSF-00578,RHS-0697,3.0.0,2026-06-15T15:17:51.144Z
48,09:13:01,2026-07-21,Rain_out,Climate_model,,Pl17-R2-M1-H1-P04,,,0.02292,2.916335,0.022741,0.357641,2.186596,2.176934,3.67541,1.488814,22.305056,22.404045,37.658566,0.441786,7.5,PSF-00578_20260721091301_763,0,0,0,91.741203,297.579285,0.691708,0.5,0.8,85.827377,1,58.19,57.93,27.83,27.45,27.45,97.6,156,155.8,0.1,310,3.747,22,54,349,,,,,,,,14:07:13,2026-07-21,39.208397,-96.59388,337.899994,17,0.63,09:11:23,2026-07-21,-0.64,1,0.002,0.001,-9999,0.631,1.89,-9999,1,150,0.005,2,0.058905,0,0.02923,0,0,-6.8e-05,standard,0,rectangular,7000,500,-9999,-9999,55537,55537,55537,0,-9999,0,0,0,0,2.484679,2.470869,1.642226,0.931993,0.243688,-0.003941,0.168258,0.36584,91.741203,0.000308,2.397709,-3e-05,1,2.383926,-2.4e-05,1,0.601714,0.600514,0.106642,0,PSF-00578_20260721091301_763,PFA-00612,PSA-00572,PSF-00578,RHS-0697,3.0.0,2026-06-15T15:17:51.144Z
49,09:13:15,2026-07-21,Rain_out,Climate_model,,Pl17-R2-M1-H1-P04,,,0.052377,2.915932,0.051453,0.770484,2.232685,2.211873,3.650298,1.417613,22.660542,22.873762,37.397144,0.441786,7.5,PSF-00578_20260721091315_cfd,0,0,0,81.250908,286.346191,0.716249,0.5,0.8,37.71175,1,59.24,58.68,27.88,27.34,27.34,97.61,156,155.7,0.2,132,3.746,1,-46,3,,,,,,,,14:07:27,2026-07-21,39.208401,-96.593887,337.899994,17,0.63,09:11:23,2026-07-21,-0.64,1,0.005,0.005,-9999,0.075,0.184,-9999,1,150,0.005,2,0.058905,0,0.02923,0,0,-6.8e-05,standard,0,rectangular,7000,500,-9999,-9999,55537,55537,55537,0,-9999,0,0,0,0,2.485624,2.472172,1.641816,0.931684,0.243178,-0.005865,0.169898,0.216629,81.250908,0.000294,2.397709,-3e-05,1,2.383926,-2.4e-05,1,0.601714,0.600514,0.106642,0,PSF-00578_20260721091315_cfd,PFA-00612,PSA-00572,PSF-00578,RHS-0697,3.0.0,2026-06-15T15:17:51.144Z
50,09:13:28,2026-07-21,Rain_out,Climate_model,,Pl17-R2-M1-H1-P04,,,-0.002046,2.915987,-0.002047,-0.032714,2.19591,2.196794,3.708409,1.512499,22.505251,22.496195,37.991127,0.441786,7.5,PSF-00578_20260721091328_5b8,0,0,0,98.184227,323.361755,0.696364,0.5,0.8,62.061317,1,58.1,58.12,27.93,27.61,27.61,97.61,156,155.5,0.3,223,3.745,-12,30,353,,,,,,,,14:07:39,2026-07-21,39.208401,-96.593895,337.899994,17,0.63,09:11:23,2026-07-21,-0.64,1,-0.003,-0.003,-9999,-0.476,0.192,-9999,1,150,0.005,2,0.058905,0,0.02923,0,0,-6.8e-05,standard,0,rectangular,7000,500,-9999,-9999,55537,55537,55537,0,-9999,0,0,0,0,2.484903,2.470737,1.641871,0.931185,0.242727,-0.003348,0.171395,0.292814,98.184227,0.000302,2.397709,-3e-05,1,2.383926,-2.4e-05,1,0.601714,0.600514,0.106642,0,PSF-00578_20260721091328_5b8,PFA-00612,PSA-00572,PSF-00578,RHS-0697,3.0.0,2026-06-15T15:17:51.144Z
51,09:13:45,2026-07-21,Rain_out,Climate_model,,Pl17-R2-M1-H1-P04,,,0.011432,2.915801,0.011388,0.200987,2.18494,2.179507,3.85445,1.669511,22.328331,22.383984,39.487568,0.441786,7.5,PSF-00578_20260721091345_c19,0,0,0,104.591133,321.407318,0.674584,0.5,0.8,63.240822,1,57.58,57.44,28,28.27,28.27,97.61,156,155.8,0.1,234,3.745,-10,31,351,,,,,,,,14:07:58,2026-07-21,39.208405,-96.593895,337.899994,16,0.67,09:11:23,2026-07-21,-0.64,1,-0.002,-0.001,0.007,0.192,0.17,1.217,1,150,0.005,2,0.058905,0,0.02923,0,0,-6.8e-05,standard,0,rectangular,7000,500,-9999,-9999,55537,55537,55537,0,-9999,0,0,0,0,2.484015,2.470073,1.641681,0.931958,0.242074,0.003404,0.173502,0.302477,104.591133,0.000305,2.397709,-3e-05,1,2.383926,-2.4e-05,1,0.601714,0.600514,0.106642,0,PSF-00578_20260721091345_c19,PFA-00612,PSA-00572,PSF-00578,RHS-0697,3.0.0,2026-06-15T15:17:51.144Z
52,09:14:02,2026-07-21,Rain_out,Climate_model,,Pl17-R2-M1-H1-P04,,,0.017006,2.916215,0.016907,0.285549,2.203477,2.195763,3.801367,1.59789,22.494343,22.57337,38.942844,0.441786,7.5,PSF-00578_20260721091402_a3a,0,0,0,78.57299,300.259705,0.738317,0.5,0.8,61.21405,1,57.86,57.66,28.06,28.03,28.03,97.61,156,155.8,0.2,207,3.728,-8,31,351,,,,,,,,14:08:09,2026-07-21,39.208405,-96.593872,333.5,20,0.57,09:11:23,2026-07-21,-0.64,1,0.002,0,-9999,0.087,0.356,-9999,1,150,0.005,2,0.058905,0,0.02923,0,0,-6.8e-05,standard,0,rectangular,7000,500,-9999,-9999,55537,55537,55537,0,-9999,0,0,0,0,2.484281,2.47041,1.642105,0.931802,0.241472,-2.6e-05,0.175435,0.279838,78.57299,0.000296,2.397709,-3e-05,1,2.383926,-2.4e-05,1,0.601714,0.600514,0.106642,0,PSF-00578_20260721091402_a3a,PFA-00612,PSA-00572,PSF-00578,RHS-0697,3.0.0,2026-06-15T15:17:51.144Z
37,10:12:46,2026-07-21,Rain_out,Climate_model,,Pl1-R1-M2-H3-P10,,,0.090293,2.915949,0.087581,2.072276,2.135702,2.079649,4.369113,2.233411,21.298388,21.872442,44.745556,0.441786,7.5,PSF-00578_20260721101246_7b6,0,0,0,88.820099,242.802505,0.634188,0.5,0.8,134.943573,1,43.19,42.05,32.62,30.44,30.44,97.64,156,154.8,0.7,532,3.658,-3,29,173,,,,,,,,15:06:58,2026-07-21,39.208382,-96.59375,341.5,21,0.59,10:04:39,2026-07-21,-0.39,1,0.002,0.002,-9999,0.43,0.368,-9999,1,150,0.005,2,0.058905,0,0.02923,0,0,-6.8e-05,standard,0,rectangular,7000,500,-9999,-9999,55537,55537,55537,0,-9999,0,0,0,0,2.463218,2.450579,1.641832,0.929486,0.201777,-0.025393,0.298384,0.551134,88.820099,0.000301,2.397709,-3e-05,1,2.383926,-2.4e-05,1,0.601714,0.600514,0.106642,0,PSF-00578_20260721101246_7b6,PFA-00612,PSA-00572,PSF-00578,RHS-0697,3.0.0,2026-06-15T15:17:51.144Z
38,10:13:15,2026-07-21,Rain_out,Climate_model,,Pl1-R1-M2-H3-P12,,,0.147843,2.91646,0.14071,4.199476,2.172966,2.059454,4.980641,2.807676,21.089621,22.252026,51.003727,0.441786,7.5,PSF-00578_20260721101315_766,0,0,0,90.163353,143.888718,0.373381,0.5,0.8,262.243073,1,43.88,41.59,32.64,32.75,32.75,97.65,156.1,154.9,0.7,1756,3.659,-15,-37,204,,,,,,,,15:07:27,2026-07-21,39.208382,-96.593765,341.299988,21,0.59,10:04:39,2026-07-21,-0.39,1,0,-0.003,0.009,4.174,9.286,-10.925,1,150,0.005,2,0.058905,0,0.02923,0,0,-6.8e-05,standard,0,rectangular,7000,500,-9999,-9999,55537,55537,55537,0,-9999,0,0,0,0,2.462599,2.451475,1.642354,0.929758,0.201588,0.001446,0.301211,1.573814,90.163353,0.000294,2.397709,-3e-05,1,2.383926,-2.4e-05,1,0.601714,0.600514,0.106642,0,PSF-00578_20260721101315_766,PFA-00612,PSA-00572,PSF-00578,RHS-0697,3.0.0,2026-06-15T15:17:51.144Z
80,10:32:44,2026-07-21,Rain_out,Climate_model,,Pl6-R1-M1-H2-P08,,,0.053752,2.915684,0.052779,1.470642,2.328412,2.288689,4.94885,2.620437,23.429817,23.836475,50.662472,0.441786,7.5,PSF-00578_20260721103244_eae,0,0,0,79.275368,273.888947,0.710557,0.5,0.8,48.266792,1,42.3,41.58,34.54,32.63,32.63,97.68,156,154.7,0.8,170,3.629,45,33,358,,,,,,,,15:26:56,2026-07-21,39.208344,-96.593834,338,20,0.62,10:25:49,2026-07-21,-0.37,1,-0.003,-0.004,0.013,-0.042,-0.279,-0.496,1,150,0.005,2,0.058905,0,0.02923,0,0,-6.8e-05,standard,0,rectangular,7000,500,-9999,-9999,55537,55537,55537,0,-9999,0,0,0,0,2.462267,2.449088,1.641563,0.929017,0.18724,-0.022606,0.396559,0.248541,79.275368,0.000294,2.397709,-3e-05,1,2.383926,-2.4e-05,1,0.601714,0.600514,0.106642,0,PSF-00578_20260721103244_eae,PFA-00612,PSA-00572,PSF-00578,RHS-0697,3.0.0,2026-06-15T15:17:51.144Z
1,10:43:49,2026-07-21,Rain_out,Climate_model,,Pl15-R2-M2-H1-P05,,,0.11443,2.916828,0.11011,3.841242,2.164965,2.061112,5.440415,3.27545,21.097525,22.160563,55.688038,0.441786,7.5,PSF-00578_20260721104349_05c,0,0,0,156.965378,213.267441,0.263997,0.5,0.8,122.554565,1,37.46,35.66,35.42,34.32,34.32,97.69,156.1,154.8,0.8,1161,3.594,-18,18,44,,,,,,,,00:00:00,0000-00-00,nan,nan,nan,0,nan,10:43:41,2026-07-21,-0.31,1,0.004,0.003,-9999,-2.73,29.701,-9999,1,150,0.005,2,0.058905,0,0.02923,0,0,-6.8e-05,standard,0,rectangular,7000,500,-9999,-9999,55537,55537,55537,0,-9999,0,0,0,0,2.454223,2.442542,1.642729,0.929473,0.180944,-0.013051,0.13169,1.076391,156.965378,0.000305,2.397709,-3e-05,1,2.383926,-2.4e-05,1,0.601714,0.600514,0.106642,0,PSF-00578_20260721104349_05c,PFA-00612,PSA-00572,PSF-00578,RHS-0697,3.0.0,2026-06-15T15:17:51.144Z
2,10:44:08,2026-07-21,Rain_out,Climate_model,,Pl15-R2-M2-H1-P05,,,0.020435,2.91601,0.020293,0.64669,2.153183,2.135684,5.150376,2.997193,21.859224,22.03833,52.71529,0.441786,7.5,PSF-00578_20260721104408_345,0,0,0,110.201241,293.514496,0.624546,0.5,0.8,60.42271,1,37.18,36.87,35.45,33.34,33.34,97.7,156,154.6,0.9,242,3.59,-19,15,47,,,,,,,,00:00:00,0000-00-00,nan,nan,nan,0,nan,10:43:41,2026-07-21,-0.31,1,0.001,0.002,-9999,-36.719,-45.834,-9999,1,150,0.005,2,0.058905,0,0.02923,0,0,-6.8e-05,standard,0,rectangular,7000,500,-9999,-9999,55537,55537,55537,0,-9999,0,0,0,0,2.455852,2.442163,1.641895,0.928843,0.180675,-0.025311,0.134853,0.308742,110.201241,0.000315,2.397709,-3e-05,1,2.383926,-2.4e-05,1,0.601714,0.600514,0.106642,0,PSF-00578_20260721104408_345,PFA-00612,PSA-00572,PSF-00578,RHS-0697,3.0.0,2026-06-15T15:17:51.144Z
3,10:44:19,2026-07-21,Rain_out,Climate_model,,Pl15-R2-M2-H1-P05,,,0.088526,2.915832,0.085917,3.040539,2.21375,2.131517,5.534214,3.320464,21.816736,22.658415,56.644398,0.441786,7.5,PSF-00578_20260721104419_8f7,0,0,0,115.999458,191.393143,0.393921,0.5,0.8,155.48233,1,38.19,36.77,35.47,34.63,34.63,97.7,156,154.5,0.9,987,3.629,-16,24,46,,,,,,,,15:38:31,2026-07-21,39.208416,-96.593864,335.200012,6,1.7,10:43:41,2026-07-21,-0.31,1,0,0.001,-9999,1.745,6.387,-9999,1,150,0.005,2,0.058905,0,0.02923,0,0,-6.8e-05,standard,0,rectangular,7000,500,-9999,-9999,55537,55537,55537,0,-9999,0,0,0,0,2.455713,2.443499,1.641714,0.928681,0.180572,-0.009977,0.136613,0.931164,115.999458,0.000303,2.397709,-3e-05,1,2.383926,-2.4e-05,1,0.601714,0.600514,0.106642,0,PSF-00578_20260721104419_8f7,PFA-00612,PSA-00572,PSF-00578,RHS-0697,3.0.0,2026-06-15T15:17:51.144Z
4,10:44:30,2026-07-21,Rain_out,Climate_model,,Pl15-R2-M2-H1-P05,,,0.101782,2.915709,0.098349,3.298847,2.273985,2.184813,5.422042,3.148058,22.362183,23.274878,55.49614,0.441786,7.5,PSF-00578_20260721104430_ccd,0,0,0,107.275131,176.472183,0.392113,0.5,0.8,35.398796,1,39.19,37.65,35.49,34.26,34.26,97.7,156,154.4,1,226,3.629,-16,26,46,,,,,,,,15:38:43,2026-07-21,39.208416,-96.59388,342.100006,8,1.1,10:43:41,2026-07-21,-0.31,1,0.001,-0.001,-9999,1.372,28.868,-9999,1,150,0.005,2,0.058905,0,0.02923,0,0,-6.8e-05,standard,0,rectangular,7000,500,-9999,-9999,55537,55537,55537,0,-9999,0,0,0,0,2.456891,2.444806,1.641588,0.928498,0.180439,-0.014665,0.138366,0.295227,107.275131,0.000317,2.397709,-3e-05,1,2.383926,-2.4e-05,1,0.601714,0.600514,0.106642,0,PSF-00578_20260721104430_ccd,PFA-00612,PSA-00572,PSF-00578,RHS-0697,3.0.0,2026-06-15T15:17:51.144Z
5,10:44:43,2026-07-21,Rain_out,Climate_model,,Pl15-R2-M2-H1-P05,,,0.070501,2.915644,0.068836,2.61128,2.263795,2.193192,5.817114,3.553319,22.445988,23.16857,59.534634,0.441786,7.5,PSF-00578_20260721104443_c90,0,0,0,113.081932,178.02858,0.36481,0.5,0.8,33.353798,1,38.98,37.76,35.5,35.53,35.53,97.71,156,154.4,1,229,3.629,-15,27,48,,,,,,,,15:38:54,2026-07-21,39.208393,-96.593864,339.299988,8,1.1,10:43:41,2026-07-21,-0.31,1,0.002,0.005,-9999,-4.236,-7.5,-9999,1,150,0.005,2,0.058905,0,0.02923,0,0,-6.8e-05,standard,0,rectangular,7000,500,-9999,-9999,55537,55537,55537,0,-9999,0,0,0,0,2.457038,2.444529,1.641522,0.928426,0.180328,0.000572,0.140273,0.297631,113.081932,0.000315,2.397709,-3e-05,1,2.383926,-2.4e-05,1,0.601714,0.600514,0.106642,0,PSF-00578_20260721104443_c90,PFA-00612,PSA-00572,PSF-00578,RHS-0697,3.0.0,2026-06-15T15:17:51.144Z
6,10:44:55,2026-07-21,Rain_out,Climate_model,,Pl15-R2-M2-H1-P05,,,0.014421,2.915957,0.01435,0.444173,2.216403,2.204391,5.127189,2.910786,22.560888,22.683828,52.474339,0.441786,7.5,PSF-00578_20260721104455_381,0,0,0,92.540146,285.957825,0.676385,0.5,0.8,56.457855,1,38.13,37.92,35.52,33.26,33.26,97.71,156,154.4,1,209,3.628,-14,28,49,,,,,,,,15:39:07,2026-07-21,39.208359,-96.593857,337.5,9,1.01,10:43:41,2026-07-21,-0.31,1,0.001,0.001,-9999,-0.019,0.634,-9999,1,150,0.005,2,0.058905,0,0.02923,0,0,-6.8e-05,standard,0,rectangular,7000,500,-9999,-9999,55537,55537,55537,0,-9999,0,0,0,0,2.457252,2.443413,1.641841,0.92833,0.180223,-0.027061,0.141944,0.281007,92.540146,0.000309,2.397709,-3e-05,1,2.383926,-2.4e-05,1,0.601714,0.600514,0.106642,0,PSF-00578_20260721104455_381,PFA-00612,PSA-00572,PSF-00578,RHS-0697,3.0.0,2026-06-15T15:17:51.144Z
7,10:45:18,2026-07-21,Rain_out,Climate_model,,Pl15-R2-M2-H1-P05,,,0.156423,2.916591,0.14846,5.26219,2.224366,2.082156,5.549437,3.325071,21.312601,22.768244,56.803116,0.441786,7.5,PSF-00578_20260721104518_7a1,0,0,0,97.394943,159.168365,0.388101,0.5,0.8,291.218079,1,38.21,35.76,35.55,34.68,34.68,97.7,156.1,154.7,0.9,1876,3.626,16,-48,260,,,,,,,,15:39:31,2026-07-21,39.208355,-96.593849,335,9,1.01,10:43:41,2026-07-21,-0.31,1,0.001,0,0.021,-1.264,-2.338,-2.859,1,150,0.005,2,0.058905,0,0.02923,0,0,-6.8e-05,standard,0,rectangular,7000,500,-9999,-9999,55537,55537,55537,0,-9999,0,0,0,0,2.454342,2.443508,1.642487,0.929059,0.180019,-0.010342,0.14512,1.674125,97.394943,0.000298,2.397709,-3e-05,1,2.383926,-2.4e-05,1,0.601714,0.600514,0.106642,0,PSF-00578_20260721104518_7a1,PFA-00612,PSA-00572,PSF-00578,RHS-0697,3.0.0,2026-06-15T15:17:51.144Z
8,10:45:46,2026-07-21,Rain_out,Climate_model,,Pl15-R2-M2-H1-P05,,,0.224893,2.91708,0.208796,7.132514,2.458369,2.266164,5.657012,3.198642,23.196489,25.163912,57.90527,0.441786,7.5,PSF-00578_20260721104546_e91,0,0,0,90.107559,149.814957,0.398541,0.5,0.8,282.782654,1,42.14,38.84,35.59,35.03,35.03,97.69,156.1,154.4,1.1,1774,3.629,12,-55,263,,,,,,,,15:39:58,2026-07-21,39.208359,-96.593849,334.799988,9,1.01,10:43:41,2026-07-21,-0.31,1,-0.001,0.001,0.012,-0.269,0.187,0.412,1,150,0.005,2,0.058905,0,0.02923,0,0,-6.8e-05,standard,0,rectangular,7000,500,-9999,-9999,55537,55537,55537,0,-9999,0,0,0,0,2.45847,2.448637,1.642986,0.928397,0.179759,-0.00659,0.148864,1.58885,90.107559,0.000301,2.397709,-3e-05,1,2.383926,-2.4e-05,1,0.601714,0.600514,0.106642,0,PSF-00578_20260721104546_e91,PFA-00612,PSA-00572,PSF-00578,RHS-0697,3.0.0,2026-06-15T15:17:51.144Z
9,10:45:58,2026-07-21,Rain_out,Climate_model,,Pl15-R2-M2-H1-P05,,,0.220474,2.916676,0.204979,6.578061,2.42076,2.243365,5.430002,3.009242,22.962597,24.778374,55.580315,0.441786,7.5,PSF-00578_20260721104558_dd7,0,0,0,86.630699,161.040909,0.462058,0.5,0.8,298.69223,1,41.46,38.43,35.6,34.29,34.29,97.7,156.1,154.6,0.9,1616,3.587,8,-62,273,,,,,,,,15:40:10,2026-07-21,39.208359,-96.593842,335.5,9,1.01,10:43:41,2026-07-21,-0.31,1,0,0,-9999,0.814,2.528,-9999,1,150,0.005,2,0.058905,0,0.02923,0,0,-6.8e-05,standard,0,rectangular,7000,500,-9999,-9999,55537,55537,55537,0,-9999,0,0,0,0,2.45791,2.44776,1.642574,0.928992,0.179668,-0.015697,0.150334,1.457026,86.630699,0.00031,2.397709,-3e-05,1,2.383926,-2.4e-05,1,0.601714,0.600514,0.106642,0,PSF-00578_20260721104558_dd7,PFA-00612,PSA-00572,PSF-00578,RHS-0697,3.0.0,2026-06-15T15:17:51.144Z
10,10:46:18,2026-07-21,Rain_out,Climate_model,,Pl15-R2-M2-H1-P05,,,0.122579,2.915329,0.117633,3.4162,2.374838,2.282574,5.10331,2.728472,23.365179,24.309624,52.239166,0.441786,7.5,PSF-00578_20260721104618_333,0,0,0,86.134315,213.856094,0.597232,0.5,0.8,38.288704,1,40.59,39.01,35.64,33.18,33.18,97.69,155.9,154.3,1,160,3.626,21,63,249,,,,,,,,15:40:30,2026-07-21,39.20834,-96.593857,333.700012,8,1.11,10:43:41,2026-07-21,-0.31,1,-0.003,-0.002,0.007,-0.034,-0.03,0.014,1,150,0.005,2,0.058905,0,0.02923,0,0,-6.8e-05,standard,0,rectangular,7000,500,-9999,-9999,55537,55537,55537,0,-9999,0,0,0,0,2.458684,2.446613,1.641201,0.928137,0.179389,-0.029518,0.153042,0.240566,86.134315,0.000304,2.397709,-3e-05,1,2.383926,-2.4e-05,1,0.601714,0.600514,0.106642,0,PSF-00578_20260721104618_333,PFA-00612,PSA-00572,PSF-00578,RHS-0697,3.0.0,2026-06-15T15:17:51.144Z
11,10:46:32,2026-07-21,Rain_out,Climate_model,,Pl15-R2-M2-H1-P05,,,0.08095,2.917136,0.078764,2.217554,2.399914,2.340121,5.045623,2.64571,23.953396,24.56543,51.64682,0.441786,7.5,PSF-00578_20260721104632_6ee,0,0,0,88.073372,251.885895,0.650344,0.5,0.8,39.074146,1,40.97,39.95,35.66,32.98,32.98,97.69,156.1,154.5,1.1,150,3.623,20,57,240,,,,,,,,15:40:44,2026-07-21,39.208328,-96.593918,329.5,8,1.11,10:43:41,2026-07-21,-0.31,1,-0.002,-0.002,0.01,-0.259,-0.378,-0.805,1,150,0.005,2,0.058905,0,0.02923,0,0,-6.8e-05,standard,0,rectangular,7000,500,-9999,-9999,55537,55537,55537,0,-9999,0,0,0,0,2.459934,2.447114,1.643044,0.928518,0.179261,-0.032158,0.154774,0.232151,88.073372,0.000315,2.397709,-3e-05,1,2.383926,-2.4e-05,1,0.601714,0.600514,0.106642,0,PSF-00578_20260721104632_6ee,PFA-00612,PSA-00572,PSF-00578,RHS-0697,3.0.0,2026-06-15T15:17:51.144Z
12,10:46:45,2026-07-21,Rain_out,Climate_model,,Pl15-R2-M2-H1-P05,,,0.069418,2.916059,0.067804,1.924352,2.389874,2.337937,5.056945,2.667071,23.930489,24.462107,51.761524,0.441786,7.5,PSF-00578_20260721104645_bff,0,0,0,80.462692,255.432129,0.684994,0.5,0.8,44.596577,1,40.78,39.9,35.67,33.02,33.02,97.7,156,154.5,1,163,3.628,5,52,247,,,,,,,,15:40:54,2026-07-21,39.208344,-96.593857,328.200012,8,1.11,10:43:41,2026-07-21,-0.31,1,0,0.001,-9999,-0.195,-0.326,-9999,1,150,0.005,2,0.058905,0,0.02923,0,0,-6.8e-05,standard,0,rectangular,7000,500,-9999,-9999,55537,55537,55537,0,-9999,0,0,0,0,2.459856,2.446861,1.641944,0.928659,0.179194,-0.031799,0.156319,0.242644,80.462692,0.000311,2.397709,-3e-05,1,2.383926,-2.4e-05,1,0.601714,0.600514,0.106642,0,PSF-00578_20260721104645_bff,PFA-00612,PSA-00572,PSF-00578,RHS-0697,3.0.0,2026-06-15T15:17:51.144Z
13,10:46:55,2026-07-21,Rain_out,Climate_model,,Pl15-R2-M2-H1-P05,,,0.064041,2.916741,0.062665,1.772163,2.338944,2.291118,4.997845,2.658901,23.453182,23.942755,51.160774,0.441786,7.5,PSF-00578_20260721104655_fe0,0,0,0,81.017014,232.95343,0.652218,0.5,0.8,50.566814,1,39.91,39.1,35.67,32.81,32.81,97.69,156.1,154.5,1,194,3.627,4,-63,266,,,,,,,,00:00:00,0000-00-00,39.208397,-96.593773,320.899994,8,1.12,10:43:41,2026-07-21,-0.31,1,0,-0.003,-9999,-0.279,-0.262,-9999,1,150,0.005,2,0.058905,0,0.02923,0,0,-6.8e-05,standard,0,rectangular,7000,500,-9999,-9999,55537,55537,55537,0,-9999,0,0,0,0,2.458795,2.445729,1.64264,0.92857,0.179199,-0.03428,0.157434,0.2686,81.017014,0.000305,2.397709,-3e-05,1,2.383926,-2.4e-05,1,0.601714,0.600514,0.106642,0,PSF-00578_20260721104655_fe0,PFA-00612,PSA-00572,PSF-00578,RHS-0697,3.0.0,2026-06-15T15:17:51.144Z
14,10:47:06,2026-07-21,Rain_out,Climate_model,,Pl15-R2-M2-H1-P05,,,0.050173,2.916112,0.049324,1.475401,2.40446,2.364647,5.21285,2.80839,24.20401,24.611523,53.35759,0.441786,7.5,PSF-00578_20260721104706_e5b,0,0,0,82.412842,245.446442,0.664233,0.5,0.8,63.198021,1,41.02,40.35,35.67,33.56,33.56,97.7,156,154.3,1.1,238,3.627,2,-53,270,,,,,,,,15:41:18,2026-07-21,39.20837,-96.593796,317.399994,7,1.24,10:43:41,2026-07-21,-0.31,1,0,0.002,-9999,0.005,-0.095,-9999,1,150,0.005,2,0.058905,0,0.02923,0,0,-6.8e-05,standard,0,rectangular,7000,500,-9999,-9999,55537,55537,55537,0,-9999,0,0,0,0,2.460452,2.447177,1.641999,0.928239,0.179176,-0.025359,0.158792,0.305395,82.412842,0.000317,2.397709,-3e-05,1,2.383926,-2.4e-05,1,0.601714,0.600514,0.106642,0,PSF-00578_20260721104706_e5b,PFA-00612,PSA-00572,PSF-00578,RHS-0697,3.0.0,2026-06-15T15:17:51.144Z
15,10:47:22,2026-07-21,Rain_out,Climate_model,,Pl15-R2-M2-H1-P05,,,0.04857,2.91646,0.047775,1.508623,2.327455,2.286723,5.292255,2.9648,23.40592,23.822832,54.169258,0.441786,7.5,PSF-00578_20260721104722_024,0,0,0,80.044983,242.661957,0.670138,0.5,0.8,64.785965,1,39.7,39.01,35.67,33.83,33.83,97.7,156.1,154.5,1,242,3.622,7,-51,275,,,,,,,,15:41:34,2026-07-21,39.208363,-96.593811,316.5,8,1.12,10:43:41,2026-07-21,-0.31,1,0.003,0.002,-0.008,-0.168,-0.119,-0.189,1,150,0.005,2,0.058905,0,0.02923,0,0,-6.8e-05,standard,0,rectangular,7000,500,-9999,-9999,55537,55537,55537,0,-9999,0,0,0,0,2.458672,2.44545,1.642353,0.928523,0.179146,-0.022168,0.160611,0.308593,80.044983,0.000313,2.397709,-3e-05,1,2.383926,-2.4e-05,1,0.601714,0.600514,0.106642,0,PSF-00578_20260721104722_024,PFA-00612,PSA-00572,PSF-00578,RHS-0697,3.0.0,2026-06-15T15:17:51.144Z
16,10:47:34,2026-07-21,Rain_out,Climate_model,,Pl15-R2-M2-H1-P05,,,0.216299,2.916011,0.201363,5.871911,2.457026,2.29867,5.194068,2.737042,23.531269,25.152349,53.1712,0.441786,7.5,PSF-00578_20260721104734_79a,0,0,0,84.111572,175.314545,0.520225,0.5,0.8,314.127106,1,41.89,39.19,35.68,33.49,33.49,97.69,156,154.5,1,1510,3.595,6,-61,281,,,,,,,,15:41:47,2026-07-21,39.208347,-96.593811,316.299988,8,1.12,10:43:41,2026-07-21,-0.31,1,0.004,0.001,-9999,0.501,1.625,-9999,1,150,0.005,2,0.058905,0,0.02923,0,0,-6.8e-05,standard,0,rectangular,7000,500,-9999,-9999,55537,55537,55537,0,-9999,0,0,0,0,2.458914,2.448298,1.641896,0.928582,0.179079,-0.026304,0.162055,1.368016,84.111572,0.000311,2.397709,-3e-05,1,2.383926,-2.4e-05,1,0.601714,0.600514,0.106642,0,PSF-00578_20260721104734_79a,PFA-00612,PSA-00572,PSF-00578,RHS-0697,3.0.0,2026-06-15T15:17:51.144Z
17,10:48:01,2026-07-21,Rain_out,Climate_model,,Pl15-R2-M2-H1-P05,,,0.102559,2.916673,0.099075,2.869863,2.441103,2.36373,5.16078,2.719678,24.195984,24.987999,52.827595,0.441786,7.5,PSF-00578_20260721104801_590,0,0,0,88.642715,211.61377,0.581111,0.5,0.8,184.553421,1,41.56,40.24,35.71,33.38,33.38,97.69,156.1,154.3,1.1,794,3.627,3,36,275,,,,,,,,15:42:09,2026-07-21,39.208313,-96.593819,317.200012,8,1.12,10:43:41,2026-07-21,-0.31,1,-0.001,-0.001,0.008,0.105,-0.402,-1.017,1,150,0.005,2,0.058905,0,0.02923,0,0,-6.8e-05,standard,0,rectangular,7000,500,-9999,-9999,55537,55537,55537,0,-9999,0,0,0,0,2.460305,2.447863,1.642571,0.928218,0.178895,-0.028003,0.165242,0.770068,88.642715,0.000312,2.397709,-3e-05,1,2.383926,-2.4e-05,1,0.601714,0.600514,0.106642,0,PSF-00578_20260721104801_590,PFA-00612,PSA-00572,PSF-00578,RHS-0697,3.0.0,2026-06-15T15:17:51.144Z
18,10:48:21,2026-07-21,Rain_out,Climate_model,,Pl15-R2-M2-H1-P05,,,0.094028,2.917019,0.091092,2.98327,2.356412,2.275934,5.428268,3.071856,23.297747,24.121567,55.566833,0.441786,7.5,PSF-00578_20260721104821_abb,0,0,0,91.406464,207.891937,0.560317,0.5,0.8,206.383667,1,40.09,38.72,35.72,34.28,34.28,97.69,156.1,154.5,1,921,3.626,7,33,269,,,,,,,,15:42:33,2026-07-21,39.208332,-96.593826,317,8,1.12,10:43:41,2026-07-21,-0.31,1,-0.004,-0.002,-0.009,0.116,-0.6,-1.086,1,150,0.005,2,0.058905,0,0.02923,0,0,-6.8e-05,standard,0,rectangular,7000,500,-9999,-9999,55537,55537,55537,0,-9999,0,0,0,0,2.458286,2.445952,1.642925,0.928731,0.17882,-0.017259,0.167646,0.876075,91.406464,0.00031,2.397709,-3e-05,1,2.383926,-2.4e-05,1,0.601714,0.600514,0.106642,0,PSF-00578_20260721104821_abb,PFA-00612,PSA-00572,PSF-00578,RHS-0697,3.0.0,2026-06-15T15:17:51.144Z
19,10:48:35,2026-07-21,Rain_out,Climate_model,,Pl15-R2-M2-H1-P05,,,0.1008,2.917484,0.097433,3.156132,2.422769,2.33772,5.459452,3.036682,23.930719,24.80135,55.887188,0.441786,7.5,PSF-00578_20260721104835_e1d,0,0,0,89.836121,202.714203,0.556834,0.5,0.8,213.722458,1,41.2,39.75,35.73,34.39,34.39,97.69,156.2,154.3,1.2,960,3.626,9,33,276,,,,,,,,15:42:47,2026-07-21,39.208328,-96.593834,317,8,1.13,10:43:41,2026-07-21,-0.31,1,0,0,0.011,0.042,0.57,0.411,1,150,0.005,2,0.058905,0,0.02923,0,0,-6.8e-05,standard,0,rectangular,7000,500,-9999,-9999,55537,55537,55537,0,-9999,0,0,0,0,2.459651,2.447389,1.643399,0.928208,0.178743,-0.01615,0.169179,0.90842,89.836121,0.00031,2.397709,-3e-05,1,2.383926,-2.4e-05,1,0.601714,0.600514,0.106642,0,PSF-00578_20260721104835_e1d,PFA-00612,PSA-00572,PSF-00578,RHS-0697,3.0.0,2026-06-15T15:17:51.144Z
20,10:48:46,2026-07-21,Rain_out,Climate_model,,Pl15-R2-M2-H1-P05,,,0.033919,2.917275,0.033529,0.936755,2.421517,2.396269,5.046567,2.62505,24.528811,24.787264,51.657936,0.441786,7.5,PSF-00578_20260721104846_957,0,0,0,91.514114,245.499725,0.627233,0.5,0.8,143.955948,1,41.16,40.73,35.74,32.98,32.98,97.69,156.2,154.4,1.1,574,3.626,2,50,285,,,,,,,,15:42:58,2026-07-21,39.208328,-96.593826,316.5,8,1.13,10:43:41,2026-07-21,-0.31,1,0.001,-0.001,-9999,-1.555,-2.38,-9999,1,150,0.005,2,0.058905,0,0.02923,0,0,-6.8e-05,standard,0,rectangular,7000,500,-9999,-9999,55537,55537,55537,0,-9999,0,0,0,0,2.460953,2.447345,1.643186,0.928457,0.178706,-0.033097,0.170563,0.586077,91.514114,0.000305,2.397709,-3e-05,1,2.383926,-2.4e-05,1,0.601714,0.600514,0.106642,0,PSF-00578_20260721104846_957,PFA-00612,PSA-00572,PSF-00578,RHS-0697,3.0.0,2026-06-15T15:17:51.144Z
21,10:48:57,2026-07-21,Rain_out,Climate_model,,Pl15-R2-M2-H1-P05,,,0.018071,2.916389,0.017959,0.501557,2.485076,2.471556,5.10738,2.622305,25.299152,25.437538,52.279766,0.441786,7.5,PSF-00578_20260721104857_b6c,0,0,0,82.189323,257.416595,0.680715,0.5,0.8,121.237961,1,42.23,42,35.74,33.19,33.19,97.69,156,154.3,1.1,445,3.584,-11,46,290,,,,,,,,15:43:10,2026-07-21,39.208313,-96.593803,317,8,1.26,10:43:41,2026-07-21,-0.31,1,0,-0.001,-9999,-0.143,-0.188,-9999,1,150,0.005,2,0.058905,0,0.02923,0,0,-6.8e-05,standard,0,rectangular,7000,500,-9999,-9999,55537,55537,55537,0,-9999,0,0,0,0,2.462626,2.448731,1.642281,0.928126,0.17867,-0.030617,0.171876,0.478693,82.189323,0.000293,2.397709,-3e-05,1,2.383926,-2.4e-05,1,0.601714,0.600514,0.106642,0,PSF-00578_20260721104857_b6c,PFA-00612,PSA-00572,PSF-00578,RHS-0697,3.0.0,2026-06-15T15:17:51.144Z
22,10:49:11,2026-07-21,Rain_out,Climate_model,,Pl15-R2-M2-H1-P05,,,0.018865,2.915593,0.018743,0.559226,2.525606,2.510529,5.323315,2.797709,25.69795,25.852278,54.489826,0.441786,7.5,PSF-00578_20260721104911_929,0,0,0,91.290955,298.351776,0.694016,0.5,0.8,92.661812,1,42.9,42.64,35.75,33.93,33.93,97.69,155.9,154.4,1,334,3.624,-12,49,288,,,,,,,,15:43:23,2026-07-21,39.208309,-96.593826,317.200012,8,1.17,10:43:41,2026-07-21,-0.31,1,0.001,0.001,-0.011,0.094,0.204,1.839,1,150,0.005,2,0.058905,0,0.02923,0,0,-6.8e-05,standard,0,rectangular,7000,500,-9999,-9999,55537,55537,55537,0,-9999,0,0,0,0,2.463466,2.449592,1.64147,0.928338,0.178603,-0.021866,0.173403,0.38555,91.290955,0.000311,2.397709,-3e-05,1,2.383926,-2.4e-05,1,0.601714,0.600514,0.106642,0,PSF-00578_20260721104911_929,PFA-00612,PSA-00572,PSF-00578,RHS-0697,3.0.0,2026-06-15T15:17:51.144Z
23,10:49:22,2026-07-21,Rain_out,Climate_model,,Pl15-R2-M2-H1-P05,,,0.032787,2.915884,0.032423,1.021971,2.526057,2.498512,5.479158,2.953101,25.575466,25.85743,56.086193,0.441786,7.5,PSF-00578_20260721104922_f28,0,0,0,98.880531,219.134338,0.548768,0.5,0.8,143.26503,1,42.88,42.41,35.76,34.45,34.45,97.69,156,154.2,1.2,653,3.625,5,48,280,,,,,,,,15:43:33,2026-07-21,39.208317,-96.593819,317.399994,10,1.07,10:43:41,2026-07-21,-0.31,1,-0.003,-0.003,-9999,-4.363,-7.286,-9999,1,150,0.005,2,0.058905,0,0.02923,0,0,-6.8e-05,standard,0,rectangular,7000,500,-9999,-9999,55537,55537,55537,0,-9999,0,0,0,0,2.463163,2.449567,1.641767,0.927798,0.178529,-0.015746,0.17459,0.652,98.880531,0.000304,2.397709,-3e-05,1,2.383926,-2.4e-05,1,0.601714,0.600514,0.106642,0,PSF-00578_20260721104922_f28,PFA-00612,PSA-00572,PSF-00578,RHS-0697,3.0.0,2026-06-15T15:17:51.144Z
24,10:49:33,2026-07-21,Rain_out,Climate_model,,Pl15-R2-M2-H1-P05,,,0.053099,2.916139,0.052149,1.826439,2.259826,2.210471,5.544555,3.284729,22.627695,23.132919,56.757359,0.441786,7.5,PSF-00578_20260721104933_051,0,0,0,91.910362,235.145325,0.609134,0.5,0.8,144.166504,1,38.34,37.5,35.77,34.67,34.67,97.69,156,154.7,0.8,592,3.625,10,53,276,,,,,,,,15:43:45,2026-07-21,39.208321,-96.593781,319,10,1.07,10:43:41,2026-07-21,-0.31,1,-0.002,0,-9999,-2.422,-6.829,-9999,1,150,0.005,2,0.058905,0,0.02923,0,0,-6.8e-05,standard,0,rectangular,7000,500,-9999,-9999,55537,55537,55537,0,-9999,0,0,0,0,2.456642,2.443645,1.642026,0.929145,0.178453,-0.013294,0.17573,0.601045,91.910362,0.000299,2.397709,-3e-05,1,2.383926,-2.4e-05,1,0.601714,0.600514,0.106642,0,PSF-00578_20260721104933_051,PFA-00612,PSA-00572,PSF-00578,RHS-0697,3.0.0,2026-06-15T15:17:51.144Z
25,10:49:46,2026-07-21,Rain_out,Climate_model,,Pl15-R2-M2-H1-P05,,,0.059302,2.915611,0.05812,1.934075,2.180506,2.128177,5.306778,3.126272,21.78512,22.320787,54.322918,0.441786,7.5,PSF-00578_20260721104946_9a5,0,0,0,86.561325,202.22998,0.571966,0.5,0.8,175.202057,1,36.96,36.08,35.79,33.88,33.88,97.69,156,154.4,1,766,3.624,11,42,269,,,,,,,,15:43:58,2026-07-21,39.208328,-96.593781,319.100006,10,1.07,10:43:41,2026-07-21,-0.31,1,-0.002,-0.002,0.011,-0.404,-0.179,-1.042,1,150,0.005,2,0.058905,0,0.02923,0,0,-6.8e-05,standard,0,rectangular,7000,500,-9999,-9999,55537,55537,55537,0,-9999,0,0,0,0,2.454727,2.441832,1.641488,0.928363,0.178358,-0.022971,0.177197,0.746522,86.561325,0.000311,2.397709,-3e-05,1,2.383926,-2.4e-05,1,0.601714,0.600514,0.106642,0,PSF-00578_20260721104946_9a5,PFA-00612,PSA-00572,PSF-00578,RHS-0697,3.0.0,2026-06-15T15:17:51.144Z
26,10:50:00,2026-07-21,Rain_out,Climate_model,,Pl15-R2-M2-H1-P05,,,0.072224,2.916695,0.070479,2.192348,2.230663,2.171433,5.154305,2.923643,22.229837,22.836199,52.766716,0.441786,7.5,PSF-00578_20260721105000_89e,0,0,0,79.718826,246.582626,0.676705,0.5,0.8,56.519676,1,37.82,36.82,35.78,33.36,33.36,97.68,156.1,154.5,1,209,3.623,1,-53,299,,,,,,,,15:44:12,2026-07-21,39.208321,-96.593773,319.5,10,1.08,10:43:41,2026-07-21,-0.31,1,0,0.002,0.014,-0.148,-0.221,-0.235,1,150,0.005,2,0.058905,0,0.02923,0,0,-6.8e-05,standard,0,rectangular,7000,500,-9999,-9999,55537,55537,55537,0,-9999,0,0,0,0,2.455731,2.442971,1.642593,0.928707,0.178399,-0.029148,0.178728,0.281116,79.718826,0.000308,2.397709,-3e-05,1,2.383926,-2.4e-05,1,0.601714,0.600514,0.106642,0,PSF-00578_20260721105000_89e,PFA-00612,PSA-00572,PSF-00578,RHS-0697,3.0.0,2026-06-15T15:17:51.144Z
27,10:50:13,2026-07-21,Rain_out,Climate_model,,Pl15-R2-M2-H1-P05,,,0.235454,2.915597,0.21786,6.011434,2.285804,2.123347,4.882261,2.596457,21.737282,23.400404,49.981045,0.441786,7.5,PSF-00578_20260721105013_0b0,0,0,0,80.921173,175.917145,0.540004,0.5,0.8,129.476257,1,38.76,36,35.78,32.39,32.39,97.68,155.9,154.3,1,599,3.619,5,-54,297,,,,,,,,15:44:24,2026-07-21,39.20834,-96.593788,319.600006,11,0.88,10:43:41,2026-07-21,-0.31,1,0,-0.002,-9999,1.06,2.538,-9999,1,150,0.005,2,0.058905,0,0.02923,0,0,-6.8e-05,standard,0,rectangular,7000,500,-9999,-9999,55537,55537,55537,0,-9999,0,0,0,0,2.454631,2.444198,1.641475,0.928222,0.178394,-0.04063,0.180177,0.607509,80.921173,0.000309,2.397709,-3e-05,1,2.383926,-2.4e-05,1,0.601714,0.600514,0.106642,0,PSF-00578_20260721105013_0b0,PFA-00612,PSA-00572,PSF-00578,RHS-0697,3.0.0,2026-06-15T15:17:51.144Z
28,10:50:26,2026-07-21,Rain_out,Climate_model,,Pl15-R2-M2-H1-P05,,,0.203691,2.916102,0.190392,5.297815,2.288774,2.145666,4.906712,2.617938,21.966105,23.431171,50.232132,0.441786,7.5,PSF-00578_20260721105026_cbf,0,0,0,82.430008,184.284561,0.552703,0.5,0.8,285.123962,1,38.81,36.38,35.78,32.48,32.48,97.68,156,154.7,0.8,1290,3.623,1,-53,303,,,,,,,,15:44:38,2026-07-21,39.208347,-96.593781,320.700012,10,1.08,10:43:41,2026-07-21,-0.31,1,-0.001,-0.004,-9999,0.909,2.595,-9999,1,150,0.005,2,0.058905,0,0.02923,0,0,-6.8e-05,standard,0,rectangular,7000,500,-9999,-9999,55537,55537,55537,0,-9999,0,0,0,0,2.455137,2.444261,1.641989,0.929175,0.178385,-0.039597,0.181505,1.184277,82.430008,0.000292,2.397709,-3e-05,1,2.383926,-2.4e-05,1,0.601714,0.600514,0.106642,0,PSF-00578_20260721105026_cbf,PFA-00612,PSA-00572,PSF-00578,RHS-0697,3.0.0,2026-06-15T15:17:51.144Z
29,10:50:42,2026-07-21,Rain_out,Climate_model,,Pl15-R2-M2-H1-P05,,,0.102055,2.916621,0.098604,2.823268,2.233604,2.157331,4.927761,2.694157,22.086655,22.867537,50.450195,0.441786,7.5,PSF-00578_20260721105042_729,0,0,0,90.105057,213.253494,0.577474,0.5,0.8,91.672989,1,37.85,36.55,35.79,32.56,32.56,97.68,156.1,154.5,1,397,3.617,29,63,265,,,,,,,,15:44:55,2026-07-21,39.20834,-96.593788,319.100006,10,1.08,10:43:41,2026-07-21,-0.31,1,0.001,0.003,-9999,0.351,1.273,-9999,1,150,0.005,2,0.058905,0,0.02923,0,0,-6.8e-05,standard,0,rectangular,7000,500,-9999,-9999,55537,55537,55537,0,-9999,0,0,0,0,2.45537,2.442997,1.642518,0.928569,0.178303,-0.038842,0.183295,0.43826,90.105057,0.00031,2.397709,-3e-05,1,2.383926,-2.4e-05,1,0.601714,0.600514,0.106642,0,PSF-00578_20260721105042_729,PFA-00612,PSA-00572,PSF-00578,RHS-0697,3.0.0,2026-06-15T15:17:51.144Z
30,10:50:57,2026-07-21,Rain_out,Climate_model,,Pl15-R2-M2-H1-P05,,,0.069517,2.916599,0.067899,2.085916,2.134849,2.078437,5.025526,2.890677,21.279167,21.856714,51.451637,0.441786,7.5,PSF-00578_20260721105057_63d,0,0,0,93.003273,267.326111,0.652098,0.5,0.8,96.023041,1,36.17,35.21,35.8,32.91,32.91,97.67,156.1,154.7,0.9,368,3.622,31,63,258,,,,,,,,15:45:09,2026-07-21,39.208321,-96.593788,319,11,1.02,10:43:41,2026-07-21,-0.31,1,0,-0.004,-9999,-0.208,-0.28,-9999,1,150,0.005,2,0.058905,0,0.02923,0,0,-6.8e-05,standard,0,rectangular,7000,500,-9999,-9999,55537,55537,55537,0,-9999,0,0,0,0,2.453556,2.440775,1.642495,0.929058,0.178278,-0.03474,0.184802,0.414246,93.003273,0.000299,2.397709,-3e-05,1,2.383926,-2.4e-05,1,0.601714,0.600514,0.106642,0,PSF-00578_20260721105057_63d,PFA-00612,PSA-00572,PSF-00578,RHS-0697,3.0.0,2026-06-15T15:17:51.144Z
31,10:51:15,2026-07-21,Rain_out,Climate_model,,Pl15-R2-M2-H1-P05,,,0.041783,2.916388,0.041193,1.225447,2.180981,2.147849,4.980248,2.799267,21.989193,22.328386,50.986645,0.441786,7.5,PSF-00578_20260721105115_e0a,0,0,0,78.860519,250.051971,0.684623,0.5,0.8,64.109695,1,36.96,36.4,35.79,32.75,32.75,97.68,156,154.6,0.9,234,3.623,0,-54,296,,,,,,,,15:45:27,2026-07-21,39.208336,-96.593781,318.399994,11,1.02,10:43:41,2026-07-21,-0.31,1,0.001,0,-9999,-0.007,0.117,-9999,1,150,0.005,2,0.058905,0,0.02923,0,0,-6.8e-05,standard,0,rectangular,7000,500,-9999,-9999,55537,55537,55537,0,-9999,0,0,0,0,2.455159,2.441826,1.64228,0.928903,0.178316,-0.036586,0.186707,0.302257,78.860519,0.000308,2.397709,-3e-05,1,2.383926,-2.4e-05,1,0.601714,0.600514,0.106642,0,PSF-00578_20260721105115_e0a,PFA-00612,PSA-00572,PSF-00578,RHS-0697,3.0.0,2026-06-15T15:17:51.144Z
32,10:51:28,2026-07-21,Rain_out,Climate_model,,Pl15-R2-M2-H1-P05,,,0.036447,2.915608,0.035997,1.108968,2.142472,2.112455,5.041324,2.898853,21.624231,21.931498,51.605724,0.441786,7.5,PSF-00578_20260721105128_941,0,0,0,87.473991,236.827972,0.630643,0.5,0.8,232.287918,1,36.32,35.81,35.79,32.96,32.96,97.69,156,154.5,0.9,921,3.583,4,35,292,,,,,,,,15:45:39,2026-07-21,39.208363,-96.593811,318.399994,11,1.02,10:43:41,2026-07-21,-0.31,1,0.004,0.004,-9999,0.444,-0.535,-9999,1,150,0.005,2,0.058905,0,0.02923,0,0,-6.8e-05,standard,0,rectangular,7000,500,-9999,-9999,55537,55537,55537,0,-9999,0,0,0,0,2.45437,2.440982,1.641486,0.928756,0.178365,-0.033922,0.188092,0.876078,87.473991,0.000316,2.397709,-3e-05,1,2.383926,-2.4e-05,1,0.601714,0.600514,0.106642,0,PSF-00578_20260721105128_941,PFA-00612,PSA-00572,PSF-00578,RHS-0697,3.0.0,2026-06-15T15:17:51.144Z
33,10:51:40,2026-07-21,Rain_out,Climate_model,,Pl15-R2-M2-H1-P05,,,0.017243,2.915774,0.017141,0.593949,2.102435,2.086354,5.358033,3.255599,21.35754,21.522156,54.848991,0.441786,7.5,PSF-00578_20260721105140_c3d,0,0,0,118.758202,277.756348,0.572437,0.5,0.8,120.910156,1,35.65,35.38,35.78,34.05,34.05,97.69,156,154.6,0.9,528,3.622,13,52,274,,,,,,,,15:45:52,2026-07-21,39.208359,-96.593811,318.899994,11,1.02,10:43:41,2026-07-21,-0.31,1,-0.002,-0.004,-9999,-3.322,-1.326,-9999,1,150,0.005,2,0.058905,0,0.02923,0,0,-6.8e-05,standard,0,rectangular,7000,500,-9999,-9999,55537,55537,55537,0,-9999,0,0,0,0,2.453782,2.440091,1.641655,0.928851,0.17839,-0.02084,0.189317,0.547871,118.758202,0.000303,2.397709,-3e-05,1,2.383926,-2.4e-05,1,0.601714,0.600514,0.106642,0,PSF-00578_20260721105140_c3d,PFA-00612,PSA-00572,PSF-00578,RHS-0697,3.0.0,2026-06-15T15:17:51.144Z
34,10:51:51,2026-07-21,Rain_out,Climate_model,,Pl15-R2-M2-H1-P05,,,0.032128,2.915963,0.031778,0.98145,2.13697,2.110413,5.042994,2.906024,21.604486,21.87636,51.625591,0.441786,7.5,PSF-00578_20260721105151_e8a,0,0,0,86.821678,266.672363,0.674426,0.5,0.8,53.612007,1,36.24,35.79,35.78,32.97,32.97,97.68,156,154.7,0.8,199,3.616,2,-33,310,,,,,,,,15:46:03,2026-07-21,39.208355,-96.593819,318.899994,11,1.02,10:43:41,2026-07-21,-0.31,1,0.001,0,-9999,0.018,-0.692,-9999,1,150,0.005,2,0.058905,0,0.02923,0,0,-6.8e-05,standard,0,rectangular,7000,500,-9999,-9999,55537,55537,55537,0,-9999,0,0,0,0,2.454345,2.44088,1.641847,0.929077,0.178418,-0.033757,0.190514,0.272699,86.821678,0.0003,2.397709,-3e-05,1,2.383926,-2.4e-05,1,0.601714,0.600514,0.106642,0,PSF-00578_20260721105151_e8a,PFA-00612,PSA-00572,PSF-00578,RHS-0697,3.0.0,2026-06-15T15:17:51.144Z
8,10:56:58,2026-07-21,Rain_out,Climate_model,,Pl7-R1-M2-H1-P08,,,0.007757,2.916836,0.007736,0.255623,2.12242,2.115506,5.22894,3.106519,21.654579,21.725353,53.524063,0.441786,7.5,PSF-00578_20260721105658_aaa,0,0,0,86.834549,283.732666,0.693956,0.5,0.8,80.97657,1,36.01,35.89,35.77,33.61,33.61,97.69,156.1,154.4,1.1,292,3.619,-7,26,6,,,,,,,,15:51:10,2026-07-21,39.208355,-96.593872,340,8,1.14,10:54:12,2026-07-21,-0.33,1,0.002,-0.001,-9999,0.174,0.493,-9999,1,150,0.005,2,0.058905,0,0.02923,0,0,-6.8e-05,standard,0,rectangular,7000,500,-9999,-9999,55537,55537,55537,0,-9999,0,0,0,0,2.454482,2.4406,1.642738,0.92826,0.178467,-0.025952,0.193911,0.350399,86.834549,0.000306,2.397709,-3e-05,1,2.383926,-2.4e-05,1,0.601714,0.600514,0.106642,0,PSF-00578_20260721105658_aaa,PFA-00612,PSA-00572,PSF-00578,RHS-0697,3.0.0,2026-06-15T15:17:51.144Z
1,11:00:37,2026-07-21,Rain_out,Climate_model,,Pl8-R1-M2-H3-P02,,,0.37892,2.916862,0.335355,9.984496,2.270466,2.000856,5.069542,2.799077,20.482897,23.242907,51.897236,0.441786,7.5,PSF-00578_20260721110037_552,0,0,0,74.618698,163.408752,0.543362,0.5,0.8,370.980621,1,38.47,33.9,35.8,33.06,33.06,97.68,156.1,154.5,1.1,1707,3.58,2,19,346,,,,,,,,15:54:50,2026-07-21,39.208309,-96.593811,323,4,1.83,11:00:19,2026-07-21,-0.3,1,0,0.001,0.009,-0.06,-0.217,-0.282,1,150,0.005,2,0.058905,0,0.02923,0,0,-6.8e-05,standard,0,rectangular,7000,500,-9999,-9999,55537,55537,55537,0,-9999,0,0,0,0,2.451774,2.443799,1.642764,0.928527,0.178289,-0.032872,0.174991,1.532879,74.618698,0.000303,2.397709,-3e-05,1,2.383926,-2.4e-05,1,0.601714,0.600514,0.106642,0,PSF-00578_20260721110037_552,PFA-00612,PSA-00572,PSF-00578,RHS-0697,3.0.0,2026-06-15T15:17:51.144Z
41,11:15:21,2026-07-21,Rain_out,Climate_model,,Pl10-R2-M3-H3-P12,,,0.072835,2.916256,0.07106,2.470188,2.12703,2.060181,5.392768,3.265738,21.085623,21.769812,55.194115,0.441786,7.5,PSF-00578_20260721111521_ca5,0,0,0,114.333275,185.623886,0.384059,0.5,0.8,46.683338,1,36.23,35.09,35.7,34.17,34.17,97.71,156,154.5,1,304,3.606,9,9,45,,,,,,,,16:09:32,2026-07-21,39.208431,-96.59375,331.5,14,0.89,11:10:38,2026-07-21,-0.35,1,-0.001,-0.005,-9999,20.737,-15.371,-9999,1,150,0.005,2,0.058905,0,0.02923,0,0,-6.8e-05,standard,0,rectangular,7000,500,-9999,-9999,55537,55537,55537,0,-9999,0,0,0,0,2.453404,2.440924,1.642146,0.92862,0.178949,-0.018454,0.269053,0.36056,114.333275,0.000298,2.397709,-3e-05,1,2.383926,-2.4e-05,1,0.601714,0.600514,0.106642,0,PSF-00578_20260721111521_ca5,PFA-00612,PSA-00572,PSF-00578,RHS-0697,3.0.0,2026-06-15T15:17:51.144Z
11,11:26:01,2026-07-21,Rain_out,Climate_model,,Pl15-R2-M2-H1-P05,,,0.03754,2.917228,0.037063,1.321238,1.920545,1.884732,5.276026,3.355481,19.285828,19.652294,53.987812,0.441786,7.5,PSF-00578_20260721112601_fa6,0,0,0,84.08046,264.661804,0.68231,0.5,0.8,248.160492,1,32.43,31.82,35.86,33.77,33.77,97.73,156.1,154.5,1.1,909,3.6,-22,-18,307,,,,,,,,16:20:13,2026-07-21,39.208385,-96.593826,318.100006,8,1.33,11:22:35,2026-07-21,-0.32,1,0,0.002,0.013,0.022,0.081,-0.271,1,150,0.005,2,0.058905,0,0.02923,0,0,-6.8e-05,standard,0,rectangular,7000,500,-9999,-9999,55537,55537,55537,0,-9999,0,0,0,0,2.448918,2.435771,1.643138,0.928537,0.177857,-0.025112,0.178272,0.866409,84.08046,0.000304,2.397709,-3e-05,1,2.383926,-2.4e-05,1,0.601714,0.600514,0.106642,0,PSF-00578_20260721112601_fa6,PFA-00612,PSA-00572,PSF-00578,RHS-0697,3.0.0,2026-06-15T15:17:51.144Z
39,11:36:05,2026-07-21,Rain_out,Climate_model,,Pl17-R2-M1-H1-P04,,,0.092579,2.915203,0.089729,2.938973,1.859255,1.779416,4.948574,3.089319,18.208679,19.025671,50.638527,0.441786,7.5,PSF-00578_20260721113605_341,0,0,0,92.486504,271.935211,0.659895,0.5,0.8,399.621765,1,31.32,29.97,35.9,32.63,32.63,97.72,155.9,154.5,0.9,1514,3.593,-10,43,347,,,,,,,,16:30:17,2026-07-21,39.208412,-96.593857,325,14,0.84,11:32:47,2026-07-21,-0.4,1,0,-0.001,-9999,0.338,0.63,-9999,1,150,0.005,2,0.058905,0,0.02923,0,0,-6.8e-05,standard,0,rectangular,7000,500,-9999,-9999,55537,55537,55537,0,-9999,0,0,0,0,2.446347,2.434372,1.641073,0.928679,0.177556,-0.039285,0.244648,1.371681,92.486504,0.000314,2.397709,-3e-05,1,2.383926,-2.4e-05,1,0.601714,0.600514,0.106642,0,PSF-00578_20260721113605_341,PFA-00612,PSA-00572,PSF-00578,RHS-0697,3.0.0,2026-06-15T15:17:51.144Z
44,11:38:07,2026-07-21,Rain_out,Climate_model,,Pl16-R2-M1-H2-P08,,,0.056766,2.91708,0.055683,2.099478,1.926894,1.869985,5.471979,3.545084,19.135616,19.71797,55.99493,0.441786,7.5,PSF-00578_20260721113807_861,0,0,0,189.359314,285.878418,0.337623,0.5,0.8,158.724899,1,32.43,31.47,35.92,34.43,34.43,97.72,156.1,154.6,0.9,1175,3.556,0,29,109,,,,,,,,16:32:19,2026-07-21,39.208454,-96.593849,328,14,0.84,11:32:47,2026-07-21,-0.4,1,0.001,0.001,-9999,3.658,5.55,-9999,1,150,0.005,2,0.058905,0,0.02923,0,0,-6.8e-05,standard,0,rectangular,7000,500,-9999,-9999,55537,55537,55537,0,-9999,0,0,0,0,2.448426,2.435877,1.642986,0.929006,0.177454,-0.017943,0.256627,1.088713,189.359314,0.0003,2.397709,-3e-05,1,2.383926,-2.4e-05,1,0.601714,0.600514,0.106642,0,PSF-00578_20260721113807_861,PFA-00612,PSA-00572,PSF-00578,RHS-0697,3.0.0,2026-06-15T15:17:51.144Z
1,11:45:37,2026-07-21,Rain_out,Climate_model,,Pl16-R2-M1-H2-P08,,,0.084623,2.915175,0.082236,4.511592,2.154926,2.032719,7.258901,5.103975,20.797096,22.047417,74.267067,0.441786,7.5,PSF-00578_20260721114537_72b,0,0,0,106.514099,148.410202,0.282299,0.5,0.8,171.883728,1,34.47,32.51,36.85,39.61,39.61,97.74,155.9,154.7,0.8,1522,3.584,-20,-35,87,,,,,,,,00:00:00,0000-00-00,nan,nan,nan,0,nan,11:45:16,2026-07-21,-0.35,1,0.002,0.003,0.011,-0.568,-0.896,-2.137,1,150,0.005,2,0.058905,0,0.02923,0,0,-6.8e-05,standard,0,rectangular,7000,500,-9999,-9999,55537,55537,55537,0,-9999,0,0,0,0,2.44973,2.438418,1.641044,0.929113,0.171198,0.035005,0.16624,1.378546,106.514099,0.000303,2.397709,-3e-05,1,2.383926,-2.4e-05,1,0.601714,0.600514,0.106642,0,PSF-00578_20260721114537_72b,PFA-00612,PSA-00572,PSF-00578,RHS-0697,3.0.0,2026-06-15T15:17:51.144Z
2,11:45:48,2026-07-21,Rain_out,Climate_model,,Pl16-R2-M1-H2-P08,,,0.061402,2.916664,0.060136,3.331389,2.118792,2.028623,7.273328,5.154536,20.754713,21.677227,74.412971,0.441786,7.5,PSF-00578_20260721114548_6d2,0,0,0,111.859558,149.416214,0.251356,0.5,0.8,157.32373,1,33.82,32.38,36.88,39.64,39.64,97.74,156.1,154.5,1,1565,3.589,-23,-29,91,,,,,,,,00:00:00,0000-00-00,nan,nan,nan,0,nan,11:45:16,2026-07-21,-0.35,1,0.003,0.002,-9999,-1.131,-1.876,-9999,1,150,0.005,2,0.058905,0,0.02923,0,0,-6.8e-05,standard,0,rectangular,7000,500,-9999,-9999,55537,55537,55537,0,-9999,0,0,0,0,2.449548,2.437552,1.642562,0.928606,0.17096,0.035033,0.168185,1.414121,111.859558,0.000304,2.397709,-3e-05,1,2.383926,-2.4e-05,1,0.601714,0.600514,0.106642,0,PSF-00578_20260721114548_6d2,PFA-00612,PSA-00572,PSF-00578,RHS-0697,3.0.0,2026-06-15T15:17:51.144Z
3,11:46:00,2026-07-21,Rain_out,Climate_model,,Pl16-R2-M1-H2-P08,,,0.051348,2.916342,0.05046,2.533162,2.038932,1.970284,6.72643,4.687498,20.155121,20.857359,68.808365,0.441786,7.5,PSF-00578_20260721114600_755,0,0,0,93.655586,141.633148,0.338745,0.5,0.8,212.848068,1,32.49,31.4,36.91,38.19,38.19,97.76,156,154.5,1,1571,3.589,-23,-28,89,,,,,,,,00:00:00,0000-00-00,nan,nan,nan,0,nan,11:45:16,2026-07-21,-0.35,1,0,0.002,-9999,-0.115,-1.242,-9999,1,150,0.005,2,0.058905,0,0.02923,0,0,-6.8e-05,standard,0,rectangular,7000,500,-9999,-9999,55537,55537,55537,0,-9999,0,0,0,0,2.448188,2.435761,1.642234,0.928536,0.170752,0.016207,0.170154,1.419223,93.655586,0.000304,2.397709,-3e-05,1,2.383926,-2.4e-05,1,0.601714,0.600514,0.106642,0,PSF-00578_20260721114600_755,PFA-00612,PSA-00572,PSF-00578,RHS-0697,3.0.0,2026-06-15T15:17:51.144Z
4,11:46:11,2026-07-21,Rain_out,Climate_model,,Pl16-R2-M1-H2-P08,,,0.110885,2.916549,0.106823,4.978332,2.233648,2.099047,6.583479,4.349831,21.474564,22.851612,67.353096,0.441786,7.5,PSF-00578_20260721114611_dfe,0,0,0,100.597855,148.210281,0.321249,0.5,0.8,207.509735,1,35.56,33.41,36.93,37.79,37.79,97.75,156.1,154.6,1,1615,3.548,-23,-25,72,,,,,,,,00:00:00,0000-00-00,39.20845,-96.593895,333.5,6,1.44,11:45:16,2026-07-21,-0.35,1,0.002,0.002,-9999,-0.381,-0.329,-9999,1,150,0.005,2,0.058905,0,0.02923,0,0,-6.8e-05,standard,0,rectangular,7000,500,-9999,-9999,55537,55537,55537,0,-9999,0,0,0,0,2.450948,2.439853,1.642445,0.928771,0.170617,0.010975,0.171788,1.455996,100.597855,0.000308,2.397709,-3e-05,1,2.383926,-2.4e-05,1,0.601714,0.600514,0.106642,0,PSF-00578_20260721114611_dfe,PFA-00612,PSA-00572,PSF-00578,RHS-0697,3.0.0,2026-06-15T15:17:51.144Z
5,11:46:24,2026-07-21,Rain_out,Climate_model,,Pl16-R2-M1-H2-P08,,,0.110409,2.916283,0.106382,4.904901,2.172342,2.039611,6.479705,4.307363,20.866068,22.223961,66.290062,0.441786,7.5,PSF-00578_20260721114624_2fb,0,0,0,97.143173,177.787186,0.453599,0.5,0.8,279.629456,1,34.55,32.44,36.95,37.5,37.5,97.75,156,154.7,0.9,1541,3.587,-22,-30,81,,,,,,,,16:40:36,2026-07-21,39.208393,-96.593925,332.799988,4,2.28,11:45:16,2026-07-21,-0.35,1,-0.002,-0.002,0.007,2.835,0.375,-21.865,1,150,0.005,2,0.058905,0,0.02923,0,0,-6.8e-05,standard,0,rectangular,7000,500,-9999,-9999,55537,55537,55537,0,-9999,0,0,0,0,2.449611,2.438511,1.642173,0.929021,0.170506,0.007105,0.173726,1.394419,97.143173,0.000298,2.397709,-3e-05,1,2.383926,-2.4e-05,1,0.601714,0.600514,0.106642,0,PSF-00578_20260721114624_2fb,PFA-00612,PSA-00572,PSF-00578,RHS-0697,3.0.0,2026-06-15T15:17:51.144Z
6,11:46:34,2026-07-21,Rain_out,Climate_model,,Pl16-R2-M1-H2-P08,,,0.012264,2.917153,0.012213,0.690584,2.034651,2.015946,7.298683,5.264032,20.621222,20.812551,74.658615,0.441786,7.5,PSF-00578_20260721114634_b54,0,0,0,101.864937,118.383766,0.139536,0.5,0.8,82.798065,1,32.34,32.04,36.96,39.71,39.71,97.76,156.1,154.3,1.2,1483,3.587,-21,-28,89,,,,,,,,16:40:47,2026-07-21,39.208401,-96.593849,336.799988,6,1.44,11:45:16,2026-07-21,-0.35,1,-0.001,-0.001,-9999,0.08,-0.119,-9999,1,150,0.005,2,0.058905,0,0.02923,0,0,-6.8e-05,standard,0,rectangular,7000,500,-9999,-9999,55537,55537,55537,0,-9999,0,0,0,0,2.449062,2.435544,1.643061,0.928094,0.170423,0.03485,0.175334,1.346188,101.864937,0.000304,2.397709,-3e-05,1,2.383926,-2.4e-05,1,0.601714,0.600514,0.106642,0,PSF-00578_20260721114634_b54,PFA-00612,PSA-00572,PSF-00578,RHS-0697,3.0.0,2026-06-15T15:17:51.144Z
7,11:46:46,2026-07-21,Rain_out,Climate_model,,Pl16-R2-M1-H2-P08,,,0.01914,2.916599,0.019015,1.057935,2.009784,1.981111,7.192692,5.182908,20.265202,20.55851,73.575569,0.441786,7.5,PSF-00578_20260721114646_282,0,0,0,97.506882,117.060539,0.167039,0.5,0.8,106.537582,1,31.91,31.46,36.98,39.43,39.43,97.76,156.1,154.3,1.2,1595,3.588,-21,-26,79,,,,,,,,16:40:58,2026-07-21,39.208439,-96.593895,336.700012,5,1.58,11:45:16,2026-07-21,-0.35,1,0,0.001,-9999,-0.541,-0.506,-9999,1,150,0.005,2,0.058905,0,0.02923,0,0,-6.8e-05,standard,0,rectangular,7000,500,-9999,-9999,55537,55537,55537,0,-9999,0,0,0,0,2.448264,2.434974,1.642495,0.928017,0.170326,0.031177,0.176929,1.438982,97.506882,0.000306,2.397709,-3e-05,1,2.383926,-2.4e-05,1,0.601714,0.600514,0.106642,0,PSF-00578_20260721114646_282,PFA-00612,PSA-00572,PSF-00578,RHS-0697,3.0.0,2026-06-15T15:17:51.144Z
9,11:47:09,2026-07-21,Rain_out,Climate_model,,Pl16-R2-M1-H2-P08,,,0.112319,2.916271,0.108154,3.955147,2.112953,2.005866,5.547141,3.434188,20.522839,21.618484,56.75507,0.441786,7.5,PSF-00578_20260721114709_5ba,0,0,0,96.974014,202.61586,0.52139,0.5,0.8,190.921097,1,33.55,31.85,36.98,34.67,34.67,97.74,156,154.5,1,915,3.549,3,-69,110,,,,,,,,16:41:18,2026-07-21,39.208382,-96.593826,337.899994,7,1.39,11:45:16,2026-07-21,-0.35,1,0,-0.001,-9999,-2.384,-3.275,-9999,1,150,0.005,2,0.058905,0,0.02923,0,0,-6.8e-05,standard,0,rectangular,7000,500,-9999,-9999,55537,55537,55537,0,-9999,0,0,0,0,2.4488,2.437172,1.642161,0.928651,0.170313,-0.028075,0.179959,0.871571,96.974014,0.000306,2.397709,-3e-05,1,2.383926,-2.4e-05,1,0.601714,0.600514,0.106642,0,PSF-00578_20260721114709_5ba,PFA-00612,PSA-00572,PSF-00578,RHS-0697,3.0.0,2026-06-15T15:17:51.144Z
10,11:47:36,2026-07-21,Rain_out,Climate_model,,Pl16-R2-M1-H2-P08,,,0.168873,2.916725,0.159631,6.049,1.969416,1.805448,5.531024,3.561608,18.471994,20.149591,56.589298,0.441786,7.5,PSF-00578_20260721114736_895,0,0,0,92.531204,178.354019,0.481194,0.5,0.8,215.295654,1,31.27,28.67,36.98,34.62,34.62,97.74,156.1,154.3,1.1,1119,3.58,8,-76,132,,,,,,,,16:41:47,2026-07-21,39.208435,-96.593864,339.399994,7,1.39,11:45:16,2026-07-21,-0.35,1,0.001,0.004,0.013,-0.604,-0.285,-1.35,1,150,0.005,2,0.058905,0,0.02923,0,0,-6.8e-05,standard,0,rectangular,7000,500,-9999,-9999,55537,55537,55537,0,-9999,0,0,0,0,2.444387,2.434106,1.642624,0.928242,0.170327,-0.028685,0.183555,1.041283,92.531204,0.000304,2.397709,-3e-05,1,2.383926,-2.4e-05,1,0.601714,0.600514,0.106642,0,PSF-00578_20260721114736_895,PFA-00612,PSA-00572,PSF-00578,RHS-0697,3.0.0,2026-06-15T15:17:51.144Z
11,11:47:49,2026-07-21,Rain_out,Climate_model,,Pl16-R2-M1-H2-P08,,,0.12668,2.917643,0.121408,4.913954,1.95924,1.82612,5.759062,3.799822,18.683298,20.045269,58.921806,0.441786,7.5,PSF-00578_20260721114749_a27,0,0,0,90.894341,169.315338,0.463165,0.5,0.8,215.513016,1,31.13,29.02,36.97,35.35,35.35,97.74,156.2,154.6,1,1163,3.588,4,-79,143,,,,,,,,16:42:01,2026-07-21,39.208435,-96.593864,337.799988,7,1.39,11:45:16,2026-07-21,-0.35,1,-0.003,0,0.008,-0.226,-0.392,-0.786,1,150,0.005,2,0.058905,0,0.02923,0,0,-6.8e-05,standard,0,rectangular,7000,500,-9999,-9999,55537,55537,55537,0,-9999,0,0,0,0,2.444877,2.433918,1.643561,0.928849,0.170409,-0.019653,0.1852,1.078644,90.894341,0.000305,2.397709,-3e-05,1,2.383926,-2.4e-05,1,0.601714,0.600514,0.106642,0,PSF-00578_20260721114749_a27,PFA-00612,PSA-00572,PSF-00578,RHS-0697,3.0.0,2026-06-15T15:17:51.144Z
12,11:48:04,2026-07-21,Rain_out,Climate_model,,Pl16-R2-M1-H2-P08,,,0.197303,2.915928,0.184799,6.571937,2.011118,1.832938,5.356063,3.344944,18.752914,20.57589,54.798244,0.441786,7.5,PSF-00578_20260721114804_642,0,0,0,89.621185,190.929657,0.530606,0.5,0.8,256.452881,1,31.98,29.15,36.95,34.04,34.04,97.74,156,154.5,1,1208,3.588,0,-76,135,,,,,,,,16:42:16,2026-07-21,39.208424,-96.593857,340.200012,7,1.39,11:45:16,2026-07-21,-0.35,1,0.003,0.002,0.014,1.212,1.793,-8.714,1,150,0.005,2,0.058905,0,0.02923,0,0,-6.8e-05,standard,0,rectangular,7000,500,-9999,-9999,55537,55537,55537,0,-9999,0,0,0,0,2.445058,2.435065,1.641811,0.928529,0.170492,-0.035354,0.186844,1.116278,89.621185,0.000311,2.397709,-3e-05,1,2.383926,-2.4e-05,1,0.601714,0.600514,0.106642,0,PSF-00578_20260721114804_642,PFA-00612,PSA-00572,PSF-00578,RHS-0697,3.0.0,2026-06-15T15:17:51.144Z
13,11:48:16,2026-07-21,Rain_out,Climate_model,,Pl16-R2-M1-H2-P08,,,0.070314,2.914788,0.068658,2.552491,1.904722,1.835382,5.40251,3.497787,18.77854,19.487991,55.275284,0.441786,7.5,PSF-00578_20260721114816_af5,0,0,0,106.952545,216.754669,0.506573,0.5,0.8,178.984818,1,30.31,29.21,36.94,34.2,34.2,97.74,155.8,154.4,0.9,883,3.582,-1,-73,95,,,,,,,,16:42:29,2026-07-21,39.20842,-96.593842,340.200012,6,1.58,11:45:16,2026-07-21,-0.35,1,0,0.002,-9999,-1.93,-1.312,-9999,1,150,0.005,2,0.058905,0,0.02923,0,0,-6.8e-05,standard,0,rectangular,7000,500,-9999,-9999,55537,55537,55537,0,-9999,0,0,0,0,2.445142,2.432799,1.640651,0.92833,0.170575,-0.03333,0.188331,0.844722,106.952545,0.000299,2.397709,-3e-05,1,2.383926,-2.4e-05,1,0.601714,0.600514,0.106642,0,PSF-00578_20260721114816_af5,PFA-00612,PSA-00572,PSF-00578,RHS-0697,3.0.0,2026-06-15T15:17:51.144Z
14,11:48:28,2026-07-21,Rain_out,Climate_model,,Pl16-R2-M1-H2-P08,,,0.045013,2.916001,0.044329,1.744418,1.880874,1.833518,5.580334,3.69946,18.759089,19.243599,57.093513,0.441786,7.5,PSF-00578_20260721114828_f91,0,0,0,157.640579,271.953094,0.420339,0.5,0.8,156.618469,1,29.95,29.2,36.93,34.78,34.78,97.74,156,154.2,1.1,932,3.589,-2,-69,96,,,,,,,,16:42:40,2026-07-21,39.208424,-96.593857,340.299988,7,1.39,11:45:16,2026-07-21,-0.35,1,0.002,0.003,-9999,-4.16,-5.057,-9999,1,150,0.005,2,0.058905,0,0.02923,0,0,-6.8e-05,standard,0,rectangular,7000,500,-9999,-9999,55537,55537,55537,0,-9999,0,0,0,0,2.44513,2.43231,1.641885,0.927995,0.170657,-0.026122,0.189649,0.884988,157.640579,0.0003,2.397709,-3e-05,1,2.383926,-2.4e-05,1,0.601714,0.600514,0.106642,0,PSF-00578_20260721114828_f91,PFA-00612,PSA-00572,PSF-00578,RHS-0697,3.0.0,2026-06-15T15:17:51.144Z
15,11:48:40,2026-07-21,Rain_out,Climate_model,,Pl16-R2-M1-H2-P08,,,0.091617,2.916832,0.088827,3.241465,1.903501,1.815579,5.338196,3.434695,18.574984,19.474497,54.614468,0.441786,7.5,PSF-00578_20260721114840_e0c,0,0,0,107.748268,207.090134,0.479704,0.5,0.8,160.229263,1,30.34,28.94,36.91,33.98,33.98,97.74,156.1,154.6,1,835,3.588,-5,-59,89,,,,,,,,16:42:52,2026-07-21,39.208405,-96.593842,340.299988,7,1.39,11:45:16,2026-07-21,-0.35,1,0.002,0.002,-9999,-1.012,-3.375,-9999,1,150,0.005,2,0.058905,0,0.02923,0,0,-6.8e-05,standard,0,rectangular,7000,500,-9999,-9999,55537,55537,55537,0,-9999,0,0,0,0,2.44477,2.432843,1.642734,0.928916,0.17077,-0.035553,0.190831,0.80439,107.748268,0.00031,2.397709,-3e-05,1,2.383926,-2.4e-05,1,0.601714,0.600514,0.106642,0,PSF-00578_20260721114840_e0c,PFA-00612,PSA-00572,PSF-00578,RHS-0697,3.0.0,2026-06-15T15:17:51.144Z
17,11:49:00,2026-07-21,Rain_out,Climate_model,,Pl16-R2-M1-H2-P08,,,0.040842,2.915854,0.040278,1.545678,1.833568,1.791581,5.444725,3.611156,18.330074,18.759647,55.706207,0.441786,7.5,PSF-00578_20260721114900_c66,0,0,0,88.487503,279.684296,0.683616,0.5,0.8,137.930725,1,29.27,28.6,36.88,34.34,34.34,97.74,156,154.5,1,504,3.587,13,56,151,,,,,,,,16:43:12,2026-07-21,39.208389,-96.593842,339.899994,7,1.39,11:45:16,2026-07-21,-0.35,1,0.001,0.003,-9999,-0.566,-0.329,-9999,1,150,0.005,2,0.058905,0,0.02923,0,0,-6.8e-05,standard,0,rectangular,7000,500,-9999,-9999,55537,55537,55537,0,-9999,0,0,0,0,2.444299,2.431382,1.641736,0.92854,0.170954,-0.030928,0.193018,0.528123,88.487503,0.000299,2.397709,-3e-05,1,2.383926,-2.4e-05,1,0.601714,0.600514,0.106642,0,PSF-00578_20260721114900_c66,PFA-00612,PSA-00572,PSF-00578,RHS-0697,3.0.0,2026-06-15T15:17:51.144Z
18,11:49:14,2026-07-21,Rain_out,Climate_model,,Pl16-R2-M1-H2-P08,,,0.142522,2.915746,0.135881,5.071713,1.901736,1.764043,5.413664,3.511928,18.046707,19.455351,55.383457,0.441786,7.5,PSF-00578_20260721114914_276,0,0,0,95.854996,187.884811,0.48982,0.5,0.8,231.790192,1,30.38,28.18,36.87,34.24,34.24,97.75,156,154.4,1,1183,3.587,-3,34,101,,,,,,,,16:43:26,2026-07-21,39.208393,-96.593826,339.799988,8,1.31,11:45:16,2026-07-21,-0.35,1,0.003,0.002,-9999,-1.439,-2.989,-9999,1,150,0.005,2,0.058905,0,0.02923,0,0,-6.8e-05,standard,0,rectangular,7000,500,-9999,-9999,55537,55537,55537,0,-9999,0,0,0,0,2.443715,2.432906,1.641625,0.928499,0.171051,-0.031988,0.194418,1.095167,95.854996,0.000299,2.397709,-3e-05,1,2.383926,-2.4e-05,1,0.601714,0.600514,0.106642,0,PSF-00578_20260721114914_276,PFA-00612,PSA-00572,PSF-00578,RHS-0697,3.0.0,2026-06-15T15:17:51.144Z
19,11:49:30,2026-07-21,Rain_out,Climate_model,,Pl16-R2-M1-H2-P08,,,0.32056,2.917354,0.288824,10.218089,2.179447,1.903198,5.501633,3.322186,19.471001,22.297222,56.285431,0.441786,7.5,PSF-00578_20260721114930_7b2,0,0,0,89.806793,161.038391,0.442327,0.5,0.8,253.093781,1,34.86,30.44,36.85,34.53,34.53,97.75,156.2,154.4,1.1,1430,3.587,-12,32,71,,,,,,,,16:43:38,2026-07-21,39.208378,-96.593803,337.799988,9,1.09,11:45:16,2026-07-21,-0.35,1,-0.003,0.001,0.013,0.134,0.178,-0.224,1,150,0.005,2,0.058905,0,0.02923,0,0,-6.8e-05,standard,0,rectangular,7000,500,-9999,-9999,55537,55537,55537,0,-9999,0,0,0,0,2.446872,2.438939,1.643266,0.928348,0.171191,-0.02822,0.196283,1.301917,89.806793,0.000275,2.397709,-3e-05,1,2.383926,-2.4e-05,1,0.601714,0.600514,0.106642,0,PSF-00578_20260721114930_7b2,PFA-00612,PSA-00572,PSF-00578,RHS-0697,3.0.0,2026-06-15T15:17:51.144Z
20,11:49:47,2026-07-21,Rain_out,Climate_model,,Pl16-R2-M1-H2-P08,,,0.138064,2.915966,0.131823,4.544514,2.031497,1.908303,5.275443,3.243946,19.522129,20.782419,53.968311,0.441786,7.5,PSF-00578_20260721114947_ac3,0,0,0,86.092117,194.940445,0.558367,0.5,0.8,212.453857,1,32.52,30.54,36.83,33.77,33.77,97.75,156,154.5,1,951,3.582,0,54,313,,,,,,,,16:43:59,2026-07-21,39.208385,-96.593788,339.5,9,1.09,11:45:16,2026-07-21,-0.35,1,0.001,-0.001,-9999,1.277,0.989,-9999,1,150,0.005,2,0.058905,0,0.02923,0,0,-6.8e-05,standard,0,rectangular,7000,500,-9999,-9999,55537,55537,55537,0,-9999,0,0,0,0,2.44702,2.435806,1.64185,0.92852,0.171286,-0.037133,0.198046,0.901472,86.092117,0.000306,2.397709,-3e-05,1,2.383926,-2.4e-05,1,0.601714,0.600514,0.106642,0,PSF-00578_20260721114947_ac3,PFA-00612,PSA-00572,PSF-00578,RHS-0697,3.0.0,2026-06-15T15:17:51.144Z
21,11:49:59,2026-07-21,Rain_out,Climate_model,,Pl16-R2-M1-H2-P08,,,0.190675,2.916286,0.178974,6.30782,1.984108,1.813081,5.300725,3.316617,18.548946,20.298664,54.229717,0.441786,7.5,PSF-00578_20260721114959_08e,0,0,0,90.890762,197.15094,0.538979,0.5,0.8,176.184723,1,31.79,29.05,36.81,33.86,33.86,97.75,156,154.8,0.8,817,3.588,-3,61,315,,,,,,,,16:44:11,2026-07-21,39.20837,-96.593765,339.299988,9,1.09,11:45:16,2026-07-21,-0.35,1,0.003,0.001,0.013,0.058,0.158,0.68,1,150,0.005,2,0.058905,0,0.02923,0,0,-6.8e-05,standard,0,rectangular,7000,500,-9999,-9999,55537,55537,55537,0,-9999,0,0,0,0,2.444939,2.434826,1.642176,0.929268,0.171403,-0.035884,0.199321,0.789493,90.890762,0.00031,2.397709,-3e-05,1,2.383926,-2.4e-05,1,0.601714,0.600514,0.106642,0,PSF-00578_20260721114959_08e,PFA-00612,PSA-00572,PSF-00578,RHS-0697,3.0.0,2026-06-15T15:17:51.144Z
22,11:50:13,2026-07-21,Rain_out,Climate_model,,Pl16-R2-M1-H2-P08,,,0.112917,2.916703,0.108709,4.152436,1.89618,1.783528,5.488789,3.592608,18.24674,19.399258,56.154163,0.441786,7.5,PSF-00578_20260721115013_675,0,0,0,93.529701,202.975281,0.539206,0.5,0.8,202.79422,1,30.4,28.6,36.8,34.48,34.48,97.75,156.1,154.7,0.9,940,3.586,12,68,318,,,,,,,,16:44:25,2026-07-21,39.208374,-96.593773,339.600006,9,1.09,11:45:16,2026-07-21,-0.35,1,0.001,0.002,-9999,-0.427,-0.739,-9999,1,150,0.005,2,0.058905,0,0.02923,0,0,-6.8e-05,standard,0,rectangular,7000,500,-9999,-9999,55537,55537,55537,0,-9999,0,0,0,0,2.444309,2.432947,1.642601,0.929075,0.171498,-0.028156,0.200691,0.892294,93.529701,0.000306,2.397709,-3e-05,1,2.383926,-2.4e-05,1,0.601714,0.600514,0.106642,0,PSF-00578_20260721115013_675,PFA-00612,PSA-00572,PSF-00578,RHS-0697,3.0.0,2026-06-15T15:17:51.144Z
23,11:50:25,2026-07-21,Rain_out,Climate_model,,Pl16-R2-M1-H2-P08,,,0.118594,2.915722,0.113959,4.117254,1.79485,1.682956,5.199695,3.404845,17.219097,18.363937,53.200481,0.441786,7.5,PSF-00578_20260721115025_4ee,0,0,0,86.862091,192.863342,0.549618,0.5,0.8,187.94455,1,28.8,27,36.79,33.51,33.51,97.74,156,154.5,1,855,3.587,13,63,307,,,,,,,,16:44:37,2026-07-21,39.208389,-96.593788,339.700012,9,1.09,11:45:16,2026-07-21,-0.35,1,0,0.003,-9999,0.161,4.68,-9999,1,150,0.005,2,0.058905,0,0.02923,0,0,-6.8e-05,standard,0,rectangular,7000,500,-9999,-9999,55537,55537,55537,0,-9999,0,0,0,0,2.44206,2.430748,1.641602,0.928552,0.17158,-0.039685,0.201977,0.820971,86.862091,0.000315,2.397709,-3e-05,1,2.383926,-2.4e-05,1,0.601714,0.600514,0.106642,0,PSF-00578_20260721115025_4ee,PFA-00612,PSA-00572,PSF-00578,RHS-0697,3.0.0,2026-06-15T15:17:51.144Z
24,11:50:39,2026-07-21,Rain_out,Climate_model,,Pl16-R2-M1-H2-P08,,,0.108393,2.916135,0.104508,3.647157,1.773922,1.674804,5.065801,3.291879,17.13398,18.147999,51.825375,0.441786,7.5,PSF-00578_20260721115039_80e,0,0,0,86.20298,239.411118,0.639937,0.5,0.8,175.221451,1,28.49,26.89,36.77,33.05,33.05,97.75,156,154.6,0.9,685,3.587,0,-51,349,,,,,,,,16:44:48,2026-07-21,39.208405,-96.593803,339.700012,9,1.09,11:45:16,2026-07-21,-0.35,1,0.004,0.004,-9999,0.516,-0.168,-9999,1,150,0.005,2,0.058905,0,0.02923,0,0,-6.8e-05,standard,0,rectangular,7000,500,-9999,-9999,55537,55537,55537,0,-9999,0,0,0,0,2.441907,2.430318,1.642022,0.928851,0.171676,-0.045069,0.203431,0.67862,86.20298,0.000314,2.397709,-3e-05,1,2.383926,-2.4e-05,1,0.601714,0.600514,0.106642,0,PSF-00578_20260721115039_80e,PFA-00612,PSA-00572,PSF-00578,RHS-0697,3.0.0,2026-06-15T15:17:51.144Z
25,11:50:50,2026-07-21,Rain_out,Climate_model,,Pl16-R2-M1-H2-P08,,,0.099477,2.916558,0.096196,3.395515,1.872718,1.780565,5.198174,3.325456,18.216105,19.158876,53.180019,0.441786,7.5,PSF-00578_20260721115050_ca0,0,0,0,96.147179,208.974121,0.539909,0.5,0.8,188.478119,1,30.09,28.61,36.76,33.51,33.51,97.75,156.1,154.5,1,873,3.586,-2,-45,342,,,,,,,,16:45:02,2026-07-21,39.208393,-96.593819,339.5,9,1.09,11:45:16,2026-07-21,-0.35,1,0.002,0.004,-9999,-1.266,-2.109,-9999,1,150,0.005,2,0.058905,0,0.02923,0,0,-6.8e-05,standard,0,rectangular,7000,500,-9999,-9999,55537,55537,55537,0,-9999,0,0,0,0,2.444333,2.432526,1.642454,0.928751,0.171757,-0.039417,0.204532,0.835881,96.147179,0.000314,2.397709,-3e-05,1,2.383926,-2.4e-05,1,0.601714,0.600514,0.106642,0,PSF-00578_20260721115050_ca0,PFA-00612,PSA-00572,PSF-00578,RHS-0697,3.0.0,2026-06-15T15:17:51.144Z
26,11:51:03,2026-07-21,Rain_out,Climate_model,,Pl16-R2-M1-H2-P08,,,0.090952,2.917431,0.088202,3.038332,1.89264,1.810256,5.138596,3.245955,18.520193,19.363037,52.571442,0.441786,7.5,PSF-00578_20260721115103_759,0,0,0,101.303818,256.906281,0.605678,0.5,0.8,161.741394,1,30.43,29.11,36.75,33.3,33.3,97.75,156.2,154.5,1.1,668,3.586,2,-57,344,,,,,,,,16:45:15,2026-07-21,39.208366,-96.593819,339,9,1.09,11:45:16,2026-07-21,-0.35,1,0,0.002,-9999,6.687,3.904,-9999,1,150,0.005,2,0.058905,0,0.02923,0,0,-6.8e-05,standard,0,rectangular,7000,500,-9999,-9999,55537,55537,55537,0,-9999,0,0,0,0,2.445031,2.432992,1.643345,0.928594,0.171839,-0.041727,0.205695,0.664481,101.303818,0.000299,2.397709,-3e-05,1,2.383926,-2.4e-05,1,0.601714,0.600514,0.106642,0,PSF-00578_20260721115103_759,PFA-00612,PSA-00572,PSF-00578,RHS-0697,3.0.0,2026-06-15T15:17:51.144Z
27,11:51:15,2026-07-21,Rain_out,Climate_model,,Pl16-R2-M1-H2-P08,,,0.06955,2.916486,0.06793,2.288384,1.95457,1.892512,5.12818,3.17361,19.361036,19.995903,52.463001,0.441786,7.5,PSF-00578_20260721115115_ab1,0,0,0,84.882263,222.71669,0.618878,0.5,0.8,167.756927,1,31.44,30.44,36.74,33.27,33.27,97.75,156.1,154.6,0.9,678,3.586,-4,-54,345,,,,,,,,16:45:27,2026-07-21,39.208385,-96.593819,339.100006,9,1.08,11:45:16,2026-07-21,-0.35,1,-0.001,-0.001,-9999,1.942,1.894,-9999,1,150,0.005,2,0.058905,0,0.02923,0,0,-6.8e-05,standard,0,rectangular,7000,500,-9999,-9999,55537,55537,55537,0,-9999,0,0,0,0,2.446886,2.434359,1.64238,0.928845,0.171874,-0.042095,0.207009,0.672888,84.882263,0.000311,2.397709,-3e-05,1,2.383926,-2.4e-05,1,0.601714,0.600514,0.106642,0,PSF-00578_20260721115115_ab1,PFA-00612,PSA-00572,PSF-00578,RHS-0697,3.0.0,2026-06-15T15:17:51.144Z
28,11:51:34,2026-07-21,Rain_out,Climate_model,,Pl16-R2-M1-H2-P08,,,0.138808,2.916267,0.132501,4.66536,1.897927,1.77132,5.214258,3.316331,18.122128,19.417427,53.346344,0.441786,7.5,PSF-00578_20260721115134_cd7,0,0,0,84.460976,277.190552,0.695296,0.5,0.8,52.63982,1,30.54,28.5,36.74,33.56,33.56,97.74,156,154.7,0.9,189,3.586,3,-68,2,,,,,,,,16:45:46,2026-07-21,39.208382,-96.593826,339.200012,9,1.08,11:45:16,2026-07-21,-0.35,1,0.001,0.001,-9999,-0.122,-0.364,-9999,1,150,0.005,2,0.058905,0,0.02923,0,0,-6.8e-05,standard,0,rectangular,7000,500,-9999,-9999,55537,55537,55537,0,-9999,0,0,0,0,2.444181,2.433137,1.642157,0.929034,0.17192,-0.038452,0.208879,0.264794,84.460976,0.000309,2.397709,-3e-05,1,2.383926,-2.4e-05,1,0.601714,0.600514,0.106642,0,PSF-00578_20260721115134_cd7,PFA-00612,PSA-00572,PSF-00578,RHS-0697,3.0.0,2026-06-15T15:17:51.144Z
29,11:51:47,2026-07-21,Rain_out,Climate_model,,Pl16-R2-M1-H2-P08,,,0.064786,2.915578,0.063378,2.295217,1.894045,1.831718,5.303642,3.409597,18.739096,19.376715,54.258041,0.441786,7.5,PSF-00578_20260721115147_385,0,0,0,83.187462,258.749481,0.678502,0.5,0.8,52.728325,1,30.48,29.48,36.74,33.87,33.87,97.75,155.9,154.5,0.9,194,3.549,5,-68,2,,,,,,,,16:45:58,2026-07-21,39.208374,-96.593819,339.100006,9,1.08,11:45:16,2026-07-21,-0.35,1,0,0.002,-9999,-0.014,-0.073,-9999,1,150,0.005,2,0.058905,0,0.02923,0,0,-6.8e-05,standard,0,rectangular,7000,500,-9999,-9999,55537,55537,55537,0,-9999,0,0,0,0,2.445546,2.433056,1.641455,0.928579,0.17193,-0.03478,0.210184,0.268981,83.187462,0.000297,2.397709,-3e-05,1,2.383926,-2.4e-05,1,0.601714,0.600514,0.106642,0,PSF-00578_20260721115147_385,PFA-00612,PSA-00572,PSF-00578,RHS-0697,3.0.0,2026-06-15T15:17:51.144Z
30,11:52:00,2026-07-21,Rain_out,Climate_model,,Pl16-R2-M1-H2-P08,,,0.097995,2.916112,0.094809,3.353127,1.846149,1.755093,5.178802,3.332653,17.956203,18.887789,52.98386,0.441786,7.5,PSF-00578_20260721115200_3db,0,0,0,84.998131,265.141724,0.679424,0.5,0.8,109.520706,1,29.71,28.25,36.73,33.44,33.44,97.74,156,154.5,1,403,3.586,4,-64,357,,,,,,,,16:46:12,2026-07-21,39.208397,-96.593819,339.100006,9,1.08,11:45:16,2026-07-21,-0.35,1,-0.001,0,-9999,-0.203,-0.361,-9999,1,150,0.005,2,0.058905,0,0.02923,0,0,-6.8e-05,standard,0,rectangular,7000,500,-9999,-9999,55537,55537,55537,0,-9999,0,0,0,0,2.443825,2.43201,1.641999,0.928679,0.171951,-0.039853,0.211449,0.443375,84.998131,0.000304,2.397709,-3e-05,1,2.383926,-2.4e-05,1,0.601714,0.600514,0.106642,0,PSF-00578_20260721115200_3db,PFA-00612,PSA-00572,PSF-00578,RHS-0697,3.0.0,2026-06-15T15:17:51.144Z
31,11:52:13,2026-07-21,Rain_out,Climate_model,,Pl16-R2-M1-H2-P08,,,0.072702,2.916812,0.070934,2.669312,1.847701,1.775255,5.389737,3.542036,18.162291,18.903473,55.141354,0.441786,7.5,PSF-00578_20260721115213_6fe,0,0,0,82.814453,263.062469,0.685191,0.5,0.8,56.668976,1,29.73,28.57,36.74,34.16,34.16,97.74,156.1,154.5,1,207,3.585,6,-71,0,,,,,,,,16:46:25,2026-07-21,39.208408,-96.593834,338.899994,9,1.08,11:45:16,2026-07-21,-0.35,1,0.001,-0.001,-9999,0.009,-0.03,-9999,1,150,0.005,2,0.058905,0,0.02923,0,0,-6.8e-05,standard,0,rectangular,7000,500,-9999,-9999,55537,55537,55537,0,-9999,0,0,0,0,2.444273,2.432037,1.642713,0.928671,0.171929,-0.031305,0.212627,0.27941,82.814453,0.000306,2.397709,-3e-05,1,2.383926,-2.4e-05,1,0.601714,0.600514,0.106642,0,PSF-00578_20260721115213_6fe,PFA-00612,PSA-00572,PSF-00578,RHS-0697,3.0.0,2026-06-15T15:17:51.144Z
32,11:52:27,2026-07-21,Rain_out,Climate_model,,Pl16-R2-M1-H2-P08,,,0.087656,2.915607,0.085098,3.090256,1.900359,1.816451,5.318922,3.418563,18.582951,19.44136,54.414497,0.441786,7.5,PSF-00578_20260721115227_1ec,0,0,0,83.780052,270.185364,0.689916,0.5,0.8,57.361687,1,30.57,29.22,36.74,33.92,33.92,97.75,156,154.5,0.9,208,3.58,3,-70,2,,,,,,,,16:46:39,2026-07-21,39.208397,-96.593842,338.700012,9,1.08,11:45:16,2026-07-21,-0.35,1,-0.001,-0.003,-9999,-0.062,-0.267,-9999,1,150,0.005,2,0.058905,0,0.02923,0,0,-6.8e-05,standard,0,rectangular,7000,500,-9999,-9999,55537,55537,55537,0,-9999,0,0,0,0,2.44519,2.433182,1.641484,0.928726,0.171895,-0.034226,0.214087,0.280324,83.780052,0.000315,2.397709,-3e-05,1,2.383926,-2.4e-05,1,0.601714,0.600514,0.106642,0,PSF-00578_20260721115227_1ec,PFA-00612,PSA-00572,PSF-00578,RHS-0697,3.0.0,2026-06-15T15:17:51.144Z
33,11:52:43,2026-07-21,Rain_out,Climate_model,,Pl16-R2-M1-H2-P08,,,0.068124,2.915926,0.066569,2.455067,1.859941,1.793267,5.332389,3.472448,18.345158,19.027243,54.550457,0.441786,7.5,PSF-00578_20260721115243_f1e,0,0,0,85.207344,212.631943,0.599273,0.5,0.8,181.7733,1,29.9,28.83,36.75,33.96,33.96,97.75,156,154.6,0.9,758,3.585,-9,-47,348,,,,,,,,16:46:55,2026-07-21,39.208401,-96.593849,338.899994,9,1.08,11:45:16,2026-07-21,-0.35,1,-0.002,-0.002,-9999,-0.6,-0.805,-9999,1,150,0.005,2,0.058905,0,0.02923,0,0,-6.8e-05,standard,0,rectangular,7000,500,-9999,-9999,55537,55537,55537,0,-9999,0,0,0,0,2.444636,2.432262,1.641809,0.928808,0.171805,-0.033848,0.215661,0.740271,85.207344,0.000298,2.397709,-3e-05,1,2.383926,-2.4e-05,1,0.601714,0.600514,0.106642,0,PSF-00578_20260721115243_f1e,PFA-00612,PSA-00572,PSF-00578,RHS-0697,3.0.0,2026-06-15T15:17:51.144Z
34,11:52:55,2026-07-21,Rain_out,Climate_model,,Pl16-R2-M1-H2-P08,,,0.061333,2.917511,0.06007,2.08262,1.928672,1.872226,5.194063,3.265391,19.153742,19.731215,53.137688,0.441786,7.5,PSF-00578_20260721115255_b5e,0,0,0,80.807449,236.736771,0.658661,0.5,0.8,134.300156,1,30.99,30.09,36.76,33.49,33.49,97.75,156.2,154.5,1.1,510,3.586,-12,-54,353,,,,,,,,16:47:07,2026-07-21,39.208405,-96.593834,338.799988,9,1.08,11:45:16,2026-07-21,-0.35,1,0.003,0.004,-9999,-0.183,0.396,-9999,1,150,0.005,2,0.058905,0,0.02923,0,0,-6.8e-05,standard,0,rectangular,7000,500,-9999,-9999,55537,55537,55537,0,-9999,0,0,0,0,2.446395,2.433756,1.643427,0.928716,0.17177,-0.039563,0.216927,0.532578,80.807449,0.000303,2.397709,-3e-05,1,2.383926,-2.4e-05,1,0.601714,0.600514,0.106642,0,PSF-00578_20260721115255_b5e,PFA-00612,PSA-00572,PSF-00578,RHS-0697,3.0.0,2026-06-15T15:17:51.144Z
35,11:53:09,2026-07-21,Rain_out,Climate_model,,Pl16-R2-M1-H2-P08,,,0.081237,2.916881,0.079036,2.781259,1.951727,1.876328,5.264391,3.312664,19.196205,19.967594,53.858551,0.441786,7.5,PSF-00578_20260721115309_0b6,0,0,0,80.924751,214.997284,0.623601,0.5,0.8,143.231216,1,31.35,30.14,36.77,33.73,33.73,97.74,156.1,154.4,1.1,574,3.585,-9,-52,352,,,,,,,,16:47:21,2026-07-21,39.208397,-96.593842,338.600006,9,1.08,11:45:16,2026-07-21,-0.35,1,0.002,0.003,-9999,-0.644,-0.249,-9999,1,150,0.005,2,0.058905,0,0.02923,0,0,-6.8e-05,standard,0,rectangular,7000,500,-9999,-9999,55537,55537,55537,0,-9999,0,0,0,0,2.446467,2.434239,1.642784,0.928342,0.171717,-0.036776,0.218186,0.586442,80.924751,0.000311,2.397709,-3e-05,1,2.383926,-2.4e-05,1,0.601714,0.600514,0.106642,0,PSF-00578_20260721115309_0b6,PFA-00612,PSA-00572,PSF-00578,RHS-0697,3.0.0,2026-06-15T15:17:51.144Z
36,11:53:25,2026-07-21,Rain_out,Climate_model,,Pl16-R2-M1-H2-P08,,,0.068751,2.916375,0.067168,2.489161,1.961815,1.89431,5.447062,3.485248,19.378983,20.069559,55.723995,0.441786,7.5,PSF-00578_20260721115325_339,0,0,0,78.020813,247.32399,0.68454,0.5,0.8,148.398163,1,31.5,30.41,36.78,34.35,34.35,97.75,156,154.5,1,542,3.585,-11,-51,352,,,,,,,,16:47:37,2026-07-21,39.208393,-96.593849,338.5,9,1.08,11:45:16,2026-07-21,-0.35,1,-0.001,-0.001,0.009,0.018,-0.123,0.454,1,150,0.005,2,0.058905,0,0.02923,0,0,-6.8e-05,standard,0,rectangular,7000,500,-9999,-9999,55537,55537,55537,0,-9999,0,0,0,0,2.446846,2.434437,1.642267,0.928693,0.171658,-0.029516,0.219781,0.559497,78.020813,0.000301,2.397709,-3e-05,1,2.383926,-2.4e-05,1,0.601714,0.600514,0.106642,0,PSF-00578_20260721115325_339,PFA-00612,PSA-00572,PSF-00578,RHS-0697,3.0.0,2026-06-15T15:17:51.144Z
37,11:53:53,2026-07-21,Rain_out,Climate_model,,Pl16-R2-M1-H2-P08,,,0.067474,2.917136,0.065949,2.48,1.915763,1.848512,5.453265,3.537502,18.909645,19.597599,55.785027,0.441786,7.5,PSF-00578_20260721115353_69d,0,0,0,99.220276,289.672852,0.657475,0.5,0.8,18.054306,1,30.74,29.66,36.79,34.37,34.37,97.75,156.1,154.5,1,69,3.585,-4,56,139,,,,,,,,16:48:05,2026-07-21,39.208427,-96.593842,339.5,9,1.07,11:45:16,2026-07-21,-0.35,1,0.004,0.003,-9999,-11.555,5.607,-9999,1,150,0.005,2,0.058905,0,0.02923,0,0,-6.8e-05,standard,0,rectangular,7000,500,-9999,-9999,55537,55537,55537,0,-9999,0,0,0,0,2.445798,2.433406,1.643044,0.928723,0.171586,-0.029405,0.222547,0.164005,99.220276,0.000302,2.397709,-3e-05,1,2.383926,-2.4e-05,1,0.601714,0.600514,0.106642,0,PSF-00578_20260721115353_69d,PFA-00612,PSA-00572,PSF-00578,RHS-0697,3.0.0,2026-06-15T15:17:51.144Z
38,11:54:53,2026-07-21,Rain_out,Climate_model,,Pl16-R2-M1-H2-P08,,,0.056475,2.9165,0.055402,2.069901,1.820643,1.764439,5.338537,3.517894,18.052792,18.627842,54.621033,0.441786,7.5,PSF-00578_20260721115453_de9,0,0,0,82.613464,268.750183,0.692601,0.5,0.8,67.780525,1,29.16,28.26,36.82,33.98,33.98,97.74,156.1,154.6,0.9,245,3.584,25,70,190,,,,,,,,16:49:05,2026-07-21,39.208439,-96.593826,340,12,0.83,11:45:16,2026-07-21,-0.35,1,-0.001,0,-9999,-0.026,0.138,-9999,1,150,0.005,2,0.058905,0,0.02923,0,0,-6.8e-05,standard,0,rectangular,7000,500,-9999,-9999,55537,55537,55537,0,-9999,0,0,0,0,2.443829,2.431239,1.642395,0.928875,0.171354,-0.034442,0.228432,0.311075,82.613464,0.000315,2.397709,-3e-05,1,2.383926,-2.4e-05,1,0.601714,0.600514,0.106642,0,PSF-00578_20260721115453_de9,PFA-00612,PSA-00572,PSF-00578,RHS-0697,3.0.0,2026-06-15T15:17:51.144Z
39,11:55:07,2026-07-21,Rain_out,Climate_model,,Pl16-R2-M1-H2-P08,,,0.063964,2.91453,0.062591,2.569329,1.820016,1.750144,5.678159,3.858143,17.906805,18.621714,58.096756,0.441786,7.5,PSF-00578_20260721115507_8f1,0,0,0,81.758026,261.935242,0.687869,0.5,0.8,59.369041,1,29.16,28.04,36.82,35.1,35.1,97.74,155.8,154.5,0.8,216,3.584,32,74,186,,,,,,,,16:49:19,2026-07-21,39.208435,-96.593819,339.399994,13,0.75,11:45:16,2026-07-21,-0.35,1,0,0.002,0.008,0.125,0.162,-0.125,1,150,0.005,2,0.058905,0,0.02923,0,0,-6.8e-05,standard,0,rectangular,7000,500,-9999,-9999,55537,55537,55537,0,-9999,0,0,0,0,2.443523,2.431242,1.640389,0.928719,0.171402,-0.020909,0.229782,0.286937,81.758026,0.000305,2.397709,-3e-05,1,2.383926,-2.4e-05,1,0.601714,0.600514,0.106642,0,PSF-00578_20260721115507_8f1,PFA-00612,PSA-00572,PSF-00578,RHS-0697,3.0.0,2026-06-15T15:17:51.144Z
18,16:22:01,2026-07-21,Rain_out,Climate_model,,Pl16-R2-M1-H2-P08,,,0.050533,2.915874,0.049672,1.700379,2.243561,2.197585,5.456576,3.213015,22.49095,22.961487,55.844742,0.441786,7.5,PSF-00578_20260721162201_677,0,0,0,141.573074,204.064255,0.306233,0.5,0.8,198.132721,1,44.52,43.61,32.95,34.38,34.38,97.71,156,154.8,0.8,1618,4.068,11,50,179,,,,,,,,21:16:12,2026-07-21,39.20842,-96.59391,330.200012,15,0.71,16:14:26,2026-07-21,-0.85,1,-0.001,0,-9999,-0.823,-2.943,-9999,1,150,0.005,2,0.058905,0,0.02923,0,0,-6.8e-05,standard,0,rectangular,7000,500,-9999,-9999,55537,55537,55537,0,-9999,0,0,0,0,2.465215,2.45285,1.641756,0.929414,0.199152,0.017335,0.236482,1.458198,141.573074,0.000292,2.397709,-3e-05,1,2.383926,-2.4e-05,1,0.601714,0.600514,0.106642,0,PSF-00578_20260721162201_677,PFA-00612,PSA-00572,PSF-00578,RHS-0697,3.0.0,2026-06-15T15:17:51.144Z
19,16:22:13,2026-07-21,Rain_out,Climate_model,,Pl16-R2-M1-H2-P08,,,0.159312,2.914891,0.151056,4.785522,2.266502,2.137047,5.242865,2.976363,21.872606,23.197578,53.660561,0.441786,7.5,PSF-00578_20260721162213_7f6,0,0,0,116.901398,175.250534,0.332947,0.5,0.8,238.788055,1,44.75,42.19,33.04,33.66,33.66,97.7,155.9,154.6,0.8,1793,4.064,21,46,146,,,,,,,,21:16:20,2026-07-21,39.208412,-96.593918,330.100006,15,0.71,16:14:26,2026-07-21,-0.85,1,-0.001,0,-9999,-1.741,-3.379,-9999,1,150,0.005,2,0.058905,0,0.02923,0,0,-6.8e-05,standard,0,rectangular,7000,500,-9999,-9999,55537,55537,55537,0,-9999,0,0,0,0,2.463333,2.45313,1.640756,0.928934,0.198453,0.007606,0.237778,1.604833,116.901398,0.000292,2.397709,-3e-05,1,2.383926,-2.4e-05,1,0.601714,0.600514,0.106642,0,PSF-00578_20260721162213_7f6,PFA-00612,PSA-00572,PSF-00578,RHS-0697,3.0.0,2026-06-15T15:17:51.144Z
20,16:22:27,2026-07-21,Rain_out,Climate_model,,Pl16-R2-M1-H2-P08,,,0.088071,2.916802,0.08549,2.360143,2.211645,2.147857,4.812108,2.600463,21.982744,22.635593,49.250641,0.441786,7.5,PSF-00578_20260721162227_78f,0,0,0,81.147194,239.12645,0.660652,0.5,0.8,48.862583,1,43.42,42.17,33.15,32.14,32.14,97.71,156.1,154.8,0.8,185,4.07,-2,-59,99,,,,,,,,21:16:38,2026-07-21,39.208401,-96.593925,331.399994,15,0.71,16:14:26,2026-07-21,-0.85,1,0.002,0.002,-9999,-0.298,-0.427,-9999,1,150,0.005,2,0.058905,0,0.02923,0,0,-6.8e-05,standard,0,rectangular,7000,500,-9999,-9999,55537,55537,55537,0,-9999,0,0,0,0,2.463282,2.451396,1.642702,0.929487,0.197672,-0.011773,0.239234,0.261144,81.147194,0.000311,2.397709,-3e-05,1,2.383926,-2.4e-05,1,0.601714,0.600514,0.106642,0,PSF-00578_20260721162227_78f,PFA-00612,PSA-00572,PSF-00578,RHS-0697,3.0.0,2026-06-15T15:17:51.144Z
21,16:22:43,2026-07-21,Rain_out,Climate_model,,Pl16-R2-M1-H2-P08,,,0.185519,2.916389,0.174423,5.474372,2.390704,2.242969,5.336187,2.945483,22.954962,24.466906,54.611519,0.441786,7.5,PSF-00578_20260721162243_fee,0,0,0,96.477982,145.175095,0.335437,0.5,0.8,56.973839,1,46.64,43.76,33.26,33.98,33.98,97.71,156,154.7,0.9,425,4.068,18,60,157,,,,,,,,21:16:54,2026-07-21,39.208393,-96.593918,331.799988,15,0.71,16:14:26,2026-07-21,-0.85,1,0,0.002,0.009,-0.506,-0.066,-3.783,1,150,0.005,2,0.058905,0,0.02923,0,0,-6.8e-05,standard,0,rectangular,7000,500,-9999,-9999,55537,55537,55537,0,-9999,0,0,0,0,2.465358,2.455524,1.642281,0.929026,0.196803,0.008854,0.240939,0.46145,96.477982,0.000303,2.397709,-3e-05,1,2.383926,-2.4e-05,1,0.601714,0.600514,0.106642,0,PSF-00578_20260721162243_fee,PFA-00612,PSA-00572,PSF-00578,RHS-0697,3.0.0,2026-06-15T15:17:51.144Z
22,16:22:58,2026-07-21,Rain_out,Climate_model,,Pl16-R2-M1-H2-P08,,,0.179571,2.915949,0.169154,4.575875,2.221154,2.097415,4.769619,2.548464,21.467203,22.733679,48.817398,0.441786,7.5,PSF-00578_20260721162258_4ff,0,0,0,91.244102,269.25589,0.661125,0.5,0.8,50.122253,1,43.1,40.7,33.35,31.98,31.98,97.7,156,154.9,0.7,190,4.068,10,-66,137,,,,,,,,21:17:08,2026-07-21,39.208401,-96.593903,331.700012,15,0.71,16:14:26,2026-07-21,-0.85,1,-0.003,-0.005,-9999,-0.14,0.051,-9999,1,150,0.005,2,0.058905,0,0.02923,0,0,-6.8e-05,standard,0,rectangular,7000,500,-9999,-9999,55537,55537,55537,0,-9999,0,0,0,0,2.461299,2.450945,1.641832,0.9297,0.196065,-0.016121,0.242449,0.265013,91.244102,0.000307,2.397709,-3e-05,1,2.383926,-2.4e-05,1,0.601714,0.600514,0.106642,0,PSF-00578_20260721162258_4ff,PFA-00612,PSA-00572,PSF-00578,RHS-0697,3.0.0,2026-06-15T15:17:51.144Z
23,16:23:12,2026-07-21,Rain_out,Climate_model,,Pl16-R2-M1-H2-P08,,,0.040409,2.916229,0.039856,1.127956,2.174158,2.143646,4.840127,2.665969,21.939028,22.251301,49.536011,0.441786,7.5,PSF-00578_20260721162312_28b,0,0,0,83.032608,248.562103,0.665948,0.5,0.8,54.154022,1,41.97,41.38,33.45,32.24,32.24,97.71,156,154.8,0.8,203,4.068,1,-64,85,,,,,,,,21:17:23,2026-07-21,39.208397,-96.59391,331.299988,15,0.71,16:14:26,2026-07-21,-0.85,1,0,0.001,-9999,-0.202,-0.495,-9999,1,150,0.005,2,0.058905,0,0.02923,0,0,-6.8e-05,standard,0,rectangular,7000,500,-9999,-9999,55537,55537,55537,0,-9999,0,0,0,0,2.462183,2.44946,1.642118,0.929423,0.195346,-0.014182,0.243938,0.276513,83.032608,0.000302,2.397709,-3e-05,1,2.383926,-2.4e-05,1,0.601714,0.600514,0.106642,0,PSF-00578_20260721162312_28b,PFA-00612,PSA-00572,PSF-00578,RHS-0697,3.0.0,2026-06-15T15:17:51.144Z
24,16:23:30,2026-07-21,Rain_out,Climate_model,,Pl16-R2-M1-H2-P08,,,0.176294,2.917597,0.166249,5.630216,2.33079,2.178897,5.507226,3.176437,22.299,23.853485,56.361389,0.441786,7.5,PSF-00578_20260721162330_1e0,0,0,0,90.259911,133.819702,0.325511,0.5,0.8,229.349319,1,44.71,41.79,33.56,34.54,34.54,97.71,156.2,154.9,0.8,1761,4.067,-9,-33,343,,,,,,,,21:17:41,2026-07-21,39.208397,-96.593903,331.299988,15,0.71,16:14:26,2026-07-21,-0.85,1,0,0.002,0.011,-0.157,-0.466,-0.497,1,150,0.005,2,0.058905,0,0.02923,0,0,-6.8e-05,standard,0,rectangular,7000,500,-9999,-9999,55537,55537,55537,0,-9999,0,0,0,0,2.462716,2.452987,1.643515,0.929686,0.194489,0.012076,0.245735,1.578484,90.259911,0.000287,2.397709,-3e-05,1,2.383926,-2.4e-05,1,0.601714,0.600514,0.106642,0,PSF-00578_20260721162330_1e0,PFA-00612,PSA-00572,PSF-00578,RHS-0697,3.0.0,2026-06-15T15:17:51.144Z
25,16:23:43,2026-07-21,Rain_out,Climate_model,,Pl16-R2-M1-H2-P08,,,0.190587,2.916214,0.178895,6.031806,2.344564,2.181687,5.506713,3.162148,22.328014,23.994949,56.357292,0.441786,7.5,PSF-00578_20260721162343_2f7,0,0,0,91.247681,141.777283,0.356401,0.5,0.8,255.747482,1,44.75,41.64,33.65,34.54,34.54,97.71,156,154.8,0.8,1794,4.062,-8,-44,345,,,,,,,,21:17:54,2026-07-21,39.208397,-96.593895,331.899994,15,0.71,16:14:26,2026-07-21,-0.85,1,0,0.001,0.013,-0.515,0.512,2.998,1,150,0.005,2,0.058905,0,0.02923,0,0,-6.8e-05,standard,0,rectangular,7000,500,-9999,-9999,55537,55537,55537,0,-9999,0,0,0,0,2.4625,2.453029,1.642103,0.929498,0.193823,0.010999,0.247107,1.605642,91.247681,0.000293,2.397709,-3e-05,1,2.383926,-2.4e-05,1,0.601714,0.600514,0.106642,0,PSF-00578_20260721162343_2f7,PFA-00612,PSA-00572,PSF-00578,RHS-0697,3.0.0,2026-06-15T15:17:51.144Z
26,16:23:58,2026-07-21,Rain_out,Climate_model,,Pl16-R2-M1-H2-P08,,,0.014589,2.917229,0.014517,0.50168,2.263808,2.25026,5.506436,3.242628,23.028692,23.167341,56.351719,0.441786,7.5,PSF-00578_20260721162358_e81,0,0,0,89.052917,160.091049,0.443736,0.5,0.8,285.048279,1,43,42.74,33.73,34.54,34.54,97.72,156.1,154.7,0.9,1606,4.066,-12,17,97,,,,,,,,21:18:09,2026-07-21,39.208401,-96.593895,332.799988,15,0.71,16:14:26,2026-07-21,-0.85,1,0.001,0.002,-9999,-0.872,-5.952,-9999,1,150,0.005,2,0.058905,0,0.02923,0,0,-6.8e-05,standard,0,rectangular,7000,500,-9999,-9999,55537,55537,55537,0,-9999,0,0,0,0,2.463943,2.450757,1.643139,0.929099,0.193176,0.009955,0.248647,1.448552,89.052917,0.000298,2.397709,-3e-05,1,2.383926,-2.4e-05,1,0.601714,0.600514,0.106642,0,PSF-00578_20260721162358_e81,PFA-00612,PSA-00572,PSF-00578,RHS-0697,3.0.0,2026-06-15T15:17:51.144Z
27,16:24:14,2026-07-21,Rain_out,Climate_model,,Pl16-R2-M1-H2-P08,,,0.051376,2.917373,0.050487,1.516837,2.259598,2.218637,5.08508,2.825481,22.70484,23.12402,52.039108,0.441786,7.5,PSF-00578_20260721162414_624,0,0,0,87.192535,211.009384,0.586784,0.5,0.8,36.383816,1,42.69,41.91,33.83,33.12,33.12,97.72,156.2,154.7,0.9,155,4.063,-15,-23,88,,,,,,,,21:18:25,2026-07-21,39.208408,-96.59388,332.700012,15,0.71,16:14:26,2026-07-21,-0.85,1,0.001,0.002,-9999,-2.649,-0.879,-9999,1,150,0.005,2,0.058905,0,0.02923,0,0,-6.8e-05,standard,0,rectangular,7000,500,-9999,-9999,55537,55537,55537,0,-9999,0,0,0,0,2.462831,2.450335,1.643286,0.929221,0.19244,-0.008377,0.25031,0.236169,87.192535,0.000313,2.397709,-3e-05,1,2.383926,-2.4e-05,1,0.601714,0.600514,0.106642,0,PSF-00578_20260721162414_624,PFA-00612,PSA-00572,PSF-00578,RHS-0697,3.0.0,2026-06-15T15:17:51.144Z
28,16:24:27,2026-07-21,Rain_out,Climate_model,,Pl16-R2-M1-H2-P08,,,0.156017,2.916554,0.148095,4.871747,2.350816,2.219301,5.437194,3.086378,22.711798,24.057695,55.642963,0.441786,7.5,PSF-00578_20260721162427_e45,0,0,0,92.329147,138.349411,0.332638,0.5,0.8,231.583405,1,44.24,41.77,33.9,34.31,34.31,97.72,156.1,154.6,0.9,1741,4.064,20,64,176,,,,,,,,21:18:38,2026-07-21,39.208389,-96.59388,332.600006,15,0.71,16:14:26,2026-07-21,-0.85,1,0.002,0.004,-9999,-1.16,-3.375,-9999,1,150,0.005,2,0.058905,0,0.02923,0,0,-6.8e-05,standard,0,rectangular,7000,500,-9999,-9999,55537,55537,55537,0,-9999,0,0,0,0,2.462625,2.452332,1.64245,0.928927,0.191928,0.005196,0.251567,1.560979,92.329147,0.000278,2.397709,-3e-05,1,2.383926,-2.4e-05,1,0.601714,0.600514,0.106642,0,PSF-00578_20260721162427_e45,PFA-00612,PSA-00572,PSF-00578,RHS-0697,3.0.0,2026-06-15T15:17:51.144Z
29,16:25:59,2026-07-21,Rain_out,Climate_model,,Pl15-R2-M2-H1-P05,,,0.173958,2.91634,0.164166,5.787427,2.372923,2.216692,5.676,3.303077,22.684296,24.283064,58.084763,0.441786,7.5,PSF-00578_20260721162559_87d,0,0,0,103.070854,155.143982,0.335644,0.5,0.8,225.645508,1,43.48,40.61,34.38,35.09,35.09,97.72,156,154.6,0.9,1681,4.062,-27,-18,317,,,,,,,,21:20:09,2026-07-21,39.208393,-96.593895,332.600006,15,0.71,16:25:49,2026-07-21,-0.52,1,-0.001,0.001,0.01,-0.38,-0.738,-1.334,1,150,0.005,2,0.058905,0,0.02923,0,0,-6.8e-05,standard,0,rectangular,7000,500,-9999,-9999,55537,55537,55537,0,-9999,0,0,0,0,2.461017,2.450842,1.642231,0.928789,0.188359,0.008786,0.261151,1.510999,103.070854,0.000307,2.397709,-3e-05,1,2.383926,-2.4e-05,1,0.601714,0.600514,0.106642,0,PSF-00578_20260721162559_87d,PFA-00612,PSA-00572,PSF-00578,RHS-0697,3.0.0,2026-06-15T15:17:51.144Z
30,16:26:11,2026-07-21,Rain_out,Climate_model,,Pl15-R2-M2-H1-P05,,,0.14543,2.915977,0.138522,4.587512,2.334956,2.211026,5.442566,3.10761,22.625153,23.893314,55.693096,0.441786,7.5,PSF-00578_20260721162611_7c5,0,0,0,98.729256,175.2491,0.436635,0.5,0.8,253.080078,1,42.62,40.36,34.45,34.33,34.33,97.72,156,154.6,0.9,1449,4.061,3,49,238,,,,,,,,21:20:23,2026-07-21,39.208382,-96.593887,333.100006,15,0.71,16:25:49,2026-07-21,-0.52,1,0.001,0.002,-9999,-7.939,-3.399,-9999,1,150,0.005,2,0.058905,0,0.02923,0,0,-6.8e-05,standard,0,rectangular,7000,500,-9999,-9999,55537,55537,55537,0,-9999,0,0,0,0,2.460667,2.449723,1.641861,0.928986,0.187865,-0.001222,0.262468,1.317433,98.729256,0.000306,2.397709,-3e-05,1,2.383926,-2.4e-05,1,0.601714,0.600514,0.106642,0,PSF-00578_20260721162611_7c5,PFA-00612,PSA-00572,PSF-00578,RHS-0697,3.0.0,2026-06-15T15:17:51.144Z
31,16:26:25,2026-07-21,Rain_out,Climate_model,,Pl15-R2-M2-H1-P05,,,0.097879,2.91766,0.094702,2.735336,2.282837,2.209012,4.999853,2.717016,22.608128,23.363688,51.170982,0.441786,7.5,PSF-00578_20260721162625_3ea,0,0,0,91.258408,220.160004,0.585491,0.5,0.8,111.947388,1,41.53,40.19,34.51,32.82,32.82,97.71,156.2,154.5,1.1,478,4.061,13,-58,271,,,,,,,,21:20:36,2026-07-21,39.208382,-96.59388,333.100006,16,0.7,16:25:49,2026-07-21,-0.52,1,-0.001,-0.004,-9999,-0.211,-0.213,-9999,1,150,0.005,2,0.058905,0,0.02923,0,0,-6.8e-05,standard,0,rectangular,7000,500,-9999,-9999,55537,55537,55537,0,-9999,0,0,0,0,2.46043,2.448298,1.643579,0.928577,0.187428,-0.020131,0.263724,0.506056,91.258408,0.000303,2.397709,-3e-05,1,2.383926,-2.4e-05,1,0.601714,0.600514,0.106642,0,PSF-00578_20260721162625_3ea,PFA-00612,PSA-00572,PSF-00578,RHS-0697,3.0.0,2026-06-15T15:17:51.144Z
33,16:26:53,2026-07-21,Rain_out,Climate_model,,Pl15-R2-M2-H1-P05,,,0.063296,2.916886,0.061951,2.0013,2.257128,2.20307,5.291444,3.034316,22.548582,23.10187,54.158321,0.441786,7.5,PSF-00578_20260721162653_a34,0,0,0,87.904213,279.887787,0.685931,0.5,0.8,125.155067,1,40.8,39.83,34.62,33.83,33.83,97.7,156.1,154.7,0.9,456,4.056,21,71,265,,,,,,,,21:21:04,2026-07-21,39.208378,-96.59388,332.700012,16,0.7,16:25:49,2026-07-21,-0.52,1,0.002,0.004,-9999,0.129,0.331,-9999,1,150,0.005,2,0.058905,0,0.02923,0,0,-6.8e-05,standard,0,rectangular,7000,500,-9999,-9999,55537,55537,55537,0,-9999,0,0,0,0,2.459932,2.447334,1.642789,0.929143,0.186599,-0.009417,0.266381,0.487794,87.904213,0.000302,2.397709,-3e-05,1,2.383926,-2.4e-05,1,0.601714,0.600514,0.106642,0,PSF-00578_20260721162653_a34,PFA-00612,PSA-00572,PSF-00578,RHS-0697,3.0.0,2026-06-15T15:17:51.144Z
34,16:27:11,2026-07-21,Rain_out,Climate_model,,Pl15-R2-M2-H1-P05,,,0.1762,2.916999,0.166163,5.421451,2.293058,2.146681,5.356145,3.063087,21.970938,23.469078,54.819283,0.441786,7.5,PSF-00578_20260721162711_b57,0,0,0,98.683838,178.890472,0.448356,0.5,0.8,239.949371,1,41.28,38.65,34.7,34.04,34.04,97.71,156.1,154.7,0.9,1338,4.06,-6,-24,294,,,,,,,,21:21:22,2026-07-21,39.208378,-96.59388,332.200012,16,0.7,16:25:49,2026-07-21,-0.52,1,0,0.001,-9999,-0.282,-0.02,-9999,1,150,0.005,2,0.058905,0,0.02923,0,0,-6.8e-05,standard,0,rectangular,7000,500,-9999,-9999,55537,55537,55537,0,-9999,0,0,0,0,2.45835,2.447948,1.642904,0.929109,0.186066,-0.007687,0.268034,1.224602,98.683838,0.000289,2.397709,-3e-05,1,2.383926,-2.4e-05,1,0.601714,0.600514,0.106642,0,PSF-00578_20260721162711_b57,PFA-00612,PSA-00572,PSF-00578,RHS-0697,3.0.0,2026-06-15T15:17:51.144Z
35,16:27:32,2026-07-21,Rain_out,Climate_model,,Pl15-R2-M2-H1-P05,,,0.167611,2.915725,0.1585,5.165816,2.390311,2.250831,5.447161,3.05685,23.035717,24.463192,55.747959,0.441786,7.5,PSF-00578_20260721162732_e65,0,0,0,94.995621,171.622757,0.446486,0.5,0.8,236.492065,1,42.85,40.35,34.78,34.35,34.35,97.71,156,154.7,0.8,1324,4.059,-7,-29,298,,,,,,,,21:21:44,2026-07-21,39.20837,-96.593895,331.700012,16,0.7,16:25:49,2026-07-21,-0.52,1,0,0.002,0.027,-0.238,0.313,0.23,1,150,0.005,2,0.058905,0,0.02923,0,0,-6.8e-05,standard,0,rectangular,7000,500,-9999,-9999,55537,55537,55537,0,-9999,0,0,0,0,2.460601,2.449966,1.641605,0.929247,0.185501,-0.004986,0.270121,1.213109,94.995621,0.000293,2.397709,-3e-05,1,2.383926,-2.4e-05,1,0.601714,0.600514,0.106642,0,PSF-00578_20260721162732_e65,PFA-00612,PSA-00572,PSF-00578,RHS-0697,3.0.0,2026-06-15T15:17:51.144Z
37,16:28:14,2026-07-21,Rain_out,Climate_model,,Pl15-R2-M2-H1-P05,,,0.042333,2.916287,0.041727,1.296991,2.309355,2.274324,5.229105,2.91975,23.277754,23.636299,53.520008,0.441786,7.5,PSF-00578_20260721162814_7f1,0,0,0,86.054565,246.93811,0.651514,0.5,0.8,276.613953,1,41.07,40.45,34.92,33.61,33.61,97.7,156,154.5,1,1061,4.025,-6,-40,30,,,,,,,,21:22:26,2026-07-21,39.208374,-96.59391,331.600006,16,0.7,16:25:49,2026-07-21,-0.52,1,-0.002,-0.003,0.007,0.097,-0.283,-0.589,1,150,0.005,2,0.058905,0,0.02923,0,0,-6.8e-05,standard,0,rectangular,7000,500,-9999,-9999,55537,55537,55537,0,-9999,0,0,0,0,2.460714,2.44764,1.642177,0.928643,0.184483,-0.015522,0.274224,0.993553,86.054565,0.000325,2.397709,-3e-05,1,2.383926,-2.4e-05,1,0.601714,0.600514,0.106642,0,PSF-00578_20260721162814_7f1,PFA-00612,PSA-00572,PSF-00578,RHS-0697,3.0.0,2026-06-15T15:17:51.144Z
38,16:28:28,2026-07-21,Rain_out,Climate_model,,Pl15-R2-M2-H1-P05,,,0.136607,2.918742,0.130499,3.756248,2.389538,2.288374,5.093849,2.704311,23.423777,24.459286,52.140591,0.441786,7.5,PSF-00578_20260721162828_960,0,0,0,91.731903,216.950302,0.577175,0.5,0.8,186.59198,1,42.4,40.6,34.96,33.15,33.15,97.69,156.3,154.6,1.1,808,4.021,-6,-58,40,,,,,,,,21:22:39,2026-07-21,39.208366,-96.593933,331.700012,15,0.72,16:25:49,2026-07-21,-0.52,1,0.004,0.004,-9999,0.619,0.701,-9999,1,150,0.005,2,0.058905,0,0.02923,0,0,-6.8e-05,standard,0,rectangular,7000,500,-9999,-9999,55537,55537,55537,0,-9999,0,0,0,0,2.460911,2.449356,1.644688,0.928825,0.184178,-0.021636,0.275501,0.78197,91.731903,0.000308,2.397709,-3e-05,1,2.383926,-2.4e-05,1,0.601714,0.600514,0.106642,0,PSF-00578_20260721162828_960,PFA-00612,PSA-00572,PSF-00578,RHS-0697,3.0.0,2026-06-15T15:17:51.144Z
39,16:28:43,2026-07-21,Rain_out,Climate_model,,Pl15-R2-M2-H1-P05,,,0.15054,2.916193,0.14315,4.463181,2.377255,2.256785,5.303731,2.926476,23.098358,24.331387,54.284081,0.441786,7.5,PSF-00578_20260721162843_2b4,0,0,0,91.42363,198.136215,0.538582,0.5,0.8,241.558075,1,42.08,39.95,35,33.87,33.87,97.7,156,154.6,0.9,1121,4.057,15,58,55,,,,,,,,21:22:54,2026-07-21,39.20837,-96.593925,332,16,0.7,16:25:49,2026-07-21,-0.52,1,-0.001,-0.001,0.014,-0.086,1.392,3.771,1,150,0.005,2,0.058905,0,0.02923,0,0,-6.8e-05,standard,0,rectangular,7000,500,-9999,-9999,55537,55537,55537,0,-9999,0,0,0,0,2.460033,2.448935,1.642082,0.928879,0.183869,-0.013522,0.276844,1.043555,91.42363,0.000318,2.397709,-3e-05,1,2.383926,-2.4e-05,1,0.601714,0.600514,0.106642,0,PSF-00578_20260721162843_2b4,PFA-00612,PSA-00572,PSF-00578,RHS-0697,3.0.0,2026-06-15T15:17:51.144Z
40,16:28:59,2026-07-21,Rain_out,Climate_model,,Pl15-R2-M2-H1-P05,,,0.111146,2.914886,0.107063,3.122355,2.289858,2.205416,5.032434,2.742576,22.57283,23.437111,51.50787,0.441786,7.5,PSF-00578_20260721162859_fbb,0,0,0,85.115791,199.831009,0.574061,0.5,0.8,307.687683,1,40.44,38.95,35.05,32.93,32.93,97.7,155.9,154.6,0.8,1340,4.056,2,20,28,,,,,,,,21:23:10,2026-07-21,39.20837,-96.593925,332.100006,16,0.7,16:25:49,2026-07-21,-0.52,1,-0.001,0,-9999,0.028,0.226,-9999,1,150,0.005,2,0.058905,0,0.02923,0,0,-6.8e-05,standard,0,rectangular,7000,500,-9999,-9999,55537,55537,55537,0,-9999,0,0,0,0,2.458691,2.446789,1.640751,0.928876,0.183559,-0.025263,0.278312,1.22629,85.115791,0.000311,2.397709,-3e-05,1,2.383926,-2.4e-05,1,0.601714,0.600514,0.106642,0,PSF-00578_20260721162859_fbb,PFA-00612,PSA-00572,PSF-00578,RHS-0697,3.0.0,2026-06-15T15:17:51.144Z
41,16:29:22,2026-07-21,Rain_out,Climate_model,,Pl15-R2-M2-H1-P05,,,0.078083,2.91629,0.076047,2.384094,2.223563,2.159113,5.170661,2.947098,22.098909,22.758568,52.922646,0.441786,7.5,PSF-00578_20260721162922_1db,0,0,0,110.519173,270.04303,0.590735,0.5,0.8,175.72049,1,39.13,38,35.11,33.41,33.41,97.7,156,154.6,0.9,744,4.057,3,-67,50,,,,,,,,21:23:29,2026-07-21,39.20837,-96.593918,332,17,0.65,16:25:49,2026-07-21,-0.52,1,0,-0.002,-9999,3.087,16.52,-9999,1,150,0.005,2,0.058905,0,0.02923,0,0,-6.8e-05,standard,0,rectangular,7000,500,-9999,-9999,55537,55537,55537,0,-9999,0,0,0,0,2.457415,2.445074,1.64218,0.928888,0.18312,-0.02025,0.280425,0.728025,110.519173,0.00031,2.397709,-3e-05,1,2.383926,-2.4e-05,1,0.601714,0.600514,0.106642,0,PSF-00578_20260721162922_1db,PFA-00612,PSA-00572,PSF-00578,RHS-0697,3.0.0,2026-06-15T15:17:51.144Z
42,16:29:41,2026-07-21,Rain_out,Climate_model,,Pl15-R2-M2-H1-P05,,,0.104198,2.91522,0.100602,3.114956,2.28464,2.200405,5.194396,2.909756,22.518774,23.380831,53.159046,0.441786,7.5,PSF-00578_20260721162941_eb4,0,0,0,88.840485,198.963409,0.553483,0.5,0.8,217.440796,1,40.1,38.62,35.16,33.5,33.5,97.71,155.9,154.4,1,982,4.056,-10,-26,31,,,,,,,,21:23:52,2026-07-21,39.208378,-96.59391,332.200012,17,0.65,16:25:49,2026-07-21,-0.52,1,-0.001,0,-9999,0.56,1.098,-9999,1,150,0.005,2,0.058905,0,0.02923,0,0,-6.8e-05,standard,0,rectangular,7000,500,-9999,-9999,55537,55537,55537,0,-9999,0,0,0,0,2.458238,2.44633,1.641091,0.928363,0.182771,-0.019869,0.282276,0.927307,88.840485,0.000314,2.397709,-3e-05,1,2.383926,-2.4e-05,1,0.601714,0.600514,0.106642,0,PSF-00578_20260721162941_eb4,PFA-00612,PSA-00572,PSF-00578,RHS-0697,3.0.0,2026-06-15T15:17:51.144Z
43,16:29:57,2026-07-21,Rain_out,Climate_model,,Pl15-R2-M2-H1-P05,,,0.037939,2.915884,0.037451,1.165914,2.273767,2.242253,5.199244,2.925478,22.948446,23.270977,53.211926,0.441786,7.5,PSF-00578_20260721162957_a31,0,0,0,87.749718,236.068008,0.628286,0.5,0.8,117.951706,1,39.82,39.27,35.19,33.51,33.51,97.71,156,154.5,1,469,4.055,-8,-33,31,,,,,,,,21:24:09,2026-07-21,39.208389,-96.593941,332.5,17,0.65,16:25:49,2026-07-21,-0.52,1,0,-0.003,-9999,-0.105,-0.349,-9999,1,150,0.005,2,0.058905,0,0.02923,0,0,-6.8e-05,standard,0,rectangular,7000,500,-9999,-9999,55537,55537,55537,0,-9999,0,0,0,0,2.459104,2.445967,1.641766,0.928549,0.182506,-0.020124,0.283747,0.498814,87.749718,0.000299,2.397709,-3e-05,1,2.383926,-2.4e-05,1,0.601714,0.600514,0.106642,0,PSF-00578_20260721162957_a31,PFA-00612,PSA-00572,PSF-00578,RHS-0697,3.0.0,2026-06-15T15:17:51.144Z
1,17:28:18,2026-07-21,Rain_out,Climate_model,,Pl1-R1-M2-H3-P10,,,0.053402,2.916581,0.052441,1.854072,1.943735,1.893483,5.270162,3.326426,19.381922,19.896311,53.946014,0.441786,7.5,PSF-00578_20260721172818_df8,0,0,0,81.258415,232.791061,0.650938,0.5,0.8,58.286919,1,31.94,31.11,36.35,33.75,33.75,97.69,156.1,154.5,1,224,3.968,5,-47,137,,,,,,,,22:22:29,2026-07-21,39.208328,-96.593803,349.899994,9,0.82,17:28:06,2026-07-21,-0.34,1,0.001,-0.001,-9999,0.26,0.645,-9999,1,150,0.005,2,0.058905,0,0.02923,0,0,-6.8e-05,standard,0,rectangular,7000,500,-9999,-9999,55537,55537,55537,0,-9999,0,0,0,0,2.447869,2.43507,1.642477,0.92874,0.174479,-0.03144,0.16678,0.293693,81.258415,0.000304,2.397709,-3e-05,1,2.383926,-2.4e-05,1,0.601714,0.600514,0.106642,0,PSF-00578_20260721172818_df8,PFA-00612,PSA-00572,PSF-00578,RHS-0697,3.0.0,2026-06-15T15:17:51.144Z
2,17:28:35,2026-07-21,Rain_out,Climate_model,,Pl1-R1-M2-H3-P10,,,0.074783,2.916686,0.072914,2.948283,2.001879,1.922026,5.794414,3.792535,19.674492,20.491892,59.313538,0.441786,7.5,PSF-00578_20260721172835_21a,0,0,0,106.237648,158.42128,0.329398,0.5,0.8,217.749969,1,32.92,31.61,36.34,35.46,35.46,97.69,156.1,154.5,1,1653,3.968,17,57,139,,,,,,,,22:22:46,2026-07-21,39.208321,-96.593826,349.899994,9,0.95,17:28:06,2026-07-21,-0.34,1,0.001,0.002,-9999,3.177,-4.908,-9999,1,150,0.005,2,0.058905,0,0.02923,0,0,-6.8e-05,standard,0,rectangular,7000,500,-9999,-9999,55537,55537,55537,0,-9999,0,0,0,0,2.448555,2.436399,1.642584,0.928639,0.174584,-0.010554,0.17021,1.487557,106.237648,0.000298,2.397709,-3e-05,1,2.383926,-2.4e-05,1,0.601714,0.600514,0.106642,0,PSF-00578_20260721172835_21a,PFA-00612,PSA-00572,PSF-00578,RHS-0697,3.0.0,2026-06-15T15:17:51.144Z
3,17:28:45,2026-07-21,Rain_out,Climate_model,,Pl1-R1-M2-H3-P10,,,0.050963,2.91809,0.050088,2.044395,1.987078,1.93176,5.815196,3.828118,19.774181,20.340445,59.526424,0.441786,7.5,PSF-00578_20260721172845_3cb,0,0,0,85.145828,153.985626,0.447053,0.5,0.8,281.088715,1,32.7,31.79,36.32,35.53,35.53,97.69,156.3,154.5,1.1,1572,3.967,20,53,148,,,,,,,,22:22:56,2026-07-21,39.20834,-96.593834,348.700012,9,0.82,17:28:06,2026-07-21,-0.34,1,0.001,0.002,-9999,-7.087,-16.406,-9999,1,150,0.005,2,0.058905,0,0.02923,0,0,-6.8e-05,standard,0,rectangular,7000,500,-9999,-9999,55537,55537,55537,0,-9999,0,0,0,0,2.448814,2.43611,1.644019,0.928545,0.174686,-0.009575,0.172027,1.420092,85.145828,0.0003,2.397709,-3e-05,1,2.383926,-2.4e-05,1,0.601714,0.600514,0.106642,0,PSF-00578_20260721172845_3cb,PFA-00612,PSA-00572,PSF-00578,RHS-0697,3.0.0,2026-06-15T15:17:51.144Z
4,17:29:04,2026-07-21,Rain_out,Climate_model,,Pl1-R1-M2-H3-P10,,,0.063767,2.915909,0.062403,2.579053,2.002488,1.932591,5.877281,3.874793,19.782032,20.497499,60.159943,0.441786,7.5,PSF-00578_20260721172904_6f8,0,0,0,99.950912,155.820602,0.358551,0.5,0.8,173.946808,1,33.01,31.85,36.3,35.72,35.72,97.69,156,154.3,1.1,1213,3.967,-10,19,166,,,,,,,,22:23:15,2026-07-21,39.208344,-96.593842,347.700012,10,0.81,17:28:06,2026-07-21,-0.34,1,0,0.001,-9999,-0.364,2.116,-9999,1,150,0.005,2,0.058905,0,0.02923,0,0,-6.8e-05,standard,0,rectangular,7000,500,-9999,-9999,55537,55537,55537,0,-9999,0,0,0,0,2.448901,2.43652,1.641792,0.928137,0.174865,-0.006889,0.175646,1.120074,99.950912,0.000305,2.397709,-3e-05,1,2.383926,-2.4e-05,1,0.601714,0.600514,0.106642,0,PSF-00578_20260721172904_6f8,PFA-00612,PSA-00572,PSF-00578,RHS-0697,3.0.0,2026-06-15T15:17:51.144Z
5,17:29:19,2026-07-21,Rain_out,Climate_model,,Pl1-R1-M2-H3-P10,,,0.055012,2.915744,0.053993,1.847887,1.953805,1.903694,5.175244,3.221439,19.486792,19.99975,52.975384,0.441786,7.5,PSF-00578_20260721172919_efa,0,0,0,81.199768,233.945129,0.652911,0.5,0.8,187.869583,1,32.24,31.41,36.28,33.43,33.43,97.69,156,154.5,0.9,719,3.963,-9,23,27,,,,,,,,22:23:30,2026-07-21,39.208324,-96.593842,347.700012,8,0.95,17:28:06,2026-07-21,-0.34,1,0.001,0.001,-9999,0.043,-0.029,-9999,1,150,0.005,2,0.058905,0,0.02923,0,0,-6.8e-05,standard,0,rectangular,7000,500,-9999,-9999,55537,55537,55537,0,-9999,0,0,0,0,2.448295,2.435489,1.641623,0.928663,0.175001,-0.034383,0.178101,0.707722,81.199768,0.000307,2.397709,-3e-05,1,2.383926,-2.4e-05,1,0.601714,0.600514,0.106642,0,PSF-00578_20260721172919_efa,PFA-00612,PSA-00572,PSF-00578,RHS-0697,3.0.0,2026-06-15T15:17:51.144Z
6,17:29:48,2026-07-21,Rain_out,Climate_model,,Pl1-R1-M2-H3-P10,,,0.027103,2.916976,0.026854,1.010489,1.901139,1.873746,5.43938,3.538241,19.178808,19.459194,55.675014,0.441786,7.5,PSF-00578_20260721172948_683,0,0,0,79.192398,259.664642,0.69502,0.5,0.8,64.302505,1,31.46,31,36.23,34.32,34.32,97.7,156.1,154.5,1.1,231,3.957,-5,-48,285,,,,,,,,22:23:55,2026-07-21,39.208332,-96.593834,347.700012,8,0.95,17:28:06,2026-07-21,-0.34,1,-0.001,-0.001,-9999,0.089,0.026,-9999,1,150,0.005,2,0.058905,0,0.02923,0,0,-6.8e-05,standard,0,rectangular,7000,500,-9999,-9999,55537,55537,55537,0,-9999,0,0,0,0,2.447737,2.434437,1.64288,0.928549,0.175345,-0.023038,0.183128,0.29991,79.192398,0.000307,2.397709,-3e-05,1,2.383926,-2.4e-05,1,0.601714,0.600514,0.106642,0,PSF-00578_20260721172948_683,PFA-00612,PSA-00572,PSF-00578,RHS-0697,3.0.0,2026-06-15T15:17:51.144Z
7,17:30:04,2026-07-21,Rain_out,Climate_model,,Pl1-R1-M2-H3-P10,,,0.081851,2.916591,0.079617,2.617445,1.984497,1.913578,5.080401,3.095903,19.585663,20.311529,51.998409,0.441786,7.5,PSF-00578_20260721173004_9b1,0,0,0,81.385376,216.764328,0.624544,0.5,0.8,38.350117,1,32.9,31.72,36.19,33.1,33.1,97.7,156.1,154.6,0.9,154,3.961,-41,13,19,,,,,,,,22:24:14,2026-07-21,39.208317,-96.593895,345.899994,10,0.8,17:28:06,2026-07-21,-0.34,1,0,0.003,-9999,-0.033,-0.035,-9999,1,150,0.005,2,0.058905,0,0.02923,0,0,-6.8e-05,standard,0,rectangular,7000,500,-9999,-9999,55537,55537,55537,0,-9999,0,0,0,0,2.448734,2.436388,1.642487,0.92887,0.175575,-0.037284,0.185655,0.234914,81.385376,0.000298,2.397709,-3e-05,1,2.383926,-2.4e-05,1,0.601714,0.600514,0.106642,0,PSF-00578_20260721173004_9b1,PFA-00612,PSA-00572,PSF-00578,RHS-0697,3.0.0,2026-06-15T15:17:51.144Z
13,21:21:43,2026-07-21,Rain_out,Climate_model,,Pl16-R2-M1-H2-P08,,,0.007452,2.915098,0.007433,0.093349,1.976066,1.973531,3.171832,1.195766,20.182714,20.208635,32.437382,0.441786,7.5,PSF-00578_20260721212143_45b,0,0,0,78.858017,332.971558,0.763169,0.5,0.8,0.010891,1,56.08,56.01,26.73,24.96,24.96,97.78,155.9,155.6,0.2,0,3.947,-18,-22,81,,,,,,,,02:15:53,2026-07-22,39.208466,-96.593918,319.700012,7,1.32,21:16:33,2026-07-21,-0.75,1,0.001,-0.002,-0.016,0.433,0.951,2.013,1,150,0.005,2,0.058905,0,0.02923,0,0,-6.8e-05,standard,0,rectangular,7000,500,-9999,-9999,55537,55537,55537,0,-9999,0,0,0,0,2.482415,2.468534,1.640967,0.931337,0.254526,-0.019366,0.13357,0.106672,78.858017,0.000284,2.397709,-3e-05,1,2.383926,-2.4e-05,1,0.601714,0.600514,0.106642,0,PSF-00578_20260721212143_45b,PFA-00612,PSA-00572,PSF-00578,RHS-0697,3.0.0,2026-06-15T15:17:51.144Z
14,21:21:58,2026-07-21,Rain_out,Climate_model,,Pl16-R2-M1-H2-P08,,,-0.001029,2.915998,-0.001029,-0.013051,1.983374,1.983728,3.190682,1.207308,20.287714,20.284094,32.631317,0.441786,7.5,PSF-00578_20260721212158_acf,0,0,0,84.955933,364.084473,0.766659,0.5,0.8,0.010809,1,56.29,56.3,26.73,25.06,25.06,97.78,156,155.5,0.3,0,3.952,-18,-24,103,,,,,,,,02:16:09,2026-07-22,39.208469,-96.593918,319.899994,8,1.15,21:16:33,2026-07-21,-0.75,1,-0.001,-0.003,-0.016,0.33,0.713,2.017,1,150,0.005,2,0.058905,0,0.02923,0,0,-6.8e-05,standard,0,rectangular,7000,500,-9999,-9999,55537,55537,55537,0,-9999,0,0,0,0,2.482793,2.468803,1.641882,0.931094,0.254544,-0.018251,0.135611,0.106671,84.955933,0.000296,2.397709,-3e-05,1,2.383926,-2.4e-05,1,0.601714,0.600514,0.106642,0,PSF-00578_20260721212158_acf,PFA-00612,PSA-00572,PSF-00578,RHS-0697,3.0.0,2026-06-15T15:17:51.144Z
15,21:22:12,2026-07-21,Rain_out,Climate_model,,Pl16-R2-M1-H2-P08,,,-0.004884,2.915938,-0.004892,-0.067185,1.985321,1.987144,3.291828,1.306507,20.322966,20.304323,33.66626,0.441786,7.5,PSF-00578_20260721212212_b33,0,0,0,81.56955,343.044525,0.762219,0.5,0.8,0.01166,1,56.35,56.4,26.73,25.58,25.58,97.78,156,155.5,0.3,0,3.945,-8,-24,108,,,,,,,,02:16:21,2026-07-22,39.208469,-96.59391,320.100006,8,1.15,21:16:33,2026-07-21,-0.75,1,0,-0.001,-0.013,0.217,0.798,2.21,1,150,0.005,2,0.058905,0,0.02923,0,0,-6.8e-05,standard,0,rectangular,7000,500,-9999,-9999,55537,55537,55537,0,-9999,0,0,0,0,2.482918,2.468873,1.641821,0.93119,0.254545,-0.012449,0.137508,0.106674,81.56955,0.000298,2.397709,-3e-05,1,2.383926,-2.4e-05,1,0.601714,0.600514,0.106642,0,PSF-00578_20260721212212_b33,PFA-00612,PSA-00572,PSF-00578,RHS-0697,3.0.0,2026-06-15T15:17:51.144Z
16,21:22:26,2026-07-21,Rain_out,Climate_model,,Pl16-R2-M1-H2-P08,,,-0.019358,2.916297,-0.019487,-0.237095,2.048083,2.05451,3.205791,1.157707,21.011126,20.945402,32.78508,0.441786,7.5,PSF-00578_20260721212226_ed4,0,0,0,80.456612,323.798431,0.751523,0.5,0.8,0.017672,1,58.12,58.3,26.74,25.14,25.14,97.78,156,155.4,0.4,0,3.916,-5,33,133,,,,,,,,02:16:37,2026-07-22,39.208458,-96.593925,320.100006,8,1.15,21:16:33,2026-07-21,-0.75,1,0,0.003,-0.015,0.298,0.58,1.575,1,150,0.005,2,0.058905,0,0.02923,0,0,-6.8e-05,standard,0,rectangular,7000,500,-9999,-9999,55537,55537,55537,0,-9999,0,0,0,0,2.485348,2.471105,1.642187,0.930955,0.25452,-0.017403,0.139394,0.106691,80.456612,0.000284,2.397709,-3e-05,1,2.383926,-2.4e-05,1,0.601714,0.600514,0.106642,0,PSF-00578_20260721212226_ed4,PFA-00612,PSA-00572,PSF-00578,RHS-0697,3.0.0,2026-06-15T15:17:51.144Z
17,21:22:39,2026-07-21,Rain_out,Climate_model,,Pl16-R2-M1-H2-P08,,,0.001069,2.915582,0.001069,0.012785,2.036158,2.035811,3.174302,1.138144,20.821012,20.824558,32.464794,0.441786,7.5,PSF-00578_20260721212239_29a,0,0,0,79.508186,330.764648,0.759623,0.5,0.8,0.019423,1,57.78,57.77,26.74,24.97,24.97,97.78,155.9,155.5,0.3,0,3.954,13,43,174,,,,,,,,02:16:50,2026-07-22,39.20845,-96.593918,319.5,9,1.11,21:16:33,2026-07-21,-0.75,1,-0.003,-0.003,-9999,0.3,0.94,-9999,1,150,0.005,2,0.058905,0,0.02923,0,0,-6.8e-05,standard,0,rectangular,7000,500,-9999,-9999,55537,55537,55537,0,-9999,0,0,0,0,2.48467,2.470678,1.641459,0.931025,0.254517,-0.019232,0.141041,0.106695,79.508186,0.000302,2.397709,-3e-05,1,2.383926,-2.4e-05,1,0.601714,0.600514,0.106642,0,PSF-00578_20260721212239_29a,PFA-00612,PSA-00572,PSF-00578,RHS-0697,3.0.0,2026-06-15T15:17:51.144Z
18,21:22:50,2026-07-21,Rain_out,Climate_model,,Pl16-R2-M1-H2-P08,,,-0.005332,2.916445,-0.005342,-0.060009,2.023351,2.024978,3.09307,1.069719,20.709269,20.692631,31.632545,0.441786,7.5,PSF-00578_20260721212250_c4e,0,0,0,73.580505,332.75415,0.778874,0.5,0.8,0.014715,1,57.42,57.47,26.73,24.54,24.54,97.78,156.1,155.5,0.3,0,3.952,0,-50,118,,,,,,,,02:17:00,2026-07-22,39.208519,-96.59388,318.899994,9,2.31,21:16:33,2026-07-21,-0.75,1,0,-0.002,-9999,0.154,0.469,-9999,1,150,0.005,2,0.058905,0,0.02923,0,0,-6.8e-05,standard,0,rectangular,7000,500,-9999,-9999,55537,55537,55537,0,-9999,0,0,0,0,2.48428,2.470223,1.642338,0.931264,0.254522,-0.023993,0.142398,0.106681,73.580505,0.000283,2.397709,-3e-05,1,2.383926,-2.4e-05,1,0.601714,0.600514,0.106642,0,PSF-00578_20260721212250_c4e,PFA-00612,PSA-00572,PSF-00578,RHS-0697,3.0.0,2026-06-15T15:17:51.144Z
19,21:23:02,2026-07-21,Rain_out,Climate_model,,Pl16-R2-M1-H2-P08,,,-0.001827,2.915772,-0.001828,-0.020704,2.033923,2.034484,3.112176,1.078253,20.806488,20.800745,31.827946,0.441786,7.5,PSF-00578_20260721212302_a63,0,0,0,80.375435,335.996033,0.760785,0.5,0.8,0.011247,1,57.73,57.74,26.73,24.64,24.64,97.78,156,155.3,0.4,0,3.95,0,-58,90,,,,,,,,02:17:13,2026-07-22,39.208443,-96.593887,318.200012,10,1.09,21:16:33,2026-07-21,-0.75,1,0.002,0,-9999,0.283,0.855,-9999,1,150,0.005,2,0.058905,0,0.02923,0,0,-6.8e-05,standard,0,rectangular,7000,500,-9999,-9999,55537,55537,55537,0,-9999,0,0,0,0,2.484637,2.470613,1.641652,0.93071,0.25455,-0.022833,0.143916,0.106673,80.375435,0.000295,2.397709,-3e-05,1,2.383926,-2.4e-05,1,0.601714,0.600514,0.106642,0,PSF-00578_20260721212302_a63,PFA-00612,PSA-00572,PSF-00578,RHS-0697,3.0.0,2026-06-15T15:17:51.144Z
20,21:23:19,2026-07-21,Rain_out,Climate_model,,Pl16-R2-M1-H2-P08,,,-0.022859,2.915244,-0.023039,-0.252469,2.078893,2.08574,3.12193,1.043037,21.329969,21.259949,31.92664,0.441786,7.5,PSF-00578_20260721212319_5d8,0,0,0,87.451462,342.22699,0.744464,0.5,0.8,0.022477,1,59.01,59.2,26.73,24.69,24.69,97.78,155.9,155.7,0.2,0,3.951,33,60,182,,,,,,,,02:17:29,2026-07-22,39.208401,-96.593887,318,10,1.08,21:16:33,2026-07-21,-0.75,1,-0.002,-0.001,-0.014,0.438,1.413,4.428,1,150,0.005,2,0.058905,0,0.02923,0,0,-6.8e-05,standard,0,rectangular,7000,500,-9999,-9999,55537,55537,55537,0,-9999,0,0,0,0,2.486496,2.472221,1.641115,0.931531,0.254561,-0.022247,0.146137,0.106705,87.451462,0.00028,2.397709,-3e-05,1,2.383926,-2.4e-05,1,0.601714,0.600514,0.106642,0,PSF-00578_20260721212319_5d8,PFA-00612,PSA-00572,PSF-00578,RHS-0697,3.0.0,2026-06-15T15:17:51.144Z
21,21:23:36,2026-07-21,Rain_out,Climate_model,,Pl16-R2-M1-H2-P08,,,-0.01139,2.915452,-0.011435,-0.138646,2.017193,2.020954,3.171207,1.154014,20.669754,20.631283,32.434223,0.441786,7.5,PSF-00578_20260721212336_700,0,0,0,80.025673,349.421387,0.770977,0.5,0.8,0.010738,1,57.27,57.37,26.73,24.96,24.96,97.77,155.9,155.7,0.1,0,3.915,8,-75,130,,,,,,,,02:17:47,2026-07-22,39.208401,-96.593864,317.200012,10,1.09,21:16:33,2026-07-21,-0.75,1,-0.003,-0.002,-0.009,0.176,0.273,0.796,1,150,0.005,2,0.058905,0,0.02923,0,0,-6.8e-05,standard,0,rectangular,7000,500,-9999,-9999,55537,55537,55537,0,-9999,0,0,0,0,2.484163,2.470031,1.641326,0.931676,0.254587,-0.019334,0.148429,0.106671,80.025673,0.000277,2.397709,-3e-05,1,2.383926,-2.4e-05,1,0.601714,0.600514,0.106642,0,PSF-00578_20260721212336_700,PFA-00612,PSA-00572,PSF-00578,RHS-0697,3.0.0,2026-06-15T15:17:51.144Z
22,21:23:50,2026-07-21,Rain_out,Climate_model,,Pl16-R2-M1-H2-P08,,,-0.018117,2.916104,-0.01823,-0.256507,2.064786,2.071738,3.402041,1.337255,21.189322,21.118217,34.795387,0.441786,7.5,PSF-00578_20260721212350_932,0,0,0,83.952782,322.529205,0.739705,0.5,0.8,0.020813,1,58.6,58.8,26.73,26.14,26.14,97.77,156,155.7,0.2,0,3.951,34,61,195,,,,,,,,02:18:01,2026-07-22,39.208401,-96.593872,316.5,10,1.09,21:16:33,2026-07-21,-0.75,1,-0.004,-0.001,-9999,0.767,1.708,-9999,1,150,0.005,2,0.058905,0,0.02923,0,0,-6.8e-05,standard,0,rectangular,7000,500,-9999,-9999,55537,55537,55537,0,-9999,0,0,0,0,2.485985,2.471714,1.64199,0.931629,0.254551,-0.006258,0.150187,0.106701,83.952782,0.000283,2.397709,-3e-05,1,2.383926,-2.4e-05,1,0.601714,0.600514,0.106642,0,PSF-00578_20260721212350_932,PFA-00612,PSA-00572,PSF-00578,RHS-0697,3.0.0,2026-06-15T15:17:51.144Z
23,21:24:07,2026-07-21,Rain_out,Climate_model,,Pl16-R2-M1-H2-P08,,,-0.005034,2.917424,-0.005043,-0.061142,2.061113,2.062768,3.214641,1.153528,21.095585,21.078653,32.875587,0.441786,7.5,PSF-00578_20260721212407_058,0,0,0,76.817749,335.026489,0.770711,0.5,0.8,0.011526,1,58.48,58.53,26.74,25.18,25.18,97.78,156.2,155.7,0.3,0,3.951,2,-53,104,,,,,,,,02:18:18,2026-07-22,39.208424,-96.593864,317.100006,10,1.08,21:16:33,2026-07-21,-0.75,1,-0.001,-0.002,-0.011,0.149,0.355,1.225,1,150,0.005,2,0.058905,0,0.02923,0,0,-6.8e-05,standard,0,rectangular,7000,500,-9999,-9999,55537,55537,55537,0,-9999,0,0,0,0,2.485632,2.471554,1.643338,0.931543,0.254487,-0.016929,0.152351,0.106673,76.817749,0.000294,2.397709,-3e-05,1,2.383926,-2.4e-05,1,0.601714,0.600514,0.106642,0,PSF-00578_20260721212407_058,PFA-00612,PSA-00572,PSF-00578,RHS-0697,3.0.0,2026-06-15T15:17:51.144Z
24,21:24:24,2026-07-21,Rain_out,Climate_model,,Pl16-R2-M1-H2-P08,,,-0.011875,2.91689,-0.011923,-0.149616,2.038502,2.042556,3.232452,1.19395,20.88818,20.846722,33.056644,0.441786,7.5,PSF-00578_20260721212424_d50,0,0,0,78.188538,314.747223,0.751583,0.5,0.8,0.013299,1,57.82,57.94,26.74,25.28,25.28,97.79,156.1,155.5,0.4,0,3.947,0,34,129,,,,,,,,02:18:35,2026-07-22,39.208435,-96.593864,318.5,11,0.96,21:16:33,2026-07-21,-0.75,1,-0.003,-0.002,-0.017,0.345,0.77,1.695,1,150,0.005,2,0.058905,0,0.02923,0,0,-6.8e-05,standard,0,rectangular,7000,500,-9999,-9999,55537,55537,55537,0,-9999,0,0,0,0,2.484879,2.470727,1.642792,0.931126,0.254439,-0.015957,0.154564,0.106679,78.188538,0.000287,2.397709,-3e-05,1,2.383926,-2.4e-05,1,0.601714,0.600514,0.106642,0,PSF-00578_20260721212424_d50,PFA-00612,PSA-00572,PSF-00578,RHS-0697,3.0.0,2026-06-15T15:17:51.144Z
25,21:25:19,2026-07-21,Rain_out,Climate_model,,Pl15-R2-M2-H1-P05,,,-0.010244,2.915803,-0.01028,-0.125563,2.011159,2.014565,3.17385,1.162691,20.601303,20.566469,32.456352,0.441786,7.5,PSF-00578_20260721212519_ddc,0,0,0,81.916092,328.448303,0.750597,0.5,0.8,0.008784,1,56.96,57.06,26.77,24.97,24.97,97.79,156,155.6,0.3,0,3.949,11,45,57,,,,,,,,02:19:30,2026-07-22,39.208427,-96.59388,318,11,0.96,21:16:33,2026-07-21,-0.75,1,0.001,-0.001,-0.015,0.127,0.238,0.515,1,150,0.005,2,0.058905,0,0.02923,0,0,-6.8e-05,standard,0,rectangular,7000,500,-9999,-9999,55537,55537,55537,0,-9999,0,0,0,0,2.483755,2.469642,1.641684,0.931288,0.254189,-0.019623,0.161824,0.106666,81.916092,0.000293,2.397709,-3e-05,1,2.383926,-2.4e-05,1,0.601714,0.600514,0.106642,0,PSF-00578_20260721212519_ddc,PFA-00612,PSA-00572,PSF-00578,RHS-0697,3.0.0,2026-06-15T15:17:51.144Z
26,21:25:35,2026-07-21,Rain_out,Climate_model,,Pl15-R2-M2-H1-P05,,,-0.00621,2.91629,-0.006223,-0.079908,2.016841,2.019008,3.238779,1.221938,20.646679,20.624519,33.120247,0.441786,7.5,PSF-00578_20260721212535_77a,0,0,0,83.216072,337.529175,0.753455,0.5,0.8,0.00714,1,57.11,57.17,26.77,25.31,25.31,97.79,156,155.5,0.3,0,3.948,16,45,55,,,,,,,,02:19:46,2026-07-22,39.208431,-96.59388,318.200012,11,0.96,21:16:33,2026-07-21,-0.75,1,-0.001,-0.001,-0.012,0.132,0.296,0.727,1,150,0.005,2,0.058905,0,0.02923,0,0,-6.8e-05,standard,0,rectangular,7000,500,-9999,-9999,55537,55537,55537,0,-9999,0,0,0,0,2.483897,2.469826,1.64218,0.931204,0.254146,-0.01592,0.16385,0.106662,83.216072,0.000286,2.397709,-3e-05,1,2.383926,-2.4e-05,1,0.601714,0.600514,0.106642,0,PSF-00578_20260721212535_77a,PFA-00612,PSA-00572,PSF-00578,RHS-0697,3.0.0,2026-06-15T15:17:51.144Z
28,21:26:13,2026-07-21,Rain_out,Climate_model,,Pl15-R2-M2-H1-P05,,,-0.003632,2.915853,-0.003636,-0.044247,2.080774,2.081974,3.238348,1.157574,21.291121,21.278854,33.116684,0.441786,7.5,PSF-00578_20260721212613_d60,0,0,0,81.884979,332.783447,0.753939,0.5,0.8,0.005338,1,58.87,58.9,26.79,25.31,25.31,97.79,156,155.6,0.2,0,3.947,14,45,49,,,,,,,,02:20:23,2026-07-22,39.208443,-96.593857,318.700012,11,0.91,21:16:33,2026-07-21,-0.75,1,-0.003,-0.001,-0.019,0.45,0.731,1.597,1,150,0.005,2,0.058905,0,0.02923,0,0,-6.8e-05,standard,0,rectangular,7000,500,-9999,-9999,55537,55537,55537,0,-9999,0,0,0,0,2.486104,2.472036,1.641735,0.931417,0.253998,-0.016109,0.1685,0.106657,81.884979,0.000292,2.397709,-3e-05,1,2.383926,-2.4e-05,1,0.601714,0.600514,0.106642,0,PSF-00578_20260721212613_d60,PFA-00612,PSA-00572,PSF-00578,RHS-0697,3.0.0,2026-06-15T15:17:51.144Z
29,21:26:52,2026-07-21,Rain_out,Climate_model,,Pl15-R2-M2-H1-P05,,,-0.00712,2.916217,-0.007138,-0.085194,2.044877,2.047186,3.180718,1.135842,20.937616,20.913998,32.530834,0.441786,7.5,PSF-00578_20260721212652_952,0,0,0,83.487511,347.308167,0.759615,0.5,0.8,0.0124,1,57.76,57.82,26.81,25.01,25.01,97.78,156,155.7,0.2,0,3.916,12,-70,55,,,,,,,,02:21:03,2026-07-22,39.208412,-96.593872,319,12,0.9,21:26:44,2026-07-21,-0.66,1,-0.001,-0.002,-9999,0.246,0.628,-9999,1,150,0.005,2,0.058905,0,0.02923,0,0,-6.8e-05,standard,0,rectangular,7000,500,-9999,-9999,55537,55537,55537,0,-9999,0,0,0,0,2.484725,2.47052,1.642106,0.931537,0.253721,-0.019745,0.173614,0.106676,83.487511,0.000283,2.397709,-3e-05,1,2.383926,-2.4e-05,1,0.601714,0.600514,0.106642,0,PSF-00578_20260721212652_952,PFA-00612,PSA-00572,PSF-00578,RHS-0697,3.0.0,2026-06-15T15:17:51.144Z
30,21:27:07,2026-07-21,Rain_out,Climate_model,,Pl15-R2-M2-H1-P05,,,-0.005837,2.915667,-0.005848,-0.067592,2.040592,2.042425,3.140683,1.100091,20.888767,20.87002,32.12112,0.441786,7.5,PSF-00578_20260721212707_451,0,0,0,92.219711,385.8862,0.761018,0.5,0.8,0.012163,1,57.61,57.66,26.82,24.79,24.79,97.78,156,155.7,0.2,0,3.91,18,-70,62,,,,,,,,02:21:17,2026-07-22,39.208424,-96.593864,318.5,12,0.9,21:26:44,2026-07-21,-0.66,1,-0.001,-0.003,-9999,0.496,1.459,-9999,1,150,0.005,2,0.058905,0,0.02923,0,0,-6.8e-05,standard,0,rectangular,7000,500,-9999,-9999,55537,55537,55537,0,-9999,0,0,0,0,2.484509,2.470324,1.641545,0.93168,0.253621,-0.022192,0.175342,0.106675,92.219711,0.000288,2.397709,-3e-05,1,2.383926,-2.4e-05,1,0.601714,0.600514,0.106642,0,PSF-00578_20260721212707_451,PFA-00612,PSA-00572,PSF-00578,RHS-0697,3.0.0,2026-06-15T15:17:51.144Z
31,21:27:22,2026-07-21,Rain_out,Climate_model,,Pl15-R2-M2-H1-P05,,,-0.006741,2.915445,-0.006757,-0.080998,2.042825,2.045022,3.183719,1.140894,20.913719,20.891251,32.558769,0.441786,7.5,PSF-00578_20260721212722_019,0,0,0,80.626488,323.35318,0.750655,0.5,0.8,0.008784,1,57.67,57.73,26.82,25.02,25.02,97.78,155.9,155.5,0.3,0,3.935,-2,-49,33,,,,,,,,02:21:33,2026-07-22,39.208416,-96.593849,318.899994,12,0.9,21:26:44,2026-07-21,-0.66,1,-0.001,0,-0.029,0.013,-0.055,-0.165,1,150,0.005,2,0.058905,0,0.02923,0,0,-6.8e-05,standard,0,rectangular,7000,500,-9999,-9999,55537,55537,55537,0,-9999,0,0,0,0,2.484606,2.470407,1.641319,0.931032,0.25363,-0.019672,0.177219,0.106666,80.626488,0.000299,2.397709,-3e-05,1,2.383926,-2.4e-05,1,0.601714,0.600514,0.106642,0,PSF-00578_20260721212722_019,PFA-00612,PSA-00572,PSF-00578,RHS-0697,3.0.0,2026-06-15T15:17:51.144Z
32,21:27:37,2026-07-21,Rain_out,Climate_model,,Pl15-R2-M2-H1-P05,,,-0.005224,2.916211,-0.005233,-0.058867,2.051709,2.053304,3.122663,1.070955,20.996704,20.980387,31.931768,0.441786,7.5,PSF-00578_20260721212737_a31,0,0,0,90.529205,359.505066,0.748184,0.5,0.8,0.003888,1,57.93,57.98,26.82,24.7,24.7,97.79,156,155.6,0.3,0,3.945,-20,29,39,,,,,,,,02:21:46,2026-07-22,39.208397,-96.593842,319.299988,12,0.9,21:26:44,2026-07-21,-0.66,1,-0.002,-0.001,-9999,1.685,3.945,-9999,1,150,0.005,2,0.058905,0,0.02923,0,0,-6.8e-05,standard,0,rectangular,7000,500,-9999,-9999,55537,55537,55537,0,-9999,0,0,0,0,2.484918,2.470736,1.6421,0.931338,0.253661,-0.023205,0.179087,0.106653,90.529205,0.000293,2.397709,-3e-05,1,2.383926,-2.4e-05,1,0.601714,0.600514,0.106642,0,PSF-00578_20260721212737_a31,PFA-00612,PSA-00572,PSF-00578,RHS-0697,3.0.0,2026-06-15T15:17:51.144Z
33,21:27:52,2026-07-21,Rain_out,Climate_model,,Pl15-R2-M2-H1-P05,,,-0.007945,2.915654,-0.007967,-0.097507,2.051598,2.054243,3.216226,1.164628,21.007048,20.980005,32.889702,0.441786,7.5,PSF-00578_20260721212752_fc0,0,0,0,92.342735,356.059326,0.740654,0.5,0.8,0.004483,1,57.94,58.01,26.82,25.19,25.19,97.79,156,155.5,0.3,0,3.939,-14,24,32,,,,,,,,02:22:02,2026-07-22,39.208412,-96.593849,319.799988,12,0.9,21:26:44,2026-07-21,-0.66,1,0,-0.002,-9999,1.143,2.614,-9999,1,150,0.005,2,0.058905,0,0.02923,0,0,-6.8e-05,standard,0,rectangular,7000,500,-9999,-9999,55537,55537,55537,0,-9999,0,0,0,0,2.484964,2.470744,1.641532,0.931077,0.253688,-0.017727,0.180812,0.106655,92.342735,0.000282,2.397709,-3e-05,1,2.383926,-2.4e-05,1,0.601714,0.600514,0.106642,0,PSF-00578_20260721212752_fc0,PFA-00612,PSA-00572,PSF-00578,RHS-0697,3.0.0,2026-06-15T15:17:51.144Z
34,21:28:07,2026-07-21,Rain_out,Climate_model,,Pl15-R2-M2-H1-P05,,,-0.006015,2.915278,-0.006028,-0.069952,2.055028,2.056926,3.159672,1.104644,21.03352,21.014114,32.309879,0.441786,7.5,PSF-00578_20260721212807_851,0,0,0,82.378151,339.798676,0.757568,0.5,0.8,0.005623,1,58.04,58.1,26.82,24.89,24.89,97.79,155.9,155.6,0.2,0,3.943,-23,-44,39,,,,,,,,02:22:18,2026-07-22,39.20842,-96.593849,320.100006,12,0.9,21:26:44,2026-07-21,-0.66,1,0.001,0,-9999,0.231,0.456,-9999,1,150,0.005,2,0.058905,0,0.02923,0,0,-6.8e-05,standard,0,rectangular,7000,500,-9999,-9999,55537,55537,55537,0,-9999,0,0,0,0,2.485069,2.470874,1.64115,0.931506,0.253707,-0.020986,0.182731,0.106658,82.378151,0.000289,2.397709,-3e-05,1,2.383926,-2.4e-05,1,0.601714,0.600514,0.106642,0,PSF-00578_20260721212807_851,PFA-00612,PSA-00572,PSF-00578,RHS-0697,3.0.0,2026-06-15T15:17:51.144Z
35,21:28:21,2026-07-21,Rain_out,Climate_model,,Pl15-R2-M2-H1-P05,,,-0.009742,2.916146,-0.009774,-0.11063,2.066823,2.069822,3.144145,1.077322,21.166634,21.135969,32.153,0.441786,7.5,PSF-00578_20260721212821_25a,0,0,0,83.147766,325.995697,0.744942,0.5,0.8,0.007442,1,58.38,58.47,26.81,24.81,24.81,97.79,156,155.6,0.3,0,3.943,15,41,55,,,,,,,,02:22:31,2026-07-22,39.20842,-96.593857,320,12,0.9,21:26:44,2026-07-21,-0.66,1,-0.001,-0.004,-9999,0.187,0.524,-9999,1,150,0.005,2,0.058905,0,0.02923,0,0,-6.8e-05,standard,0,rectangular,7000,500,-9999,-9999,55537,55537,55537,0,-9999,0,0,0,0,2.485546,2.471305,1.642034,0.931405,0.253734,-0.021863,0.184335,0.106663,83.147766,0.000306,2.397709,-3e-05,1,2.383926,-2.4e-05,1,0.601714,0.600514,0.106642,0,PSF-00578_20260721212821_25a,PFA-00612,PSA-00572,PSF-00578,RHS-0697,3.0.0,2026-06-15T15:17:51.144Z
36,21:28:35,2026-07-21,Rain_out,Climate_model,,Pl15-R2-M2-H1-P05,,,-0.015491,2.91487,-0.015574,-0.158758,2.085226,2.089532,3.055812,0.970587,21.368692,21.324652,31.250399,0.441786,7.5,PSF-00578_20260721212835_aa0,0,0,0,74.88942,331.75528,0.774263,0.5,0.8,0.007072,1,58.92,59.04,26.81,24.34,24.34,97.78,155.9,155.6,0.1,0,3.942,2,18,29,,,,,,,,02:22:45,2026-07-22,39.208435,-96.593857,320.600006,12,0.9,21:26:44,2026-07-21,-0.66,1,-0.003,-0.002,-9999,0.197,0.297,-9999,1,150,0.005,2,0.058905,0,0.02923,0,0,-6.8e-05,standard,0,rectangular,7000,500,-9999,-9999,55537,55537,55537,0,-9999,0,0,0,0,2.486271,2.471973,1.640735,0.931476,0.253768,-0.027047,0.186055,0.106661,74.88942,0.000291,2.397709,-3e-05,1,2.383926,-2.4e-05,1,0.601714,0.600514,0.106642,0,PSF-00578_20260721212835_aa0,PFA-00612,PSA-00572,PSF-00578,RHS-0697,3.0.0,2026-06-15T15:17:51.144Z
37,21:28:59,2026-07-21,Rain_out,Climate_model,,Pl15-R2-M2-H1-P05,,,-0.000927,2.915447,-0.000928,-0.010395,2.110995,2.111276,3.17706,1.066065,21.590397,21.587515,32.489346,0.441786,7.5,PSF-00578_20260721212859_1ed,0,0,0,77.360626,333.011993,0.767694,0.5,0.8,0.005172,1,59.65,59.66,26.81,24.99,24.99,97.79,155.9,155.6,0.2,0,3.941,10,39,34,,,,,,,,02:23:06,2026-07-22,39.208435,-96.593857,320.600006,12,0.9,21:26:44,2026-07-21,-0.66,1,-0.001,-0.002,-0.01,0.057,0.101,0.224,1,150,0.005,2,0.058905,0,0.02923,0,0,-6.8e-05,standard,0,rectangular,7000,500,-9999,-9999,55537,55537,55537,0,-9999,0,0,0,0,2.487058,2.472892,1.641322,0.931373,0.253779,-0.019893,0.188997,0.106656,77.360626,0.000289,2.397709,-3e-05,1,2.383926,-2.4e-05,1,0.601714,0.600514,0.106642,0,PSF-00578_20260721212859_1ed,PFA-00612,PSA-00572,PSF-00578,RHS-0697,3.0.0,2026-06-15T15:17:51.144Z
38,21:29:14,2026-07-21,Rain_out,Climate_model,,Pl15-R2-M2-H1-P05,,,-0.001032,2.916234,-0.001033,-0.011372,2.072452,2.07276,3.120829,1.048377,21.195004,21.191853,31.912029,0.441786,7.5,PSF-00578_20260721212914_b99,0,0,0,87.358116,357.382904,0.755562,0.5,0.8,0.003409,1,58.56,58.57,26.81,24.69,24.69,97.79,156,155.7,0.2,0,3.94,-18,34,32,,,,,,,,02:23:24,2026-07-22,39.208416,-96.593864,321,11,1.21,21:26:44,2026-07-21,-0.66,1,-0.001,-0.002,-9999,0.991,2.799,-9999,1,150,0.005,2,0.058905,0,0.02923,0,0,-6.8e-05,standard,0,rectangular,7000,500,-9999,-9999,55537,55537,55537,0,-9999,0,0,0,0,2.485674,2.471527,1.642124,0.931743,0.253783,-0.023177,0.190751,0.106651,87.358116,0.0003,2.397709,-3e-05,1,2.383926,-2.4e-05,1,0.601714,0.600514,0.106642,0,PSF-00578_20260721212914_b99,PFA-00612,PSA-00572,PSF-00578,RHS-0697,3.0.0,2026-06-15T15:17:51.144Z
