SYS,SYS,SYS,SYS,SYS,USERDEF,USERDEF,USERDEF,USERDEF,PORO,PORO,PORO,PORO,PORO,PORO,PORO,PORO,PORO,PORO,PORO,PORO,PORO,FLUORO,FLUORO,FLUORO,FLUORO,FLUORO,FLUORO,FLUORO,FLUORO,FLUORO,FLUORO,FLUORO,SENSOR,SENSOR,SENSOR,SENSOR,SENSOR,SENSOR,SENSOR,SENSOR,SENSOR,SENSOR,SENSOR,LEAF_ANGLE,LEAF_ANGLE,LEAF_ANGLE,LEAF_ANGLE,LEAF_ANGLE,LEAF_ANGLE,LEAF_ANGLE,LEAF_ANGLE,LEAF_ANGLE,LEAF_ANGLE,GPS,GPS,GPS,GPS,GPS,GPS,GPS,MATCH,MATCH,MATCH,MATCH,STABILITY,STABILITY,STABILITY,STABILITY,STABILITY,STABILITY,P_CONFIG,P_CONFIG,P_CONFIG,P_CONFIG,P_CONFIG,P_CONFIG,P_CONFIG,P_CONFIG,P_CONFIG,P_CONFIG,P_CONFIG,FL_CONFIG,FL_CONFIG,FL_CONFIG,FL_CONFIG,FL_CONFIG,FL_CONFIG,FL_CONFIG,FL_CONFIG,FL_CONFIG,FL_CONFIG,FL_CONFIG,FL_CONFIG,FL_CONFIG,FL_CONFIG,FL_CONFIG,SENSOR_V,SENSOR_V,SENSOR_V,SENSOR_V,SENSOR_V,SENSOR_V,SENSOR_V,SENSOR_V,SENSOR_V,SENSOR_V,USERCAL,USERCAL,USERCAL,USERCAL,USERCAL,USERCAL,USERCAL,USERCAL,USERCAL,USERCAL,META,META,META,META,META,META,META
Obs#,Time,Date,configName,configAuthor,remark,Bar_code,,,gsw,gbw,gtw,E_apparent,VPcham,VPref,VPleaf,VPDleaf,H2O_r,H2O_s,H2O_leaf,leaf_area,leaf_width,flashID,Fo,Fm,Fv/Fm,Fs,Fm',PhiPS2,PS2/1,abs,ETR,TRANS,rh_s,rh_r,Tref,Tmeas,Tleaf,P_atm,flow,flow_s,leak_pct,Qamb,batt,pitch,roll,heading,angle_inc_leaf,direct_pct,slope_leaf,az_leaf,dec_solar,az_solar,zenith_solar,gps_time,gps_date,latitude,longitude,altitude,gps_sats,gps_HDOP,match_time,match_date,rh_adj,type,gsw1sec,gsw2sec,gsw4sec,flr1sec,flr2sec,flr4sec,auto,flow_set,gsw_limit,gsw_period,aw,Bla,Blb,Blc,Bld,Ble,chamber,dark,flash_type,flash_intensity,modrate,flr_limit,flr_period,P1_dur,P2_dur,P3_dur,P1_Fmax,P2_ramp,P2_slp,P3_Fmax,P3_Pred,P3_DeltaF,v_humA,v_humB,v_flowIn,v_flowOut,v_temp,v_irt,v_pres,v_par,v_F,i_LED,b_rhr,m_rhr,span_rhr,b_rhs,m_rhs,span_rhs,z_flowIn,z_flowOut,z_quantum,z_flr,flashId,lciSerNum,lcpSerNum,lcfSerNum,lcrhSerNum,version,configUpdatedAt
,HHMMSS,YYYYMMDD,,,,,,,mol+1m-2s-1,mol+1m-2s-1,mol+1m-2s-1,mmol+1m-2s-1,kPa,kPa,kPa,kPa,mmol+1mol-1,mmol+1mol-1,mmol+1mol-1,cm+2,mm,,,,,,,,,,umol+1m-2s-1,,%,%,C,C,C,kPa,umol+1sec-1,umol+1sec-1,%,umol+1m-2s-1,V,degrees,degrees,degrees,degrees,%,degrees,degrees,degrees,degrees,degrees,HHMMSS,YYYYMMDD,degrees,degrees,m,,,HHMMSS,YYYYMMDD,%,,,,,,,,,umol+1sec-1,(umol+1m-2s-1)s-1,s,,,,,,,,,,umol+1m-2s-1,Hz,s-1,s,ms,ms,ms,,%,,,,,V,V,V,V,V,V,V,V,V,A,,,,,,,,,,,,,,,,,
1,11:02:40,2026-07-20,Rain_out,Climate_model,,Pl1-R1-M2-H3-P10,,,0.093368,2.917227,0.090472,2.458571,3.183982,3.11846,5.709428,2.525446,32.023617,32.696468,58.630394,0.441786,7.5,PSF-00578_20260720110240_a4c,0,0,0,95.08252,191.650986,0.503877,0.5,0.8,167.552521,1,58.89,57.68,34.21,35.19,35.19,97.38,156.1,154.6,1,831,4.017,-13,-28,345,,,,,,,,15:56:55,2026-07-20,39.208397,-96.593758,338.799988,5,1.68,11:02:27,2026-07-20,-0.35,1,0.002,0.001,-0.011,-0.563,-1.763,-4.08,1,150,0.005,2,0.058905,0,0.02923,0,0,-6.8e-05,standard,0,rectangular,7000,500,-9999,-9999,55537,55537,55537,0,-9999,0,0,0,0,2.483181,2.470276,1.643136,0.928769,0.189608,0.012134,0.216571,0.801276,95.08252,0.000297,2.397709,-3e-05,1,2.383926,-2.4e-05,1,0.601714,0.600514,0.106642,0,PSF-00578_20260720110240_a4c,PFA-00612,PSA-00572,PSF-00578,RHS-0697,3.0.0,2026-06-15T15:17:51.144Z
2,11:03:05,2026-07-20,Rain_out,Climate_model,,Pl1-R1-M2-H3-P10,,,0.105201,2.916909,0.101539,2.608027,3.168501,3.098979,5.557206,2.388705,31.829041,32.543087,57.077038,0.441786,7.5,PSF-00578_20260720110305_8b7,0,0,0,172.976013,281.305786,0.385096,0.5,0.8,148.205948,1,58.34,57.06,34.29,34.71,34.71,97.36,156.1,154.6,1,962,4.017,-16,-23,352,,,,,,,,15:57:17,2026-07-20,39.208382,-96.593773,339,5,1.68,11:02:27,2026-07-20,-0.35,1,0.001,0.001,-9999,-2.781,-5.646,-9999,1,150,0.005,2,0.058905,0,0.02923,0,0,-6.8e-05,standard,0,rectangular,7000,500,-9999,-9999,55537,55537,55537,0,-9999,0,0,0,0,2.482379,2.469572,1.642811,0.928883,0.189016,0.005222,0.221294,0.910586,172.976013,0.000306,2.397709,-3e-05,1,2.383926,-2.4e-05,1,0.601714,0.600514,0.106642,0,PSF-00578_20260720110305_8b7,PFA-00612,PSA-00572,PSF-00578,RHS-0697,3.0.0,2026-06-15T15:17:51.144Z
3,11:03:27,2026-07-20,Rain_out,Climate_model,,Pl1-R1-M2-H3-P10,,,0.225354,2.917322,0.209194,4.285627,3.229216,3.11507,5.138377,1.909161,31.990286,33.162506,52.768677,0.441786,7.5,PSF-00578_20260720110327_f9b,0,0,0,101.644279,304.840912,0.666566,0.5,0.8,81.070618,1,59.22,57.13,34.36,33.3,33.3,97.38,156.2,154.8,0.9,304,4.01,-23,-48,2,,,,,,,,15:57:43,2026-07-20,39.208393,-96.59375,341.5,5,1.68,11:02:27,2026-07-20,-0.35,1,-0.002,-0.002,0.009,0.437,0.802,0.955,1,150,0.005,2,0.058905,0,0.02923,0,0,-6.8e-05,standard,0,rectangular,7000,500,-9999,-9999,55537,55537,55537,0,-9999,0,0,0,0,2.482456,2.470675,1.643234,0.929287,0.188495,-0.012565,0.224868,0.36071,101.644279,0.000298,2.397709,-3e-05,1,2.383926,-2.4e-05,1,0.601714,0.600514,0.106642,0,PSF-00578_20260720110327_f9b,PFA-00612,PSA-00572,PSF-00578,RHS-0697,3.0.0,2026-06-15T15:17:51.144Z
4,11:03:47,2026-07-20,Rain_out,Climate_model,,Pl1-R1-M2-H3-P10,,,0.080768,2.91599,0.078591,2.092997,3.220609,3.164799,5.695186,2.474576,32.500477,33.073612,58.485943,0.441786,7.5,PSF-00578_20260720110347_3ca,0,0,0,134.932632,229.746933,0.41269,0.5,0.8,190.386551,1,58.86,57.84,34.43,35.15,35.15,97.38,156,151.8,2.7,1153,4.015,-13,-17,349,,,,,,,,15:58:02,2026-07-20,39.20837,-96.593781,340.799988,5,1.68,11:02:27,2026-07-20,-0.35,1,-0.002,0,0.008,-1.596,-3.822,-7.04,1,150,0.005,2,0.058905,0,0.02923,0,0,-6.8e-05,standard,0,rectangular,7000,500,-9999,-9999,55537,55537,55537,0,-9999,0,0,0,0,2.483353,2.470205,1.641875,0.921922,0.188036,0.008995,0.227966,1.070342,134.932632,0.000292,2.397709,-3e-05,1,2.383926,-2.4e-05,1,0.601714,0.600514,0.106642,0,PSF-00578_20260720110347_3ca,PFA-00612,PSA-00572,PSF-00578,RHS-0697,3.0.0,2026-06-15T15:17:51.144Z
6,11:04:36,2026-07-20,Rain_out,Climate_model,,Pl1-R1-M2-H3-P10,,,0.271017,2.917168,0.247978,5.243642,3.199389,3.059679,5.169789,1.9704,31.424105,32.858986,53.095768,0.441786,7.5,PSF-00578_20260720110436_e9a,0,0,0,93.163132,288.082489,0.67661,0.5,0.8,124.184692,1,57.86,55.33,34.62,33.41,33.41,97.37,156.1,154.6,1,459,4.004,-13,-42,357,,,,,,,,15:58:51,2026-07-20,39.208427,-96.593697,333.399994,6,1.42,11:02:27,2026-07-20,-0.35,1,-0.004,-0.003,0.01,0.068,0.013,-0.054,1,150,0.005,2,0.058905,0,0.02923,0,0,-6.8e-05,standard,0,rectangular,7000,500,-9999,-9999,55537,55537,55537,0,-9999,0,0,0,0,2.480107,2.468908,1.643077,0.928846,0.186651,-0.01432,0.234811,0.490049,93.163132,0.000292,2.397709,-3e-05,1,2.383926,-2.4e-05,1,0.601714,0.600514,0.106642,0,PSF-00578_20260720110436_e9a,PFA-00612,PSA-00572,PSF-00578,RHS-0697,3.0.0,2026-06-15T15:17:51.144Z
7,11:04:51,2026-07-20,Rain_out,Climate_model,,Pl1-R1-M2-H3-P10,,,0.079033,2.914954,0.076947,1.759346,3.110111,3.06311,5.240861,2.13075,31.459831,31.942558,53.826534,0.441786,7.5,PSF-00578_20260720110451_a40,0,0,0,85.238457,241.296524,0.646748,0.5,0.8,111.307541,1,56.05,55.2,34.68,33.65,33.65,97.37,155.9,154.5,0.9,430,4.012,-20,-43,358,,,,,,,,15:59:07,2026-07-20,39.208389,-96.593697,324.899994,5,1.68,11:02:27,2026-07-20,-0.35,1,0.001,0.001,-9999,-0.049,0.185,-9999,1,150,0.005,2,0.058905,0,0.02923,0,0,-6.8e-05,standard,0,rectangular,7000,500,-9999,-9999,55537,55537,55537,0,-9999,0,0,0,0,2.479924,2.466606,1.64082,0.928522,0.186189,-0.012168,0.236781,0.466159,85.238457,0.000307,2.397709,-3e-05,1,2.383926,-2.4e-05,1,0.601714,0.600514,0.106642,0,PSF-00578_20260720110451_a40,PFA-00612,PSA-00572,PSF-00578,RHS-0697,3.0.0,2026-06-15T15:17:51.144Z
8,11:05:09,2026-07-20,Rain_out,Climate_model,,Pl1-R1-M2-H3-P10,,,0.083097,2.91573,0.080794,1.88045,3.186534,3.136359,5.353733,2.167199,32.205936,32.721161,54.975204,0.441786,7.5,PSF-00578_20260720110509_3e4,0,0,0,84.454895,263.43869,0.679413,0.5,0.8,55.361359,1,57.18,56.28,34.76,34.04,34.04,97.38,156,154.5,0.9,204,4.011,-20,-52,2,,,,,,,,15:59:24,2026-07-20,39.208328,-96.593727,316.5,7,1.35,11:02:27,2026-07-20,-0.35,1,0.001,0.002,-9999,0.009,0.15,-9999,1,150,0.005,2,0.058905,0,0.02923,0,0,-6.8e-05,standard,0,rectangular,7000,500,-9999,-9999,55537,55537,55537,0,-9999,0,0,0,0,2.481299,2.468029,1.64161,0.928651,0.185643,-0.008495,0.238979,0.276859,84.454895,0.000299,2.397709,-3e-05,1,2.383926,-2.4e-05,1,0.601714,0.600514,0.106642,0,PSF-00578_20260720110509_3e4,PFA-00612,PSA-00572,PSF-00578,RHS-0697,3.0.0,2026-06-15T15:17:51.144Z
1,11:06:18,2026-07-20,Rain_out,Climate_model,,Pl1-R1-M2-H3-P10,,,0.047449,2.9157,0.046689,1.10959,3.176972,3.147366,5.389309,2.212337,32.322777,32.626831,55.347054,0.441786,7.5,PSF-00578_20260720110618_f85,0,0,0,79.749939,264.043457,0.697967,0.5,0.8,36.53046,1,55.96,55.44,35.09,34.15,34.15,97.37,156,154.1,1.2,131,4.009,26,61,228,,,,,,,,00:00:00,0000-00-00,nan,nan,nan,0,nan,11:06:09,2026-07-20,-0.4,1,0,-0.001,-0.002,-0.078,-0.099,-0.12,1,150,0.005,2,0.058905,0,0.02923,0,0,-6.8e-05,standard,0,rectangular,7000,500,-9999,-9999,55537,55537,55537,0,-9999,0,0,0,0,2.480156,2.466483,1.641579,0.927523,0.183235,-0.011145,0.319972,0.215975,79.749939,0.000299,2.397709,-3e-05,1,2.383926,-2.4e-05,1,0.601714,0.600514,0.106642,0,PSF-00578_20260720110618_f85,PFA-00612,PSA-00572,PSF-00578,RHS-0697,3.0.0,2026-06-15T15:17:51.144Z
2,11:06:40,2026-07-20,Rain_out,Climate_model,,Pl1-R1-M2-H3-P10,,,0.072767,2.916506,0.070995,1.73303,3.135659,3.089427,5.408326,2.272666,31.727345,32.202145,55.541637,0.441786,7.5,PSF-00578_20260720110640_6e0,0,0,0,81.433655,264.095306,0.691651,0.5,0.8,13.675217,1,55,54.19,35.17,34.22,34.22,97.37,156.1,154.2,1.2,49,4.008,19,114,291,,,,,,,,00:00:00,0000-00-00,nan,nan,nan,0,nan,11:06:09,2026-07-20,-0.4,1,0.003,0,-9999,-0.197,-0.348,-9999,1,150,0.005,2,0.058905,0,0.02923,0,0,-6.8e-05,standard,0,rectangular,7000,500,-9999,-9999,55537,55537,55537,0,-9999,0,0,0,0,2.478535,2.465251,1.6424,0.927834,0.182685,-0.011325,0.321759,0.147945,81.433655,0.000302,2.397709,-3e-05,1,2.383926,-2.4e-05,1,0.601714,0.600514,0.106642,0,PSF-00578_20260720110640_6e0,PFA-00612,PSA-00572,PSF-00578,RHS-0697,3.0.0,2026-06-15T15:17:51.144Z
3,11:06:58,2026-07-20,Rain_out,Climate_model,,Pl1-R1-M2-H3-P10,,,0.178552,2.917538,0.168255,3.28949,3.229304,3.141704,5.052119,1.822815,32.263557,33.163155,51.882454,0.441786,7.5,PSF-00578_20260720110658_7b1,0,0,0,87.751862,238.83963,0.632591,0.5,0.8,100.161957,1,56.44,54.91,35.23,33,33,97.38,156.2,154.2,1.2,396,3.975,-15,-43,356,,,,,,,,00:00:00,0000-00-00,39.208355,-96.593819,332.200012,6,1.43,11:06:09,2026-07-20,-0.4,1,0.005,0.004,-9999,0.507,0.895,-9999,1,150,0.005,2,0.058905,0,0.02923,0,0,-6.8e-05,standard,0,rectangular,7000,500,-9999,-9999,55537,55537,55537,0,-9999,0,0,0,0,2.47945,2.467064,1.643454,0.927966,0.182232,-0.02671,0.323154,0.437399,87.751862,0.0003,2.397709,-3e-05,1,2.383926,-2.4e-05,1,0.601714,0.600514,0.106642,0,PSF-00578_20260720110658_7b1,PFA-00612,PSA-00572,PSF-00578,RHS-0697,3.0.0,2026-06-15T15:17:51.144Z
4,11:07:14,2026-07-20,Rain_out,Climate_model,,Pl1-R1-M2-H3-P10,,,0.055825,2.916125,0.054776,1.213234,3.311235,3.278918,5.37191,2.060674,33.671799,34.00367,55.165108,0.441786,7.5,PSF-00578_20260720110714_8f5,0,0,0,84.254623,247.752426,0.659924,0.5,0.8,131.206955,1,57.68,57.12,35.29,34.1,34.1,97.38,156,154.5,1,497,4.007,-21,-39,356,,,,,,,,16:01:29,2026-07-20,39.208374,-96.59375,328.200012,5,1.52,11:06:09,2026-07-20,-0.4,1,0.003,0.002,-9999,0.068,0.192,-9999,1,150,0.005,2,0.058905,0,0.02923,0,0,-6.8e-05,standard,0,rectangular,7000,500,-9999,-9999,55537,55537,55537,0,-9999,0,0,0,0,2.482269,2.468621,1.642012,0.928619,0.18181,-0.014295,0.324459,0.521971,84.254623,0.000288,2.397709,-3e-05,1,2.383926,-2.4e-05,1,0.601714,0.600514,0.106642,0,PSF-00578_20260720110714_8f5,PFA-00612,PSA-00572,PSF-00578,RHS-0697,3.0.0,2026-06-15T15:17:51.144Z
1,11:09:37,2026-07-20,Rain_out,Climate_model,,Pl1-R1-M2-H3-P10,,,0.076738,2.914704,0.07477,1.870709,3.319948,3.270069,5.644096,2.324148,33.582218,34.09446,57.962479,0.441786,7.5,PSF-00578_20260720110937_226,0,0,0,83.829758,258.905396,0.676215,0.5,0.8,190.404938,1,55.68,54.84,35.98,34.99,34.99,97.38,155.8,154.1,1.1,704,4.002,-19,-33,352,,,,,,,,16:03:52,2026-07-20,39.208382,-96.593758,334,6,1.44,11:09:23,2026-07-20,-0.32,1,0.002,0.002,0.012,-0.079,-0.128,-0.214,1,150,0.005,2,0.058905,0,0.02923,0,0,-6.8e-05,standard,0,rectangular,7000,500,-9999,-9999,55537,55537,55537,0,-9999,0,0,0,0,2.479223,2.465871,1.640566,0.927717,0.177011,-0.011964,0.244713,0.694839,83.829758,0.00031,2.397709,-3e-05,1,2.383926,-2.4e-05,1,0.601714,0.600514,0.106642,0,PSF-00578_20260720110937_226,PFA-00612,PSA-00572,PSF-00578,RHS-0697,3.0.0,2026-06-15T15:17:51.144Z
2,11:10:14,2026-07-20,Rain_out,Climate_model,,Pl1-R1-M2-H3-P10,,,0.292948,2.916057,0.266205,6.771355,3.416863,3.236715,5.77654,2.359677,33.243618,35.09388,59.32962,0.441786,7.5,PSF-00578_20260720111014_e9e,0,0,0,114.92765,198.77243,0.421813,0.5,0.8,260.531799,1,56.82,53.82,36.14,35.41,35.41,97.36,156,154,1.3,1544,4.003,22,63,312,,,,,,,,16:04:29,2026-07-20,39.208389,-96.59375,333.299988,7,1.28,11:09:23,2026-07-20,-0.32,1,-0.003,-0.003,0.024,5.572,-8.633,-5.691,1,150,0.005,2,0.058905,0,0.02923,0,0,-6.8e-05,standard,0,rectangular,7000,500,-9999,-9999,55537,55537,55537,0,-9999,0,0,0,0,2.47789,2.467287,1.641943,0.927462,0.175957,-0.008745,0.25034,1.396882,114.92765,0.000311,2.397709,-3e-05,1,2.383926,-2.4e-05,1,0.601714,0.600514,0.106642,0,PSF-00578_20260720111014_e9e,PFA-00612,PSA-00572,PSF-00578,RHS-0697,3.0.0,2026-06-15T15:17:51.144Z
3,11:11:03,2026-07-20,Rain_out,Climate_model,,Pl1-R1-M2-H3-P10,,,0.105737,2.916129,0.102037,2.412338,3.193973,3.129643,5.394371,2.200397,32.142834,32.803528,55.402592,0.441786,7.5,PSF-00578_20260720111103_a1b,0,0,0,82.333084,270.896667,0.696072,0.5,0.8,54.624401,1,52.61,51.55,36.31,34.17,34.17,97.37,156,154,1.3,196,4.002,24,49,142,,,,,,,,16:05:18,2026-07-20,39.208385,-96.593719,333,8,1.21,11:09:23,2026-07-20,-0.32,1,-0.004,-0.003,-9999,0.091,0.356,-9999,1,150,0.005,2,0.058905,0,0.02923,0,0,-6.8e-05,standard,0,rectangular,7000,500,-9999,-9999,55537,55537,55537,0,-9999,0,0,0,0,2.474939,2.461932,1.642016,0.927304,0.174783,-0.02586,0.256565,0.270573,82.333084,0.000309,2.397709,-3e-05,1,2.383926,-2.4e-05,1,0.601714,0.600514,0.106642,0,PSF-00578_20260720111103_a1b,PFA-00612,PSA-00572,PSF-00578,RHS-0697,3.0.0,2026-06-15T15:17:51.144Z
4,11:11:33,2026-07-20,Rain_out,Climate_model,,Pl1-R1-M2-H3-P10,,,0.169572,2.917609,0.160257,4.103119,3.226455,3.117207,5.606196,2.37974,32.016342,33.138412,57.580357,0.441786,7.5,PSF-00578_20260720111133_5db,0,0,0,87.056641,290.251862,0.700065,0.5,0.8,128.575073,1,52.88,51.09,36.4,34.86,34.86,97.36,156.2,154,1.4,459,4.001,3,-53,340,,,,,,,,16:05:48,2026-07-20,39.20837,-96.593796,334,7,1.26,11:09:23,2026-07-20,-0.32,1,0.003,0.003,-0.01,-0.138,-0.159,-0.259,1,150,0.005,2,0.058905,0,0.02923,0,0,-6.8e-05,standard,0,rectangular,7000,500,-9999,-9999,55537,55537,55537,0,-9999,0,0,0,0,2.474332,2.462261,1.643527,0.927496,0.174173,-0.018584,0.259695,0.490303,87.056641,0.000295,2.397709,-3e-05,1,2.383926,-2.4e-05,1,0.601714,0.600514,0.106642,0,PSF-00578_20260720111133_5db,PFA-00612,PSA-00572,PSF-00578,RHS-0697,3.0.0,2026-06-15T15:17:51.144Z
5,11:11:55,2026-07-20,Rain_out,Climate_model,,Pl1-R1-M2-H3-P10,,,0.339473,2.917754,0.304093,8.390809,3.281309,3.058043,5.842101,2.560791,31.407141,33.700165,60.000362,0.441786,7.5,PSF-00578_20260720111155_e35,0,0,0,86.991547,142.523651,0.389634,0.5,0.8,278.492523,1,53.59,49.94,36.47,35.61,35.61,97.37,156.2,154.1,1.3,1787,4.001,-2,-67,167,,,,,,,,16:06:11,2026-07-20,39.20837,-96.593742,335.299988,8,1.22,11:09:23,2026-07-20,-0.32,1,-0.001,-0.002,0.02,0.102,-0.384,-0.767,1,150,0.005,2,0.058905,0,0.02923,0,0,-6.8e-05,standard,0,rectangular,7000,500,-9999,-9999,55537,55537,55537,0,-9999,0,0,0,0,2.472837,2.463143,1.643675,0.927641,0.173729,-0.010302,0.261897,1.599732,86.991547,0.000314,2.397709,-3e-05,1,2.383926,-2.4e-05,1,0.601714,0.600514,0.106642,0,PSF-00578_20260720111155_e35,PFA-00612,PSA-00572,PSF-00578,RHS-0697,3.0.0,2026-06-15T15:17:51.144Z
6,11:12:20,2026-07-20,Rain_out,Climate_model,,Pl1-R1-M2-H3-P10,,,0.279721,2.915414,0.255232,5.992528,3.20085,3.040978,5.385983,2.185132,31.233723,32.875767,55.319145,0.441786,7.5,PSF-00578_20260720111220_9e6,0,0,0,94.352249,306.133759,0.691794,0.5,0.8,39.763752,1,52.1,49.49,36.53,34.14,34.14,97.36,155.9,154.3,1.1,144,3.993,-1,-71,1,,,,,,,,16:06:35,2026-07-20,39.208389,-96.593788,335.5,7,1.28,11:09:23,2026-07-20,-0.32,1,0,0.001,0.02,-0.104,-0.316,-0.562,1,150,0.005,2,0.058905,0,0.02923,0,0,-6.8e-05,standard,0,rectangular,7000,500,-9999,-9999,55537,55537,55537,0,-9999,0,0,0,0,2.472253,2.461246,1.641288,0.928017,0.173319,-0.02888,0.264235,0.226714,94.352249,0.000315,2.397709,-3e-05,1,2.383926,-2.4e-05,1,0.601714,0.600514,0.106642,0,PSF-00578_20260720111220_9e6,PFA-00612,PSA-00572,PSF-00578,RHS-0697,3.0.0,2026-06-15T15:17:51.144Z
7,11:12:34,2026-07-20,Rain_out,Climate_model,,Pl1-R1-M2-H3-P10,,,0.101766,2.917051,0.098335,2.512667,3.128277,3.061273,5.505881,2.377604,31.440641,32.128796,56.547855,0.441786,7.5,PSF-00578_20260720111234_3b2,0,0,0,86.195824,288.045288,0.700756,0.5,0.8,47.760014,1,50.82,49.73,36.56,34.54,34.54,97.37,156.1,153.8,1.5,170,4,-7,-59,351,,,,,,,,16:06:49,2026-07-20,39.208393,-96.593788,335.399994,8,1.22,11:09:23,2026-07-20,-0.32,1,0.003,0.001,-9999,0.05,0.341,-9999,1,150,0.005,2,0.058905,0,0.02923,0,0,-6.8e-05,standard,0,rectangular,7000,500,-9999,-9999,55537,55537,55537,0,-9999,0,0,0,0,2.472547,2.459614,1.642957,0.926833,0.173079,-0.02454,0.265436,0.249015,86.195824,0.000312,2.397709,-3e-05,1,2.383926,-2.4e-05,1,0.601714,0.600514,0.106642,0,PSF-00578_20260720111234_3b2,PFA-00612,PSA-00572,PSF-00578,RHS-0697,3.0.0,2026-06-15T15:17:51.144Z
8,11:12:58,2026-07-20,Rain_out,Climate_model,,Pl1-R1-M2-H3-P10,,,0.29093,2.915922,0.264536,7.355095,3.283435,3.087445,5.863516,2.580081,31.708467,33.72131,60.21907,0.441786,7.5,PSF-00578_20260720111258_42a,0,0,0,90.668678,172.718521,0.475049,0.5,0.8,359.709686,1,53.15,49.97,36.63,35.68,35.68,97.37,156,154,1.3,1893,3.999,0,-43,267,,,,,,,,16:07:14,2026-07-20,39.208405,-96.593773,335.399994,8,1.22,11:09:23,2026-07-20,-0.32,1,0,0.001,0.013,0.421,-0.138,-1.931,1,150,0.005,2,0.058905,0,0.02923,0,0,-6.8e-05,standard,0,rectangular,7000,500,-9999,-9999,55537,55537,55537,0,-9999,0,0,0,0,2.472853,2.462558,1.641805,0.927263,0.172643,-0.011491,0.267636,1.68841,90.668678,0.000305,2.397709,-3e-05,1,2.383926,-2.4e-05,1,0.601714,0.600514,0.106642,0,PSF-00578_20260720111258_42a,PFA-00612,PSA-00572,PSF-00578,RHS-0697,3.0.0,2026-06-15T15:17:51.144Z
9,11:13:27,2026-07-20,Rain_out,Climate_model,,Pl1-R1-M2-H3-P10,,,0.042469,2.91708,0.04186,1.111043,3.23133,3.201735,5.697168,2.465838,32.882912,33.186855,58.511856,0.441786,7.5,PSF-00578_20260720111327_1b5,0,0,0,86.578491,288.315308,0.699709,0.5,0.8,42.170547,1,52.11,51.63,36.7,35.16,35.16,97.37,156.1,153.9,1.4,151,3.998,-11,38,0,,,,,,,,16:07:42,2026-07-20,39.208389,-96.593773,335.5,9,1.17,11:09:23,2026-07-20,-0.32,1,0,0,-9999,0.077,0.34,-9999,1,150,0.005,2,0.058905,0,0.02923,0,0,-6.8e-05,standard,0,rectangular,7000,500,-9999,-9999,55537,55537,55537,0,-9999,0,0,0,0,2.47497,2.461227,1.642986,0.927203,0.172182,-0.018718,0.270268,0.232541,86.578491,0.000317,2.397709,-3e-05,1,2.383926,-2.4e-05,1,0.601714,0.600514,0.106642,0,PSF-00578_20260720111327_1b5,PFA-00612,PSA-00572,PSF-00578,RHS-0697,3.0.0,2026-06-15T15:17:51.144Z
10,11:13:41,2026-07-20,Rain_out,Climate_model,,Pl1-R1-M2-H3-P10,,,0.062666,2.916465,0.061348,1.502646,3.324384,3.284376,5.600145,2.275761,33.729588,34.140457,57.511856,0.441786,7.5,PSF-00578_20260720111341_43b,0,0,0,80.885406,244.591003,0.669303,0.5,0.8,54.575935,1,53.52,52.88,36.73,34.85,34.85,97.37,156.1,153.9,1.4,204,3.997,-9,50,347,,,,,,,,16:07:57,2026-07-20,39.208385,-96.593773,335.200012,9,1.17,11:09:23,2026-07-20,-0.32,1,0.004,0.001,-9999,0.05,0.018,-9999,1,150,0.005,2,0.058905,0,0.02923,0,0,-6.8e-05,standard,0,rectangular,7000,500,-9999,-9999,55537,55537,55537,0,-9999,0,0,0,0,2.476569,2.463014,1.642358,0.927188,0.171987,-0.022856,0.271464,0.276978,80.885406,0.000308,2.397709,-3e-05,1,2.383926,-2.4e-05,1,0.601714,0.600514,0.106642,0,PSF-00578_20260720111341_43b,PFA-00612,PSA-00572,PSF-00578,RHS-0697,3.0.0,2026-06-15T15:17:51.144Z
11,11:13:58,2026-07-20,Rain_out,Climate_model,,Pl1-R1-M2-H3-P10,,,0.048499,2.916166,0.047705,1.290746,3.170761,3.13633,5.685633,2.514872,32.208202,32.56179,58.387993,0.441786,7.5,PSF-00578_20260720111358_2ec,0,0,0,79.416992,262.428772,0.697377,0.5,0.8,30.738773,1,50.95,50.4,36.76,35.12,35.12,97.38,156,153.8,1.4,110,3.996,-23,42,358,,,,,,,,16:08:13,2026-07-20,39.208359,-96.593758,334.700012,9,1.17,11:09:23,2026-07-20,-0.32,1,0.003,0.003,-9999,0.104,0.171,-9999,1,150,0.005,2,0.058905,0,0.02923,0,0,-6.8e-05,standard,0,rectangular,7000,500,-9999,-9999,55537,55537,55537,0,-9999,0,0,0,0,2.473377,2.459754,1.642054,0.926796,0.171763,-0.019945,0.272943,0.198718,79.416992,0.000309,2.397709,-3e-05,1,2.383926,-2.4e-05,1,0.601714,0.600514,0.106642,0,PSF-00578_20260720111358_2ec,PFA-00612,PSA-00572,PSF-00578,RHS-0697,3.0.0,2026-06-15T15:17:51.144Z
12,11:14:36,2026-07-20,Rain_out,Climate_model,,Pl1-R1-M2-H3-P10,,,0.283927,2.916583,0.258739,7.870102,3.210548,3.000782,6.031679,2.821131,30.818583,32.972912,61.946449,0.441786,7.5,PSF-00578_20260720111436_ffa,0,0,0,95.067146,161.055923,0.409726,0.5,0.8,270.508087,1,51.33,47.98,36.85,36.19,36.19,97.37,156.1,153.9,1.4,1651,3.994,8,-65,133,,,,,,,,16:08:51,2026-07-20,39.208405,-96.593788,334,9,1.08,11:09:23,2026-07-20,-0.32,1,0,0,0.009,-0.183,-0.167,-1.267,1,150,0.005,2,0.058905,0,0.02923,0,0,-6.8e-05,standard,0,rectangular,7000,500,-9999,-9999,55537,55537,55537,0,-9999,0,0,0,0,2.470231,2.460216,1.642479,0.92715,0.171145,-0.007967,0.276102,1.485808,95.067146,0.000282,2.397709,-3e-05,1,2.383926,-2.4e-05,1,0.601714,0.600514,0.106642,0,PSF-00578_20260720111436_ffa,PFA-00612,PSA-00572,PSF-00578,RHS-0697,3.0.0,2026-06-15T15:17:51.144Z
13,11:15:24,2026-07-20,Rain_out,Climate_model,,Pl1-R1-M2-H3-P10,,,0.12038,2.916814,0.115609,3.185803,3.151549,3.066602,5.712499,2.56095,31.495771,32.368229,58.670666,0.441786,7.5,PSF-00578_20260720111524_408,0,0,0,94.632271,297.241699,0.681632,0.5,0.8,48.439724,1,50.05,48.7,36.98,35.2,35.2,97.37,156.1,153.9,1.4,178,3.993,-22,-54,4,,,,,,,,16:09:35,2026-07-20,39.208393,-96.593796,334.100006,9,1.08,11:09:23,2026-07-20,-0.32,1,0.002,0.002,0.013,-0.003,0.006,1.062,1,150,0.005,2,0.058905,0,0.02923,0,0,-6.8e-05,standard,0,rectangular,7000,500,-9999,-9999,55537,55537,55537,0,-9999,0,0,0,0,2.471151,2.458574,1.642715,0.927075,0.170344,-0.021569,0.280186,0.255092,94.632271,0.000311,2.397709,-3e-05,1,2.383926,-2.4e-05,1,0.601714,0.600514,0.106642,0,PSF-00578_20260720111524_408,PFA-00612,PSA-00572,PSF-00578,RHS-0697,3.0.0,2026-06-15T15:17:51.144Z
14,11:15:37,2026-07-20,Rain_out,Climate_model,,Pl1-R1-M2-H3-P10,,,0.0983,2.91669,0.095095,2.472831,3.180965,3.115033,5.599047,2.418082,31.988676,32.665737,57.49733,0.441786,7.5,PSF-00578_20260720111537_fe2,0,0,0,83.302261,259.694702,0.67923,0.5,0.8,101.763824,1,50.44,49.39,37.01,34.84,34.84,97.38,156.1,154.1,1.3,375,3.983,-19,-47,357,,,,,,,,16:09:53,2026-07-20,39.208397,-96.593781,334,9,1.08,11:09:23,2026-07-20,-0.32,1,-0.001,-0.001,-9999,0.136,0.268,-9999,1,150,0.005,2,0.058905,0,0.02923,0,0,-6.8e-05,standard,0,rectangular,7000,500,-9999,-9999,55537,55537,55537,0,-9999,0,0,0,0,2.472034,2.459057,1.642589,0.927552,0.170146,-0.026351,0.281219,0.419614,83.302261,0.000307,2.397709,-3e-05,1,2.383926,-2.4e-05,1,0.601714,0.600514,0.106642,0,PSF-00578_20260720111537_fe2,PFA-00612,PSA-00572,PSF-00578,RHS-0697,3.0.0,2026-06-15T15:17:51.144Z
15,11:15:57,2026-07-20,Rain_out,Climate_model,,Pl1-R1-M2-H3-P10,,,0.190791,2.916482,0.179076,5.665806,3.233729,3.082744,6.16564,2.931911,31.660995,33.21167,63.323559,0.441786,7.5,PSF-00578_20260720111557_620,0,0,0,97.234367,161.5802,0.398228,0.5,0.8,264.80481,1,51.16,48.77,37.05,36.59,36.59,97.37,156.1,153.9,1.4,1662,3.991,5,-71,139,,,,,,,,16:10:12,2026-07-20,39.208344,-96.593765,334.100006,9,1.29,11:09:23,2026-07-20,-0.32,1,0.001,0.003,0.015,-0.226,-1.172,-3.842,1,150,0.005,2,0.058905,0,0.02923,0,0,-6.8e-05,standard,0,rectangular,7000,500,-9999,-9999,55537,55537,55537,0,-9999,0,0,0,0,2.47122,2.459961,1.642376,0.927235,0.169868,-0.005424,0.282581,1.495709,97.234367,0.0003,2.397709,-3e-05,1,2.383926,-2.4e-05,1,0.601714,0.600514,0.106642,0,PSF-00578_20260720111557_620,PFA-00612,PSA-00572,PSF-00578,RHS-0697,3.0.0,2026-06-15T15:17:51.144Z
16,11:16:28,2026-07-20,Rain_out,Climate_model,,Pl1-R1-M2-H3-P10,,,0.147661,2.917418,0.140547,4.370728,3.291737,3.175422,6.1725,2.880763,32.612831,33.807438,63.394001,0.441786,7.5,PSF-00578_20260720111628_b8c,0,0,0,102.063057,172.296524,0.407631,0.5,0.8,254.521027,1,51.87,50.03,37.12,36.61,36.61,97.37,156.2,154,1.4,1561,3.991,7,-68,122,,,,,,,,16:10:43,2026-07-20,39.208344,-96.593773,334.799988,9,1.29,11:09:23,2026-07-20,-0.32,1,-0.001,-0.001,-9999,-0.861,-3.505,-9999,1,150,0.005,2,0.058905,0,0.02923,0,0,-6.8e-05,standard,0,rectangular,7000,500,-9999,-9999,55537,55537,55537,0,-9999,0,0,0,0,2.472841,2.46085,1.643332,0.927284,0.16939,-0.00608,0.284938,1.410966,102.063057,0.000292,2.397709,-3e-05,1,2.383926,-2.4e-05,1,0.601714,0.600514,0.106642,0,PSF-00578_20260720111628_b8c,PFA-00612,PSA-00572,PSF-00578,RHS-0697,3.0.0,2026-06-15T15:17:51.144Z
17,11:16:42,2026-07-20,Rain_out,Climate_model,,Pl1-R1-M2-H3-P10,,,0.132422,2.916356,0.126671,4.42638,3.167984,3.049934,6.403134,3.235151,31.324268,32.53669,65.763222,0.441786,7.5,PSF-00578_20260720111642_265,0,0,0,105.036377,166.067001,0.367506,0.5,0.8,241.029251,1,49.83,47.98,37.15,37.28,37.28,97.37,156,154,1.3,1640,3.991,5,-68,132,,,,,,,,16:10:57,2026-07-20,39.208351,-96.593727,335.600006,8,1.35,11:09:23,2026-07-20,-0.32,1,0,0,-9999,-2.223,-2.082,-9999,1,150,0.005,2,0.058905,0,0.02923,0,0,-6.8e-05,standard,0,rectangular,7000,500,-9999,-9999,55537,55537,55537,0,-9999,0,0,0,0,2.47018,2.458265,1.642248,0.927388,0.169192,0.001888,0.285912,1.476687,105.036377,0.000297,2.397709,-3e-05,1,2.383926,-2.4e-05,1,0.601714,0.600514,0.106642,0,PSF-00578_20260720111642_265,PFA-00612,PSA-00572,PSF-00578,RHS-0697,3.0.0,2026-06-15T15:17:51.144Z
18,11:16:55,2026-07-20,Rain_out,Climate_model,,Pl1-R1-M2-H3-P10,,,0.311288,2.917112,0.281273,8.57299,3.290438,3.062223,6.114903,2.824465,31.449028,33.792797,62.800041,0.441786,7.5,PSF-00578_20260720111655_d93,0,0,0,84.561829,137.990356,0.38719,0.5,0.8,281.817535,1,51.7,48.11,37.17,36.44,36.44,97.37,156.1,154,1.4,1820,3.985,-12,-65,228,,,,,,,,16:11:10,2026-07-20,39.208351,-96.593727,335.700012,8,1.35,11:09:23,2026-07-20,-0.32,1,0.003,0.003,0.012,-0.215,0.051,0.457,1,150,0.005,2,0.058905,0,0.02923,0,0,-6.8e-05,standard,0,rectangular,7000,500,-9999,-9999,55537,55537,55537,0,-9999,0,0,0,0,2.47035,2.460627,1.643019,0.927354,0.169046,-0.008851,0.286753,1.627095,84.561829,0.000301,2.397709,-3e-05,1,2.383926,-2.4e-05,1,0.601714,0.600514,0.106642,0,PSF-00578_20260720111655_d93,PFA-00612,PSA-00572,PSF-00578,RHS-0697,3.0.0,2026-06-15T15:17:51.144Z
19,11:17:08,2026-07-20,Rain_out,Climate_model,,Pl1-R1-M2-H3-P10,,,0.356776,2.916822,0.317892,9.352593,3.428039,3.179384,6.151766,2.723728,32.653019,35.206764,63.180088,0.441786,7.5,PSF-00578_20260720111708_cee,0,0,0,87.731125,143.957016,0.390574,0.5,0.8,295.348419,1,53.8,49.9,37.19,36.55,36.55,97.37,156.1,153.9,1.4,1890,3.99,-14,-58,242,,,,,,,,16:11:24,2026-07-20,39.20834,-96.593735,335.200012,9,1.09,11:09:23,2026-07-20,-0.32,1,0.001,0.003,0.015,-0.338,-1.475,-3.158,1,150,0.005,2,0.058905,0,0.02923,0,0,-6.8e-05,standard,0,rectangular,7000,500,-9999,-9999,55537,55537,55537,0,-9999,0,0,0,0,2.472657,2.463292,1.642723,0.927086,0.168923,-0.007729,0.287688,1.686291,87.731125,0.000313,2.397709,-3e-05,1,2.383926,-2.4e-05,1,0.601714,0.600514,0.106642,0,PSF-00578_20260720111708_cee,PFA-00612,PSA-00572,PSF-00578,RHS-0697,3.0.0,2026-06-15T15:17:51.144Z
20,11:17:26,2026-07-20,Rain_out,Climate_model,,Pl1-R1-M2-H3-P10,,,0.276156,2.917142,0.252274,7.999095,3.449103,3.236523,6.380779,2.931677,33.238235,35.421371,65.528915,0.441786,7.5,PSF-00578_20260720111726_873,0,0,0,84.483864,140.340332,0.398007,0.5,0.8,289.792419,1,54.06,50.73,37.22,37.22,37.22,97.37,156.1,153.9,1.4,1820,3.99,-10,-66,230,,,,,,,,16:11:41,2026-07-20,39.208351,-96.59375,5,10,1,11:09:23,2026-07-20,-0.32,1,0.005,0.004,-9999,-0.431,-0.624,-9999,1,150,0.005,2,0.058905,0,0.02923,0,0,-6.8e-05,standard,0,rectangular,7000,500,-9999,-9999,55537,55537,55537,0,-9999,0,0,0,0,2.473717,2.463611,1.643049,0.927067,0.168756,0.000258,0.288829,1.627629,84.483864,0.000309,2.397709,-3e-05,1,2.383926,-2.4e-05,1,0.601714,0.600514,0.106642,0,PSF-00578_20260720111726_873,PFA-00612,PSA-00572,PSF-00578,RHS-0697,3.0.0,2026-06-15T15:17:51.144Z
21,11:18:05,2026-07-20,Rain_out,Climate_model,,Pl1-R1-M2-H3-P10,,,0.045484,2.916632,0.044785,1.291979,3.096271,3.061792,5.777479,2.681208,31.442255,31.796333,59.330284,0.441786,7.5,PSF-00578_20260720111805_138,0,0,0,86.479065,285.606262,0.697209,0.5,0.8,34.520496,1,48.34,47.8,37.29,35.41,35.41,97.38,156.1,153.8,1.4,124,3.99,-7,57,352,,,,,,,,16:12:20,2026-07-20,39.20837,-96.593735,334.899994,9,1.09,11:09:23,2026-07-20,-0.32,1,0,-0.001,-9999,0.154,0.336,-9999,1,150,0.005,2,0.058905,0,0.02923,0,0,-6.8e-05,standard,0,rectangular,7000,500,-9999,-9999,55537,55537,55537,0,-9999,0,0,0,0,2.46993,2.456341,1.642529,0.926991,0.168294,-0.022968,0.291437,0.210071,86.479065,0.000306,2.397709,-3e-05,1,2.383926,-2.4e-05,1,0.601714,0.600514,0.106642,0,PSF-00578_20260720111805_138,PFA-00612,PSA-00572,PSF-00578,RHS-0697,3.0.0,2026-06-15T15:17:51.144Z
22,11:18:25,2026-07-20,Rain_out,Climate_model,,Pl1-R1-M2-H3-P10,,,0.018749,2.916173,0.018629,0.545007,3.105542,3.090994,5.823774,2.718232,31.742546,31.891949,59.806465,0.441786,7.5,PSF-00578_20260720111825_a01,0,0,0,86.096764,289.581299,0.702685,0.5,0.8,23.532127,1,48.47,48.24,37.29,35.55,35.55,97.38,156,153.9,1.3,84,3.99,-28,32,351,,,,,,,,16:12:40,2026-07-20,39.208374,-96.59375,334.899994,9,1.09,11:09:23,2026-07-20,-0.32,1,-0.001,0,-9999,0.055,0.168,-9999,1,150,0.005,2,0.058905,0,0.02923,0,0,-6.8e-05,standard,0,rectangular,7000,500,-9999,-9999,55537,55537,55537,0,-9999,0,0,0,0,2.4705,2.456506,1.642061,0.927205,0.168257,-0.02127,0.292668,0.176599,86.096764,0.000316,2.397709,-3e-05,1,2.383926,-2.4e-05,1,0.601714,0.600514,0.106642,0,PSF-00578_20260720111825_a01,PFA-00612,PSA-00572,PSF-00578,RHS-0697,3.0.0,2026-06-15T15:17:51.144Z
23,11:18:37,2026-07-20,Rain_out,Climate_model,,Pl1-R1-M2-H3-P10,,,0.009035,2.917234,0.009007,0.285192,3.10911,3.101503,6.047609,2.938499,31.847525,31.925638,62.099365,0.441786,7.5,PSF-00578_20260720111837_392,0,0,0,85.391167,288.409363,0.703924,0.5,0.8,25.974665,1,48.53,48.41,37.29,36.24,36.24,97.39,156.1,153.7,1.6,92,3.99,-35,26,353,,,,,,,,16:12:52,2026-07-20,39.208382,-96.593742,336,11,0.93,11:09:23,2026-07-20,-0.32,1,-0.001,0,-9999,0.052,0.269,-9999,1,150,0.005,2,0.058905,0,0.02923,0,0,-6.8e-05,standard,0,rectangular,7000,500,-9999,-9999,55537,55537,55537,0,-9999,0,0,0,0,2.470716,2.456581,1.643143,0.926691,0.168265,-0.012833,0.29321,0.183724,85.391167,0.000324,2.397709,-3e-05,1,2.383926,-2.4e-05,1,0.601714,0.600514,0.106642,0,PSF-00578_20260720111837_392,PFA-00612,PSA-00572,PSF-00578,RHS-0697,3.0.0,2026-06-15T15:17:51.144Z
24,11:19:02,2026-07-20,Rain_out,Climate_model,,Pl1-R1-M2-H3-P10,,,0.273623,2.916261,0.250152,7.593657,3.295621,3.093337,6.108903,2.813282,31.766277,33.84359,62.733917,0.441786,7.5,PSF-00578_20260720111902_cc9,0,0,0,100.918648,155.841354,0.352427,0.5,0.8,268.044312,1,51.38,48.22,37.32,36.42,36.42,97.38,156,153.6,1.5,1901,3.989,4,-54,243,,,,,,,,16:13:17,2026-07-20,39.208382,-96.593735,336.299988,11,0.93,11:09:23,2026-07-20,-0.32,1,0.001,-0.001,0.02,-0.735,-1.835,-1.799,1,150,0.005,2,0.058905,0,0.02923,0,0,-6.8e-05,standard,0,rectangular,7000,500,-9999,-9999,55537,55537,55537,0,-9999,0,0,0,0,2.47047,2.460196,1.642151,0.926473,0.168117,-0.010848,0.294574,1.695434,100.918648,0.000297,2.397709,-3e-05,1,2.383926,-2.4e-05,1,0.601714,0.600514,0.106642,0,PSF-00578_20260720111902_cc9,PFA-00612,PSA-00572,PSF-00578,RHS-0697,3.0.0,2026-06-15T15:17:51.144Z
25,11:19:14,2026-07-20,Rain_out,Climate_model,,Pl1-R1-M2-H3-P10,,,0.30257,2.916899,0.274134,8.434873,3.373717,3.149324,6.222316,2.848599,32.341309,34.645668,63.89875,0.441786,7.5,PSF-00578_20260720111914_cca,0,0,0,96.826675,148.923401,0.349822,0.5,0.8,271.548279,1,52.57,49.07,37.32,36.76,36.76,97.38,156.1,153.7,1.6,1941,3.987,2,-48,243,,,,,,,,16:13:29,2026-07-20,39.20837,-96.593742,336.5,9,0.98,11:09:23,2026-07-20,-0.32,1,0.002,0.003,0.017,-0.658,-2.28,-5.944,1,150,0.005,2,0.058905,0,0.02923,0,0,-6.8e-05,standard,0,rectangular,7000,500,-9999,-9999,55537,55537,55537,0,-9999,0,0,0,0,2.471567,2.461708,1.642802,0.926519,0.168063,-0.006795,0.295234,1.728187,96.826675,0.000303,2.397709,-3e-05,1,2.383926,-2.4e-05,1,0.601714,0.600514,0.106642,0,PSF-00578_20260720111914_cca,PFA-00612,PSA-00572,PSF-00578,RHS-0697,3.0.0,2026-06-15T15:17:51.144Z
26,11:19:27,2026-07-20,Rain_out,Climate_model,,Pl1-R1-M2-H3-P10,,,0.251884,2.915884,0.231855,7.448333,3.272398,3.073881,6.247676,2.975279,31.567135,33.605797,64.160332,0.441786,7.5,PSF-00578_20260720111927_936,0,0,0,92.428566,144.41478,0.359978,0.5,0.8,270.992584,1,50.98,47.88,37.33,36.83,36.83,97.38,156,153.9,1.3,1882,3.982,0,-48,250,,,,,,,,16:13:42,2026-07-20,39.208359,-96.593773,337.399994,11,0.93,11:09:23,2026-07-20,-0.32,1,0.004,0.004,-0.001,-0.791,-1.827,-4.331,1,150,0.005,2,0.058905,0,0.02923,0,0,-6.8e-05,standard,0,rectangular,7000,500,-9999,-9999,55537,55537,55537,0,-9999,0,0,0,0,2.47003,2.459687,1.641767,0.9271,0.16803,-0.005935,0.295888,1.679213,92.428566,0.000307,2.397709,-3e-05,1,2.383926,-2.4e-05,1,0.601714,0.600514,0.106642,0,PSF-00578_20260720111927_936,PFA-00612,PSA-00572,PSF-00578,RHS-0697,3.0.0,2026-06-15T15:17:51.144Z
27,11:19:58,2026-07-20,Rain_out,Climate_model,,Pl1-R1-M2-H3-P10,,,0.310262,2.915851,0.280423,8.583246,3.212393,2.983466,6.051251,2.838859,30.637278,32.988136,62.140438,0.441786,7.5,PSF-00578_20260720111958_273,0,0,0,90.358971,147.347687,0.386764,0.5,0.8,296.243835,1,49.93,46.37,37.37,36.25,36.25,97.38,156,153.9,1.3,1915,3.986,-4,-46,259,,,,,,,,16:14:10,2026-07-20,39.208366,-96.593742,337.600006,12,0.89,11:19:48,2026-07-20,-0.44,1,0.001,0.001,0.011,0.274,-0.216,-1.443,1,150,0.005,2,0.058905,0,0.02923,0,0,-6.8e-05,standard,0,rectangular,7000,500,-9999,-9999,55537,55537,55537,0,-9999,0,0,0,0,2.468058,2.458497,1.641733,0.927136,0.167755,-0.013679,0.297615,1.706691,90.358971,0.000322,2.397709,-3e-05,1,2.383926,-2.4e-05,1,0.601714,0.600514,0.106642,0,PSF-00578_20260720111958_273,PFA-00612,PSA-00572,PSF-00578,RHS-0697,3.0.0,2026-06-15T15:17:51.144Z
64,13:11:48,2026-07-20,Rain_out,Climate_model,,Pl17-R2-M1-H1-P04,,,0.077722,2.916129,0.075704,3.397837,2.804799,2.713862,6.953699,4.148901,27.886749,28.821186,71.453918,0.441786,7.5,PSF-00578_20260720131148_4ea,0,0,0,92.639923,242.385147,0.617799,0.5,0.8,439.102386,1,38.66,37.41,39.59,38.81,38.81,97.32,156,154.1,1.3,1777,3.913,-12,24,357,,,,,,,,18:06:03,2026-07-20,39.208443,-96.593819,311.5,19,0.64,13:11:23,2026-07-20,-0.34,1,0,0,-9999,-0.072,-0.106,-9999,1,150,0.005,2,0.058905,0,0.02923,0,0,-6.8e-05,standard,0,rectangular,7000,500,-9999,-9999,55537,55537,55537,0,-9999,0,0,0,0,2.455931,2.443538,1.642016,0.927533,0.154031,-0.009724,0.250563,1.591375,92.639923,0.000312,2.397709,-3e-05,1,2.383926,-2.4e-05,1,0.601714,0.600514,0.106642,0,PSF-00578_20260720131148_4ea,PFA-00612,PSA-00572,PSF-00578,RHS-0697,3.0.0,2026-06-15T15:17:51.144Z
65,13:12:00,2026-07-20,Rain_out,Climate_model,,Pl17-R2-M1-H1-P04,,,0.085266,2.916656,0.082844,3.852811,2.834858,2.731813,7.129368,4.29451,28.069263,29.128048,73.25396,0.441786,7.5,PSF-00578_20260720131200_d20,0,0,0,97.943901,195.651764,0.499397,0.5,0.8,363.066528,1,39.08,37.66,39.59,39.27,39.27,97.32,156.1,154,1.3,1818,3.911,-7,27,0,,,,,,,,18:06:15,2026-07-20,39.208443,-96.593826,311.799988,19,0.64,13:11:23,2026-07-20,-0.34,1,-0.002,0,-9999,-0.028,-4.676,-9999,1,150,0.005,2,0.058905,0,0.02923,0,0,-6.8e-05,standard,0,rectangular,7000,500,-9999,-9999,55537,55537,55537,0,-9999,0,0,0,0,2.45626,2.444078,1.642554,0.927376,0.154032,-0.003831,0.251348,1.625335,97.943901,0.000309,2.397709,-3e-05,1,2.383926,-2.4e-05,1,0.601714,0.600514,0.106642,0,PSF-00578_20260720131200_d20,PFA-00612,PSA-00572,PSF-00578,RHS-0697,3.0.0,2026-06-15T15:17:51.144Z
66,13:12:18,2026-07-20,Rain_out,Climate_model,,Pl17-R2-M1-H1-P04,,,0.113874,2.916763,0.109595,5.431123,2.859645,2.714447,7.427477,4.567832,27.892544,29.384542,76.321716,0.441786,7.5,PSF-00578_20260720131218_b66,0,0,0,116.366745,178.213837,0.347039,0.5,0.8,258.36499,1,39.43,37.42,39.59,40.03,40.03,97.32,156.1,154,1.3,1861,3.91,-4,30,2,,,,,,,,18:06:33,2026-07-20,39.208447,-96.593826,311.899994,18,0.69,13:11:23,2026-07-20,-0.34,1,-0.001,0.001,0.01,-1.448,-2.252,-0.899,1,150,0.005,2,0.058905,0,0.02923,0,0,-6.8e-05,standard,0,rectangular,7000,500,-9999,-9999,55537,55537,55537,0,-9999,0,0,0,0,2.455952,2.444533,1.642662,0.927349,0.154053,0.00599,0.252637,1.661839,116.366745,0.000322,2.397709,-3e-05,1,2.383926,-2.4e-05,1,0.601714,0.600514,0.106642,0,PSF-00578_20260720131218_b66,PFA-00612,PSA-00572,PSF-00578,RHS-0697,3.0.0,2026-06-15T15:17:51.144Z
67,13:12:31,2026-07-20,Rain_out,Climate_model,,Pl17-R2-M1-H1-P04,,,0.099014,2.915292,0.095761,4.877276,2.884814,2.754307,7.574986,4.690172,28.302206,29.64325,77.837669,0.441786,7.5,PSF-00578_20260720131231_64f,0,0,0,115.970848,159.040695,0.27081,0.5,0.8,205.643997,1,39.78,37.98,39.59,40.4,40.4,97.32,155.9,154.1,1.1,1898,3.91,0,30,4,,,,,,,,18:06:46,2026-07-20,39.208439,-96.593826,312.200012,18,0.69,13:11:23,2026-07-20,-0.34,1,0,0.001,0.013,-1.3,-2.45,-5.19,1,150,0.005,2,0.058905,0,0.02923,0,0,-6.8e-05,standard,0,rectangular,7000,500,-9999,-9999,55537,55537,55537,0,-9999,0,0,0,0,2.456689,2.444991,1.641164,0.927698,0.154067,0.010759,0.253529,1.692924,115.970848,0.000307,2.397709,-3e-05,1,2.383926,-2.4e-05,1,0.601714,0.600514,0.106642,0,PSF-00578_20260720131231_64f,PFA-00612,PSA-00572,PSF-00578,RHS-0697,3.0.0,2026-06-15T15:17:51.144Z
68,13:12:44,2026-07-20,Rain_out,Climate_model,,Pl17-R2-M1-H1-P04,,,0.196875,2.916101,0.184424,8.025044,2.94085,2.726406,6.959614,4.018764,28.01903,30.222853,71.523338,0.441786,7.5,PSF-00578_20260720131244_69f,0,0,0,98.318695,140.005951,0.297753,0.5,0.8,218.970184,1,40.56,37.6,39.59,38.82,38.82,97.31,156,154.2,1.2,1839,3.906,3,35,6,,,,,,,,18:06:56,2026-07-20,39.208443,-96.593819,312.5,18,0.69,13:11:23,2026-07-20,-0.34,1,-0.004,-0.001,-9999,-0.882,-2.003,-9999,1,150,0.005,2,0.058905,0,0.02923,0,0,-6.8e-05,standard,0,rectangular,7000,500,-9999,-9999,55537,55537,55537,0,-9999,0,0,0,0,2.456187,2.446002,1.641988,0.927815,0.154086,-0.009405,0.254434,1.642877,98.318695,0.00032,2.397709,-3e-05,1,2.383926,-2.4e-05,1,0.601714,0.600514,0.106642,0,PSF-00578_20260720131244_69f,PFA-00612,PSA-00572,PSF-00578,RHS-0697,3.0.0,2026-06-15T15:17:51.144Z
69,13:12:56,2026-07-20,Rain_out,Climate_model,,Pl17-R2-M1-H1-P04,,,0.22153,2.915699,0.205887,9.215364,3.010848,2.764683,7.139317,4.128469,28.410429,30.940067,73.365044,0.441786,7.5,PSF-00578_20260720131256_843,0,0,0,97.985748,141.906387,0.309504,0.5,0.8,225.873993,1,41.53,38.14,39.58,39.3,39.3,97.31,156,154.3,1.1,1824,3.91,0,36,4,,,,,,,,18:07:11,2026-07-20,39.20845,-96.593826,313.299988,19,0.64,13:11:23,2026-07-20,-0.34,1,-0.001,0.002,-9999,-0.455,-1.011,-9999,1,150,0.005,2,0.058905,0,0.02923,0,0,-6.8e-05,standard,0,rectangular,7000,500,-9999,-9999,55537,55537,55537,0,-9999,0,0,0,0,2.4569,2.447262,1.641577,0.928154,0.15411,-0.003332,0.255214,1.631148,97.985748,0.000315,2.397709,-3e-05,1,2.383926,-2.4e-05,1,0.601714,0.600514,0.106642,0,PSF-00578_20260720131256_843,PFA-00612,PSA-00572,PSF-00578,RHS-0697,3.0.0,2026-06-15T15:17:51.144Z
70,13:13:09,2026-07-20,Rain_out,Climate_model,,Pl17-R2-M1-H1-P04,,,0.124982,2.915902,0.119845,4.919765,2.839325,2.707705,6.639051,3.799726,27.828419,29.181141,68.232788,0.441786,7.5,PSF-00578_20260720131309_246,0,0,0,97.589851,172.17099,0.433181,0.5,0.8,257.650085,1,39.17,37.35,39.58,37.95,37.95,97.3,156,153.9,1.3,1487,3.91,4,-38,358,,,,,,,,18:07:24,2026-07-20,39.208466,-96.593849,312.799988,17,0.65,13:11:23,2026-07-20,-0.34,1,0.002,0.001,-9999,-1.605,-3.666,-9999,1,150,0.005,2,0.058905,0,0.02923,0,0,-6.8e-05,standard,0,rectangular,7000,500,-9999,-9999,55537,55537,55537,0,-9999,0,0,0,0,2.455858,2.4442,1.641784,0.927081,0.154116,-0.02035,0.255941,1.349126,97.589851,0.000309,2.397709,-3e-05,1,2.383926,-2.4e-05,1,0.601714,0.600514,0.106642,0,PSF-00578_20260720131309_246,PFA-00612,PSA-00572,PSF-00578,RHS-0697,3.0.0,2026-06-15T15:17:51.144Z
71,13:13:21,2026-07-20,Rain_out,Climate_model,,Pl17-R2-M1-H1-P04,,,0.051222,2.917873,0.050338,2.069705,2.806456,2.751149,6.613585,3.807129,28.273531,28.841927,67.967758,0.441786,7.5,PSF-00578_20260720131321_bd2,0,0,0,103.488205,210.54303,0.50847,0.5,0.8,224.953491,1,38.72,37.95,39.58,37.88,37.88,97.3,156.2,153.8,1.6,1106,3.91,1,-48,6,,,,,,,,18:07:36,2026-07-20,39.208466,-96.593849,312.700012,17,0.7,13:11:23,2026-07-20,-0.34,1,-0.002,0,-9999,0.339,1.764,-9999,1,150,0.005,2,0.058905,0,0.02923,0,0,-6.8e-05,standard,0,rectangular,7000,500,-9999,-9999,55537,55537,55537,0,-9999,0,0,0,0,2.45666,2.443614,1.643797,0.926869,0.154126,-0.021219,0.25674,1.030823,103.488205,0.00031,2.397709,-3e-05,1,2.383926,-2.4e-05,1,0.601714,0.600514,0.106642,0,PSF-00578_20260720131321_bd2,PFA-00612,PSA-00572,PSF-00578,RHS-0697,3.0.0,2026-06-15T15:17:51.144Z
72,13:13:31,2026-07-20,Rain_out,Climate_model,,Pl17-R2-M1-H1-P04,,,0.041604,2.917821,0.04102,1.611726,2.844531,2.801476,6.484554,3.640024,28.790451,29.232914,66.641014,0.441786,7.5,PSF-00578_20260720131331_fda,0,0,0,124.198792,247.498505,0.498184,0.5,0.8,201.775421,1,39.24,38.65,39.58,37.52,37.52,97.31,156.2,153.7,1.6,1013,3.909,0,-48,9,,,,,,,,18:07:46,2026-07-20,39.208466,-96.593849,313,19,0.66,13:11:23,2026-07-20,-0.34,1,0.001,0.003,-9999,1.768,7.008,-9999,1,150,0.005,2,0.058905,0,0.02923,0,0,-6.8e-05,standard,0,rectangular,7000,500,-9999,-9999,55537,55537,55537,0,-9999,0,0,0,0,2.457575,2.444293,1.643745,0.926552,0.154115,-0.025787,0.257403,0.952716,124.198792,0.00031,2.397709,-3e-05,1,2.383926,-2.4e-05,1,0.601714,0.600514,0.106642,0,PSF-00578_20260720131331_fda,PFA-00612,PSA-00572,PSF-00578,RHS-0697,3.0.0,2026-06-15T15:17:51.144Z
73,13:13:42,2026-07-20,Rain_out,Climate_model,,Pl17-R2-M1-H1-P04,,,0.040426,2.91689,0.039874,1.671314,2.837932,2.793247,6.716599,3.878667,28.703739,29.16293,69.020569,0.441786,7.5,PSF-00578_20260720131342_660,0,0,0,143.820053,252.230652,0.429807,0.5,0.8,196.174286,1,39.15,38.53,39.58,38.16,38.16,97.31,156.1,153.8,1.5,1141,3.902,-3,-43,8,,,,,,,,18:07:55,2026-07-20,39.208466,-96.593842,312.899994,19,0.66,13:11:23,2026-07-20,-0.34,1,0.001,0.003,-9999,-0.699,-0.511,-9999,1,150,0.005,2,0.058905,0,0.02923,0,0,-6.8e-05,standard,0,rectangular,7000,500,-9999,-9999,55537,55537,55537,0,-9999,0,0,0,0,2.457422,2.444171,1.642792,0.92693,0.154109,-0.017668,0.258105,1.060092,143.820053,0.000316,2.397709,-3e-05,1,2.383926,-2.4e-05,1,0.601714,0.600514,0.106642,0,PSF-00578_20260720131342_660,PFA-00612,PSA-00572,PSF-00578,RHS-0697,3.0.0,2026-06-15T15:17:51.144Z
74,13:13:58,2026-07-20,Rain_out,Climate_model,,Pl17-R2-M1-H1-P04,,,0.230399,2.917379,0.213535,8.545087,2.927265,2.699121,6.629937,3.702672,27.738623,30.083241,68.135277,0.441786,7.5,PSF-00578_20260720131358_83a,0,0,0,93.005775,172.974945,0.462316,0.5,0.8,230.407883,1,40.37,37.22,39.59,37.92,37.92,97.31,156.2,154.3,1.2,1246,3.909,18,62,351,,,,,,,,18:08:13,2026-07-20,39.208469,-96.593834,313.899994,19,0.66,13:11:23,2026-07-20,-0.34,1,-0.002,0.001,0.011,-1.786,0.991,0.696,1,150,0.005,2,0.058905,0,0.02923,0,0,-6.8e-05,standard,0,rectangular,7000,500,-9999,-9999,55537,55537,55537,0,-9999,0,0,0,0,2.455686,2.445759,1.643292,0.92805,0.154085,-0.020735,0.259087,1.14773,93.005775,0.000309,2.397709,-3e-05,1,2.383926,-2.4e-05,1,0.601714,0.600514,0.106642,0,PSF-00578_20260720131358_83a,PFA-00612,PSA-00572,PSF-00578,RHS-0697,3.0.0,2026-06-15T15:17:51.144Z
75,13:14:17,2026-07-20,Rain_out,Climate_model,,Pl17-R2-M1-H1-P04,,,0.070641,2.91675,0.06897,2.848373,2.940126,2.86405,6.758469,3.818343,29.433285,30.215107,69.455475,0.441786,7.5,PSF-00578_20260720131417_8ee,0,0,0,101.225853,193.120834,0.475842,0.5,0.8,243.702713,1,40.52,39.48,39.6,38.28,38.28,97.31,156.1,153.8,1.5,1280,3.909,20,61,352,,,,,,,,18:08:32,2026-07-20,39.208462,-96.593826,313.799988,19,0.66,13:11:23,2026-07-20,-0.34,1,0.002,0,-9999,-3.559,-2.458,-9999,1,150,0.005,2,0.058905,0,0.02923,0,0,-6.8e-05,standard,0,rectangular,7000,500,-9999,-9999,55537,55537,55537,0,-9999,0,0,0,0,2.458669,2.445957,1.64265,0.926907,0.154022,-0.01641,0.260314,1.176503,101.225853,0.000309,2.397709,-3e-05,1,2.383926,-2.4e-05,1,0.601714,0.600514,0.106642,0,PSF-00578_20260720131417_8ee,PFA-00612,PSA-00572,PSF-00578,RHS-0697,3.0.0,2026-06-15T15:17:51.144Z
76,13:14:30,2026-07-20,Rain_out,Climate_model,,Pl17-R2-M1-H1-P04,,,0.059926,2.916413,0.05872,2.31302,2.815199,2.753321,6.465494,3.650295,28.294546,28.930435,66.442749,0.441786,7.5,PSF-00578_20260720131430_8de,0,0,0,86.150406,254.088165,0.660943,0.5,0.8,142.976212,1,38.78,37.93,39.61,37.46,37.46,97.31,156,153.6,1.5,541,3.908,2,-62,23,,,,,,,,18:08:45,2026-07-20,39.208454,-96.593826,313.899994,18,0.66,13:11:23,2026-07-20,-0.34,1,0.001,0.002,-9999,0.222,2.136,-9999,1,150,0.005,2,0.058905,0,0.02923,0,0,-6.8e-05,standard,0,rectangular,7000,500,-9999,-9999,55537,55537,55537,0,-9999,0,0,0,0,2.456622,2.443693,1.642305,0.926476,0.153965,-0.02679,0.261167,0.558529,86.150406,0.000309,2.397709,-3e-05,1,2.383926,-2.4e-05,1,0.601714,0.600514,0.106642,0,PSF-00578_20260720131430_8de,PFA-00612,PSA-00572,PSF-00578,RHS-0697,3.0.0,2026-06-15T15:17:51.144Z
77,13:14:42,2026-07-20,Rain_out,Climate_model,,Pl17-R2-M1-H1-P04,,,0.09186,2.916591,0.089055,3.49834,2.76029,2.666667,6.402671,3.642381,27.405666,28.367842,65.801041,0.441786,7.5,PSF-00578_20260720131442_c0f,0,0,0,86.095688,266.000397,0.676332,0.5,0.8,47.192173,1,38.01,36.72,39.61,37.28,37.28,97.3,156.1,154,1.3,174,3.907,6,-73,35,,,,,,,,18:08:57,2026-07-20,39.208447,-96.593826,314.399994,20,0.62,13:11:23,2026-07-20,-0.34,1,0.002,0.001,-9999,-0.058,0.315,-9999,1,150,0.005,2,0.058905,0,0.02923,0,0,-6.8e-05,standard,0,rectangular,7000,500,-9999,-9999,55537,55537,55537,0,-9999,0,0,0,0,2.455011,2.442684,1.642488,0.927353,0.153918,-0.029132,0.261828,0.252402,86.095688,0.000305,2.397709,-3e-05,1,2.383926,-2.4e-05,1,0.601714,0.600514,0.106642,0,PSF-00578_20260720131442_c0f,PFA-00612,PSA-00572,PSF-00578,RHS-0697,3.0.0,2026-06-15T15:17:51.144Z
78,13:14:54,2026-07-20,Rain_out,Climate_model,,Pl17-R2-M1-H1-P04,,,0.052633,2.916595,0.0517,2.08859,2.696042,2.640104,6.44268,3.746638,27.130445,27.705276,66.206772,0.441786,7.5,PSF-00578_20260720131454_295,0,0,0,86.599586,258.596771,0.665117,0.5,0.8,100.549774,1,37.12,36.35,39.62,37.4,37.4,97.31,156.1,153.8,1.4,378,3.902,3,-71,28,,,,,,,,18:09:07,2026-07-20,39.208447,-96.593826,314.299988,19,0.66,13:11:23,2026-07-20,-0.34,1,-0.001,-0.004,-9999,-0.048,0.007,-9999,1,150,0.005,2,0.058905,0,0.02923,0,0,-6.8e-05,standard,0,rectangular,7000,500,-9999,-9999,55537,55537,55537,0,-9999,0,0,0,0,2.454517,2.441521,1.642491,0.926962,0.153906,-0.02773,0.262553,0.422442,86.599586,0.00032,2.397709,-3e-05,1,2.383926,-2.4e-05,1,0.601714,0.600514,0.106642,0,PSF-00578_20260720131454_295,PFA-00612,PSA-00572,PSF-00578,RHS-0697,3.0.0,2026-06-15T15:17:51.144Z
79,13:15:05,2026-07-20,Rain_out,Climate_model,,Pl17-R2-M1-H1-P04,,,0.057744,2.918781,0.056623,2.186462,2.674889,2.616418,6.259969,3.58508,26.887104,27.48797,64.329338,0.441786,7.5,PSF-00578_20260720131505_ad6,0,0,0,88.650223,253.322479,0.65005,0.5,0.8,113.466324,1,36.82,36.01,39.62,36.87,36.87,97.31,156.3,153.7,1.7,436,3.872,4,-69,27,,,,,,,,18:09:20,2026-07-20,39.208431,-96.593819,314.899994,18,0.68,13:11:23,2026-07-20,-0.34,1,0.002,-0.002,-9999,-0.111,1.03,-9999,1,150,0.005,2,0.058905,0,0.02923,0,0,-6.8e-05,standard,0,rectangular,7000,500,-9999,-9999,55537,55537,55537,0,-9999,0,0,0,0,2.454067,2.441126,1.644727,0.926746,0.153878,-0.034368,0.263155,0.47127,88.650223,0.000311,2.397709,-3e-05,1,2.383926,-2.4e-05,1,0.601714,0.600514,0.106642,0,PSF-00578_20260720131505_ad6,PFA-00612,PSA-00572,PSF-00578,RHS-0697,3.0.0,2026-06-15T15:17:51.144Z
80,13:15:19,2026-07-20,Rain_out,Climate_model,,Pl17-R2-M1-H1-P04,,,0.055905,2.916507,0.054853,2.100746,2.765949,2.709719,6.319078,3.553129,27.843609,28.4214,64.931427,0.441786,7.5,PSF-00578_20260720131519_962,0,0,0,84.312561,264.14679,0.680812,0.5,0.8,91.513344,1,38.05,37.28,39.63,37.04,37.04,97.32,156.1,153.7,1.5,336,3.868,4,-68,39,,,,,,,,18:09:34,2026-07-20,39.208431,-96.593819,315.100006,19,0.66,13:11:23,2026-07-20,-0.34,1,0.001,0,-9999,-0.046,0.196,-9999,1,150,0.005,2,0.058905,0,0.02923,0,0,-6.8e-05,standard,0,rectangular,7000,500,-9999,-9999,55537,55537,55537,0,-9999,0,0,0,0,2.455754,2.442739,1.642402,0.926726,0.15382,-0.032351,0.263883,0.387435,84.312561,0.0003,2.397709,-3e-05,1,2.383926,-2.4e-05,1,0.601714,0.600514,0.106642,0,PSF-00578_20260720131519_962,PFA-00612,PSA-00572,PSF-00578,RHS-0697,3.0.0,2026-06-15T15:17:51.144Z
81,13:15:30,2026-07-20,Rain_out,Climate_model,,Pl17-R2-M1-H1-P04,,,0.030217,2.918571,0.029907,1.335122,2.66844,2.632723,6.801715,4.133275,27.05147,27.418465,69.888237,0.441786,7.5,PSF-00578_20260720131530_93a,0,0,0,120.480896,210.175034,0.426759,0.5,0.8,199.963852,1,36.69,36.2,39.64,38.4,38.4,97.32,156.3,153.9,1.6,1171,3.905,26,63,346,,,,,,,,18:09:44,2026-07-20,39.208439,-96.593803,315.5,19,0.66,13:11:23,2026-07-20,-0.34,1,-0.001,0,-9999,-4.524,-10.668,-9999,1,150,0.005,2,0.058905,0,0.02923,0,0,-6.8e-05,standard,0,rectangular,7000,500,-9999,-9999,55537,55537,55537,0,-9999,0,0,0,0,2.454312,2.440954,1.644512,0.927076,0.153759,-0.015492,0.264432,1.085451,120.480896,0.000313,2.397709,-3e-05,1,2.383926,-2.4e-05,1,0.601714,0.600514,0.106642,0,PSF-00578_20260720131530_93a,PFA-00612,PSA-00572,PSF-00578,RHS-0697,3.0.0,2026-06-15T15:17:51.144Z
82,13:15:55,2026-07-20,Rain_out,Climate_model,,Pl17-R2-M1-H1-P04,,,0.064708,2.916381,0.063303,2.613834,2.823141,2.753213,6.645967,3.822826,28.291042,29.00959,68.291595,0.441786,7.5,PSF-00578_20260720131555_872,0,0,0,123.56794,219.072464,0.435949,0.5,0.8,225.52829,1,38.78,37.82,39.66,37.97,37.97,97.32,156,154,1.3,1293,3.905,5,-43,1,,,,,,,,18:10:09,2026-07-20,39.208443,-96.593819,315.600006,19,0.66,13:11:23,2026-07-20,-0.34,1,0,0.003,-9999,-2.549,-1.105,-9999,1,150,0.005,2,0.058905,0,0.02923,0,0,-6.8e-05,standard,0,rectangular,7000,500,-9999,-9999,55537,55537,55537,0,-9999,0,0,0,0,2.456462,2.443677,1.642273,0.927436,0.153639,-0.021142,0.265812,1.187315,123.56794,0.000312,2.397709,-3e-05,1,2.383926,-2.4e-05,1,0.601714,0.600514,0.106642,0,PSF-00578_20260720131555_872,PFA-00612,PSA-00572,PSF-00578,RHS-0697,3.0.0,2026-06-15T15:17:51.144Z
83,13:16:22,2026-07-20,Rain_out,Climate_model,,Pl17-R2-M1-H1-P04,,,0.149095,2.916323,0.141844,5.269348,2.710596,2.569438,6.161393,3.450797,26.400126,27.850471,63.306255,0.441786,7.5,PSF-00578_20260720131622_14f,0,0,0,71.175812,215.869553,0.670283,0.5,0.8,28.041752,1,37.18,35.25,39.68,36.58,36.58,97.33,156,154,1.3,105,3.904,-24,-55,308,,,,,,,,18:10:35,2026-07-20,39.208439,-96.593803,316,19,0.66,13:11:23,2026-07-20,-0.34,1,0.002,0.003,-9999,-0.25,-0.099,-9999,1,150,0.005,2,0.058905,0,0.02923,0,0,-6.8e-05,standard,0,rectangular,7000,500,-9999,-9999,55537,55537,55537,0,-9999,0,0,0,0,2.453029,2.441594,1.642214,0.927349,0.153502,-0.038788,0.267187,0.194035,71.175812,0.000314,2.397709,-3e-05,1,2.383926,-2.4e-05,1,0.601714,0.600514,0.106642,0,PSF-00578_20260720131622_14f,PFA-00612,PSA-00572,PSF-00578,RHS-0697,3.0.0,2026-06-15T15:17:51.144Z
84,13:16:35,2026-07-20,Rain_out,Climate_model,,Pl17-R2-M1-H1-P04,,,0.071576,2.915936,0.069861,2.703606,2.568206,2.495654,6.165519,3.597313,25.643534,26.389025,63.352406,0.441786,7.5,PSF-00578_20260720131635_bfe,0,0,0,87.818024,268.024567,0.672351,0.5,0.8,37.854126,1,35.25,34.26,39.67,36.59,36.59,97.32,156,153.9,1.4,141,3.903,-28,-57,308,,,,,,,,18:10:50,2026-07-20,39.208447,-96.593811,316.299988,19,0.66,13:11:23,2026-07-20,-0.34,1,0,0.001,-9999,-0.131,0.014,-9999,1,150,0.005,2,0.058905,0,0.02923,0,0,-6.8e-05,standard,0,rectangular,7000,500,-9999,-9999,55537,55537,55537,0,-9999,0,0,0,0,2.451697,2.439054,1.641819,0.92702,0.15357,-0.038487,0.267819,0.224253,87.818024,0.000308,2.397709,-3e-05,1,2.383926,-2.4e-05,1,0.601714,0.600514,0.106642,0,PSF-00578_20260720131635_bfe,PFA-00612,PSA-00572,PSF-00578,RHS-0697,3.0.0,2026-06-15T15:17:51.144Z
85,13:16:50,2026-07-20,Rain_out,Climate_model,,Pl17-R2-M1-H1-P04,,,0.073446,2.916281,0.071641,2.739077,2.588798,2.515331,6.142756,3.553958,25.845779,26.600683,63.118668,0.441786,7.5,PSF-00578_20260720131650_500,0,0,0,90.876099,283.343903,0.679273,0.5,0.8,40.084145,1,35.56,34.55,39.66,36.52,36.52,97.32,156,153.7,1.5,148,3.903,-30,-53,313,,,,,,,,18:11:04,2026-07-20,39.208447,-96.593811,316.299988,19,0.66,13:11:23,2026-07-20,-0.34,1,-0.004,-0.001,-9999,-0.026,0.318,-9999,1,150,0.005,2,0.058905,0,0.02923,0,0,-6.8e-05,standard,0,rectangular,7000,500,-9999,-9999,55537,55537,55537,0,-9999,0,0,0,0,2.452097,2.439464,1.642171,0.926713,0.15365,-0.039152,0.268378,0.229912,90.876099,0.00032,2.397709,-3e-05,1,2.383926,-2.4e-05,1,0.601714,0.600514,0.106642,0,PSF-00578_20260720131650_500,PFA-00612,PSA-00572,PSF-00578,RHS-0697,3.0.0,2026-06-15T15:17:51.144Z
86,13:17:10,2026-07-20,Rain_out,Climate_model,,Pl17-R2-M1-H1-P04,,,0.07263,2.914811,0.070864,2.888858,2.658237,2.580717,6.440299,3.782061,26.516897,27.313419,66.174133,0.441786,7.5,PSF-00578_20260720131710_f1a,0,0,0,106.721519,205.0327,0.47949,0.5,0.8,293.098511,1,36.55,35.48,39.64,37.39,37.39,97.32,155.9,153.8,1.3,1528,3.904,-6,-29,6,,,,,,,,18:11:24,2026-07-20,39.20845,-96.593819,316.799988,19,0.66,13:11:23,2026-07-20,-0.34,1,-0.001,-0.003,-9999,-0.684,-2.978,-9999,1,150,0.005,2,0.058905,0,0.02923,0,0,-6.8e-05,standard,0,rectangular,7000,500,-9999,-9999,55537,55537,55537,0,-9999,0,0,0,0,2.453349,2.440764,1.640674,0.926844,0.153746,-0.028162,0.269557,1.383561,106.721519,0.000308,2.397709,-3e-05,1,2.383926,-2.4e-05,1,0.601714,0.600514,0.106642,0,PSF-00578_20260720131710_f1a,PFA-00612,PSA-00572,PSF-00578,RHS-0697,3.0.0,2026-06-15T15:17:51.144Z
87,13:17:29,2026-07-20,Rain_out,Climate_model,,Pl17-R2-M1-H1-P04,,,0.158667,2.916091,0.150479,6.09091,2.740882,2.577752,6.493154,3.752272,26.487722,28.163963,66.720482,0.441786,7.5,PSF-00578_20260720131729_527,0,0,0,103.033302,182.400223,0.435125,0.5,0.8,336.096893,1,37.69,35.45,39.64,37.54,37.54,97.32,156,153.8,1.4,1931,3.904,-7,14,2,,,,,,,,18:11:44,2026-07-20,39.208462,-96.593811,317.200012,19,0.66,13:11:23,2026-07-20,-0.34,1,-0.001,-0.001,0.009,0.548,0.363,-1.264,1,150,0.005,2,0.058905,0,0.02923,0,0,-6.8e-05,standard,0,rectangular,7000,500,-9999,-9999,55537,55537,55537,0,-9999,0,0,0,0,2.453305,2.442265,1.641977,0.926995,0.153771,-0.02623,0.270508,1.720183,103.033302,0.000308,2.397709,-3e-05,1,2.383926,-2.4e-05,1,0.601714,0.600514,0.106642,0,PSF-00578_20260720131729_527,PFA-00612,PSA-00572,PSF-00578,RHS-0697,3.0.0,2026-06-15T15:17:51.144Z
88,13:17:49,2026-07-20,Rain_out,Climate_model,,Pl17-R2-M1-H1-P04,,,0.020716,2.91796,0.02057,0.87406,2.638933,2.61553,6.579034,3.9401,26.871832,27.112284,67.592697,0.441786,7.5,PSF-00578_20260720131749_0b5,0,0,0,88.058708,287.632935,0.69385,0.5,0.8,17.267702,1,36.31,35.99,39.63,37.78,37.78,97.33,156.2,153.9,1.5,62,3.895,-27,-26,242,,,,,,,,18:12:01,2026-07-20,39.208462,-96.593819,317.600006,19,0.66,13:11:23,2026-07-20,-0.34,1,0.001,0,-9999,0.078,0.232,-9999,1,150,0.005,2,0.058905,0,0.02923,0,0,-6.8e-05,standard,0,rectangular,7000,500,-9999,-9999,55537,55537,55537,0,-9999,0,0,0,0,2.454035,2.440459,1.643887,0.927094,0.153843,-0.023044,0.271679,0.158629,88.058708,0.000314,2.397709,-3e-05,1,2.383926,-2.4e-05,1,0.601714,0.600514,0.106642,0,PSF-00578_20260720131749_0b5,PFA-00612,PSA-00572,PSF-00578,RHS-0697,3.0.0,2026-06-15T15:17:51.144Z
89,13:18:01,2026-07-20,Rain_out,Climate_model,,Pl17-R2-M1-H1-P04,,,0.033549,2.917134,0.033167,1.372398,2.646363,2.609596,6.484792,3.838429,26.811764,27.189522,66.626686,0.441786,7.5,PSF-00578_20260720131801_5dc,0,0,0,84.172729,279.417145,0.698756,0.5,0.8,18.026562,1,36.43,35.92,39.62,37.52,37.52,97.33,156.1,153.8,1.5,64,3.902,-20,-19,233,,,,,,,,18:12:16,2026-07-20,39.208469,-96.593811,317.799988,18,0.69,13:11:23,2026-07-20,-0.34,1,0,0.001,-9999,-0.058,-0.052,-9999,1,150,0.005,2,0.058905,0,0.02923,0,0,-6.8e-05,standard,0,rectangular,7000,500,-9999,-9999,55537,55537,55537,0,-9999,0,0,0,0,2.453946,2.440614,1.643042,0.926815,0.153886,-0.026276,0.272246,0.160533,84.172729,0.0003,2.397709,-3e-05,1,2.383926,-2.4e-05,1,0.601714,0.600514,0.106642,0,PSF-00578_20260720131801_5dc,PFA-00612,PSA-00572,PSF-00578,RHS-0697,3.0.0,2026-06-15T15:17:51.144Z
90,13:18:14,2026-07-20,Rain_out,Climate_model,,Pl17-R2-M1-H1-P04,,,0.023316,2.917268,0.023131,0.917112,2.664177,2.639615,6.344468,3.680291,27.120815,27.37318,65.186462,0.441786,7.5,PSF-00578_20260720131814_125,0,0,0,89.226364,295.703186,0.698257,0.5,0.8,3.786865,1,36.69,36.35,39.61,37.11,37.11,97.33,156.2,153.8,1.5,14,3.897,-17,-33,235,,,,,,,,18:12:29,2026-07-20,39.208466,-96.593811,317.700012,18,0.69,13:11:23,2026-07-20,-0.34,1,0.001,0,-9999,0.2,0.671,-9999,1,150,0.005,2,0.058905,0,0.02923,0,0,-6.8e-05,standard,0,rectangular,7000,500,-9999,-9999,55537,55537,55537,0,-9999,0,0,0,0,2.454523,2.44096,1.643178,0.926837,0.153939,-0.031178,0.272817,0.117971,89.226364,0.000319,2.397709,-3e-05,1,2.383926,-2.4e-05,1,0.601714,0.600514,0.106642,0,PSF-00578_20260720131814_125,PFA-00612,PSA-00572,PSF-00578,RHS-0697,3.0.0,2026-06-15T15:17:51.144Z
91,13:18:27,2026-07-20,Rain_out,Climate_model,,Pl17-R2-M1-H1-P04,,,0.034132,2.917241,0.033737,1.322266,2.662488,2.627073,6.301519,3.639031,26.991257,27.355124,64.743515,0.441786,7.5,PSF-00578_20260720131827_219,0,0,0,106.730461,343.937531,0.689681,0.5,0.8,14.205498,1,36.69,36.2,39.6,36.99,36.99,97.33,156.2,153.8,1.5,51,3.901,-20,-50,242,,,,,,,,18:12:42,2026-07-20,39.208462,-96.593811,317.799988,18,0.68,13:11:23,2026-07-20,-0.34,1,-0.001,-0.003,-9999,0.681,1.502,-9999,1,150,0.005,2,0.058905,0,0.02923,0,0,-6.8e-05,standard,0,rectangular,7000,500,-9999,-9999,55537,55537,55537,0,-9999,0,0,0,0,2.454318,2.440955,1.643151,0.926968,0.153994,-0.032609,0.273457,0.149669,106.730461,0.000322,2.397709,-3e-05,1,2.383926,-2.4e-05,1,0.601714,0.600514,0.106642,0,PSF-00578_20260720131827_219,PFA-00612,PSA-00572,PSF-00578,RHS-0697,3.0.0,2026-06-15T15:17:51.144Z
92,13:18:39,2026-07-20,Rain_out,Climate_model,,Pl17-R2-M1-H1-P04,,,0.015768,2.917489,0.015683,0.644607,2.672847,2.655587,6.48502,3.812173,27.284361,27.461693,66.629196,0.441786,7.5,PSF-00578_20260720131839_488,0,0,0,104.753853,336.781738,0.688956,0.5,0.8,13.656153,1,36.85,36.61,39.59,37.52,37.52,97.33,156.2,153.9,1.5,50,3.9,-20,-33,232,,,,,,,,18:12:54,2026-07-20,39.208447,-96.593819,318.899994,18,0.67,13:11:23,2026-07-20,-0.34,1,0.001,0.004,-9999,0.307,0.814,-9999,1,150,0.005,2,0.058905,0,0.02923,0,0,-6.8e-05,standard,0,rectangular,7000,500,-9999,-9999,55537,55537,55537,0,-9999,0,0,0,0,2.454865,2.441165,1.643404,0.927082,0.154042,-0.02593,0.273961,0.148048,104.753853,0.000311,2.397709,-3e-05,1,2.383926,-2.4e-05,1,0.601714,0.600514,0.106642,0,PSF-00578_20260720131839_488,PFA-00612,PSA-00572,PSF-00578,RHS-0697,3.0.0,2026-06-15T15:17:51.144Z
93,13:19:04,2026-07-20,Rain_out,Climate_model,,Pl17-R2-M1-H1-P04,,,0.134145,2.916438,0.128246,5.219712,2.753149,2.613404,6.52539,3.772241,26.853237,28.289145,67.04966,0.441786,7.5,PSF-00578_20260720131904_a17,0,0,0,105.218414,204.93364,0.486573,0.5,0.8,32.826775,1,37.96,36.03,39.59,37.63,37.63,97.32,156.1,153.8,1.4,169,3.896,1,-64,182,,,,,,,,18:13:15,2026-07-20,39.208443,-96.593811,319.299988,18,0.69,13:11:23,2026-07-20,-0.34,1,-0.004,-0.003,-9999,4.577,-3.377,-9999,1,150,0.005,2,0.058905,0,0.02923,0,0,-6.8e-05,standard,0,rectangular,7000,500,-9999,-9999,55537,55537,55537,0,-9999,0,0,0,0,2.454096,2.442623,1.642331,0.926925,0.154059,-0.024465,0.275007,0.247574,105.218414,0.000316,2.397709,-3e-05,1,2.383926,-2.4e-05,1,0.601714,0.600514,0.106642,0,PSF-00578_20260720131904_a17,PFA-00612,PSA-00572,PSF-00578,RHS-0697,3.0.0,2026-06-15T15:17:51.144Z
94,13:19:20,2026-07-20,Rain_out,Climate_model,,Pl17-R2-M1-H1-P04,,,0.077979,2.916746,0.075949,3.083527,2.692048,2.609462,6.457481,3.765434,26.813354,27.661953,66.353416,0.441786,7.5,PSF-00578_20260720131920_9e5,0,0,0,113.211037,216.709259,0.47759,0.5,0.8,93.597168,1,37.1,35.97,39.6,37.44,37.44,97.32,156.1,153.8,1.5,490,3.902,1,-64,188,,,,,,,,18:13:34,2026-07-20,39.208405,-96.593727,320,19,0.66,13:11:23,2026-07-20,-0.34,1,0,0.003,-9999,-2.788,0.767,-9999,1,150,0.005,2,0.058905,0,0.02923,0,0,-6.8e-05,standard,0,rectangular,7000,500,-9999,-9999,55537,55537,55537,0,-9999,0,0,0,0,2.454006,2.441503,1.642646,0.926858,0.154021,-0.026953,0.275693,0.516032,113.211037,0.000319,2.397709,-3e-05,1,2.383926,-2.4e-05,1,0.601714,0.600514,0.106642,0,PSF-00578_20260720131920_9e5,PFA-00612,PSA-00572,PSF-00578,RHS-0697,3.0.0,2026-06-15T15:17:51.144Z
95,13:19:54,2026-07-20,Rain_out,Climate_model,,Pl1-R1-M2-H3-P10,,,0.110716,2.91699,0.106668,3.923357,2.662538,2.557444,6.081361,3.418823,26.278034,27.357887,62.486691,0.441786,7.5,PSF-00578_20260720131954_018,0,0,0,93.599442,233.757019,0.599587,0.5,0.8,389.890106,1,36.68,35.23,39.61,36.34,36.34,97.32,156.1,153.9,1.4,1626,3.9,-13,-24,350,,,,,,,,18:14:09,2026-07-20,39.208408,-96.593719,320.700012,19,0.66,13:11:23,2026-07-20,-0.34,1,-0.002,0,0.014,0.79,1.969,4.801,1,150,0.005,2,0.058905,0,0.02923,0,0,-6.8e-05,standard,0,rectangular,7000,500,-9999,-9999,55537,55537,55537,0,-9999,0,0,0,0,2.453018,2.440942,1.642895,0.92707,0.153963,-0.040741,0.277424,1.465018,93.599442,0.000317,2.397709,-3e-05,1,2.383926,-2.4e-05,1,0.601714,0.600514,0.106642,0,PSF-00578_20260720131954_018,PFA-00612,PSA-00572,PSF-00578,RHS-0697,3.0.0,2026-06-15T15:17:51.144Z
96,13:20:14,2026-07-20,Rain_out,Climate_model,,Pl1-R1-M2-H3-P10,,,0.141504,2.917015,0.134958,4.747167,2.667604,2.540456,5.939472,3.271867,26.104221,27.410721,61.030487,0.441786,7.5,PSF-00578_20260720132014_979,0,0,0,89.30719,195.994385,0.544338,0.5,0.8,304.947693,1,36.73,34.98,39.62,35.91,35.91,97.32,156.1,153.9,1.5,1401,3.901,-11,-37,353,,,,,,,,18:14:29,2026-07-20,39.208412,-96.593727,321.100006,18,0.69,13:11:23,2026-07-20,-0.34,1,-0.002,-0.004,-9999,0.614,2.176,-9999,1,150,0.005,2,0.058905,0,0.02923,0,0,-6.8e-05,standard,0,rectangular,7000,500,-9999,-9999,55537,55537,55537,0,-9999,0,0,0,0,2.45268,2.44101,1.64292,0.927008,0.153911,-0.046158,0.278364,1.276912,89.30719,0.000313,2.397709,-3e-05,1,2.383926,-2.4e-05,1,0.601714,0.600514,0.106642,0,PSF-00578_20260720132014_979,PFA-00612,PSA-00572,PSF-00578,RHS-0697,3.0.0,2026-06-15T15:17:51.144Z
97,13:20:24,2026-07-20,Rain_out,Climate_model,,Pl1-R1-M2-H3-P10,,,0.103248,2.916688,0.099718,3.577287,2.698486,2.602678,6.033122,3.334635,26.743441,27.727901,61.992458,0.441786,7.5,PSF-00578_20260720132024_724,0,0,0,84.650513,223.105072,0.62058,0.5,0.8,346.282837,1,37.16,35.84,39.61,36.2,36.2,97.32,156.1,153.8,1.5,1395,3.899,-16,-35,352,,,,,,,,18:14:39,2026-07-20,39.208412,-96.593719,321.200012,18,0.69,13:11:23,2026-07-20,-0.34,1,0.004,0.001,-9999,-0.237,0.538,-9999,1,150,0.005,2,0.058905,0,0.02923,0,0,-6.8e-05,standard,0,rectangular,7000,500,-9999,-9999,55537,55537,55537,0,-9999,0,0,0,0,2.453832,2.44157,1.642586,0.926753,0.153917,-0.042635,0.278818,1.272277,84.650513,0.000319,2.397709,-3e-05,1,2.383926,-2.4e-05,1,0.601714,0.600514,0.106642,0,PSF-00578_20260720132024_724,PFA-00612,PSA-00572,PSF-00578,RHS-0697,3.0.0,2026-06-15T15:17:51.144Z
98,13:20:34,2026-07-20,Rain_out,Climate_model,,Pl1-R1-M2-H3-P10,,,0.158787,2.91526,0.150585,5.342051,2.744431,2.601261,6.041209,3.296778,26.727709,28.198767,62.072849,0.441786,7.5,PSF-00578_20260720132034_6ab,0,0,0,84.671257,192.32225,0.559743,0.5,0.8,320.205261,1,37.8,35.82,39.61,36.22,36.22,97.32,155.9,153.7,1.4,1430,3.881,-14,-34,352,,,,,,,,18:14:46,2026-07-20,39.208412,-96.593704,321.299988,18,0.69,13:11:23,2026-07-20,-0.34,1,0.001,0.002,-9999,0.771,1.817,-9999,1,150,0.005,2,0.058905,0,0.02923,0,0,-6.8e-05,standard,0,rectangular,7000,500,-9999,-9999,55537,55537,55537,0,-9999,0,0,0,0,2.453814,2.442406,1.641131,0.9267,0.153933,-0.042299,0.27933,1.301646,84.671257,0.000308,2.397709,-3e-05,1,2.383926,-2.4e-05,1,0.601714,0.600514,0.106642,0,PSF-00578_20260720132034_6ab,PFA-00612,PSA-00572,PSF-00578,RHS-0697,3.0.0,2026-06-15T15:17:51.144Z
99,13:20:47,2026-07-20,Rain_out,Climate_model,,Pl1-R1-M2-H3-P10,,,0.103033,2.916937,0.099518,3.779487,2.672246,2.571017,6.199697,3.52745,26.418791,27.458981,63.705711,0.441786,7.5,PSF-00578_20260720132047_479,0,0,0,97.76902,205.120331,0.523358,0.5,0.8,189.009201,1,36.79,35.39,39.62,36.69,36.69,97.32,156.1,153.9,1.4,903,3.898,0,-63,352,,,,,,,,18:15:02,2026-07-20,39.208412,-96.593712,321,19,0.66,13:11:23,2026-07-20,-0.34,1,0.003,0.002,-9999,-1.954,-2.182,-9999,1,150,0.005,2,0.058905,0,0.02923,0,0,-6.8e-05,standard,0,rectangular,7000,500,-9999,-9999,55537,55537,55537,0,-9999,0,0,0,0,2.453233,2.441082,1.642841,0.927138,0.153885,-0.036549,0.280005,0.861063,97.76902,0.000295,2.397709,-3e-05,1,2.383926,-2.4e-05,1,0.601714,0.600514,0.106642,0,PSF-00578_20260720132047_479,PFA-00612,PSA-00572,PSF-00578,RHS-0697,3.0.0,2026-06-15T15:17:51.144Z
100,13:20:59,2026-07-20,Rain_out,Climate_model,,Pl1-R1-M2-H3-P10,,,0.10582,2.915969,0.102115,3.988904,2.615565,2.508576,6.244239,3.628674,25.775843,26.875164,64.160118,0.441786,7.5,PSF-00578_20260720132059_191,0,0,0,94.823242,223.718399,0.576149,0.5,0.8,225.690109,1,36,34.52,39.62,36.82,36.82,97.32,156,153.8,1.4,979,3.86,-5,-61,350,,,,,,,,18:15:14,2026-07-20,39.208416,-96.593704,321.100006,18,0.69,13:11:23,2026-07-20,-0.34,1,0.002,0.003,-9999,7.577,2.069,-9999,1,150,0.005,2,0.058905,0,0.02923,0,0,-6.8e-05,standard,0,rectangular,7000,500,-9999,-9999,55537,55537,55537,0,-9999,0,0,0,0,2.452066,2.440044,1.641853,0.926934,0.15386,-0.034979,0.280633,0.924932,94.823242,0.000326,2.397709,-3e-05,1,2.383926,-2.4e-05,1,0.601714,0.600514,0.106642,0,PSF-00578_20260720132059_191,PFA-00612,PSA-00572,PSF-00578,RHS-0697,3.0.0,2026-06-15T15:17:51.144Z
101,13:21:08,2026-07-20,Rain_out,Climate_model,,Pl1-R1-M2-H3-P10,,,0.161445,2.915989,0.152976,6.099108,2.701201,2.537748,6.400347,3.699147,26.073244,27.752586,65.758232,0.441786,7.5,PSF-00578_20260720132108_78e,0,0,0,117.928505,194.748398,0.394457,0.5,0.8,244.347092,1,37.17,34.92,39.63,37.28,37.28,97.33,156,153.9,1.4,1549,3.894,2,54,359,,,,,,,,18:15:23,2026-07-20,39.208416,-96.593712,321.299988,17,0.74,13:11:23,2026-07-20,-0.34,1,0.002,0.003,-9999,-2.052,-4.7,-9999,1,150,0.005,2,0.058905,0,0.02923,0,0,-6.8e-05,standard,0,rectangular,7000,500,-9999,-9999,55537,55537,55537,0,-9999,0,0,0,0,2.452602,2.441587,1.641873,0.927017,0.15385,-0.029364,0.281092,1.40065,117.928505,0.000309,2.397709,-3e-05,1,2.383926,-2.4e-05,1,0.601714,0.600514,0.106642,0,PSF-00578_20260720132108_78e,PFA-00612,PSA-00572,PSF-00578,RHS-0697,3.0.0,2026-06-15T15:17:51.144Z
102,13:21:21,2026-07-20,Rain_out,Climate_model,,Pl1-R1-M2-H3-P10,,,0.167363,2.915936,0.158278,6.735619,2.83338,2.653126,6.770751,3.93737,27.260405,29.112488,69.568283,0.441786,7.5,PSF-00578_20260720132121_19b,0,0,0,89.825394,144.963028,0.380357,0.5,0.8,262.430115,1,38.98,36.5,39.63,38.31,38.31,97.33,156,153.9,1.3,1725,3.896,-3,44,6,,,,,,,,18:15:36,2026-07-20,39.208408,-96.593712,321.100006,17,0.72,13:11:23,2026-07-20,-0.34,1,0,0.001,0.012,-0.05,-0.419,-0.749,1,150,0.005,2,0.058905,0,0.02923,0,0,-6.8e-05,standard,0,rectangular,7000,500,-9999,-9999,55537,55537,55537,0,-9999,0,0,0,0,2.454721,2.443954,1.641819,0.927174,0.153831,-0.0164,0.281641,1.547935,89.825394,0.000307,2.397709,-3e-05,1,2.383926,-2.4e-05,1,0.601714,0.600514,0.106642,0,PSF-00578_20260720132121_19b,PFA-00612,PSA-00572,PSF-00578,RHS-0697,3.0.0,2026-06-15T15:17:51.144Z
103,13:21:51,2026-07-20,Rain_out,Climate_model,,Pl1-R1-M2-H3-P10,,,0.185037,2.916398,0.173998,6.684198,2.748918,2.569938,6.313764,3.564846,26.404789,28.24371,64.870659,0.441786,7.5,PSF-00578_20260720132151_d4d,0,0,0,83.211777,160.835983,0.48263,0.5,0.8,377.818726,1,37.75,35.29,39.67,37.03,37.03,97.33,156,153.7,1.5,1957,3.896,-16,19,12,,,,,,,,18:16:04,2026-07-20,39.208405,-96.593712,321,18,0.69,13:21:43,2026-07-20,-0.35,1,0.002,0.001,0.02,0.424,0.115,0.451,1,150,0.005,2,0.058905,0,0.02923,0,0,-6.8e-05,standard,0,rectangular,7000,500,-9999,-9999,55537,55537,55537,0,-9999,0,0,0,0,2.453086,2.442342,1.64229,0.926613,0.153607,-0.033005,0.283279,1.741948,83.211777,0.000312,2.397709,-3e-05,1,2.383926,-2.4e-05,1,0.601714,0.600514,0.106642,0,PSF-00578_20260720132151_d4d,PFA-00612,PSA-00572,PSF-00578,RHS-0697,3.0.0,2026-06-15T15:17:51.144Z
104,13:22:04,2026-07-20,Rain_out,Climate_model,,Pl1-R1-M2-H3-P10,,,0.283234,2.917274,0.258169,10.264889,2.780207,2.505632,6.466168,3.685961,25.744339,28.565481,66.437218,0.441786,7.5,PSF-00578_20260720132204_454,0,0,0,96.366409,151.915314,0.365657,0.5,0.8,291.472778,1,38.15,34.38,39.68,37.46,37.46,97.33,156.2,153.6,1.6,1993,3.896,-12,23,12,,,,,,,,18:16:19,2026-07-20,39.208405,-96.593704,321.100006,19,0.66,13:21:43,2026-07-20,-0.35,1,0.001,0.001,0.022,-0.539,-0.64,1.93,1,150,0.005,2,0.058905,0,0.02923,0,0,-6.8e-05,standard,0,rectangular,7000,500,-9999,-9999,55537,55537,55537,0,-9999,0,0,0,0,2.451866,2.442868,1.643184,0.926458,0.153535,-0.027701,0.283885,1.771793,96.366409,0.000315,2.397709,-3e-05,1,2.383926,-2.4e-05,1,0.601714,0.600514,0.106642,0,PSF-00578_20260720132204_454,PFA-00612,PSA-00572,PSF-00578,RHS-0697,3.0.0,2026-06-15T15:17:51.144Z
105,13:22:17,2026-07-20,Rain_out,Climate_model,,Pl1-R1-M2-H3-P10,,,0.144146,2.916975,0.137359,5.458073,2.664159,2.51794,6.352621,3.688462,25.8694,27.37166,65.267044,0.441786,7.5,PSF-00578_20260720132217_c1d,0,0,0,94.12587,189.944382,0.504456,0.5,0.8,213.690948,1,36.54,34.54,39.69,37.14,37.14,97.33,156.1,153.8,1.5,1059,3.861,-4,-53,356,,,,,,,,18:16:32,2026-07-20,39.208401,-96.593712,321.399994,19,0.66,13:21:43,2026-07-20,-0.35,1,0.004,0.003,0.01,-0.546,-0.1,-1.032,1,150,0.005,2,0.058905,0,0.02923,0,0,-6.8e-05,standard,0,rectangular,7000,500,-9999,-9999,55537,55537,55537,0,-9999,0,0,0,0,2.452075,2.440764,1.64288,0.926941,0.153494,-0.031851,0.284505,0.991539,94.12587,0.000316,2.397709,-3e-05,1,2.383926,-2.4e-05,1,0.601714,0.600514,0.106642,0,PSF-00578_20260720132217_c1d,PFA-00612,PSA-00572,PSF-00578,RHS-0697,3.0.0,2026-06-15T15:17:51.144Z
106,13:22:28,2026-07-20,Rain_out,Climate_model,,Pl1-R1-M2-H3-P10,,,0.180554,2.91535,0.170024,7.037759,2.729498,2.540861,6.565741,3.836243,26.106432,28.044615,67.460632,0.441786,7.5,PSF-00578_20260720132228_0e1,0,0,0,107.94783,184.082504,0.41359,0.5,0.8,249.369843,1,37.44,34.85,39.69,37.74,37.74,97.33,155.9,153.9,1.3,1507,3.895,-4,61,6,,,,,,,,18:16:43,2026-07-20,39.208405,-96.593712,320.700012,19,0.66,13:21:43,2026-07-20,-0.35,1,0.002,-0.002,0.008,-1.094,-1.779,-5.222,1,150,0.005,2,0.058905,0,0.02923,0,0,-6.8e-05,standard,0,rectangular,7000,500,-9999,-9999,55537,55537,55537,0,-9999,0,0,0,0,2.452494,2.441935,1.641223,0.927221,0.153484,-0.02429,0.284975,1.366157,107.94783,0.000305,2.397709,-3e-05,1,2.383926,-2.4e-05,1,0.601714,0.600514,0.106642,0,PSF-00578_20260720132228_0e1,PFA-00612,PSA-00572,PSF-00578,RHS-0697,3.0.0,2026-06-15T15:17:51.144Z
107,13:22:50,2026-07-20,Rain_out,Climate_model,,Pl1-R1-M2-H3-P10,,,0.034206,2.916743,0.033809,1.39888,2.61561,2.578105,6.455554,3.839944,26.484884,26.870176,66.317947,0.441786,7.5,PSF-00578_20260720132250_50e,0,0,0,83.773613,284.914978,0.70597,0.5,0.8,18.430088,1,35.87,35.35,39.69,37.43,37.43,97.34,156.1,153.9,1.4,65,3.895,-12,-27,243,,,,,,,,18:17:05,2026-07-20,39.208416,-96.593712,320.899994,18,0.7,13:21:43,2026-07-20,-0.35,1,-0.001,0,-9999,0.18,0.617,-9999,1,150,0.005,2,0.058905,0,0.02923,0,0,-6.8e-05,standard,0,rectangular,7000,500,-9999,-9999,55537,55537,55537,0,-9999,0,0,0,0,2.453172,2.439875,1.642642,0.92708,0.153466,-0.028228,0.286014,0.161176,83.773613,0.000314,2.397709,-3e-05,1,2.383926,-2.4e-05,1,0.601714,0.600514,0.106642,0,PSF-00578_20260720132250_50e,PFA-00612,PSA-00572,PSF-00578,RHS-0697,3.0.0,2026-06-15T15:17:51.144Z
108,13:23:02,2026-07-20,Rain_out,Climate_model,,Pl1-R1-M2-H3-P10,,,0.034774,2.916553,0.034364,1.429992,2.60305,2.564701,6.464942,3.861891,26.347933,26.741905,66.416252,0.441786,7.5,PSF-00578_20260720132302_1fc,0,0,0,88.606239,293.966187,0.698584,0.5,0.8,21.866318,1,35.7,35.18,39.69,37.46,37.46,97.34,156.1,153.8,1.5,78,3.895,-14,-26,244,,,,,,,,18:17:16,2026-07-20,39.208408,-96.593704,321,18,0.69,13:21:43,2026-07-20,-0.35,1,-0.002,-0.005,0.008,0.239,0.636,1.916,1,150,0.005,2,0.058905,0,0.02923,0,0,-6.8e-05,standard,0,rectangular,7000,500,-9999,-9999,55537,55537,55537,0,-9999,0,0,0,0,2.452933,2.439656,1.642449,0.926876,0.153482,-0.027858,0.286345,0.172028,88.606239,0.000301,2.397709,-3e-05,1,2.383926,-2.4e-05,1,0.601714,0.600514,0.106642,0,PSF-00578_20260720132302_1fc,PFA-00612,PSA-00572,PSF-00578,RHS-0697,3.0.0,2026-06-15T15:17:51.144Z
109,13:23:16,2026-07-20,Rain_out,Climate_model,,Pl1-R1-M2-H3-P10,,,0.165175,2.91791,0.156326,5.994218,2.782056,2.621794,6.339291,3.557234,26.93675,28.583311,65.130928,0.441786,7.5,PSF-00578_20260720132316_7da,0,0,0,101.766228,189.094299,0.461823,0.5,0.8,24.127823,1,38.15,35.95,39.69,37.1,37.1,97.33,156.2,153.9,1.5,131,3.861,-2,46,145,,,,,,,,18:17:31,2026-07-20,39.208408,-96.593697,320.700012,18,0.68,13:21:43,2026-07-20,-0.35,1,0.001,0.002,-9999,-11.666,-7.891,-9999,1,150,0.005,2,0.058905,0,0.02923,0,0,-6.8e-05,standard,0,rectangular,7000,500,-9999,-9999,55537,55537,55537,0,-9999,0,0,0,0,2.453974,2.442867,1.643835,0.927171,0.153463,-0.032399,0.286914,0.215779,101.766228,0.000316,2.397709,-3e-05,1,2.383926,-2.4e-05,1,0.601714,0.600514,0.106642,0,PSF-00578_20260720132316_7da,PFA-00612,PSA-00572,PSF-00578,RHS-0697,3.0.0,2026-06-15T15:17:51.144Z
110,13:23:28,2026-07-20,Rain_out,Climate_model,,Pl1-R1-M2-H3-P10,,,0.080981,2.916579,0.078793,3.270372,2.612177,2.524488,6.463785,3.851608,25.936214,26.837116,66.407959,0.441786,7.5,PSF-00578_20260720132328_7c3,0,0,0,145.030258,274.74762,0.472133,0.5,0.8,24.929159,1,35.82,34.62,39.69,37.46,37.46,97.33,156.1,154,1.3,132,3.895,4,59,173,,,,,,,,18:17:43,2026-07-20,39.208408,-96.593697,320.799988,19,0.66,13:21:43,2026-07-20,-0.35,1,0.001,0.002,-9999,-3.18,-7.265,-9999,1,150,0.005,2,0.058905,0,0.02923,0,0,-6.8e-05,standard,0,rectangular,7000,500,-9999,-9999,55537,55537,55537,0,-9999,0,0,0,0,2.45218,2.43981,1.642474,0.927364,0.153459,-0.027951,0.287303,0.216941,145.030258,0.000314,2.397709,-3e-05,1,2.383926,-2.4e-05,1,0.601714,0.600514,0.106642,0,PSF-00578_20260720132328_7c3,PFA-00612,PSA-00572,PSF-00578,RHS-0697,3.0.0,2026-06-15T15:17:51.144Z
111,13:23:42,2026-07-20,Rain_out,Climate_model,,Pl1-R1-M2-H3-P10,,,0.182206,2.917927,0.171497,7.184026,2.851944,2.660011,6.728603,3.876659,27.328766,29.300671,69.129189,0.441786,7.5,PSF-00578_20260720132342_937,0,0,0,93.809006,149.065369,0.370685,0.5,0.8,273.812927,1,39.09,36.46,39.7,38.2,38.2,97.33,156.2,153.8,1.6,1847,3.894,4,-45,270,,,,,,,,18:17:57,2026-07-20,39.208408,-96.593697,321.100006,18,0.67,13:21:43,2026-07-20,-0.35,1,0,0,0.01,-0.573,-1.77,-3.506,1,150,0.005,2,0.058905,0,0.02923,0,0,-6.8e-05,standard,0,rectangular,7000,500,-9999,-9999,55537,55537,55537,0,-9999,0,0,0,0,2.454647,2.444087,1.643853,0.926808,0.153404,-0.018782,0.287791,1.649685,93.809006,0.000302,2.397709,-3e-05,1,2.383926,-2.4e-05,1,0.601714,0.600514,0.106642,0,PSF-00578_20260720132342_937,PFA-00612,PSA-00572,PSF-00578,RHS-0697,3.0.0,2026-06-15T15:17:51.144Z
112,13:23:56,2026-07-20,Rain_out,Climate_model,,Pl1-R1-M2-H3-P10,,,0.186166,2.917319,0.174998,7.120845,2.737092,2.546524,6.509576,3.772484,26.162741,28.120619,66.878754,0.441786,7.5,PSF-00578_20260720132356_f23,0,0,0,118.315819,190.844177,0.38004,0.5,0.8,29.635471,1,37.52,34.91,39.7,37.59,37.59,97.33,156.2,154.1,1.3,195,3.894,0,-35,260,,,,,,,,18:18:11,2026-07-20,39.208408,-96.593697,320.700012,19,0.66,13:21:43,2026-07-20,-0.35,1,0.001,-0.002,0.009,3.942,24.651,-6.886,1,150,0.005,2,0.058905,0,0.02923,0,0,-6.8e-05,standard,0,rectangular,7000,500,-9999,-9999,55537,55537,55537,0,-9999,0,0,0,0,2.45257,2.442041,1.64323,0.927653,0.153421,-0.026409,0.288297,0.269539,118.315819,0.000315,2.397709,-3e-05,1,2.383926,-2.4e-05,1,0.601714,0.600514,0.106642,0,PSF-00578_20260720132356_f23,PFA-00612,PSA-00572,PSF-00578,RHS-0697,3.0.0,2026-06-15T15:17:51.144Z
113,13:24:26,2026-07-20,Rain_out,Climate_model,,Pl1-R1-M2-H3-P10,,,0.224739,2.915833,0.208657,7.645332,2.753397,2.54859,6.156524,3.403127,26.184166,28.288345,63.25201,0.441786,7.5,PSF-00578_20260720132426_d30,0,0,0,87.105629,206.482178,0.578145,0.5,0.8,225.588593,1,37.7,34.89,39.72,36.56,36.56,97.33,156,154.2,1.1,975,3.894,-12,65,355,,,,,,,,18:18:36,2026-07-20,39.208405,-96.593689,321.399994,18,0.69,13:21:43,2026-07-20,-0.35,1,0,-0.002,0.011,-0.087,-0.105,-0.074,1,150,0.005,2,0.058905,0,0.02923,0,0,-6.8e-05,standard,0,rectangular,7000,500,-9999,-9999,55537,55537,55537,0,-9999,0,0,0,0,2.452549,2.442272,1.641715,0.927942,0.153291,-0.039427,0.289373,0.921741,87.105629,0.000328,2.397709,-3e-05,1,2.383926,-2.4e-05,1,0.601714,0.600514,0.106642,0,PSF-00578_20260720132426_d30,PFA-00612,PSA-00572,PSF-00578,RHS-0697,3.0.0,2026-06-15T15:17:51.144Z
34,17:20:20,2026-07-20,Rain_out,Climate_model,,Pl1-R1-M2-H3-P10,,,0.08284,2.917792,0.080553,3.532135,2.63819,2.543786,6.69338,4.05519,26.184851,27.156614,68.89933,0.441786,7.5,PSF-00578_20260720172020_007,0,0,0,80.095413,196.714645,0.592835,0.5,0.8,57.585438,1,33.43,32.23,41.17,38.1,38.1,97.15,156.2,153.9,1.5,243,3.797,-14,-30,346,,,,,,,,22:14:35,2026-07-20,39.208344,-96.593788,333.799988,18,0.71,17:11:13,2026-07-20,-0.32,1,0.001,0.003,-9999,1.588,1.09,-9999,1,150,0.005,2,0.058905,0,0.02923,0,0,-6.8e-05,standard,0,rectangular,7000,500,-9999,-9999,55537,55537,55537,0,-9999,0,0,0,0,2.448747,2.436411,1.643714,0.927023,0.145025,-0.038982,0.407077,0.309554,80.095413,0.000318,2.397709,-3e-05,1,2.383926,-2.4e-05,1,0.601714,0.600514,0.106642,0,PSF-00578_20260720172020_007,PFA-00612,PSA-00572,PSF-00578,RHS-0697,3.0.0,2026-06-15T15:17:51.144Z
35,17:20:35,2026-07-20,Rain_out,Climate_model,,Pl1-R1-M2-H3-P10,,,0.079135,2.916917,0.077045,3.466893,2.636598,2.543871,6.795875,4.159277,26.185457,27.139942,69.953651,0.441786,7.5,PSF-00578_20260720172035_260,0,0,0,80.95372,185.122849,0.562703,0.5,0.8,46.98457,1,33.43,32.25,41.16,38.38,38.38,97.15,156.1,153.7,1.5,209,3.831,-20,-30,357,,,,,,,,22:14:35,2026-07-20,39.208351,-96.593773,334,18,0.71,17:11:13,2026-07-20,-0.32,1,-0.002,-0.002,-9999,4.872,3.352,-9999,1,150,0.005,2,0.058905,0,0.02923,0,0,-6.8e-05,standard,0,rectangular,7000,500,-9999,-9999,55537,55537,55537,0,-9999,0,0,0,0,2.448775,2.436412,1.64282,0.926709,0.145086,-0.035289,0.407182,0.281066,80.95372,0.000329,2.397709,-3e-05,1,2.383926,-2.4e-05,1,0.601714,0.600514,0.106642,0,PSF-00578_20260720172035_260,PFA-00612,PSA-00572,PSF-00578,RHS-0697,3.0.0,2026-06-15T15:17:51.144Z
36,17:20:49,2026-07-20,Rain_out,Climate_model,,Pl1-R1-M2-H3-P10,,,0.058766,2.917523,0.057605,3.13325,2.589969,2.506167,7.59686,5.00689,25.798012,26.660654,78.200638,0.441786,7.5,PSF-00578_20260720172049_aea,0,0,0,110.581398,176.481125,0.373409,0.5,0.8,244.599609,1,32.86,31.8,41.15,40.46,40.46,97.15,156.2,153.8,1.5,1638,3.831,-17,-40,354,,,,,,,,22:15:04,2026-07-20,39.208347,-96.593773,333.799988,18,0.71,17:11:13,2026-07-20,-0.32,1,0.001,0.001,-9999,4.038,-1.636,-9999,1,150,0.005,2,0.058905,0,0.02923,0,0,-6.8e-05,standard,0,rectangular,7000,500,-9999,-9999,55537,55537,55537,0,-9999,0,0,0,0,2.448159,2.43566,1.643439,0.926981,0.145164,-0.008574,0.40724,1.475001,110.581398,0.000321,2.397709,-3e-05,1,2.383926,-2.4e-05,1,0.601714,0.600514,0.106642,0,PSF-00578_20260720172049_aea,PFA-00612,PSA-00572,PSF-00578,RHS-0697,3.0.0,2026-06-15T15:17:51.144Z
37,17:21:00,2026-07-20,Rain_out,Climate_model,,Pl1-R1-M2-H3-P10,,,0.058392,2.916902,0.057246,2.859379,2.55852,2.48198,7.167923,4.609404,25.549234,26.337122,73.78582,0.441786,7.5,PSF-00578_20260720172100_088,0,0,0,92.112419,164.26384,0.439241,0.5,0.8,236.435669,1,32.48,31.51,41.14,39.37,39.37,97.14,156.1,153.8,1.5,1346,3.831,-17,-36,352,,,,,,,,22:15:15,2026-07-20,39.208347,-96.593781,333.899994,17,0.73,17:11:13,2026-07-20,-0.32,1,0,0.001,-9999,-18.971,3.831,-9999,1,150,0.005,2,0.058905,0,0.02923,0,0,-6.8e-05,standard,0,rectangular,7000,500,-9999,-9999,55537,55537,55537,0,-9999,0,0,0,0,2.447764,2.435152,1.642805,0.926762,0.145218,-0.0224,0.407301,1.231091,92.112419,0.000327,2.397709,-3e-05,1,2.383926,-2.4e-05,1,0.601714,0.600514,0.106642,0,PSF-00578_20260720172100_088,PFA-00612,PSA-00572,PSF-00578,RHS-0697,3.0.0,2026-06-15T15:17:51.144Z
38,17:21:11,2026-07-20,Rain_out,Climate_model,,Pl1-R1-M2-H3-P10,,,0.063476,2.917739,0.062124,3.38534,2.600284,2.509764,7.615766,5.015481,25.8347,26.766489,78.394241,0.441786,7.5,PSF-00578_20260720172111_ea6,0,0,0,90.317848,154.793503,0.416527,0.5,0.8,38.536949,1,33.03,31.88,41.13,40.5,40.5,97.15,156.2,153.7,1.6,231,3.831,-11,-32,348,,,,,,,,22:15:22,2026-07-20,39.208344,-96.593781,334,14,0.79,17:11:13,2026-07-20,-0.32,1,0,0.001,0.008,-0.881,-2.249,-6.777,1,150,0.005,2,0.058905,0,0.02923,0,0,-6.8e-05,standard,0,rectangular,7000,500,-9999,-9999,55537,55537,55537,0,-9999,0,0,0,0,2.448269,2.435883,1.643661,0.926708,0.145273,-0.007717,0.407326,0.299912,90.317848,0.00032,2.397709,-3e-05,1,2.383926,-2.4e-05,1,0.601714,0.600514,0.106642,0,PSF-00578_20260720172111_ea6,PFA-00612,PSA-00572,PSF-00578,RHS-0697,3.0.0,2026-06-15T15:17:51.144Z
39,17:21:50,2026-07-20,Rain_out,Climate_model,,Pl1-R1-M2-H3-P10,,,0.068991,2.915057,0.067396,3.013963,2.567494,2.486707,6.704514,4.13702,25.597824,26.429434,69.01535,0.441786,7.5,PSF-00578_20260720172150_550,0,0,0,93.126656,281.2146,0.668841,0.5,0.8,123.90123,1,32.64,31.61,41.12,38.13,38.13,97.15,155.9,153.9,1.3,463,3.826,-17,-46,354,,,,,,,,22:16:04,2026-07-20,39.208347,-96.593788,333.899994,18,0.7,17:21:30,2026-07-20,-0.29,1,0.003,0.002,-9999,0.137,0.083,-9999,1,150,0.005,2,0.058905,0,0.02923,0,0,-6.8e-05,standard,0,rectangular,7000,500,-9999,-9999,55537,55537,55537,0,-9999,0,0,0,0,2.447903,2.435322,1.640924,0.927028,0.145349,-0.037832,0.407711,0.493616,93.126656,0.000326,2.397709,-3e-05,1,2.383926,-2.4e-05,1,0.601714,0.600514,0.106642,0,PSF-00578_20260720172150_550,PFA-00612,PSA-00572,PSF-00578,RHS-0697,3.0.0,2026-06-15T15:17:51.144Z
40,17:22:01,2026-07-20,Rain_out,Climate_model,,Pl1-R1-M2-H3-P10,,,0.064943,2.916758,0.063528,3.164421,2.576036,2.491338,7.172112,4.596076,25.645826,26.517704,73.829697,0.441786,7.5,PSF-00578_20260720172201_0fa,0,0,0,94.530342,150.168304,0.370504,0.5,0.8,108.082077,1,32.76,31.69,41.1,39.38,39.38,97.14,156.1,153.7,1.6,729,3.83,-20,-34,348,,,,,,,,22:16:15,2026-07-20,39.208344,-96.593788,334.200012,17,0.71,17:21:30,2026-07-20,-0.29,1,0,0.001,-9999,1.517,8.665,-9999,1,150,0.005,2,0.058905,0,0.02923,0,0,-6.8e-05,standard,0,rectangular,7000,500,-9999,-9999,55537,55537,55537,0,-9999,0,0,0,0,2.448011,2.435495,1.642657,0.926543,0.145412,-0.021807,0.407793,0.716025,94.530342,0.000325,2.397709,-3e-05,1,2.383926,-2.4e-05,1,0.601714,0.600514,0.106642,0,PSF-00578_20260720172201_0fa,PFA-00612,PSA-00572,PSF-00578,RHS-0697,3.0.0,2026-06-15T15:17:51.144Z
41,17:22:18,2026-07-20,Rain_out,Climate_model,,Pl1-R1-M2-H3-P10,,,0.143004,2.916702,0.13632,5.738273,2.675778,2.522351,6.57022,3.894443,25.966002,27.545441,67.636261,0.441786,7.5,PSF-00578_20260720172218_27a,0,0,0,83.391663,264.183655,0.684342,0.5,0.8,45.809498,1,34.05,32.1,41.1,37.76,37.76,97.14,156.1,154,1.3,167,3.829,9,-63,139,,,,,,,,22:16:32,2026-07-20,39.208344,-96.593788,334.100006,17,0.71,17:21:30,2026-07-20,-0.29,1,0.004,0.004,-9999,-0.083,-0.534,-9999,1,150,0.005,2,0.058905,0,0.02923,0,0,-6.8e-05,standard,0,rectangular,7000,500,-9999,-9999,55537,55537,55537,0,-9999,0,0,0,0,2.44857,2.437203,1.642601,0.92734,0.14546,-0.042272,0.407988,0.246476,83.391663,0.000333,2.397709,-3e-05,1,2.383926,-2.4e-05,1,0.601714,0.600514,0.106642,0,PSF-00578_20260720172218_27a,PFA-00612,PSA-00572,PSF-00578,RHS-0697,3.0.0,2026-06-15T15:17:51.144Z
42,17:22:29,2026-07-20,Rain_out,Climate_model,,Pl1-R1-M2-H3-P10,,,0.170516,2.916687,0.161098,6.49154,2.683604,2.510042,6.414768,3.731164,25.838428,27.625078,66.033775,0.441786,7.5,PSF-00578_20260720172229_dfc,0,0,0,85.546021,267.988434,0.680785,0.5,0.8,45.11927,1,34.17,31.96,41.09,37.32,37.32,97.14,156.1,154.1,1.3,166,3.829,8,-70,137,,,,,,,,22:16:44,2026-07-20,39.20834,-96.593781,333.899994,18,0.7,17:21:30,2026-07-20,-0.29,1,0.002,0.004,-9999,0.505,0.61,-9999,1,150,0.005,2,0.058905,0,0.02923,0,0,-6.8e-05,standard,0,rectangular,7000,500,-9999,-9999,55537,55537,55537,0,-9999,0,0,0,0,2.44838,2.437359,1.642585,0.927573,0.145514,-0.047673,0.408056,0.245088,85.546021,0.000329,2.397709,-3e-05,1,2.383926,-2.4e-05,1,0.601714,0.600514,0.106642,0,PSF-00578_20260720172229_dfc,PFA-00612,PSA-00572,PSF-00578,RHS-0697,3.0.0,2026-06-15T15:17:51.144Z
43,17:22:42,2026-07-20,Rain_out,Climate_model,,Pl1-R1-M2-H3-P10,,,0.091055,2.916636,0.088298,3.62147,2.599305,2.502387,6.399153,3.799848,25.758896,26.756554,65.871162,0.441786,7.5,PSF-00578_20260720172242_d7b,0,0,0,77.986481,253.61824,0.692504,0.5,0.8,42.474354,1,33.12,31.89,41.07,37.27,37.27,97.15,156.1,154,1.3,153,3.828,-10,-64,223,,,,,,,,22:16:56,2026-07-20,39.208336,-96.593788,333.600006,18,0.7,17:21:30,2026-07-20,-0.29,1,0.001,-0.002,-9999,-0.065,-0.035,-9999,1,150,0.005,2,0.058905,0,0.02923,0,0,-6.8e-05,standard,0,rectangular,7000,500,-9999,-9999,55537,55537,55537,0,-9999,0,0,0,0,2.448288,2.435976,1.642534,0.927328,0.145607,-0.048016,0.408056,0.234767,77.986481,0.000314,2.397709,-3e-05,1,2.383926,-2.4e-05,1,0.601714,0.600514,0.106642,0,PSF-00578_20260720172242_d7b,PFA-00612,PSA-00572,PSF-00578,RHS-0697,3.0.0,2026-06-15T15:17:51.144Z
44,17:23:00,2026-07-20,Rain_out,Climate_model,,Pl1-R1-M2-H3-P10,,,0.106585,2.917062,0.102827,5.438179,2.604158,2.458679,7.475253,4.871095,25.309505,26.807056,76.949829,0.441786,7.5,PSF-00578_20260720172300_6de,0,0,0,99.474548,133.986359,0.257577,0.5,0.8,198.337128,1,33.21,31.35,41.05,40.15,40.15,97.14,156.1,154,1.4,1925,3.828,26,50,144,,,,,,,,22:17:15,2026-07-20,39.208344,-96.593788,333.600006,18,0.7,17:21:30,2026-07-20,-0.29,1,-0.001,0.001,-9999,0.028,-0.45,-9999,1,150,0.005,2,0.058905,0,0.02923,0,0,-6.8e-05,standard,0,rectangular,7000,500,-9999,-9999,55537,55537,55537,0,-9999,0,0,0,0,2.447566,2.436096,1.642968,0.927263,0.145691,-0.011241,0.40819,1.715162,99.474548,0.000306,2.397709,-3e-05,1,2.383926,-2.4e-05,1,0.601714,0.600514,0.106642,0,PSF-00578_20260720172300_6de,PFA-00612,PSA-00572,PSF-00578,RHS-0697,3.0.0,2026-06-15T15:17:51.144Z
45,17:23:12,2026-07-20,Rain_out,Climate_model,,Pl1-R1-M2-H3-P10,,,0.101757,2.916185,0.098326,4.938026,2.707119,2.575076,7.33354,4.626421,26.508371,27.867647,75.492996,0.441786,7.5,PSF-00578_20260720172312_b95,0,0,0,102.065918,139.263153,0.2671,0.5,0.8,192.501236,1,34.54,32.85,41.05,39.8,39.8,97.14,156,154,1.3,1802,3.793,22,50,167,,,,,,,,22:17:25,2026-07-20,39.208344,-96.593781,333.799988,18,0.7,17:21:30,2026-07-20,-0.29,1,-0.001,0,-9999,-1.235,-2.088,-9999,1,150,0.005,2,0.058905,0,0.02923,0,0,-6.8e-05,standard,0,rectangular,7000,500,-9999,-9999,55537,55537,55537,0,-9999,0,0,0,0,2.449607,2.43786,1.642073,0.927437,0.145741,-0.015723,0.408266,1.612169,102.065918,0.000298,2.397709,-3e-05,1,2.383926,-2.4e-05,1,0.601714,0.600514,0.106642,0,PSF-00578_20260720172312_b95,PFA-00612,PSA-00572,PSF-00578,RHS-0697,3.0.0,2026-06-15T15:17:51.144Z
46,17:23:21,2026-07-20,Rain_out,Climate_model,,Pl1-R1-M2-H3-P10,,,0.047472,2.916479,0.046712,2.561678,2.584727,2.516158,7.631585,5.046858,25.903051,26.608948,78.564766,0.441786,7.5,PSF-00578_20260720172321_edf,0,0,0,100.488068,135.687592,0.259416,0.5,0.8,127.222656,1,32.99,32.12,41.04,40.54,40.54,97.14,156.1,153.9,1.4,1226,3.823,15,51,149,,,,,,,,22:17:35,2026-07-20,39.20834,-96.593781,333.600006,18,0.7,17:21:30,2026-07-20,-0.29,1,-0.002,-0.003,-9999,-2.548,-4.886,-9999,1,150,0.005,2,0.058905,0,0.02923,0,0,-6.8e-05,standard,0,rectangular,7000,500,-9999,-9999,55537,55537,55537,0,-9999,0,0,0,0,2.448609,2.435811,1.642373,0.927007,0.145791,-0.006003,0.408303,1.131108,100.488068,0.000304,2.397709,-3e-05,1,2.383926,-2.4e-05,1,0.601714,0.600514,0.106642,0,PSF-00578_20260720172321_edf,PFA-00612,PSA-00572,PSF-00578,RHS-0697,3.0.0,2026-06-15T15:17:51.144Z
47,17:23:35,2026-07-20,Rain_out,Climate_model,,Pl1-R1-M2-H3-P10,,,0.077983,2.917655,0.075953,3.325006,2.607956,2.519053,6.657833,4.049877,25.931194,26.846363,68.535889,0.441786,7.5,PSF-00578_20260720172335_154,0,0,0,88.200333,194.084641,0.545557,0.5,0.8,156.847595,1,33.3,32.17,41.03,38,38,97.14,156.2,153.7,1.6,719,3.826,-12,-48,280,,,,,,,,22:17:50,2026-07-20,39.208347,-96.593773,333.299988,17,0.72,17:21:30,2026-07-20,-0.29,1,-0.002,-0.004,-9999,-0.064,0.071,-9999,1,150,0.005,2,0.058905,0,0.02923,0,0,-6.8e-05,standard,0,rectangular,7000,500,-9999,-9999,55537,55537,55537,0,-9999,0,0,0,0,2.448674,2.43622,1.643573,0.926715,0.145825,-0.038342,0.408437,0.707217,88.200333,0.000291,2.397709,-3e-05,1,2.383926,-2.4e-05,1,0.601714,0.600514,0.106642,0,PSF-00578_20260720172335_154,PFA-00612,PSA-00572,PSF-00578,RHS-0697,3.0.0,2026-06-15T15:17:51.144Z
48,17:23:46,2026-07-20,Rain_out,Climate_model,,Pl1-R1-M2-H3-P10,,,0.071298,2.916132,0.069597,3.120297,2.669881,2.586406,6.812649,4.142769,26.624521,27.483812,70.129562,0.441786,7.5,PSF-00578_20260720172346_42b,0,0,0,95.622543,179.587128,0.467542,0.5,0.8,188.807281,1,34.1,33.03,41.03,38.43,38.43,97.14,156,153.6,1.5,1010,3.827,-14,-46,297,,,,,,,,22:17:57,2026-07-20,39.208355,-96.593773,333.200012,18,0.7,17:21:30,2026-07-20,-0.29,1,0.002,0.003,-9999,-0.708,-2.183,-9999,1,150,0.005,2,0.058905,0,0.02923,0,0,-6.8e-05,standard,0,rectangular,7000,500,-9999,-9999,55537,55537,55537,0,-9999,0,0,0,0,2.44985,2.437279,1.642019,0.926443,0.145845,-0.03293,0.408447,0.950224,95.622543,0.000312,2.397709,-3e-05,1,2.383926,-2.4e-05,1,0.601714,0.600514,0.106642,0,PSF-00578_20260720172346_42b,PFA-00612,PSA-00572,PSF-00578,RHS-0697,3.0.0,2026-06-15T15:17:51.144Z
49,17:23:59,2026-07-20,Rain_out,Climate_model,,Pl1-R1-M2-H3-P10,,,0.043519,2.916602,0.042879,2.145217,2.586015,2.528597,7.201162,4.615148,26.029633,26.620705,74.129509,0.441786,7.5,PSF-00578_20260720172359_dbb,0,0,0,105.548859,215.27803,0.509709,0.5,0.8,160.495453,1,33.05,32.31,41.02,39.46,39.46,97.14,156.1,153.9,1.4,787,3.826,-9,-46,293,,,,,,,,22:18:13,2026-07-20,39.208363,-96.593773,332.5,18,0.7,17:21:30,2026-07-20,-0.29,1,0,0,-9999,-1.38,-2.364,-9999,1,150,0.005,2,0.058905,0,0.02923,0,0,-6.8e-05,standard,0,rectangular,7000,500,-9999,-9999,55537,55537,55537,0,-9999,0,0,0,0,2.448876,2.435884,1.642499,0.927076,0.145907,-0.019687,0.408473,0.764406,105.548859,0.0003,2.397709,-3e-05,1,2.383926,-2.4e-05,1,0.601714,0.600514,0.106642,0,PSF-00578_20260720172359_dbb,PFA-00612,PSA-00572,PSF-00578,RHS-0697,3.0.0,2026-06-15T15:17:51.144Z
50,17:24:12,2026-07-20,Rain_out,Climate_model,,Pl1-R1-M2-H3-P10,,,0.053635,2.917086,0.052667,2.459963,2.510884,2.445014,6.830107,4.319223,25.169161,25.847235,70.309647,0.441786,7.5,PSF-00578_20260720172412_241,0,0,0,133.227829,258.271698,0.484156,0.5,0.8,145.271179,1,32.11,31.26,41,38.47,38.47,97.14,156.1,153.7,1.5,750,3.792,-5,-44,291,,,,,,,,22:18:25,2026-07-20,39.208359,-96.593773,332.5,16,0.72,17:21:30,2026-07-20,-0.29,1,0.001,0,-9999,-2.13,7.77,-9999,1,150,0.005,2,0.058905,0,0.02923,0,0,-6.8e-05,standard,0,rectangular,7000,500,-9999,-9999,55537,55537,55537,0,-9999,0,0,0,0,2.447446,2.434628,1.642992,0.926697,0.145967,-0.032048,0.408327,0.733434,133.227829,0.000304,2.397709,-3e-05,1,2.383926,-2.4e-05,1,0.601714,0.600514,0.106642,0,PSF-00578_20260720172412_241,PFA-00612,PSA-00572,PSF-00578,RHS-0697,3.0.0,2026-06-15T15:17:51.144Z
51,17:24:22,2026-07-20,Rain_out,Climate_model,,Pl1-R1-M2-H3-P10,,,0.048942,2.916605,0.048135,2.044602,2.514029,2.459263,6.449942,3.935913,25.316032,25.879808,66.396706,0.441786,7.5,PSF-00578_20260720172422_a44,0,0,0,75.38652,249.31311,0.697623,0.5,0.8,63.475452,1,32.16,31.46,40.99,37.42,37.42,97.14,156.1,153.9,1.4,227,3.821,-5,-53,284,,,,,,,,22:18:37,2026-07-20,39.20837,-96.593781,332.799988,18,0.7,17:21:30,2026-07-20,-0.29,1,0,0.001,-9999,-0.008,0.277,-9999,1,150,0.005,2,0.058905,0,0.02923,0,0,-6.8e-05,standard,0,rectangular,7000,500,-9999,-9999,55537,55537,55537,0,-9999,0,0,0,0,2.447722,2.434709,1.642502,0.927042,0.146028,-0.04521,0.408348,0.296712,75.38652,0.00032,2.397709,-3e-05,1,2.383926,-2.4e-05,1,0.601714,0.600514,0.106642,0,PSF-00578_20260720172422_a44,PFA-00612,PSA-00572,PSF-00578,RHS-0697,3.0.0,2026-06-15T15:17:51.144Z
52,17:24:37,2026-07-20,Rain_out,Climate_model,,Pl1-R1-M2-H3-P10,,,0.152591,2.916984,0.145006,5.654782,2.668895,2.51771,6.282813,3.613919,25.916298,27.47253,64.67276,0.441786,7.5,PSF-00578_20260720172437_3e5,0,0,0,83.773613,158.126587,0.470212,0.5,0.8,209.575607,1,34.17,32.24,40.98,36.94,36.94,97.15,156.1,153.9,1.4,1114,3.825,-10,-9,25,,,,,,,,22:18:51,2026-07-20,39.208363,-96.593781,332.600006,18,0.7,17:21:30,2026-07-20,-0.29,1,0.001,0.004,-9999,0.375,1.019,-9999,1,150,0.005,2,0.058905,0,0.02923,0,0,-6.8e-05,standard,0,rectangular,7000,500,-9999,-9999,55537,55537,55537,0,-9999,0,0,0,0,2.448779,2.437385,1.642888,0.927089,0.146114,-0.05103,0.408499,1.0377,83.773613,0.000315,2.397709,-3e-05,1,2.383926,-2.4e-05,1,0.601714,0.600514,0.106642,0,PSF-00578_20260720172437_3e5,PFA-00612,PSA-00572,PSF-00578,RHS-0697,3.0.0,2026-06-15T15:17:51.144Z
53,17:24:48,2026-07-20,Rain_out,Climate_model,,Pl1-R1-M2-H3-P10,,,0.103028,2.917253,0.099513,3.915881,2.704473,2.599843,6.349079,3.644605,26.762157,27.839197,65.355881,0.441786,7.5,PSF-00578_20260720172448_253,0,0,0,84.642288,180.069565,0.529947,0.5,0.8,179.93631,1,34.66,33.32,40.96,37.13,37.13,97.15,156.2,153.6,1.6,849,3.825,-11,0,25,,,,,,,,22:19:00,2026-07-20,39.208363,-96.593781,332.600006,18,0.7,17:21:30,2026-07-20,-0.29,1,-0.002,-0.002,-9999,0.396,1.123,-9999,1,150,0.005,2,0.058905,0,0.02923,0,0,-6.8e-05,standard,0,rectangular,7000,500,-9999,-9999,55537,55537,55537,0,-9999,0,0,0,0,2.450248,2.438032,1.643164,0.926405,0.146209,-0.048406,0.408592,0.815919,84.642288,0.000313,2.397709,-3e-05,1,2.383926,-2.4e-05,1,0.601714,0.600514,0.106642,0,PSF-00578_20260720172448_253,PFA-00612,PSA-00572,PSF-00578,RHS-0697,3.0.0,2026-06-15T15:17:51.144Z
54,17:25:00,2026-07-20,Rain_out,Climate_model,,Pl1-R1-M2-H3-P10,,,0.051103,2.917492,0.050224,1.997844,2.682682,2.629301,6.366892,3.68421,27.066574,27.616091,65.542114,0.441786,7.5,PSF-00578_20260720172500_d18,0,0,0,77.777267,220.52121,0.647303,0.5,0.8,248.119553,1,34.42,33.73,40.94,37.18,37.18,97.14,156.2,153.4,1.8,958,3.825,-12,15,36,,,,,,,,22:19:14,2026-07-20,39.208359,-96.593781,332.600006,18,0.7,17:21:30,2026-07-20,-0.29,1,0.002,0.004,-9999,-0.188,-0.15,-9999,1,150,0.005,2,0.058905,0,0.02923,0,0,-6.8e-05,standard,0,rectangular,7000,500,-9999,-9999,55537,55537,55537,0,-9999,0,0,0,0,2.450808,2.437713,1.643408,0.925943,0.146319,-0.047508,0.408693,0.907367,77.777267,0.000322,2.397709,-3e-05,1,2.383926,-2.4e-05,1,0.601714,0.600514,0.106642,0,PSF-00578_20260720172500_d18,PFA-00612,PSA-00572,PSF-00578,RHS-0697,3.0.0,2026-06-15T15:17:51.144Z
55,17:25:10,2026-07-20,Rain_out,Climate_model,,Pl1-R1-M2-H3-P10,,,0.085482,2.917542,0.083048,3.372136,2.67314,2.583029,6.432808,3.759669,26.589281,27.516865,66.218285,0.441786,7.5,PSF-00578_20260720172510_e39,0,0,0,84.74028,252.544647,0.664454,0.5,0.8,194.339752,1,34.33,33.17,40.92,37.37,37.37,97.15,156.2,154,1.4,731,3.825,-12,32,33,,,,,,,,22:19:25,2026-07-20,39.208359,-96.593788,332.5,18,0.7,17:21:30,2026-07-20,-0.29,1,0,-0.001,-9999,-0.418,-0.615,-9999,1,150,0.005,2,0.058905,0,0.02923,0,0,-6.8e-05,standard,0,rectangular,7000,500,-9999,-9999,55537,55537,55537,0,-9999,0,0,0,0,2.450052,2.437597,1.643458,0.927316,0.146421,-0.044904,0.408742,0.717621,84.74028,0.000323,2.397709,-3e-05,1,2.383926,-2.4e-05,1,0.601714,0.600514,0.106642,0,PSF-00578_20260720172510_e39,PFA-00612,PSA-00572,PSF-00578,RHS-0697,3.0.0,2026-06-15T15:17:51.144Z
56,17:25:33,2026-07-20,Rain_out,Climate_model,,Pl1-R1-M2-H3-P10,,,0.033793,2.915929,0.033406,1.562677,2.594774,2.552927,6.91683,4.322055,26.278059,26.708813,71.197052,0.441786,7.5,PSF-00578_20260720172533_6ad,0,0,0,101.520538,162.01329,0.373381,0.5,0.8,205.374176,1,33.33,32.8,40.92,38.71,38.71,97.15,156,153.8,1.4,1375,3.825,-31,-8,257,,,,,,,,22:19:48,2026-07-20,39.208355,-96.593781,332.5,18,0.7,17:21:30,2026-07-20,-0.29,1,0,-0.002,-9999,-3.505,0.871,-9999,1,150,0.005,2,0.058905,0,0.02923,0,0,-6.8e-05,standard,0,rectangular,7000,500,-9999,-9999,55537,55537,55537,0,-9999,0,0,0,0,2.449544,2.436277,1.641812,0.926781,0.146455,-0.027947,0.408878,1.255649,101.520538,0.000313,2.397709,-3e-05,1,2.383926,-2.4e-05,1,0.601714,0.600514,0.106642,0,PSF-00578_20260720172533_6ad,PFA-00612,PSA-00572,PSF-00578,RHS-0697,3.0.0,2026-06-15T15:17:51.144Z
57,17:25:44,2026-07-20,Rain_out,Climate_model,,Pl1-R1-M2-H3-P10,,,0.04876,2.917041,0.047959,2.096731,2.592529,2.536428,6.638093,4.045564,26.108501,26.685976,68.328644,0.441786,7.5,PSF-00578_20260720172544_d12,0,0,0,77.251198,261.655212,0.70476,0.5,0.8,30.736004,1,33.31,32.59,40.91,37.95,37.95,97.15,156.1,149.5,4.3,109,3.824,-18,-11,232,,,,,,,,22:19:58,2026-07-20,39.208351,-96.593773,332.700012,17,0.75,17:21:30,2026-07-20,-0.29,1,0.002,0.004,-9999,-0.419,-0.255,-9999,1,150,0.005,2,0.058905,0,0.02923,0,0,-6.8e-05,standard,0,rectangular,7000,500,-9999,-9999,55537,55537,55537,0,-9999,0,0,0,0,2.449271,2.436254,1.642946,0.916098,0.146488,-0.037487,0.408825,0.197746,77.251198,0.00032,2.397709,-3e-05,1,2.383926,-2.4e-05,1,0.601714,0.600514,0.106642,0,PSF-00578_20260720172544_d12,PFA-00612,PSA-00572,PSF-00578,RHS-0697,3.0.0,2026-06-15T15:17:51.144Z
58,17:25:54,2026-07-20,Rain_out,Climate_model,,Pl1-R1-M2-H3-P10,,,0.010407,2.916267,0.01037,0.448485,2.527878,2.515863,6.533409,4.005531,25.897018,26.020699,67.251602,0.441786,7.5,PSF-00578_20260720172554_50f,0,0,0,86.975098,300.933136,0.710982,0.5,0.8,15.826022,1,32.5,32.35,40.9,37.65,37.65,97.15,156,153.7,1.5,56,3.824,-16,-39,250,,,,,,,,22:20:08,2026-07-20,39.208355,-96.593773,332.600006,16,0.73,17:21:30,2026-07-20,-0.29,1,-0.001,0.001,-9999,0.39,1.04,-9999,1,150,0.005,2,0.058905,0,0.02923,0,0,-6.8e-05,standard,0,rectangular,7000,500,-9999,-9999,55537,55537,55537,0,-9999,0,0,0,0,2.448938,2.435172,1.642157,0.926625,0.146545,-0.041035,0.408829,0.153141,86.975098,0.000325,2.397709,-3e-05,1,2.383926,-2.4e-05,1,0.601714,0.600514,0.106642,0,PSF-00578_20260720172554_50f,PFA-00612,PSA-00572,PSF-00578,RHS-0697,3.0.0,2026-06-15T15:17:51.144Z
59,17:26:15,2026-07-20,Rain_out,Climate_model,,Pl1-R1-M2-H3-P10,,,0.008072,2.916191,0.00805,0.354927,2.534258,2.524749,6.616091,4.081833,25.987888,26.085766,68.101112,0.441786,7.5,PSF-00578_20260720172615_e00,0,0,0,83.502533,271.324036,0.692241,0.5,0.8,21.321602,1,32.61,32.49,40.88,37.89,37.89,97.15,156,153.7,1.5,77,3.785,-39,25,12,,,,,,,,22:20:29,2026-07-20,39.208351,-96.593765,332.899994,17,0.71,17:21:30,2026-07-20,-0.29,1,0,-0.001,-9999,0.261,0.552,-9999,1,150,0.005,2,0.058905,0,0.02923,0,0,-6.8e-05,standard,0,rectangular,7000,500,-9999,-9999,55537,55537,55537,0,-9999,0,0,0,0,2.449138,2.435325,1.642079,0.926726,0.146646,-0.037889,0.409046,0.170984,83.502533,0.00033,2.397709,-3e-05,1,2.383926,-2.4e-05,1,0.601714,0.600514,0.106642,0,PSF-00578_20260720172615_e00,PFA-00612,PSA-00572,PSF-00578,RHS-0697,3.0.0,2026-06-15T15:17:51.144Z
60,17:26:30,2026-07-20,Rain_out,Climate_model,,Pl1-R1-M2-H3-P10,,,0.165993,2.917133,0.157056,5.873671,2.690223,2.53324,6.157965,3.467742,26.076023,27.691938,63.387306,0.441786,7.5,PSF-00578_20260720172630_e20,0,0,0,86.403969,197.125549,0.56168,0.5,0.8,26.786352,1,34.66,32.64,40.86,36.57,36.57,97.15,156.1,153.9,1.5,119,3.823,-16,28,90,,,,,,,,22:20:45,2026-07-20,39.208347,-96.593765,332.799988,18,0.7,17:21:30,2026-07-20,-0.29,1,0.003,0.004,0.013,0.328,-0.084,1.433,1,150,0.005,2,0.058905,0,0.02923,0,0,-6.8e-05,standard,0,rectangular,7000,500,-9999,-9999,55537,55537,55537,0,-9999,0,0,0,0,2.449341,2.438048,1.643041,0.92702,0.14677,-0.054072,0.409051,0.206264,86.403969,0.000328,2.397709,-3e-05,1,2.383926,-2.4e-05,1,0.601714,0.600514,0.106642,0,PSF-00578_20260720172630_e20,PFA-00612,PSA-00572,PSF-00578,RHS-0697,3.0.0,2026-06-15T15:17:51.144Z
61,17:26:43,2026-07-20,Rain_out,Climate_model,,Pl1-R1-M2-H3-P10,,,0.066178,2.915987,0.06471,2.721806,2.624845,2.551987,6.518653,3.893808,26.269804,27.019798,67.102127,0.441786,7.5,PSF-00578_20260720172643_b57,0,0,0,92.446449,274.629944,0.663378,0.5,0.8,175.596817,1,33.85,32.91,40.84,37.61,37.61,97.15,156,153.7,1.5,662,3.822,0,47,122,,,,,,,,22:20:57,2026-07-20,39.208347,-96.593758,332.899994,18,0.7,17:21:30,2026-07-20,-0.29,1,0.001,0.001,-9999,-0.21,-0.314,-9999,1,150,0.005,2,0.058905,0,0.02923,0,0,-6.8e-05,standard,0,rectangular,7000,500,-9999,-9999,55537,55537,55537,0,-9999,0,0,0,0,2.449712,2.436976,1.641872,0.926537,0.146866,-0.040814,0.409069,0.659591,92.446449,0.000324,2.397709,-3e-05,1,2.383926,-2.4e-05,1,0.601714,0.600514,0.106642,0,PSF-00578_20260720172643_b57,PFA-00612,PSA-00572,PSF-00578,RHS-0697,3.0.0,2026-06-15T15:17:51.144Z
63,17:27:24,2026-07-20,Rain_out,Climate_model,,Pl1-R1-M2-H3-P10,,,0.05835,2.916159,0.057205,2.648785,2.535861,2.464903,6.81729,4.281428,25.374224,26.104685,70.178604,0.441786,7.5,PSF-00578_20260720172724_411,0,0,0,75.557114,246.173508,0.693074,0.5,0.8,227.45015,1,32.74,31.83,40.82,38.44,38.44,97.14,156,153.9,1.4,820,3.821,-7,-50,297,,,,,,,,22:21:39,2026-07-20,39.20834,-96.593758,333.200012,18,0.7,17:21:30,2026-07-20,-0.29,1,0.001,0.002,-9999,0.067,-0.01,-9999,1,150,0.005,2,0.058905,0,0.02923,0,0,-6.8e-05,standard,0,rectangular,7000,500,-9999,-9999,55537,55537,55537,0,-9999,0,0,0,0,2.448244,2.435507,1.642047,0.927108,0.146999,-0.030089,0.409092,0.792188,75.557114,0.000313,2.397709,-3e-05,1,2.383926,-2.4e-05,1,0.601714,0.600514,0.106642,0,PSF-00578_20260720172724_411,PFA-00612,PSA-00572,PSF-00578,RHS-0697,3.0.0,2026-06-15T15:17:51.144Z
64,17:27:40,2026-07-20,Rain_out,Climate_model,,Pl1-R1-M2-H3-P10,,,0.062184,2.915818,0.060885,2.624508,2.62339,2.553125,6.611916,3.988526,26.281183,27.004475,68.061295,0.441786,7.5,PSF-00578_20260720172740_24e,0,0,0,79.567551,246.778961,0.677576,0.5,0.8,182.996872,1,33.88,32.97,40.82,37.87,37.87,97.15,156,153.9,1.3,675,3.821,-4,-45,284,,,,,,,,22:21:54,2026-07-20,39.20834,-96.593758,333.299988,18,0.7,17:21:30,2026-07-20,-0.29,1,0.002,0,-9999,0.038,0.331,-9999,1,150,0.005,2,0.058905,0,0.02923,0,0,-6.8e-05,standard,0,rectangular,7000,500,-9999,-9999,55537,55537,55537,0,-9999,0,0,0,0,2.449797,2.437016,1.641699,0.927163,0.147011,-0.03719,0.409018,0.670819,79.567551,0.000308,2.397709,-3e-05,1,2.383926,-2.4e-05,1,0.601714,0.600514,0.106642,0,PSF-00578_20260720172740_24e,PFA-00612,PSA-00572,PSF-00578,RHS-0697,3.0.0,2026-06-15T15:17:51.144Z
65,17:27:50,2026-07-20,Rain_out,Climate_model,,Pl1-R1-M2-H3-P10,,,0.038141,2.916353,0.037649,1.631883,2.619318,2.575646,6.629597,4.010279,26.513618,26.963182,68.244873,0.441786,7.5,PSF-00578_20260720172750_d54,0,0,0,77.695015,250.162476,0.689422,0.5,0.8,89.227341,1,33.84,33.28,40.81,37.92,37.92,97.14,156,153.6,1.6,324,3.816,-1,-55,271,,,,,,,,22:22:05,2026-07-20,39.208336,-96.593765,333.399994,17,0.72,17:21:30,2026-07-20,-0.29,1,-0.001,0.002,-9999,0.022,0.244,-9999,1,150,0.005,2,0.058905,0,0.02923,0,0,-6.8e-05,standard,0,rectangular,7000,500,-9999,-9999,55537,55537,55537,0,-9999,0,0,0,0,2.450211,2.436967,1.642244,0.926382,0.147057,-0.036464,0.409058,0.377002,77.695015,0.000323,2.397709,-3e-05,1,2.383926,-2.4e-05,1,0.601714,0.600514,0.106642,0,PSF-00578_20260720172750_d54,PFA-00612,PSA-00572,PSF-00578,RHS-0697,3.0.0,2026-06-15T15:17:51.144Z
66,17:28:02,2026-07-20,Rain_out,Climate_model,,Pl1-R1-M2-H3-P10,,,0.074157,2.915417,0.072318,3.026168,2.710227,2.629256,6.581004,3.870777,27.064653,27.898134,67.742569,0.441786,7.5,PSF-00578_20260720172802_a96,0,0,0,78.175667,258.092163,0.697102,0.5,0.8,65.079605,1,35.03,33.99,40.8,37.79,37.79,97.15,155.9,153.7,1.4,233,3.816,-1,-62,267,,,,,,,,22:22:12,2026-07-20,39.20834,-96.593758,333.299988,18,0.7,17:21:30,2026-07-20,-0.29,1,-0.001,0,-9999,0.377,0.159,-9999,1,150,0.005,2,0.058905,0,0.02923,0,0,-6.8e-05,standard,0,rectangular,7000,500,-9999,-9999,55537,55537,55537,0,-9999,0,0,0,0,2.451171,2.438546,1.641291,0.926539,0.147111,-0.038043,0.409017,0.301662,78.175667,0.000315,2.397709,-3e-05,1,2.383926,-2.4e-05,1,0.601714,0.600514,0.106642,0,PSF-00578_20260720172802_a96,PFA-00612,PSA-00572,PSF-00578,RHS-0697,3.0.0,2026-06-15T15:17:51.144Z
67,17:28:12,2026-07-20,Rain_out,Climate_model,,Pl1-R1-M2-H3-P10,,,0.038952,2.916844,0.038438,1.688477,2.59492,2.549734,6.65935,4.06443,26.244112,26.709206,68.543915,0.441786,7.5,PSF-00578_20260720172812_0df,0,0,0,74.947716,250.283005,0.700548,0.5,0.8,68.557755,1,33.55,32.97,40.79,38.01,38.01,97.15,156.1,153.6,1.6,245,3.81,-4,-60,270,,,,,,,,22:22:27,2026-07-20,39.208336,-96.593758,333.100006,17,0.7,17:21:30,2026-07-20,-0.29,1,0,0,-9999,-0.003,0.239,-9999,1,150,0.005,2,0.058905,0,0.02923,0,0,-6.8e-05,standard,0,rectangular,7000,500,-9999,-9999,55537,55537,55537,0,-9999,0,0,0,0,2.449795,2.436585,1.642745,0.926444,0.147139,-0.035234,0.409123,0.311074,74.947716,0.000319,2.397709,-3e-05,1,2.383926,-2.4e-05,1,0.601714,0.600514,0.106642,0,PSF-00578_20260720172812_0df,PFA-00612,PSA-00572,PSF-00578,RHS-0697,3.0.0,2026-06-15T15:17:51.144Z
68,17:28:22,2026-07-20,Rain_out,Climate_model,,Pl1-R1-M2-H3-P10,,,0.041903,2.917063,0.04131,1.791171,2.60117,2.553249,6.613746,4.012576,26.281584,26.774847,68.07785,0.441786,7.5,PSF-00578_20260720172822_5df,0,0,0,78.205345,254.246948,0.692404,0.5,0.8,76.811317,1,33.64,33.02,40.79,37.88,37.88,97.15,156.1,153.8,1.5,277,3.815,0,-52,264,,,,,,,,22:22:35,2026-07-20,39.208336,-96.593758,333.100006,17,0.7,17:21:30,2026-07-20,-0.29,1,0,0.002,-9999,0.203,0.319,-9999,1,150,0.005,2,0.058905,0,0.02923,0,0,-6.8e-05,standard,0,rectangular,7000,500,-9999,-9999,55537,55537,55537,0,-9999,0,0,0,0,2.449868,2.436704,1.64297,0.92693,0.147164,-0.036771,0.409039,0.338379,78.205345,0.000319,2.397709,-3e-05,1,2.383926,-2.4e-05,1,0.601714,0.600514,0.106642,0,PSF-00578_20260720172822_5df,PFA-00612,PSA-00572,PSF-00578,RHS-0697,3.0.0,2026-06-15T15:17:51.144Z
69,17:28:31,2026-07-20,Rain_out,Climate_model,,Pl1-R1-M2-H3-P10,,,0.04447,2.916323,0.043802,1.880658,2.583644,2.53329,6.558617,3.974973,26.0758,26.594105,67.509506,0.441786,7.5,PSF-00578_20260720172831_6b7,0,0,0,78.892708,251.931305,0.686848,0.5,0.8,61.37693,1,33.42,32.77,40.79,37.72,37.72,97.15,156,153.9,1.4,223,3.815,-3,-37,271,,,,,,,,22:22:45,2026-07-20,39.208332,-96.593765,333,18,0.7,17:21:30,2026-07-20,-0.29,1,0,0.001,-9999,0.053,0.241,-9999,1,150,0.005,2,0.058905,0,0.02923,0,0,-6.8e-05,standard,0,rectangular,7000,500,-9999,-9999,55537,55537,55537,0,-9999,0,0,0,0,2.449527,2.436411,1.642214,0.927062,0.147184,-0.038664,0.408998,0.293312,78.892708,0.000314,2.397709,-3e-05,1,2.383926,-2.4e-05,1,0.601714,0.600514,0.106642,0,PSF-00578_20260720172831_6b7,PFA-00612,PSA-00572,PSF-00578,RHS-0697,3.0.0,2026-06-15T15:17:51.144Z
70,17:28:46,2026-07-20,Rain_out,Climate_model,,Pl1-R1-M2-H3-P10,,,0.107261,2.91608,0.103456,4.205262,2.632013,2.519457,6.397422,3.765409,25.93388,27.09247,65.851479,0.441786,7.5,PSF-00578_20260720172846_34d,0,0,0,87.184669,284.567719,0.693624,0.5,0.8,38.476627,1,34.05,32.6,40.78,37.27,37.27,97.15,156,154,1.3,139,3.819,-9,66,3,,,,,,,,22:23:00,2026-07-20,39.208332,-96.593773,333.100006,18,0.7,17:21:30,2026-07-20,-0.29,1,0.003,0.005,-9999,0.102,0.46,-9999,1,150,0.005,2,0.058905,0,0.02923,0,0,-6.8e-05,standard,0,rectangular,7000,500,-9999,-9999,55537,55537,55537,0,-9999,0,0,0,0,2.449292,2.437251,1.641966,0.927424,0.147203,-0.044357,0.409081,0.22252,87.184669,0.000326,2.397709,-3e-05,1,2.383926,-2.4e-05,1,0.601714,0.600514,0.106642,0,PSF-00578_20260720172846_34d,PFA-00612,PSA-00572,PSF-00578,RHS-0697,3.0.0,2026-06-15T15:17:51.144Z
71,17:28:56,2026-07-20,Rain_out,Climate_model,,Pl1-R1-M2-H3-P10,,,0.072654,2.918141,0.070889,2.990349,2.545407,2.465425,6.453727,3.90832,25.377506,26.200794,66.430542,0.441786,7.5,PSF-00578_20260720172856_07e,0,0,0,81.053139,242.688065,0.666019,0.5,0.8,36.557884,1,32.93,31.9,40.78,37.43,37.43,97.15,156.3,153.9,1.5,137,3.819,0,59,8,,,,,,,,22:23:07,2026-07-20,39.208328,-96.593781,333.100006,19,0.63,17:21:30,2026-07-20,-0.29,1,-0.001,-0.001,-9999,-0.114,0.147,-9999,1,150,0.005,2,0.058905,0,0.02923,0,0,-6.8e-05,standard,0,rectangular,7000,500,-9999,-9999,55537,55537,55537,0,-9999,0,0,0,0,2.448345,2.435765,1.644072,0.927246,0.147211,-0.042323,0.409073,0.221305,81.053139,0.000318,2.397709,-3e-05,1,2.383926,-2.4e-05,1,0.601714,0.600514,0.106642,0,PSF-00578_20260720172856_07e,PFA-00612,PSA-00572,PSF-00578,RHS-0697,3.0.0,2026-06-15T15:17:51.144Z
72,17:29:06,2026-07-20,Rain_out,Climate_model,,Pl1-R1-M2-H3-P10,,,0.131676,2.916533,0.125987,5.920532,2.648473,2.490093,6.987355,4.338882,25.631884,27.26218,71.924667,0.441786,7.5,PSF-00578_20260720172906_a81,0,0,0,100.937965,143.749237,0.297819,0.5,0.8,213.377167,1,34.28,32.23,40.77,38.9,38.9,97.15,156.1,154,1.3,1791,3.819,-8,-58,353,,,,,,,,22:23:20,2026-07-20,39.208332,-96.593781,333.299988,19,0.63,17:21:30,2026-07-20,-0.29,1,0,0,-9999,-0.759,-1.487,-9999,1,150,0.005,2,0.058905,0,0.02923,0,0,-6.8e-05,standard,0,rectangular,7000,500,-9999,-9999,55537,55537,55537,0,-9999,0,0,0,0,2.448799,2.437556,1.642428,0.927332,0.147254,-0.023709,0.409077,1.603308,100.937965,0.000305,2.397709,-3e-05,1,2.383926,-2.4e-05,1,0.601714,0.600514,0.106642,0,PSF-00578_20260720172906_a81,PFA-00612,PSA-00572,PSF-00578,RHS-0697,3.0.0,2026-06-15T15:17:51.144Z
73,17:29:21,2026-07-20,Rain_out,Climate_model,,Pl1-R1-M2-H3-P10,,,0.099078,2.915522,0.095822,3.95753,2.537312,2.43124,6.3656,3.828288,25.027178,26.119085,65.527466,0.441786,7.5,PSF-00578_20260720172921_3d9,0,0,0,88.162422,221.807602,0.602527,0.5,0.8,172.812317,1,32.85,31.48,40.77,37.18,37.18,97.14,155.9,153.9,1.3,717,3.818,-13,58,42,,,,,,,,22:23:35,2026-07-20,39.208328,-96.593773,333.399994,19,0.63,17:21:30,2026-07-20,-0.29,1,0.002,0,-9999,0.089,0.622,-9999,1,150,0.005,2,0.058905,0,0.02923,0,0,-6.8e-05,standard,0,rectangular,7000,500,-9999,-9999,55537,55537,55537,0,-9999,0,0,0,0,2.447776,2.43566,1.641398,0.927225,0.14729,-0.045299,0.409177,0.705781,88.162422,0.000314,2.397709,-3e-05,1,2.383926,-2.4e-05,1,0.601714,0.600514,0.106642,0,PSF-00578_20260720172921_3d9,PFA-00612,PSA-00572,PSF-00578,RHS-0697,3.0.0,2026-06-15T15:17:51.144Z
74,17:29:42,2026-07-20,Rain_out,Climate_model,,Pl1-R1-M2-H3-P10,,,0.022096,2.915437,0.02193,0.942115,2.545655,2.520402,6.524519,3.978864,25.942808,26.202738,67.157669,0.441786,7.5,PSF-00578_20260720172942_b0e,0,0,0,82.631706,284.50943,0.709564,0.5,0.8,10.289983,1,32.99,32.67,40.75,37.63,37.63,97.15,155.9,153.6,1.5,36,3.783,-23,-24,351,,,,,,,,22:23:57,2026-07-20,39.208332,-96.593773,333.299988,18,0.64,17:21:30,2026-07-20,-0.29,1,-0.001,-0.004,-9999,0.417,1.65,-9999,1,150,0.005,2,0.058905,0,0.02923,0,0,-6.8e-05,standard,0,rectangular,7000,500,-9999,-9999,55537,55537,55537,0,-9999,0,0,0,0,2.449391,2.435847,1.641312,0.92636,0.147388,-0.039398,0.409313,0.136936,82.631706,0.000328,2.397709,-3e-05,1,2.383926,-2.4e-05,1,0.601714,0.600514,0.106642,0,PSF-00578_20260720172942_b0e,PFA-00612,PSA-00572,PSF-00578,RHS-0697,3.0.0,2026-06-15T15:17:51.144Z
75,17:29:53,2026-07-20,Rain_out,Climate_model,,Pl1-R1-M2-H3-P10,,,0.025857,2.916085,0.025629,1.066919,2.611958,2.583395,6.467205,3.855247,26.591955,26.885962,66.569618,0.441786,7.5,PSF-00578_20260720172953_7a5,0,0,0,84.867599,281.952026,0.699,0.5,0.8,29.427063,1,33.87,33.5,40.74,37.47,37.47,97.15,156,153.8,1.4,105,3.818,-20,-29,346,,,,,,,,22:24:07,2026-07-20,39.208347,-96.593765,333.5,19,0.63,17:21:30,2026-07-20,-0.29,1,0,0.003,-9999,0.255,0.502,-9999,1,150,0.005,2,0.058905,0,0.02923,0,0,-6.8e-05,standard,0,rectangular,7000,500,-9999,-9999,55537,55537,55537,0,-9999,0,0,0,0,2.450522,2.437015,1.641971,0.926758,0.147444,-0.041306,0.409324,0.194585,84.867599,0.000321,2.397709,-3e-05,1,2.383926,-2.4e-05,1,0.601714,0.600514,0.106642,0,PSF-00578_20260720172953_7a5,PFA-00612,PSA-00572,PSF-00578,RHS-0697,3.0.0,2026-06-15T15:17:51.144Z
76,17:32:08,2026-07-20,Rain_out,Climate_model,,Pl7-R1-M2-H1-P08,,,0.018395,2.915837,0.01828,0.817329,2.726261,2.704403,6.855557,4.129296,27.838758,28.063759,70.570175,0.441786,7.5,PSF-00578_20260720173208_d60,0,0,0,87.611679,268.037079,0.673136,0.5,0.8,38.109917,1,35.29,35,40.77,38.54,38.54,97.15,156,153.7,1.4,142,3.808,-12,20,6,,,,,,,,22:26:23,2026-07-20,39.208336,-96.593872,334.600006,19,0.63,17:21:30,2026-07-20,-0.29,1,0.002,0.005,-9999,-0.564,-0.86,-9999,1,150,0.005,2,0.058905,0,0.02923,0,0,-6.8e-05,standard,0,rectangular,7000,500,-9999,-9999,55537,55537,55537,0,-9999,0,0,0,0,2.452541,2.438883,1.641719,0.926723,0.147247,-0.028205,0.410794,0.224909,87.611679,0.000322,2.397709,-3e-05,1,2.383926,-2.4e-05,1,0.601714,0.600514,0.106642,0,PSF-00578_20260720173208_d60,PFA-00612,PSA-00572,PSF-00578,RHS-0697,3.0.0,2026-06-15T15:17:51.144Z
77,17:32:38,2026-07-20,Rain_out,Climate_model,,Pl7-R1-M2-H1-P08,,,0.004779,2.917339,0.004771,0.218578,2.680342,2.6745,6.911087,4.230745,27.530945,27.591074,71.141792,0.441786,7.5,PSF-00578_20260720173238_363,0,0,0,82.644226,271.991364,0.696151,0.5,0.8,36.653191,1,34.7,34.63,40.77,38.69,38.69,97.15,156.2,153.6,1.6,132,3.814,-15,30,5,,,,,,,,22:26:50,2026-07-20,39.208336,-96.593872,335.100006,18,0.65,17:32:30,2026-07-20,-0.33,1,0.001,0.002,-9999,0.065,0.265,-9999,1,150,0.005,2,0.058905,0,0.02923,0,0,-6.8e-05,standard,0,rectangular,7000,500,-9999,-9999,55537,55537,55537,0,-9999,0,0,0,0,2.452035,2.438158,1.643251,0.926451,0.147276,-0.026243,0.411048,0.216628,82.644226,0.000318,2.397709,-3e-05,1,2.383926,-2.4e-05,1,0.601714,0.600514,0.106642,0,PSF-00578_20260720173238_363,PFA-00612,PSA-00572,PSF-00578,RHS-0697,3.0.0,2026-06-15T15:17:51.144Z
78,17:32:49,2026-07-20,Rain_out,Climate_model,,Pl7-R1-M2-H1-P08,,,0.007472,2.91665,0.007452,0.332052,2.696898,2.688021,6.813365,4.116467,27.670477,27.761856,70.136765,0.441786,7.5,PSF-00578_20260720173249_833,0,0,0,81.956146,278.337463,0.705551,0.5,0.8,41.037777,1,34.92,34.81,40.77,38.43,38.43,97.14,156.1,153.6,1.6,145,3.813,-12,32,5,,,,,,,,22:27:04,2026-07-20,39.208336,-96.593872,335.200012,19,0.62,17:32:30,2026-07-20,-0.33,1,-0.001,0.001,-9999,0.108,0.19,-9999,1,150,0.005,2,0.058905,0,0.02923,0,0,-6.8e-05,standard,0,rectangular,7000,500,-9999,-9999,55537,55537,55537,0,-9999,0,0,0,0,2.452276,2.438447,1.642548,0.926318,0.147289,-0.029554,0.411026,0.228144,81.956146,0.000323,2.397709,-3e-05,1,2.383926,-2.4e-05,1,0.601714,0.600514,0.106642,0,PSF-00578_20260720173249_833,PFA-00612,PSA-00572,PSF-00578,RHS-0697,3.0.0,2026-06-15T15:17:51.144Z
79,17:33:00,2026-07-20,Rain_out,Climate_model,,Pl7-R1-M2-H1-P08,,,0.020222,2.916243,0.020082,0.854169,2.7393,2.716468,6.671019,3.931719,27.963379,28.198414,68.671616,0.441786,7.5,PSF-00578_20260720173300_e99,0,0,0,80.551743,268.441925,0.699929,0.5,0.8,35.623482,1,35.49,35.19,40.76,38.04,38.04,97.14,156,153.9,1.4,127,3.808,-13,27,8,,,,,,,,22:27:15,2026-07-20,39.208344,-96.593864,335.299988,19,0.62,17:32:30,2026-07-20,-0.33,1,-0.001,0.001,-9999,0.021,0.14,-9999,1,150,0.005,2,0.058905,0,0.02923,0,0,-6.8e-05,standard,0,rectangular,7000,500,-9999,-9999,55537,55537,55537,0,-9999,0,0,0,0,2.452795,2.439195,1.642132,0.927058,0.14734,-0.034363,0.41102,0.212961,80.551743,0.000312,2.397709,-3e-05,1,2.383926,-2.4e-05,1,0.601714,0.600514,0.106642,0,PSF-00578_20260720173300_e99,PFA-00612,PSA-00572,PSF-00578,RHS-0697,3.0.0,2026-06-15T15:17:51.144Z
80,17:33:13,2026-07-20,Rain_out,Climate_model,,Pl7-R1-M2-H1-P08,,,0.02032,2.916924,0.02018,0.943676,2.683579,2.658353,6.999932,4.316353,27.365007,27.624683,72.057091,0.441786,7.5,PSF-00578_20260720173313_ee7,0,0,0,79.29039,261.739624,0.697064,0.5,0.8,35.07814,1,34.79,34.46,40.75,38.93,38.93,97.14,156.1,153.8,1.5,126,3.812,-12,29,11,,,,,,,,22:27:24,2026-07-20,39.208344,-96.593872,335.399994,19,0.62,17:32:30,2026-07-20,-0.33,1,-0.001,-0.004,-9999,-0.039,-0.14,-9999,1,150,0.005,2,0.058905,0,0.02923,0,0,-6.8e-05,standard,0,rectangular,7000,500,-9999,-9999,55537,55537,55537,0,-9999,0,0,0,0,2.451817,2.438275,1.642827,0.926801,0.147411,-0.022924,0.411026,0.211764,79.29039,0.000319,2.397709,-3e-05,1,2.383926,-2.4e-05,1,0.601714,0.600514,0.106642,0,PSF-00578_20260720173313_ee7,PFA-00612,PSA-00572,PSF-00578,RHS-0697,3.0.0,2026-06-15T15:17:51.144Z
81,17:33:25,2026-07-20,Rain_out,Climate_model,,Pl7-R1-M2-H1-P08,,,0.006543,2.917138,0.006529,0.291951,2.608885,2.601076,6.743789,4.134904,26.775671,26.85606,69.421074,0.441786,7.5,PSF-00578_20260720173325_b5c,0,0,0,81.598877,254.853851,0.679821,0.5,0.8,36.483658,1,33.84,33.74,40.73,38.24,38.24,97.14,156.1,153.5,1.7,134,3.812,-8,22,10,,,,,,,,22:27:40,2026-07-20,39.208344,-96.59388,335.700012,19,0.62,17:32:30,2026-07-20,-0.33,1,0,0,-9999,0.297,-1.008,-9999,1,150,0.005,2,0.058905,0,0.02923,0,0,-6.8e-05,standard,0,rectangular,7000,500,-9999,-9999,55537,55537,55537,0,-9999,0,0,0,0,2.450851,2.437027,1.643045,0.926243,0.147486,-0.031499,0.411027,0.218749,81.598877,0.000327,2.397709,-3e-05,1,2.383926,-2.4e-05,1,0.601714,0.600514,0.106642,0,PSF-00578_20260720173325_b5c,PFA-00612,PSA-00572,PSF-00578,RHS-0697,3.0.0,2026-06-15T15:17:51.144Z
82,17:33:39,2026-07-20,Rain_out,Climate_model,,Pl7-R1-M2-H1-P08,,,0.104986,2.914579,0.101336,4.377402,2.648893,2.531636,6.643892,3.994999,26.064409,27.271626,68.402069,0.441786,7.5,PSF-00578_20260720173339_5b5,0,0,0,84.340813,260.741119,0.676534,0.5,0.8,86.692566,1,34.37,32.85,40.73,37.96,37.96,97.13,155.8,153.9,1.3,320,3.807,30,35,8,,,,,,,,22:27:54,2026-07-20,39.208344,-96.59388,335.799988,18,0.65,17:32:30,2026-07-20,-0.33,1,0.001,0.002,-9999,0.064,0.148,-9999,1,150,0.005,2,0.058905,0,0.02923,0,0,-6.8e-05,standard,0,rectangular,7000,500,-9999,-9999,55537,55537,55537,0,-9999,0,0,0,0,2.449638,2.437721,1.640439,0.927015,0.147499,-0.034942,0.410952,0.374326,84.340813,0.000322,2.397709,-3e-05,1,2.383926,-2.4e-05,1,0.601714,0.600514,0.106642,0,PSF-00578_20260720173339_5b5,PFA-00612,PSA-00572,PSF-00578,RHS-0697,3.0.0,2026-06-15T15:17:51.144Z
83,17:33:51,2026-07-20,Rain_out,Climate_model,,Pl7-R1-M2-H1-P08,,,0.057931,2.916961,0.056803,2.459112,2.640364,2.574607,6.644492,4.004128,26.505653,27.182629,68.405243,0.441786,7.5,PSF-00578_20260720173351_eb0,0,0,0,83.071228,250.138519,0.667899,0.5,0.8,74.673294,1,34.26,33.41,40.73,37.96,37.96,97.13,156.1,153.7,1.5,280,3.81,29,42,13,,,,,,,,22:28:05,2026-07-20,39.20834,-96.59388,336,18,0.63,17:32:30,2026-07-20,-0.33,1,-0.003,-0.003,-9999,-0.041,-0.034,-9999,1,150,0.005,2,0.058905,0,0.02923,0,0,-6.8e-05,standard,0,rectangular,7000,500,-9999,-9999,55537,55537,55537,0,-9999,0,0,0,0,2.450402,2.437584,1.642865,0.92665,0.14752,-0.034874,0.410998,0.340194,83.071228,0.000328,2.397709,-3e-05,1,2.383926,-2.4e-05,1,0.601714,0.600514,0.106642,0,PSF-00578_20260720173351_eb0,PFA-00612,PSA-00572,PSF-00578,RHS-0697,3.0.0,2026-06-15T15:17:51.144Z
84,17:34:05,2026-07-20,Rain_out,Climate_model,,Pl7-R1-M2-H1-P08,,,0.185874,2.916587,0.174738,7.177939,2.758931,2.567178,6.557618,3.798687,26.429647,28.403786,67.512085,0.441786,7.5,PSF-00578_20260720173405_0d5,0,0,0,84.417343,276.812897,0.695038,0.5,0.8,36.805084,1,35.81,33.32,40.72,37.72,37.72,97.13,156.1,153.8,1.4,132,3.811,25,48,11,,,,,,,,22:28:19,2026-07-20,39.208332,-96.593872,336,18,0.65,17:32:30,2026-07-20,-0.33,1,-0.002,0,0.012,0.007,0.074,0.491,1,150,0.005,2,0.058905,0,0.02923,0,0,-6.8e-05,standard,0,rectangular,7000,500,-9999,-9999,55537,55537,55537,0,-9999,0,0,0,0,2.450286,2.439629,1.642483,0.926948,0.147551,-0.037854,0.411047,0.217261,84.417343,0.000315,2.397709,-3e-05,1,2.383926,-2.4e-05,1,0.601714,0.600514,0.106642,0,PSF-00578_20260720173405_0d5,PFA-00612,PSA-00572,PSF-00578,RHS-0697,3.0.0,2026-06-15T15:17:51.144Z
85,17:34:17,2026-07-20,Rain_out,Climate_model,,Pl7-R1-M2-H1-P08,,,0.042468,2.916811,0.041858,1.910128,2.583022,2.53191,6.801226,4.218204,26.067497,26.593723,70.022606,0.441786,7.5,PSF-00578_20260720173417_905,0,0,0,121.677521,336.640106,0.638553,0.5,0.8,384.888367,1,33.55,32.89,40.71,38.4,38.4,97.13,156.1,153.8,1.5,1507,3.81,6,-66,31,,,,,,,,22:28:26,2026-07-20,39.208351,-96.59388,335.899994,19,0.62,17:32:30,2026-07-20,-0.33,1,-0.004,-0.001,-9999,0.35,4.496,-9999,1,150,0.005,2,0.058905,0,0.02923,0,0,-6.8e-05,standard,0,rectangular,7000,500,-9999,-9999,55537,55537,55537,0,-9999,0,0,0,0,2.449701,2.436646,1.642712,0.926759,0.147629,-0.029188,0.411044,1.365763,121.677521,0.000318,2.397709,-3e-05,1,2.383926,-2.4e-05,1,0.601714,0.600514,0.106642,0,PSF-00578_20260720173417_905,PFA-00612,PSA-00572,PSF-00578,RHS-0697,3.0.0,2026-06-15T15:17:51.144Z
86,17:34:28,2026-07-20,Rain_out,Climate_model,,Pl7-R1-M2-H1-P08,,,0.036015,2.915501,0.035576,1.768534,2.611412,2.564054,7.196159,4.584746,26.398102,26.885675,74.087723,0.441786,7.5,PSF-00578_20260720173428_b17,0,0,0,95.92009,263.08609,0.635404,0.5,0.8,381.057983,1,33.94,33.33,40.7,39.44,39.44,97.13,155.9,153.9,1.3,1499,3.81,1,-68,29,,,,,,,,22:28:42,2026-07-20,39.208347,-96.593895,335.600006,19,0.62,17:32:30,2026-07-20,-0.33,1,-0.002,0,-9999,-0.613,-1.972,-9999,1,150,0.005,2,0.058905,0,0.02923,0,0,-6.8e-05,standard,0,rectangular,7000,500,-9999,-9999,55537,55537,55537,0,-9999,0,0,0,0,2.450296,2.437165,1.641376,0.92722,0.147696,-0.015718,0.411083,1.35941,95.92009,0.000323,2.397709,-3e-05,1,2.383926,-2.4e-05,1,0.601714,0.600514,0.106642,0,PSF-00578_20260720173428_b17,PFA-00612,PSA-00572,PSF-00578,RHS-0697,3.0.0,2026-06-15T15:17:51.144Z
87,17:34:39,2026-07-20,Rain_out,Climate_model,,Pl7-R1-M2-H1-P08,,,0.086318,2.916955,0.083838,3.71472,2.706005,2.606746,6.79906,4.093055,26.838045,27.859974,70.000488,0.441786,7.5,PSF-00578_20260720173439_481,0,0,0,105.318542,287.305359,0.633426,0.5,0.8,384.601013,1,35.19,33.9,40.69,38.39,38.39,97.13,156.1,153.8,1.5,1518,3.811,0,-65,27,,,,,,,,22:28:53,2026-07-20,39.208351,-96.593887,335.399994,19,0.62,17:32:30,2026-07-20,-0.33,1,0.001,0,-9999,-0.677,-2.316,-9999,1,150,0.005,2,0.058905,0,0.02923,0,0,-6.8e-05,standard,0,rectangular,7000,500,-9999,-9999,55537,55537,55537,0,-9999,0,0,0,0,2.451068,2.438813,1.642859,0.92695,0.147744,-0.029,0.411087,1.375005,105.318542,0.000317,2.397709,-3e-05,1,2.383926,-2.4e-05,1,0.601714,0.600514,0.106642,0,PSF-00578_20260720173439_481,PFA-00612,PSA-00572,PSF-00578,RHS-0697,3.0.0,2026-06-15T15:17:51.144Z
88,17:34:51,2026-07-20,Rain_out,Climate_model,,Pl7-R1-M2-H1-P08,,,0.06856,2.917403,0.066986,3.104149,2.70343,2.620507,6.980359,4.276928,26.977711,27.831394,71.86171,0.441786,7.5,PSF-00578_20260720173451_e45,0,0,0,101.691483,277.742371,0.633864,0.5,0.8,388.927246,1,35.17,34.09,40.68,38.88,38.88,97.14,156.2,153.8,1.5,1534,3.805,-1,-61,24,,,,,,,,22:29:02,2026-07-20,39.208355,-96.593887,335.399994,19,0.62,17:32:30,2026-07-20,-0.33,1,0,0.002,-9999,-0.491,-1.858,-9999,1,150,0.005,2,0.058905,0,0.02923,0,0,-6.8e-05,standard,0,rectangular,7000,500,-9999,-9999,55537,55537,55537,0,-9999,0,0,0,0,2.451332,2.438792,1.643317,0.926993,0.147794,-0.022705,0.411193,1.388388,101.691483,0.00032,2.397709,-3e-05,1,2.383926,-2.4e-05,1,0.601714,0.600514,0.106642,0,PSF-00578_20260720173451_e45,PFA-00612,PSA-00572,PSF-00578,RHS-0697,3.0.0,2026-06-15T15:17:51.144Z
89,17:35:01,2026-07-20,Rain_out,Climate_model,,Pl7-R1-M2-H1-P08,,,0.147595,2.917063,0.140486,5.721137,2.729694,2.576863,6.497536,3.767842,26.528543,28.101917,66.891464,0.441786,7.5,PSF-00578_20260720173501_c9f,0,0,0,84.664108,181.112045,0.532532,0.5,0.8,345.075409,1,35.53,33.54,40.67,37.55,37.55,97.14,156.1,153.8,1.5,1620,3.777,0,-58,20,,,,,,,,22:29:15,2026-07-20,39.20837,-96.593895,335.200012,19,0.62,17:32:30,2026-07-20,-0.33,1,0.004,0.003,-9999,-0.205,1.27,-9999,1,150,0.005,2,0.058905,0,0.02923,0,0,-6.8e-05,standard,0,rectangular,7000,500,-9999,-9999,55537,55537,55537,0,-9999,0,0,0,0,2.450587,2.439264,1.642969,0.926923,0.14784,-0.039313,0.411334,1.460266,84.664108,0.000325,2.397709,-3e-05,1,2.383926,-2.4e-05,1,0.601714,0.600514,0.106642,0,PSF-00578_20260720173501_c9f,PFA-00612,PSA-00572,PSF-00578,RHS-0697,3.0.0,2026-06-15T15:17:51.144Z
90,17:35:15,2026-07-20,Rain_out,Climate_model,,Pl7-R1-M2-H1-P08,,,0.035846,2.916352,0.035411,1.598722,2.689352,2.646601,6.85939,4.170038,27.245646,27.685747,70.614532,0.441786,7.5,PSF-00578_20260720173515_ee5,0,0,0,83.890915,279.38855,0.699734,0.5,0.8,29.75098,1,35.01,34.46,40.67,38.55,38.55,97.14,156,153.9,1.3,106,3.772,10,55,11,,,,,,,,22:29:29,2026-07-20,39.208374,-96.593887,335,17,0.68,17:32:30,2026-07-20,-0.33,1,0.002,0.004,-9999,-0.21,-0.079,-9999,1,150,0.005,2,0.058905,0,0.02923,0,0,-6.8e-05,standard,0,rectangular,7000,500,-9999,-9999,55537,55537,55537,0,-9999,0,0,0,0,2.451822,2.438583,1.642243,0.927224,0.147864,-0.026656,0.411459,0.195459,83.890915,0.000311,2.397709,-3e-05,1,2.383926,-2.4e-05,1,0.601714,0.600514,0.106642,0,PSF-00578_20260720173515_ee5,PFA-00612,PSA-00572,PSF-00578,RHS-0697,3.0.0,2026-06-15T15:17:51.144Z
91,17:35:26,2026-07-20,Rain_out,Climate_model,,Pl7-R1-M2-H1-P08,,,0.035985,2.91666,0.035547,1.652981,2.649975,2.605764,6.944178,4.294202,26.824282,27.2794,71.48481,0.441786,7.5,PSF-00578_20260720173526_d9c,0,0,0,82.664253,280.77005,0.70558,0.5,0.8,30.754034,1,34.51,33.93,40.66,38.78,38.78,97.14,156.1,153.5,1.6,109,3.81,13,57,11,,,,,,,,22:29:40,2026-07-20,39.208378,-96.593895,334.700012,19,0.63,17:32:30,2026-07-20,-0.33,1,-0.003,-0.003,-9999,-0.104,-0.179,-9999,1,150,0.005,2,0.058905,0,0.02923,0,0,-6.8e-05,standard,0,rectangular,7000,500,-9999,-9999,55537,55537,55537,0,-9999,0,0,0,0,2.451118,2.437917,1.642558,0.926179,0.147889,-0.02371,0.411548,0.197693,82.664253,0.000318,2.397709,-3e-05,1,2.383926,-2.4e-05,1,0.601714,0.600514,0.106642,0,PSF-00578_20260720173526_d9c,PFA-00612,PSA-00572,PSF-00578,RHS-0697,3.0.0,2026-06-15T15:17:51.144Z
92,17:35:37,2026-07-20,Rain_out,Climate_model,,Pl7-R1-M2-H1-P08,,,0.121221,2.916655,0.116384,4.89739,2.764744,2.633924,6.654038,3.889294,27.115623,28.462393,68.501755,0.441786,7.5,PSF-00578_20260720173537_a01,0,0,0,81.484436,266.661285,0.694427,0.5,0.8,34.324394,1,36.01,34.31,40.66,37.99,37.99,97.14,156.1,153.9,1.4,124,3.809,14,58,10,,,,,,,,22:29:51,2026-07-20,39.20837,-96.593887,334.299988,19,0.63,17:32:30,2026-07-20,-0.33,1,0.001,0.002,-9999,-0.123,-0.275,-9999,1,150,0.005,2,0.058905,0,0.02923,0,0,-6.8e-05,standard,0,rectangular,7000,500,-9999,-9999,55537,55537,55537,0,-9999,0,0,0,0,2.451626,2.439903,1.642552,0.927149,0.147921,-0.033619,0.411672,0.209896,81.484436,0.000311,2.397709,-3e-05,1,2.383926,-2.4e-05,1,0.601714,0.600514,0.106642,0,PSF-00578_20260720173537_a01,PFA-00612,PSA-00572,PSF-00578,RHS-0697,3.0.0,2026-06-15T15:17:51.144Z
93,17:35:48,2026-07-20,Rain_out,Climate_model,,Pl7-R1-M2-H1-P08,,,0.060794,2.916044,0.059552,2.64995,2.674859,2.603972,6.786663,4.111804,26.807627,27.537399,69.867996,0.441786,7.5,PSF-00578_20260720173548_30b,0,0,0,81.912521,251.882675,0.674799,0.5,0.8,106.19899,1,34.84,33.92,40.66,38.36,38.36,97.14,156,153.8,1.4,393,3.81,15,31,8,,,,,,,,22:30:02,2026-07-20,39.208366,-96.593872,334,19,0.62,17:32:30,2026-07-20,-0.33,1,0.003,0.002,-9999,0.222,0.081,-9999,1,150,0.005,2,0.058905,0,0.02923,0,0,-6.8e-05,standard,0,rectangular,7000,500,-9999,-9999,55537,55537,55537,0,-9999,0,0,0,0,2.451099,2.438359,1.641929,0.926769,0.147919,-0.029024,0.411673,0.435399,81.912521,0.000321,2.397709,-3e-05,1,2.383926,-2.4e-05,1,0.601714,0.600514,0.106642,0,PSF-00578_20260720173548_30b,PFA-00612,PSA-00572,PSF-00578,RHS-0697,3.0.0,2026-06-15T15:17:51.144Z
94,17:36:03,2026-07-20,Rain_out,Climate_model,,Pl7-R1-M2-H1-P08,,,0.060181,2.917323,0.058965,2.998681,2.615314,2.535134,7.302638,4.687325,26.100691,26.926189,75.184944,0.441786,7.5,PSF-00578_20260720173603_817,0,0,0,116.447571,190.444351,0.388548,0.5,0.8,252.599213,1,34.07,33.03,40.65,39.72,39.72,97.13,156.2,153.8,1.5,1625,3.81,6,-74,25,,,,,,,,22:30:17,2026-07-20,39.208359,-96.59388,334.100006,18,0.63,17:32:30,2026-07-20,-0.33,1,0.001,0.002,-9999,-1.258,-1.063,-9999,1,150,0.005,2,0.058905,0,0.02923,0,0,-6.8e-05,standard,0,rectangular,7000,500,-9999,-9999,55537,55537,55537,0,-9999,0,0,0,0,2.449894,2.437339,1.643235,0.926766,0.147933,-0.011669,0.411744,1.464695,116.447571,0.000318,2.397709,-3e-05,1,2.383926,-2.4e-05,1,0.601714,0.600514,0.106642,0,PSF-00578_20260720173603_817,PFA-00612,PSA-00572,PSF-00578,RHS-0697,3.0.0,2026-06-15T15:17:51.144Z
95,17:36:15,2026-07-20,Rain_out,Climate_model,,Pl7-R1-M2-H1-P08,,,0.041379,2.915119,0.0408,2.026327,2.591475,2.537189,7.172671,4.581197,26.123127,26.682056,73.850471,0.441786,7.5,PSF-00578_20260720173615_638,0,0,0,142.282959,275.725372,0.483969,0.5,0.8,286.453949,1,33.77,33.06,40.65,39.38,39.38,97.12,155.9,153.9,1.3,1480,3.808,10,-77,31,,,,,,,,22:30:30,2026-07-20,39.208355,-96.59388,333.899994,19,0.62,17:32:30,2026-07-20,-0.33,1,-0.001,0.002,-9999,2.887,-19.962,-9999,1,150,0.005,2,0.058905,0,0.02923,0,0,-6.8e-05,standard,0,rectangular,7000,500,-9999,-9999,55537,55537,55537,0,-9999,0,0,0,0,2.449943,2.43694,1.640988,0.927023,0.147962,-0.015884,0.411809,1.343065,142.282959,0.000309,2.397709,-3e-05,1,2.383926,-2.4e-05,1,0.601714,0.600514,0.106642,0,PSF-00578_20260720173615_638,PFA-00612,PSA-00572,PSF-00578,RHS-0697,3.0.0,2026-06-15T15:17:51.144Z
96,17:36:27,2026-07-20,Rain_out,Climate_model,,Pl7-R1-M2-H1-P08,,,0.006638,2.915723,0.006623,0.295917,2.632281,2.624359,6.762521,4.13024,27.017511,27.099062,69.619461,0.441786,7.5,PSF-00578_20260720173627_41d,0,0,0,88.604805,267.303223,0.668523,0.5,0.8,412.848633,1,34.32,34.21,40.64,38.29,38.29,97.14,156,153.6,1.5,1544,3.808,-8,-44,16,,,,,,,,22:30:41,2026-07-20,39.208355,-96.59388,334.200012,18,0.64,17:32:30,2026-07-20,-0.33,1,-0.001,0.001,-9999,-0.102,0.147,-9999,1,150,0.005,2,0.058905,0,0.02923,0,0,-6.8e-05,standard,0,rectangular,7000,500,-9999,-9999,55537,55537,55537,0,-9999,0,0,0,0,2.4515,2.437667,1.641602,0.926465,0.148011,-0.029646,0.412042,1.396684,88.604805,0.000309,2.397709,-3e-05,1,2.383926,-2.4e-05,1,0.601714,0.600514,0.106642,0,PSF-00578_20260720173627_41d,PFA-00612,PSA-00572,PSF-00578,RHS-0697,3.0.0,2026-06-15T15:17:51.144Z
97,17:36:46,2026-07-20,Rain_out,Climate_model,,Pl7-R1-M2-H1-P08,,,0.045043,2.917633,0.044358,1.990812,2.656575,2.603375,6.803914,4.147339,26.800579,27.348251,70.043251,0.441786,7.5,PSF-00578_20260720173646_ed9,0,0,0,79.304695,247.763153,0.679917,0.5,0.8,36.026718,1,34.63,33.94,40.64,38.4,38.4,97.14,156.2,153.9,1.5,132,3.808,2,44,12,,,,,,,,22:31:00,2026-07-20,39.208363,-96.59388,334.200012,19,0.62,17:32:30,2026-07-20,-0.33,1,0.001,0,-9999,-0.263,-0.682,-9999,1,150,0.005,2,0.058905,0,0.02923,0,0,-6.8e-05,standard,0,rectangular,7000,500,-9999,-9999,55537,55537,55537,0,-9999,0,0,0,0,2.451128,2.438083,1.643551,0.927191,0.148004,-0.028237,0.412247,0.217329,79.304695,0.000312,2.397709,-3e-05,1,2.383926,-2.4e-05,1,0.601714,0.600514,0.106642,0,PSF-00578_20260720173646_ed9,PFA-00612,PSA-00572,PSF-00578,RHS-0697,3.0.0,2026-06-15T15:17:51.144Z
98,17:37:10,2026-07-20,Rain_out,Climate_model,,Pl7-R1-M2-H1-P08,,,0.015368,2.916342,0.015288,0.702892,2.492009,2.473175,6.745764,4.253755,25.460752,25.654652,69.44606,0.441786,7.5,PSF-00578_20260720173710_318,0,0,0,82.014801,218.064667,0.623897,0.5,0.8,72.891373,1,32.5,32.25,40.63,38.24,38.24,97.14,156,153.9,1.4,292,3.802,3,-38,265,,,,,,,,22:31:18,2026-07-20,39.20837,-96.593872,334,19,0.62,17:32:30,2026-07-20,-0.33,1,0,0,-9999,0.487,0.612,-9999,1,150,0.005,2,0.058905,0,0.02923,0,0,-6.8e-05,standard,0,rectangular,7000,500,-9999,-9999,55537,55537,55537,0,-9999,0,0,0,0,2.448845,2.435248,1.642234,0.927161,0.14804,-0.030159,0.412319,0.3507,82.014801,0.00031,2.397709,-3e-05,1,2.383926,-2.4e-05,1,0.601714,0.600514,0.106642,0,PSF-00578_20260720173710_318,PFA-00612,PSA-00572,PSF-00578,RHS-0697,3.0.0,2026-06-15T15:17:51.144Z
99,17:37:34,2026-07-20,Rain_out,Climate_model,,Pl7-R1-M2-H1-P08,,,0.027141,2.916293,0.026891,1.167992,2.522822,2.491535,6.544793,4.021971,25.651218,25.973328,67.38092,0.441786,7.5,PSF-00578_20260720173734_18b,0,0,0,82.781914,207.270386,0.600609,0.5,0.8,134.488647,1,32.9,32.49,40.63,37.69,37.69,97.13,156,153.8,1.4,560,3.807,2,-22,260,,,,,,,,22:31:48,2026-07-20,39.20837,-96.59388,333.200012,19,0.62,17:32:30,2026-07-20,-0.33,1,0,0.002,-9999,-0.214,-0.305,-9999,1,150,0.005,2,0.058905,0,0.02923,0,0,-6.8e-05,standard,0,rectangular,7000,500,-9999,-9999,55537,55537,55537,0,-9999,0,0,0,0,2.449174,2.435788,1.642184,0.926932,0.148049,-0.037163,0.412743,0.574402,82.781914,0.000315,2.397709,-3e-05,1,2.383926,-2.4e-05,1,0.601714,0.600514,0.106642,0,PSF-00578_20260720173734_18b,PFA-00612,PSA-00572,PSF-00578,RHS-0697,3.0.0,2026-06-15T15:17:51.144Z
101,17:38:18,2026-07-20,Rain_out,Climate_model,,Pl7-R1-M2-H1-P08,,,0.216147,2.916729,0.201234,9.33812,2.673182,2.423517,6.957204,4.284022,24.950054,27.52035,71.62426,0.441786,7.5,PSF-00578_20260720173818_e56,0,0,0,89.648369,137.56871,0.348338,0.5,0.8,252.574509,1,34.85,31.6,40.64,38.82,38.82,97.13,156.1,154,1.3,1813,3.801,10,58,208,,,,,,,,22:32:33,2026-07-20,39.20837,-96.593872,332.899994,19,0.62,17:32:30,2026-07-20,-0.33,1,0,0.001,0.013,3.944,-1.781,-2.023,1,150,0.005,2,0.058905,0,0.02923,0,0,-6.8e-05,standard,0,rectangular,7000,500,-9999,-9999,55537,55537,55537,0,-9999,0,0,0,0,2.447956,2.438379,1.642628,0.927468,0.148026,-0.022958,0.413231,1.621315,89.648369,0.00031,2.397709,-3e-05,1,2.383926,-2.4e-05,1,0.601714,0.600514,0.106642,0,PSF-00578_20260720173818_e56,PFA-00612,PSA-00572,PSF-00578,RHS-0697,3.0.0,2026-06-15T15:17:51.144Z
102,17:38:34,2026-07-20,Rain_out,Climate_model,,Pl7-R1-M2-H1-P08,,,0.010388,2.916425,0.010352,0.519863,2.431968,2.418031,7.071315,4.639347,24.894661,25.038151,72.802208,0.441786,7.5,PSF-00578_20260720173834_190,0,0,0,160.832047,244.028442,0.340929,0.5,0.8,185.136688,1,31.72,31.54,40.63,39.12,39.12,97.13,156.1,153.8,1.5,1358,3.804,22,66,235,,,,,,,,22:32:48,2026-07-20,39.208382,-96.59388,332.899994,19,0.62,17:32:30,2026-07-20,-0.33,1,0,0.001,-9999,26.953,49.868,-9999,1,150,0.005,2,0.058905,0,0.02923,0,0,-6.8e-05,standard,0,rectangular,7000,500,-9999,-9999,55537,55537,55537,0,-9999,0,0,0,0,2.447878,2.434212,1.642318,0.926841,0.14807,-0.019014,0.413393,1.241021,160.832047,0.000319,2.397709,-3e-05,1,2.383926,-2.4e-05,1,0.601714,0.600514,0.106642,0,PSF-00578_20260720173834_190,PFA-00612,PSA-00572,PSF-00578,RHS-0697,3.0.0,2026-06-15T15:17:51.144Z
103,17:38:53,2026-07-20,Rain_out,Climate_model,,Pl7-R1-M2-H1-P08,,,0.065416,2.916424,0.063981,2.902683,2.515999,2.438249,6.71322,4.197221,25.10301,25.903488,69.116005,0.441786,7.5,PSF-00578_20260720173853_02f,0,0,0,86.129669,266.341553,0.676619,0.5,0.8,58.072235,1,32.83,31.82,40.62,38.15,38.15,97.13,156.1,154,1.3,215,3.805,8,75,255,,,,,,,,22:33:07,2026-07-20,39.208393,-96.593872,332.700012,19,0.62,17:32:30,2026-07-20,-0.33,1,-0.002,0,-9999,-0.183,-0.494,-9999,1,150,0.005,2,0.058905,0,0.02923,0,0,-6.8e-05,standard,0,rectangular,7000,500,-9999,-9999,55537,55537,55537,0,-9999,0,0,0,0,2.448256,2.435697,1.642317,0.927288,0.148113,-0.031119,0.41363,0.285931,86.129669,0.000315,2.397709,-3e-05,1,2.383926,-2.4e-05,1,0.601714,0.600514,0.106642,0,PSF-00578_20260720173853_02f,PFA-00612,PSA-00572,PSF-00578,RHS-0697,3.0.0,2026-06-15T15:17:51.144Z
104,17:39:30,2026-07-20,Rain_out,Climate_model,,Pl7-R1-M2-H1-P08,,,0.075011,2.916656,0.073131,3.081231,2.474468,2.391913,6.380344,3.905877,24.625832,25.475767,65.688545,0.441786,7.5,PSF-00578_20260720173930_6cb,0,0,0,88.485359,204.436539,0.567174,0.5,0.8,209.617676,1,32.3,31.22,40.61,37.22,37.22,97.13,156.1,153.8,1.4,924,3.803,-23,-8,263,,,,,,,,22:33:44,2026-07-20,39.208382,-96.593872,333.399994,18,0.64,17:32:30,2026-07-20,-0.33,1,0.003,0.004,-9999,-2.167,7.89,-9999,1,150,0.005,2,0.058905,0,0.02923,0,0,-6.8e-05,standard,0,rectangular,7000,500,-9999,-9999,55537,55537,55537,0,-9999,0,0,0,0,2.447447,2.43499,1.642553,0.926975,0.148152,-0.042784,0.413867,0.878684,88.485359,0.000324,2.397709,-3e-05,1,2.383926,-2.4e-05,1,0.601714,0.600514,0.106642,0,PSF-00578_20260720173930_6cb,PFA-00612,PSA-00572,PSF-00578,RHS-0697,3.0.0,2026-06-15T15:17:51.144Z
105,17:39:53,2026-07-20,Rain_out,Climate_model,,Pl7-R1-M2-H1-P08,,,0.071524,2.915847,0.069811,3.29949,2.5007,2.412264,6.870048,4.369348,24.834711,25.745178,70.728447,0.441786,7.5,PSF-00578_20260720173953_cda,0,0,0,107.979652,202.975632,0.468017,0.5,0.8,213.582428,1,32.67,31.52,40.6,38.58,38.58,97.13,156,153.8,1.4,1141,3.799,-19,-7,268,,,,,,,,22:34:07,2026-07-20,39.208405,-96.593887,335.200012,20,0.58,17:32:30,2026-07-20,-0.33,1,-0.002,-0.002,0.021,-0.283,2.256,3.513,1,150,0.005,2,0.058905,0,0.02923,0,0,-6.8e-05,standard,0,rectangular,7000,500,-9999,-9999,55537,55537,55537,0,-9999,0,0,0,0,2.447847,2.435485,1.641729,0.926949,0.148239,-0.025433,0.413966,1.059951,107.979652,0.000311,2.397709,-3e-05,1,2.383926,-2.4e-05,1,0.601714,0.600514,0.106642,0,PSF-00578_20260720173953_cda,PFA-00612,PSA-00572,PSF-00578,RHS-0697,3.0.0,2026-06-15T15:17:51.144Z
107,17:44:23,2026-07-20,Rain_out,Climate_model,,Pl17-R2-M1-H1-P04,,,0.069982,2.917068,0.068342,2.998208,2.676516,2.596392,6.730854,4.054338,26.733858,27.558855,69.304512,0.441786,7.5,PSF-00578_20260720174423_ae2,0,0,0,94.372627,220.098145,0.571225,0.5,0.8,79.214432,1,34.78,33.74,40.7,38.2,38.2,97.12,156.1,153.8,1.5,347,3.798,-15,-3,237,,,,,,,,22:38:36,2026-07-20,39.208401,-96.593887,335.399994,20,0.58,17:43:39,2026-07-20,-0.28,1,0.001,-0.001,-9999,8.46,0.79,-9999,1,150,0.005,2,0.058905,0,0.02923,0,0,-6.8e-05,standard,0,rectangular,7000,500,-9999,-9999,55537,55537,55537,0,-9999,0,0,0,0,2.450847,2.438206,1.642974,0.926956,0.147657,-0.031552,0.418042,0.396327,94.372627,0.000315,2.397709,-3e-05,1,2.383926,-2.4e-05,1,0.601714,0.600514,0.106642,0,PSF-00578_20260720174423_ae2,PFA-00612,PSA-00572,PSF-00578,RHS-0697,3.0.0,2026-06-15T15:17:51.144Z
108,17:44:36,2026-07-20,Rain_out,Climate_model,,Pl17-R2-M1-H1-P04,,,0.153621,2.916176,0.145933,6.464662,2.668229,2.495331,6.761675,4.093446,25.693144,27.473389,69.621506,0.441786,7.5,PSF-00578_20260720174436_ecf,0,0,0,93.961357,165.061005,0.430748,0.5,0.8,215.060181,1,34.68,32.43,40.7,38.29,38.29,97.12,156,153.9,1.4,1248,3.797,-35,-35,305,,,,,,,,22:38:50,2026-07-20,39.208397,-96.593887,335.5,20,0.58,17:43:39,2026-07-20,-0.28,1,0,-0.001,-9999,0.062,0.426,-9999,1,150,0.005,2,0.058905,0,0.02923,0,0,-6.8e-05,standard,0,rectangular,7000,500,-9999,-9999,55537,55537,55537,0,-9999,0,0,0,0,2.449081,2.438076,1.642064,0.927081,0.147685,-0.030424,0.418185,1.149599,93.961357,0.000313,2.397709,-3e-05,1,2.383926,-2.4e-05,1,0.601714,0.600514,0.106642,0,PSF-00578_20260720174436_ecf,PFA-00612,PSA-00572,PSF-00578,RHS-0697,3.0.0,2026-06-15T15:17:51.144Z
109,17:44:50,2026-07-20,Rain_out,Climate_model,,Pl17-R2-M1-H1-P04,,,0.21202,2.916199,0.19765,8.289343,2.73204,2.510502,6.609201,3.877161,25.850214,28.131355,68.053833,0.441786,7.5,PSF-00578_20260720174450_7cc,0,0,0,102.311966,170.304184,0.39924,0.5,0.8,208.307816,1,35.51,32.63,40.69,37.87,37.87,97.12,156,154.1,1.2,1304,3.764,-28,-21,300,,,,,,,,22:39:05,2026-07-20,39.208397,-96.593895,335.399994,19,0.61,17:43:39,2026-07-20,-0.28,1,-0.001,-0.003,-9999,0.403,1.108,-9999,1,150,0.005,2,0.058905,0,0.02923,0,0,-6.8e-05,standard,0,rectangular,7000,500,-9999,-9999,55537,55537,55537,0,-9999,0,0,0,0,2.449358,2.43918,1.642087,0.927635,0.147706,-0.035682,0.418367,1.196579,102.311966,0.000305,2.397709,-3e-05,1,2.383926,-2.4e-05,1,0.601714,0.600514,0.106642,0,PSF-00578_20260720174450_7cc,PFA-00612,PSA-00572,PSF-00578,RHS-0697,3.0.0,2026-06-15T15:17:51.144Z
110,17:45:02,2026-07-20,Rain_out,Climate_model,,Pl17-R2-M1-H1-P04,,,0.115886,2.916352,0.111457,4.85247,2.702456,2.572745,6.725431,4.022975,26.490847,27.826454,69.249931,0.441786,7.5,PSF-00578_20260720174502_fad,0,0,0,99.324707,175.828461,0.435104,0.5,0.8,215.878448,1,35.14,33.45,40.69,38.19,38.19,97.12,156,153.5,1.6,1240,3.796,-30,-27,299,,,,,,,,22:39:12,2026-07-20,39.208405,-96.59388,335.399994,20,0.58,17:43:39,2026-07-20,-0.28,1,0,0.003,-9999,0.638,1.765,-9999,1,150,0.005,2,0.058905,0,0.02923,0,0,-6.8e-05,standard,0,rectangular,7000,500,-9999,-9999,55537,55537,55537,0,-9999,0,0,0,0,2.450465,2.438684,1.642243,0.926098,0.14773,-0.031574,0.418518,1.143085,99.324707,0.000311,2.397709,-3e-05,1,2.383926,-2.4e-05,1,0.601714,0.600514,0.106642,0,PSF-00578_20260720174502_fad,PFA-00612,PSA-00572,PSF-00578,RHS-0697,3.0.0,2026-06-15T15:17:51.144Z
111,17:45:14,2026-07-20,Rain_out,Climate_model,,Pl17-R2-M1-H1-P04,,,0.109503,2.916768,0.105541,4.507787,2.675343,2.554851,6.624725,3.949383,26.306942,27.547628,68.21386,0.441786,7.5,PSF-00578_20260720174514_6ab,0,0,0,92.785835,206.184982,0.549987,0.5,0.8,175.966614,1,34.81,33.24,40.68,37.91,37.91,97.12,156.1,153.7,1.5,800,3.758,-22,-40,296,,,,,,,,22:39:28,2026-07-20,39.208405,-96.593887,335.299988,20,0.58,17:43:39,2026-07-20,-0.28,1,0.002,0.004,-9999,-0.163,0.37,-9999,1,150,0.005,2,0.058905,0,0.02923,0,0,-6.8e-05,standard,0,rectangular,7000,500,-9999,-9999,55537,55537,55537,0,-9999,0,0,0,0,2.450177,2.438246,1.642668,0.926677,0.147789,-0.034946,0.418753,0.774997,92.785835,0.000315,2.397709,-3e-05,1,2.383926,-2.4e-05,1,0.601714,0.600514,0.106642,0,PSF-00578_20260720174514_6ab,PFA-00612,PSA-00572,PSF-00578,RHS-0697,3.0.0,2026-06-15T15:17:51.144Z
112,17:45:25,2026-07-20,Rain_out,Climate_model,,Pl17-R2-M1-H1-P04,,,0.042084,2.91783,0.041486,1.989688,2.564617,2.511413,6.993393,4.428776,25.858601,26.406408,72.007011,0.441786,7.5,PSF-00578_20260720174525_fe8,0,0,0,80.815315,228.726624,0.646673,0.5,0.8,209.502029,1,33.37,32.68,40.67,38.91,38.91,97.12,156.2,154,1.4,810,3.796,-21,-35,297,,,,,,,,22:39:40,2026-07-20,39.208397,-96.59388,335.299988,20,0.58,17:43:39,2026-07-20,-0.28,1,-0.002,0,-9999,-11.305,4.018,-9999,1,150,0.005,2,0.058905,0,0.02923,0,0,-6.8e-05,standard,0,rectangular,7000,500,-9999,-9999,55537,55537,55537,0,-9999,0,0,0,0,2.449423,2.436349,1.643753,0.927432,0.147817,-0.022212,0.418857,0.7834,80.815315,0.000309,2.397709,-3e-05,1,2.383926,-2.4e-05,1,0.601714,0.600514,0.106642,0,PSF-00578_20260720174525_fe8,PFA-00612,PSA-00572,PSF-00578,RHS-0697,3.0.0,2026-06-15T15:17:51.144Z
113,17:45:37,2026-07-20,Rain_out,Climate_model,,Pl17-R2-M1-H1-P04,,,0.046777,2.916764,0.046038,2.335325,2.544877,2.482364,7.223744,4.678867,25.558903,26.202549,74.377083,0.441786,7.5,PSF-00578_20260720174537_462,0,0,0,107.942818,210.184341,0.486437,0.5,0.8,190.04184,1,33.13,32.31,40.67,39.52,39.52,97.12,156.1,153.8,1.5,977,3.795,-21,-29,297,,,,,,,,22:39:50,2026-07-20,39.208397,-96.593872,335.100006,20,0.58,17:43:39,2026-07-20,-0.28,1,0.001,0.001,-9999,1.853,8.589,-9999,1,150,0.005,2,0.058905,0,0.02923,0,0,-6.8e-05,standard,0,rectangular,7000,500,-9999,-9999,55537,55537,55537,0,-9999,0,0,0,0,2.448923,2.43602,1.642663,0.926907,0.147848,-0.014457,0.418988,0.922758,107.942818,0.000314,2.397709,-3e-05,1,2.383926,-2.4e-05,1,0.601714,0.600514,0.106642,0,PSF-00578_20260720174537_462,PFA-00612,PSA-00572,PSF-00578,RHS-0697,3.0.0,2026-06-15T15:17:51.144Z
114,17:45:48,2026-07-20,Rain_out,Climate_model,,Pl17-R2-M1-H1-P04,,,0.090203,2.91634,0.087497,3.976711,2.544093,2.437614,6.746877,4.202784,25.099897,26.196304,69.471992,0.441786,7.5,PSF-00578_20260720174548_240,0,0,0,88.356972,177.169922,0.501287,0.5,0.8,223.166946,1,33.12,31.73,40.67,38.25,38.25,97.12,156,153.7,1.5,1113,3.795,-24,-22,294,,,,,,,,22:40:02,2026-07-20,39.208408,-96.593872,334.799988,20,0.58,17:43:39,2026-07-20,-0.28,1,-0.001,0,-9999,-1.699,-2.087,-9999,1,150,0.005,2,0.058905,0,0.02923,0,0,-6.8e-05,standard,0,rectangular,7000,500,-9999,-9999,55537,55537,55537,0,-9999,0,0,0,0,2.448134,2.436011,1.642231,0.926709,0.147857,-0.030539,0.419129,1.036621,88.356972,0.000319,2.397709,-3e-05,1,2.383926,-2.4e-05,1,0.601714,0.600514,0.106642,0,PSF-00578_20260720174548_240,PFA-00612,PSA-00572,PSF-00578,RHS-0697,3.0.0,2026-06-15T15:17:51.144Z
115,17:46:02,2026-07-20,Rain_out,Climate_model,,Pl17-R2-M1-H1-P04,,,0.06559,2.916909,0.064148,3.17972,2.644846,2.559836,7.214376,4.56953,26.358606,27.233952,74.286362,0.441786,7.5,PSF-00578_20260720174602_1f0,0,0,0,95.575333,164.75415,0.419891,0.5,0.8,215.420853,1,34.45,33.34,40.66,39.49,39.49,97.12,156.1,153.6,1.6,1283,3.795,-32,-22,297,,,,,,,,22:40:15,2026-07-20,39.208405,-96.593872,334.700012,20,0.58,17:43:39,2026-07-20,-0.28,1,0.001,0.002,-9999,-0.254,-0.326,-9999,1,150,0.005,2,0.058905,0,0.02923,0,0,-6.8e-05,standard,0,rectangular,7000,500,-9999,-9999,55537,55537,55537,0,-9999,0,0,0,0,2.450323,2.437781,1.642812,0.926385,0.14792,-0.014603,0.419332,1.17836,95.575333,0.00029,2.397709,-3e-05,1,2.383926,-2.4e-05,1,0.601714,0.600514,0.106642,0,PSF-00578_20260720174602_1f0,PFA-00612,PSA-00572,PSF-00578,RHS-0697,3.0.0,2026-06-15T15:17:51.144Z
116,17:46:13,2026-07-20,Rain_out,Climate_model,,Pl17-R2-M1-H1-P04,,,0.036188,2.916342,0.035745,1.769284,2.560861,2.513495,7.128246,4.567385,25.880566,26.368282,73.397026,0.441786,7.5,PSF-00578_20260720174613_719,0,0,0,108.82151,208.235977,0.477413,0.5,0.8,100.98204,1,33.36,32.74,40.65,39.27,39.27,97.12,156,153.8,1.4,529,3.756,-25,-35,300,,,,,,,,22:40:28,2026-07-20,39.208401,-96.593872,334.399994,20,0.58,17:43:39,2026-07-20,-0.28,1,0.002,0.001,-9999,-15.548,3.237,-9999,1,150,0.005,2,0.058905,0,0.02923,0,0,-6.8e-05,standard,0,rectangular,7000,500,-9999,-9999,55537,55537,55537,0,-9999,0,0,0,0,2.449513,2.436337,1.642233,0.926822,0.147936,-0.01742,0.419457,0.548497,108.82151,0.000311,2.397709,-3e-05,1,2.383926,-2.4e-05,1,0.601714,0.600514,0.106642,0,PSF-00578_20260720174613_719,PFA-00612,PSA-00572,PSF-00578,RHS-0697,3.0.0,2026-06-15T15:17:51.144Z
117,17:46:27,2026-07-20,Rain_out,Climate_model,,Pl17-R2-M1-H1-P04,,,0.031504,2.917655,0.031168,1.598859,2.480393,2.437598,7.213662,4.733269,25.099993,25.540649,74.279198,0.441786,7.5,PSF-00578_20260720174627_eb4,0,0,0,86.61425,212.686661,0.592761,0.5,0.8,189.231628,1,32.32,31.76,40.65,39.49,39.49,97.12,156.2,154,1.4,798,3.794,-22,-29,300,,,,,,,,22:40:41,2026-07-20,39.208397,-96.593857,334.299988,20,0.58,17:43:39,2026-07-20,-0.28,1,0,0.001,-9999,2.731,-5.278,-9999,1,150,0.005,2,0.058905,0,0.02923,0,0,-6.8e-05,standard,0,rectangular,7000,500,-9999,-9999,55537,55537,55537,0,-9999,0,0,0,0,2.448177,2.434947,1.643574,0.927363,0.147957,-0.01454,0.419583,0.773515,86.61425,0.000319,2.397709,-3e-05,1,2.383926,-2.4e-05,1,0.601714,0.600514,0.106642,0,PSF-00578_20260720174627_eb4,PFA-00612,PSA-00572,PSF-00578,RHS-0697,3.0.0,2026-06-15T15:17:51.144Z
118,17:46:38,2026-07-20,Rain_out,Climate_model,,Pl17-R2-M1-H1-P04,,,0.040988,2.917512,0.04042,1.950125,2.473756,2.421548,6.932486,4.45873,24.933697,25.471262,71.380989,0.441786,7.5,PSF-00578_20260720174638_1b8,0,0,0,86.023453,242.459183,0.645204,0.5,0.8,220.974457,1,32.24,31.56,40.65,38.75,38.75,97.12,156.2,153.8,1.5,856,3.794,-21,-34,297,,,,,,,,22:40:52,2026-07-20,39.208397,-96.593864,334.200012,20,0.58,17:43:39,2026-07-20,-0.28,1,0.001,0.004,-9999,5.826,1.427,-9999,1,150,0.005,2,0.058905,0,0.02923,0,0,-6.8e-05,standard,0,rectangular,7000,500,-9999,-9999,55537,55537,55537,0,-9999,0,0,0,0,2.4479,2.43484,1.643428,0.926956,0.147977,-0.023906,0.419622,0.822084,86.023453,0.000314,2.397709,-3e-05,1,2.383926,-2.4e-05,1,0.601714,0.600514,0.106642,0,PSF-00578_20260720174638_1b8,PFA-00612,PSA-00572,PSF-00578,RHS-0697,3.0.0,2026-06-15T15:17:51.144Z
119,17:46:49,2026-07-20,Rain_out,Climate_model,,Pl17-R2-M1-H1-P04,,,0.040249,2.916748,0.039701,1.802501,2.434392,2.38609,6.637584,4.203192,24.57011,25.06749,68.348724,0.441786,7.5,PSF-00578_20260720174649_9e6,0,0,0,79.332588,250.287292,0.683034,0.5,0.8,39.45364,1,31.74,31.11,40.64,37.95,37.95,97.11,156.1,153.9,1.4,144,3.794,8,-25,255,,,,,,,,22:41:03,2026-07-20,39.208389,-96.593864,334.200012,20,0.58,17:43:39,2026-07-20,-0.28,1,0,0,-9999,0.046,0.415,-9999,1,150,0.005,2,0.058905,0,0.02923,0,0,-6.8e-05,standard,0,rectangular,7000,500,-9999,-9999,55537,55537,55537,0,-9999,0,0,0,0,2.447281,2.434165,1.642647,0.927156,0.148008,-0.033995,0.419555,0.227305,79.332588,0.000313,2.397709,-3e-05,1,2.383926,-2.4e-05,1,0.601714,0.600514,0.106642,0,PSF-00578_20260720174649_9e6,PFA-00612,PSA-00572,PSF-00578,RHS-0697,3.0.0,2026-06-15T15:17:51.144Z
120,17:47:06,2026-07-20,Rain_out,Climate_model,,Pl17-R2-M1-H1-P04,,,0.072824,2.917498,0.071051,3.134853,2.526031,2.442158,6.609193,4.083161,25.147917,26.011593,68.057602,0.441786,7.5,PSF-00578_20260720174706_448,0,0,0,88.437798,186.370972,0.525474,0.5,0.8,333.284149,1,32.94,31.85,40.63,37.87,37.87,97.11,156.2,154,1.4,1586,3.788,2,-77,25,,,,,,,,22:41:20,2026-07-20,39.208385,-96.59388,334.299988,19,0.59,17:43:39,2026-07-20,-0.28,1,-0.001,0,-9999,0.538,0.286,-9999,1,150,0.005,2,0.058905,0,0.02923,0,0,-6.8e-05,standard,0,rectangular,7000,500,-9999,-9999,55537,55537,55537,0,-9999,0,0,0,0,2.448292,2.435776,1.643414,0.92729,0.148037,-0.034923,0.41987,1.431571,88.437798,0.000314,2.397709,-3e-05,1,2.383926,-2.4e-05,1,0.601714,0.600514,0.106642,0,PSF-00578_20260720174706_448,PFA-00612,PSA-00572,PSF-00578,RHS-0697,3.0.0,2026-06-15T15:17:51.144Z
121,17:47:22,2026-07-20,Rain_out,Climate_model,,Pl17-R2-M1-H1-P04,,,0.087541,2.916767,0.08499,3.439849,2.530475,2.438392,6.28261,3.752135,25.109007,26.057213,64.694305,0.441786,7.5,PSF-00578_20260720174722_613,0,0,0,87.52227,191.188217,0.542219,0.5,0.8,225.669708,1,33.02,31.82,40.62,36.94,36.94,97.11,156.1,153.7,1.5,1040,3.793,1,-70,32,,,,,,,,22:41:36,2026-07-20,39.208374,-96.59388,334.100006,19,0.63,17:43:39,2026-07-20,-0.28,1,0.001,0.004,-9999,0.847,2.167,-9999,1,150,0.005,2,0.058905,0,0.02923,0,0,-6.8e-05,standard,0,rectangular,7000,500,-9999,-9999,55537,55537,55537,0,-9999,0,0,0,0,2.44826,2.435888,1.642666,0.92658,0.148116,-0.046401,0.420091,0.976058,87.52227,0.000316,2.397709,-3e-05,1,2.383926,-2.4e-05,1,0.601714,0.600514,0.106642,0,PSF-00578_20260720174722_613,PFA-00612,PSA-00572,PSF-00578,RHS-0697,3.0.0,2026-06-15T15:17:51.144Z
122,17:47:36,2026-07-20,Rain_out,Climate_model,,Pl17-R2-M1-H1-P04,,,0.078913,2.915081,0.076834,3.094543,2.547495,2.464565,6.280828,3.733333,25.379627,26.233627,64.678787,0.441786,7.5,PSF-00578_20260720174736_37f,0,0,0,86.451172,188.635834,0.541703,0.5,0.8,274.261749,1,33.27,32.19,40.61,36.93,36.93,97.11,155.9,153.8,1.4,1266,3.756,0,-76,34,,,,,,,,22:41:50,2026-07-20,39.20837,-96.59388,333.799988,20,0.58,17:43:39,2026-07-20,-0.28,1,0.002,0.005,-9999,0.847,2.281,-9999,1,150,0.005,2,0.058905,0,0.02923,0,0,-6.8e-05,standard,0,rectangular,7000,500,-9999,-9999,55537,55537,55537,0,-9999,0,0,0,0,2.44876,2.436219,1.640949,0.926803,0.148196,-0.04628,0.420283,1.164271,86.451172,0.000306,2.397709,-3e-05,1,2.383926,-2.4e-05,1,0.601714,0.600514,0.106642,0,PSF-00578_20260720174736_37f,PFA-00612,PSA-00572,PSF-00578,RHS-0697,3.0.0,2026-06-15T15:17:51.144Z
123,17:47:54,2026-07-20,Rain_out,Climate_model,,Pl17-R2-M1-H1-P04,,,0.073761,2.915979,0.071942,3.066765,2.572452,2.490346,6.518264,3.945812,25.645117,26.490629,67.123863,0.441786,7.5,PSF-00578_20260720174754_4d2,0,0,0,90.366127,258.15152,0.649949,0.5,0.8,64.049973,1,33.62,32.55,40.59,37.61,37.61,97.11,156,153.9,1.3,246,3.791,0,-70,33,,,,,,,,22:41:57,2026-07-20,39.208374,-96.593887,333.799988,19,0.59,17:43:39,2026-07-20,-0.28,1,0.001,0,-9999,-0.325,0.064,-9999,1,150,0.005,2,0.058905,0,0.02923,0,0,-6.8e-05,standard,0,rectangular,7000,500,-9999,-9999,55537,55537,55537,0,-9999,0,0,0,0,2.449257,2.436692,1.641863,0.927202,0.148285,-0.037559,0.420565,0.312501,90.366127,0.000317,2.397709,-3e-05,1,2.383926,-2.4e-05,1,0.601714,0.600514,0.106642,0,PSF-00578_20260720174754_4d2,PFA-00612,PSA-00572,PSF-00578,RHS-0697,3.0.0,2026-06-15T15:17:51.144Z
124,17:48:11,2026-07-20,Rain_out,Climate_model,,Pl17-R2-M1-H1-P04,,,0.06008,2.917057,0.058867,2.519562,2.598643,2.531262,6.559054,3.960411,26.065922,26.759789,67.542519,0.441786,7.5,PSF-00578_20260720174811_3db,0,0,0,83.918449,211.645248,0.603495,0.5,0.8,35.526085,1,33.99,33.11,40.57,37.73,37.73,97.11,156.1,153.9,1.4,147,3.79,-7,-73,34,,,,,,,,22:42:25,2026-07-20,39.208382,-96.59388,333.799988,20,0.58,17:43:39,2026-07-20,-0.28,1,0.003,0.002,-9999,-0.715,-0.253,-9999,1,150,0.005,2,0.058905,0,0.02923,0,0,-6.8e-05,standard,0,rectangular,7000,500,-9999,-9999,55537,55537,55537,0,-9999,0,0,0,0,2.450023,2.437188,1.642963,0.927068,0.148376,-0.035911,0.420779,0.229613,83.918449,0.000314,2.397709,-3e-05,1,2.383926,-2.4e-05,1,0.601714,0.600514,0.106642,0,PSF-00578_20260720174811_3db,PFA-00612,PSA-00572,PSF-00578,RHS-0697,3.0.0,2026-06-15T15:17:51.144Z
125,17:48:29,2026-07-20,Rain_out,Climate_model,,Pl17-R2-M1-H1-P04,,,0.05032,2.91604,0.049466,2.25905,2.485071,2.424537,6.709895,4.224824,24.967497,25.590866,69.09742,0.441786,7.5,PSF-00578_20260720174829_a9e,0,0,0,79.789993,266.626587,0.700743,0.5,0.8,25.319349,1,32.53,31.74,40.56,38.15,38.15,97.11,156,154.1,1.3,90,3.784,16,59,345,,,,,,,,22:42:44,2026-07-20,39.208374,-96.593872,333.399994,18,0.6,17:43:39,2026-07-20,-0.28,1,-0.001,0,-9999,0.008,0.187,-9999,1,150,0.005,2,0.058905,0,0.02923,0,0,-6.8e-05,standard,0,rectangular,7000,500,-9999,-9999,55537,55537,55537,0,-9999,0,0,0,0,2.448157,2.435242,1.641926,0.927503,0.148451,-0.030464,0.420883,0.182121,79.789993,0.000315,2.397709,-3e-05,1,2.383926,-2.4e-05,1,0.601714,0.600514,0.106642,0,PSF-00578_20260720174829_a9e,PFA-00612,PSA-00572,PSF-00578,RHS-0697,3.0.0,2026-06-15T15:17:51.144Z
126,17:48:41,2026-07-20,Rain_out,Climate_model,,Pl17-R2-M1-H1-P04,,,0.029271,2.916328,0.02898,1.308321,2.596311,2.561301,6.76904,4.172729,26.374706,26.735224,69.703438,0.441786,7.5,PSF-00578_20260720174841_e2b,0,0,0,90.198753,294.713257,0.693944,0.5,0.8,26.044916,1,34.01,33.55,40.55,38.31,38.31,97.11,156,153.7,1.5,94,3.784,23,60,351,,,,,,,,22:42:55,2026-07-20,39.208374,-96.59388,333.5,20,0.58,17:43:39,2026-07-20,-0.28,1,-0.003,-0.004,-9999,0.068,0.309,-9999,1,150,0.005,2,0.058905,0,0.02923,0,0,-6.8e-05,standard,0,rectangular,7000,500,-9999,-9999,55537,55537,55537,0,-9999,0,0,0,0,2.45062,2.437212,1.642219,0.926545,0.148521,-0.028258,0.420925,0.185044,90.198753,0.000313,2.397709,-3e-05,1,2.383926,-2.4e-05,1,0.601714,0.600514,0.106642,0,PSF-00578_20260720174841_e2b,PFA-00612,PSA-00572,PSF-00578,RHS-0697,3.0.0,2026-06-15T15:17:51.144Z
127,17:48:52,2026-07-20,Rain_out,Climate_model,,Pl17-R2-M1-H1-P04,,,0.030648,2.916883,0.030329,1.329274,2.594923,2.559366,6.648679,4.053756,26.354383,26.72052,68.462967,0.441786,7.5,PSF-00578_20260720174852_997,0,0,0,79.618332,266.916626,0.701711,0.5,0.8,24.936157,1,34.01,33.54,40.54,37.98,37.98,97.11,156.1,153.8,1.5,89,3.789,12,55,346,,,,,,,,22:43:07,2026-07-20,39.208378,-96.593887,333.899994,20,0.58,17:43:39,2026-07-20,-0.28,1,0.003,0.001,-9999,0.044,0.159,-9999,1,150,0.005,2,0.058905,0,0.02923,0,0,-6.8e-05,standard,0,rectangular,7000,500,-9999,-9999,55537,55537,55537,0,-9999,0,0,0,0,2.450612,2.437213,1.642785,0.926771,0.148578,-0.032305,0.420986,0.180876,79.618332,0.000321,2.397709,-3e-05,1,2.383926,-2.4e-05,1,0.601714,0.600514,0.106642,0,PSF-00578_20260720174852_997,PFA-00612,PSA-00572,PSF-00578,RHS-0697,3.0.0,2026-06-15T15:17:51.144Z
128,17:49:05,2026-07-20,Rain_out,Climate_model,,Pl17-R2-M1-H1-P04,,,0.086746,2.916627,0.08424,3.412599,2.720791,2.629613,6.46868,3.747889,27.078213,28.017118,66.610687,0.441786,7.5,PSF-00578_20260720174905_4d7,0,0,0,85.318565,282.393341,0.697873,0.5,0.8,35.435123,1,35.68,34.49,40.53,37.47,37.47,97.11,156.1,154,1.3,127,3.789,27,61,337,,,,,,,,22:43:20,2026-07-20,39.208382,-96.59388,333.700012,20,0.58,17:43:39,2026-07-20,-0.28,1,0.004,0.002,-9999,-0.112,0.12,-9999,1,150,0.005,2,0.058905,0,0.02923,0,0,-6.8e-05,standard,0,rectangular,7000,500,-9999,-9999,55537,55537,55537,0,-9999,0,0,0,0,2.451885,2.439426,1.642524,0.927389,0.148647,-0.038493,0.421013,0.212711,85.318565,0.000329,2.397709,-3e-05,1,2.383926,-2.4e-05,1,0.601714,0.600514,0.106642,0,PSF-00578_20260720174905_4d7,PFA-00612,PSA-00572,PSF-00578,RHS-0697,3.0.0,2026-06-15T15:17:51.144Z
129,17:49:20,2026-07-20,Rain_out,Climate_model,,Pl17-R2-M1-H1-P04,,,0.034129,2.917125,0.033734,1.483838,2.483216,2.443484,6.556204,4.072989,25.160143,25.569258,67.508133,0.441786,7.5,PSF-00578_20260720174920_50e,0,0,0,83.596588,255.980011,0.673425,0.5,0.8,45.211552,1,32.6,32.07,40.51,37.72,37.72,97.12,156.1,153.9,1.5,168,3.754,-8,-41,6,,,,,,,,22:43:35,2026-07-20,39.208382,-96.59388,333.899994,20,0.58,17:43:39,2026-07-20,-0.28,1,0.001,0.001,-9999,0.006,0.118,-9999,1,150,0.005,2,0.058905,0,0.02923,0,0,-6.8e-05,standard,0,rectangular,7000,500,-9999,-9999,55537,55537,55537,0,-9999,0,0,0,0,2.448622,2.435335,1.643032,0.927055,0.148741,-0.035179,0.421084,0.246888,83.596588,0.000311,2.397709,-3e-05,1,2.383926,-2.4e-05,1,0.601714,0.600514,0.106642,0,PSF-00578_20260720174920_50e,PFA-00612,PSA-00572,PSF-00578,RHS-0697,3.0.0,2026-06-15T15:17:51.144Z
130,17:49:33,2026-07-20,Rain_out,Climate_model,,Pl17-R2-M1-H1-P04,,,0.029525,2.91564,0.029229,1.281312,2.594266,2.559958,6.648856,4.05459,26.360546,26.713818,68.464973,0.441786,7.5,PSF-00578_20260720174933_742,0,0,0,90.368271,256.736755,0.648012,0.5,0.8,47.369164,1,34.08,33.63,40.5,37.98,37.98,97.11,156,153.7,1.4,183,3.788,-7,-38,5,,,,,,,,22:43:48,2026-07-20,39.208385,-96.593887,333.899994,20,0.58,17:43:39,2026-07-20,-0.28,1,0.002,0.002,-9999,0.128,-0.053,-9999,1,150,0.005,2,0.058905,0,0.02923,0,0,-6.8e-05,standard,0,rectangular,7000,500,-9999,-9999,55537,55537,55537,0,-9999,0,0,0,0,2.450729,2.437308,1.641518,0.926611,0.148814,-0.031761,0.421101,0.259343,90.368271,0.000314,2.397709,-3e-05,1,2.383926,-2.4e-05,1,0.601714,0.600514,0.106642,0,PSF-00578_20260720174933_742,PFA-00612,PSA-00572,PSF-00578,RHS-0697,3.0.0,2026-06-15T15:17:51.144Z
131,17:49:45,2026-07-20,Rain_out,Climate_model,,Pl17-R2-M1-H1-P04,,,0.037662,2.916664,0.037182,1.604822,2.491592,2.448613,6.489073,3.997481,25.215288,25.657881,66.823082,0.441786,7.5,PSF-00578_20260720174945_798,0,0,0,75.823189,210.326675,0.639498,0.5,0.8,55.805195,1,32.75,32.19,40.48,37.53,37.53,97.11,156.1,153.7,1.5,218,3.749,-2,-46,8,,,,,,,,22:43:57,2026-07-20,39.208389,-96.593887,333.700012,19,0.59,17:43:39,2026-07-20,-0.28,1,-0.002,0,-9999,2.071,2.375,-9999,1,150,0.005,2,0.058905,0,0.02923,0,0,-6.8e-05,standard,0,rectangular,7000,500,-9999,-9999,55537,55537,55537,0,-9999,0,0,0,0,2.448776,2.435544,1.642561,0.926669,0.148885,-0.037227,0.421046,0.288933,75.823189,0.000311,2.397709,-3e-05,1,2.383926,-2.4e-05,1,0.601714,0.600514,0.106642,0,PSF-00578_20260720174945_798,PFA-00612,PSA-00572,PSF-00578,RHS-0697,3.0.0,2026-06-15T15:17:51.144Z
132,17:50:06,2026-07-20,Rain_out,Climate_model,,Pl17-R2-M1-H1-P04,,,0.098674,2.91645,0.095445,4.215676,2.754594,2.641988,6.831982,4.077388,27.20698,28.366581,70.355194,0.441786,7.5,PSF-00578_20260720175006_8b2,0,0,0,96.16935,165.881393,0.420252,0.5,0.8,84.234711,1,36.26,34.78,40.46,38.48,38.48,97.11,156.1,153.8,1.4,501,3.776,4,-48,7,,,,,,,,22:44:20,2026-07-20,39.208385,-96.59388,333.899994,18,0.62,17:43:39,2026-07-20,-0.28,1,0,0.003,0.014,-0.17,-1.547,0.85,1,150,0.005,2,0.058905,0,0.02923,0,0,-6.8e-05,standard,0,rectangular,7000,500,-9999,-9999,55537,55537,55537,0,-9999,0,0,0,0,2.452283,2.440192,1.642343,0.926947,0.149036,-0.024923,0.421363,0.525349,96.16935,0.000314,2.397709,-3e-05,1,2.383926,-2.4e-05,1,0.601714,0.600514,0.106642,0,PSF-00578_20260720175006_8b2,PFA-00612,PSA-00572,PSF-00578,RHS-0697,3.0.0,2026-06-15T15:17:51.144Z
133,17:50:26,2026-07-20,Rain_out,Climate_model,,Pl17-R2-M1-H1-P04,,,0.101003,2.918381,0.097624,3.916759,2.702853,2.598336,6.41589,3.713037,26.757866,27.834196,66.071342,0.441786,7.5,PSF-00578_20260720175026_94c,0,0,0,81.51519,198.108322,0.588532,0.5,0.8,227.846832,1,35.61,34.23,40.44,37.32,37.32,97.11,156.3,154,1.5,968,3.787,-2,-48,9,,,,,,,,22:44:40,2026-07-20,39.208385,-96.593872,333.600006,20,0.58,17:43:39,2026-07-20,-0.28,1,0.001,0.004,-9999,-0.261,-14.942,-9999,1,150,0.005,2,0.058905,0,0.02923,0,0,-6.8e-05,standard,0,rectangular,7000,500,-9999,-9999,55537,55537,55537,0,-9999,0,0,0,0,2.451552,2.439339,1.644318,0.92739,0.149128,-0.039284,0.421537,0.91537,81.51519,0.00032,2.397709,-3e-05,1,2.383926,-2.4e-05,1,0.601714,0.600514,0.106642,0,PSF-00578_20260720175026_94c,PFA-00612,PSA-00572,PSF-00578,RHS-0697,3.0.0,2026-06-15T15:17:51.144Z
134,17:50:44,2026-07-20,Rain_out,Climate_model,,Pl17-R2-M1-H1-P04,,,0.025263,2.917902,0.025046,1.091856,2.656939,2.627776,6.68675,4.029811,27.059443,27.359747,68.856598,0.441786,7.5,PSF-00578_20260720175044_43b,0,0,0,86.9683,295.141693,0.705334,0.5,0.8,29.798405,1,35.03,34.65,40.43,38.08,38.08,97.11,156.2,153.9,1.5,106,3.788,-10,30,357,,,,,,,,22:44:58,2026-07-20,39.208382,-96.593864,334,18,0.65,17:43:39,2026-07-20,-0.28,1,-0.004,-0.004,-9999,0.202,0.399,-9999,1,150,0.005,2,0.058905,0,0.02923,0,0,-6.8e-05,standard,0,rectangular,7000,500,-9999,-9999,55537,55537,55537,0,-9999,0,0,0,0,2.452113,2.43858,1.643826,0.92711,0.149212,-0.029538,0.421638,0.194895,86.9683,0.000319,2.397709,-3e-05,1,2.383926,-2.4e-05,1,0.601714,0.600514,0.106642,0,PSF-00578_20260720175044_43b,PFA-00612,PSA-00572,PSF-00578,RHS-0697,3.0.0,2026-06-15T15:17:51.144Z
1,21:23:09,2026-07-20,Rain_out,Climate_model,,Pl1-R1-M2-H3-P10,,,0.008736,2.91475,0.00871,0.16029,2.134866,2.130554,3.865488,1.730622,21.95536,21.999798,39.833858,0.441786,7.5,PSF-00578_20260720212309_747,0,0,0,116.232277,402.424683,0.71117,0.5,0.8,0.019645,1,59.69,59.56,26.99,28.32,28.32,97.04,155.8,155.5,0.2,0,3.79,-22,-30,344,,,,,,,,00:00:00,0000-00-00,nan,nan,nan,0,nan,21:22:52,2026-07-20,-1.18,1,0,-0.001,-0.01,-0.246,0.054,4.729,1,150,0.005,2,0.058905,0,0.02923,0,0,-6.8e-05,standard,0,rectangular,7000,500,-9999,-9999,55537,55537,55537,0,-9999,0,0,0,0,2.486909,2.473567,1.640612,0.931225,0.251965,0.015451,0.154118,0.1067,116.232277,0.00029,2.397709,-3e-05,1,2.383926,-2.4e-05,1,0.601714,0.600514,0.106642,0,PSF-00578_20260720212309_747,PFA-00612,PSA-00572,PSF-00578,RHS-0697,3.0.0,2026-06-15T15:17:51.144Z
2,21:23:30,2026-07-20,Rain_out,Climate_model,,Pl1-R1-M2-H3-P10,,,-0.02832,2.916482,-0.028598,-0.478835,2.193668,2.206525,3.768606,1.574938,22.737839,22.605349,38.834801,0.441786,7.5,PSF-00578_20260720212330_f35,0,0,0,111.680748,378.555542,0.704982,0.5,0.8,0.017785,1,60.92,61.28,27.1,27.88,27.88,97.04,156.1,155.4,0.4,0,3.791,-14,-28,345,,,,,,,,00:00:00,0000-00-00,nan,nan,nan,0,nan,21:22:52,2026-07-20,-1.18,1,-0.002,-0.002,-9999,1.417,5.35,-9999,1,150,0.005,2,0.058905,0,0.02923,0,0,-6.8e-05,standard,0,rectangular,7000,500,-9999,-9999,55537,55537,55537,0,-9999,0,0,0,0,2.489064,2.475093,1.642377,0.930827,0.250822,0.009181,0.158128,0.106695,111.680748,0.000303,2.397709,-3e-05,1,2.383926,-2.4e-05,1,0.601714,0.600514,0.106642,0,PSF-00578_20260720212330_f35,PFA-00612,PSA-00572,PSF-00578,RHS-0697,3.0.0,2026-06-15T15:17:51.144Z
3,21:23:44,2026-07-20,Rain_out,Climate_model,,Pl1-R1-M2-H3-P10,,,-0.016203,2.916058,-0.016293,-0.295732,2.230564,2.238504,3.935943,1.705379,23.067728,22.985905,40.559795,0.441786,7.5,PSF-00578_20260720212344_0fb,0,0,0,92.933182,338.676453,0.725599,0.5,0.8,0.016814,1,61.68,61.9,27.18,28.63,28.63,97.04,156,155.5,0.3,0,3.791,-18,-33,348,,,,,,,,00:00:00,0000-00-00,nan,nan,nan,0,nan,21:22:52,2026-07-20,-1.18,1,0.001,-0.002,-0.014,1.224,2.812,6.336,1,150,0.005,2,0.058905,0,0.02923,0,0,-6.8e-05,standard,0,rectangular,7000,500,-9999,-9999,55537,55537,55537,0,-9999,0,0,0,0,2.489841,2.476033,1.641944,0.93105,0.250098,0.01689,0.160459,0.10669,92.933182,0.000286,2.397709,-3e-05,1,2.383926,-2.4e-05,1,0.601714,0.600514,0.106642,0,PSF-00578_20260720212344_0fb,PFA-00612,PSA-00572,PSF-00578,RHS-0697,3.0.0,2026-06-15T15:17:51.144Z
4,21:23:55,2026-07-20,Rain_out,Climate_model,,Pl1-R1-M2-H3-P10,,,-0.020273,2.916262,-0.020415,-0.376217,2.280452,2.290547,4.010906,1.730454,23.603054,23.499035,41.330585,0.441786,7.5,PSF-00578_20260720212355_568,0,0,0,100.070717,368.640289,0.728541,0.5,0.8,0.013016,1,62.8,63.08,27.25,28.95,28.95,97.04,156,155.4,0.4,0,3.789,-29,-32,350,,,,,,,,00:00:00,0000-00-00,nan,nan,nan,0,nan,21:22:52,2026-07-20,-1.18,1,0.002,0.002,-9999,2.162,4.811,-9999,1,150,0.005,2,0.058905,0,0.02923,0,0,-6.8e-05,standard,0,rectangular,7000,500,-9999,-9999,55537,55537,55537,0,-9999,0,0,0,0,2.491328,2.477427,1.642152,0.930979,0.24941,0.019845,0.162426,0.106679,100.070717,0.000296,2.397709,-3e-05,1,2.383926,-2.4e-05,1,0.601714,0.600514,0.106642,0,PSF-00578_20260720212355_568,PFA-00612,PSA-00572,PSF-00578,RHS-0697,3.0.0,2026-06-15T15:17:51.144Z
5,21:24:22,2026-07-20,Rain_out,Climate_model,,Pl1-R1-M2-H3-P10,,,-0.016134,2.913659,-0.016223,-0.299091,2.293952,2.301993,4.024805,1.730852,23.720819,23.637968,41.473484,0.441786,7.5,PSF-00578_20260720212422_8ae,0,0,0,96.860649,338.680389,0.714006,0.5,0.8,0.019112,1,62.55,62.77,27.41,29.01,29.01,97.05,155.7,155.4,0.2,0,3.787,24,56,202,,,,,,,,00:00:00,0000-00-00,nan,nan,nan,0,nan,21:22:52,2026-07-20,-1.18,1,-0.002,-0.004,-0.017,0.626,2.336,8.493,1,150,0.005,2,0.058905,0,0.02923,0,0,-6.8e-05,standard,0,rectangular,7000,500,-9999,-9999,55537,55537,55537,0,-9999,0,0,0,0,2.490904,2.477084,1.639506,0.930788,0.24774,0.018606,0.166796,0.106698,96.860649,0.000291,2.397709,-3e-05,1,2.383926,-2.4e-05,1,0.601714,0.600514,0.106642,0,PSF-00578_20260720212422_8ae,PFA-00612,PSA-00572,PSF-00578,RHS-0697,3.0.0,2026-06-15T15:17:51.144Z
6,21:24:35,2026-07-20,Rain_out,Climate_model,,Pl1-R1-M2-H3-P10,,,-0.029855,2.916292,-0.030164,-0.521348,2.337217,2.351198,3.960289,1.623072,24.225544,24.081488,40.804794,0.441786,7.5,PSF-00578_20260720212435_822,0,0,0,87.70752,313.175079,0.719941,0.5,0.8,0.021983,1,63.41,63.79,27.5,28.73,28.73,97.05,156,155.3,0.5,0,3.787,24,48,153,,,,,,,,00:00:00,0000-00-00,nan,nan,nan,0,nan,21:22:52,2026-07-20,-1.18,1,-0.001,-0.002,-0.01,0.83,1.837,4.427,1,150,0.005,2,0.058905,0,0.02923,0,0,-6.8e-05,standard,0,rectangular,7000,500,-9999,-9999,55537,55537,55537,0,-9999,0,0,0,0,2.492176,2.478139,1.642182,0.930569,0.246884,0.014401,0.168767,0.106706,87.70752,0.00029,2.397709,-3e-05,1,2.383926,-2.4e-05,1,0.601714,0.600514,0.106642,0,PSF-00578_20260720212435_822,PFA-00612,PSA-00572,PSF-00578,RHS-0697,3.0.0,2026-06-15T15:17:51.144Z
7,21:24:45,2026-07-20,Rain_out,Climate_model,,Pl1-R1-M2-H3-P10,,,-0.00317,2.914887,-0.003173,-0.05563,2.356017,2.35751,4.001666,1.645649,24.291145,24.275759,41.232079,0.441786,7.5,PSF-00578_20260720212445_1e6,0,0,0,90.172287,309.113495,0.708287,0.5,0.8,0.020899,1,63.66,63.7,27.57,28.91,28.91,97.05,155.9,155.3,0.4,0,3.782,24,51,153,,,,,,,,00:00:00,0000-00-00,nan,nan,nan,0,nan,21:22:52,2026-07-20,-1.18,1,-0.004,-0.003,-9999,1.525,3.056,-9999,1,150,0.005,2,0.058905,0,0.02923,0,0,-6.8e-05,standard,0,rectangular,7000,500,-9999,-9999,55537,55537,55537,0,-9999,0,0,0,0,2.492059,2.478448,1.640753,0.930579,0.246218,0.015687,0.170302,0.106704,90.172287,0.000294,2.397709,-3e-05,1,2.383926,-2.4e-05,1,0.601714,0.600514,0.106642,0,PSF-00578_20260720212445_1e6,PFA-00612,PSA-00572,PSF-00578,RHS-0697,3.0.0,2026-06-15T15:17:51.144Z
8,21:24:59,2026-07-20,Rain_out,Climate_model,,Pl1-R1-M2-H3-P10,,,-0.024347,2.916152,-0.024552,-0.441217,2.321109,2.332944,4.008242,1.687132,24.039692,23.917742,41.302704,0.441786,7.5,PSF-00578_20260720212459_884,0,0,0,100.374344,340.576874,0.705281,0.5,0.8,0.01103,1,62.38,62.7,27.66,28.94,28.94,97.05,156,155.2,0.5,0,3.787,6,-54,161,,,,,,,,00:00:00,0000-00-00,nan,nan,nan,0,nan,21:22:52,2026-07-20,-1.18,1,0,0,-0.009,0.995,2.346,7.442,1,150,0.005,2,0.058905,0,0.02923,0,0,-6.8e-05,standard,0,rectangular,7000,500,-9999,-9999,55537,55537,55537,0,-9999,0,0,0,0,2.490767,2.476827,1.64204,0.930347,0.245312,0.014953,0.172369,0.106675,100.374344,0.000305,2.397709,-3e-05,1,2.383926,-2.4e-05,1,0.601714,0.600514,0.106642,0,PSF-00578_20260720212459_884,PFA-00612,PSA-00572,PSF-00578,RHS-0697,3.0.0,2026-06-15T15:17:51.144Z
9,21:25:10,2026-07-20,Rain_out,Climate_model,,Pl1-R1-M2-H3-P10,,,-0.001797,2.916304,-0.001798,-0.031662,2.336015,2.336864,3.98968,1.653665,24.079222,24.070473,41.109955,0.441786,7.5,PSF-00578_20260720212510_15e,0,0,0,81.230881,326.562531,0.751255,0.5,0.8,0.012778,1,62.51,62.53,27.74,28.86,28.86,97.05,156,155.3,0.5,0,3.786,-1,-55,154,,,,,,,,00:00:00,0000-00-00,nan,nan,nan,0,nan,21:22:52,2026-07-20,-1.18,1,0,-0.002,-9999,1.318,2.803,-9999,1,150,0.005,2,0.058905,0,0.02923,0,0,-6.8e-05,standard,0,rectangular,7000,500,-9999,-9999,55537,55537,55537,0,-9999,0,0,0,0,2.490542,2.476975,1.642194,0.930591,0.244589,0.013182,0.173931,0.106678,81.230881,0.0003,2.397709,-3e-05,1,2.383926,-2.4e-05,1,0.601714,0.600514,0.106642,0,PSF-00578_20260720212510_15e,PFA-00612,PSA-00572,PSF-00578,RHS-0697,3.0.0,2026-06-15T15:17:51.144Z
10,21:25:20,2026-07-20,Rain_out,Climate_model,,Pl1-R1-M2-H3-P10,,,-0.001979,2.915359,-0.00198,-0.034242,2.344756,2.345675,3.968296,1.623539,24.169884,24.160418,40.8894,0.441786,7.5,PSF-00578_20260720212520_1b6,0,0,0,82.321999,340.098724,0.757947,0.5,0.8,0.009648,1,62.48,62.51,27.81,28.77,28.77,97.05,155.9,155.3,0.4,0,3.784,-1,-58,179,,,,,,,,00:00:00,0000-00-00,nan,nan,nan,0,nan,21:22:52,2026-07-20,-1.18,1,0.002,-0.003,-9999,1.541,3.009,-9999,1,150,0.005,2,0.058905,0,0.02923,0,0,-6.8e-05,standard,0,rectangular,7000,500,-9999,-9999,55537,55537,55537,0,-9999,0,0,0,0,2.490501,2.476933,1.641232,0.930613,0.243905,0.011309,0.175401,0.106669,82.321999,0.000299,2.397709,-3e-05,1,2.383926,-2.4e-05,1,0.601714,0.600514,0.106642,0,PSF-00578_20260720212520_1b6,PFA-00612,PSA-00572,PSF-00578,RHS-0697,3.0.0,2026-06-15T15:17:51.144Z
11,21:25:44,2026-07-20,Rain_out,Climate_model,,Pl1-R1-M2-H3-P10,,,-0.031223,2.914323,-0.031561,-0.582221,2.35238,2.368016,4.083431,1.731051,24.398512,24.237411,42.073048,0.441786,7.5,PSF-00578_20260720212544_9a4,0,0,0,85.392593,316.472778,0.730174,0.5,0.8,0.012545,1,62.07,62.48,27.98,29.26,29.26,97.06,155.8,155.4,0.2,0,3.784,0,9,35,,,,,,,,00:00:00,0000-00-00,nan,nan,nan,0,nan,21:22:52,2026-07-20,-1.18,1,0.002,0,-0.011,0.814,1.76,3.125,1,150,0.005,2,0.058905,0,0.02923,0,0,-6.8e-05,standard,0,rectangular,7000,500,-9999,-9999,55537,55537,55537,0,-9999,0,0,0,0,2.490442,2.476391,1.640179,0.930993,0.242279,0.015073,0.178864,0.106678,85.392593,0.000295,2.397709,-3e-05,1,2.383926,-2.4e-05,1,0.601714,0.600514,0.106642,0,PSF-00578_20260720212544_9a4,PFA-00612,PSA-00572,PSF-00578,RHS-0697,3.0.0,2026-06-15T15:17:51.144Z
12,21:25:56,2026-07-20,Rain_out,Climate_model,,Pl1-R1-M2-H3-P10,,,-0.041705,2.917749,-0.04231,-0.766982,2.381897,2.402434,4.082775,1.700878,24.751921,24.540333,42.064228,0.441786,7.5,PSF-00578_20260720212556_6b4,0,0,0,81.220863,313.83847,0.741202,0.5,0.8,0.012607,1,62.52,63.06,28.07,29.26,29.26,97.06,156.2,155.3,0.6,0,3.783,5,15,42,,,,,,,,00:00:00,0000-00-00,nan,nan,nan,0,nan,21:22:52,2026-07-20,-1.18,1,-0.004,-0.002,-0.012,0.542,1.246,2.53,1,150,0.005,2,0.058905,0,0.02923,0,0,-6.8e-05,standard,0,rectangular,7000,500,-9999,-9999,55537,55537,55537,0,-9999,0,0,0,0,2.49116,2.476941,1.64367,0.930612,0.241421,0.014015,0.180529,0.106678,81.220863,0.000301,2.397709,-3e-05,1,2.383926,-2.4e-05,1,0.601714,0.600514,0.106642,0,PSF-00578_20260720212556_6b4,PFA-00612,PSA-00572,PSF-00578,RHS-0697,3.0.0,2026-06-15T15:17:51.144Z
13,21:26:09,2026-07-20,Rain_out,Climate_model,,Pl1-R1-M2-H3-P10,,,-0.036338,2.916092,-0.036796,-0.657109,2.422878,2.44049,4.098127,1.675249,25.141672,24.960238,42.218479,0.441786,7.5,PSF-00578_20260720212609_49d,0,0,0,86.993698,337.445862,0.7422,0.5,0.8,0.010464,1,63.25,63.71,28.16,29.33,29.33,97.07,156,155.2,0.5,0,3.778,8,32,52,,,,,,,,00:00:00,0000-00-00,39.208557,-96.593864,292.600006,5,1.26,21:22:52,2026-07-20,-1.18,1,-0.002,-0.004,-9999,1.247,2.687,-9999,1,150,0.005,2,0.058905,0,0.02923,0,0,-6.8e-05,standard,0,rectangular,7000,500,-9999,-9999,55537,55537,55537,0,-9999,0,0,0,0,2.491965,2.477835,1.641979,0.930456,0.240519,0.013684,0.182243,0.106671,86.993698,0.000293,2.397709,-3e-05,1,2.383926,-2.4e-05,1,0.601714,0.600514,0.106642,0,PSF-00578_20260720212609_49d,PFA-00612,PSA-00572,PSF-00578,RHS-0697,3.0.0,2026-06-15T15:17:51.144Z
14,21:26:22,2026-07-20,Rain_out,Climate_model,,Pl1-R1-M2-H3-P10,,,-0.036015,2.916792,-0.036465,-0.638037,2.405442,2.422535,4.04727,1.641828,24.959021,24.782917,41.698425,0.441786,7.5,PSF-00578_20260720212622_6be,0,0,0,85.027458,328.741913,0.741355,0.5,0.8,0.011214,1,62.46,62.9,28.25,29.11,29.11,97.06,156.1,155.2,0.6,0,3.781,0,31,51,,,,,,,,02:20:36,2026-07-21,39.208565,-96.59388,283.200012,5,1.26,21:22:52,2026-07-20,-1.18,1,0.001,-0.003,-9999,0.935,1.947,-9999,1,150,0.005,2,0.058905,0,0.02923,0,0,-6.8e-05,standard,0,rectangular,7000,500,-9999,-9999,55537,55537,55537,0,-9999,0,0,0,0,2.490926,2.476831,1.642693,0.930383,0.239646,0.010139,0.183974,0.106674,85.027458,0.000299,2.397709,-3e-05,1,2.383926,-2.4e-05,1,0.601714,0.600514,0.106642,0,PSF-00578_20260720212622_6be,PFA-00612,PSA-00572,PSF-00578,RHS-0697,3.0.0,2026-06-15T15:17:51.144Z
15,21:26:41,2026-07-20,Rain_out,Climate_model,,Pl1-R1-M2-H3-P10,,,-0.042428,2.914393,-0.043054,-0.720599,2.487357,2.506681,4.057072,1.569715,25.826229,25.627134,41.799839,0.441786,7.5,PSF-00578_20260720212641_4ee,0,0,0,93.375565,328.918945,0.716114,0.5,0.8,0.008135,1,64.09,64.59,28.39,29.15,29.15,97.06,155.8,155.2,0.4,0,3.775,-1,37,114,,,,,,,,02:20:53,2026-07-21,39.208481,-96.593849,310.399994,6,1.13,21:22:52,2026-07-20,-1.18,1,0.004,0,-0.009,0.629,1.655,4.614,1,150,0.005,2,0.058905,0,0.02923,0,0,-6.8e-05,standard,0,rectangular,7000,500,-9999,-9999,55537,55537,55537,0,-9999,0,0,0,0,2.493037,2.478849,1.640251,0.93046,0.238385,0.009094,0.186503,0.106666,93.375565,0.000297,2.397709,-3e-05,1,2.383926,-2.4e-05,1,0.601714,0.600514,0.106642,0,PSF-00578_20260720212641_4ee,PFA-00612,PSA-00572,PSF-00578,RHS-0697,3.0.0,2026-06-15T15:17:51.144Z
1,21:27:58,2026-07-20,Rain_out,Climate_model,,Pl7-R1-M2-H1-P08,,,0.019972,2.917107,0.019837,0.331365,2.422501,2.413628,3.990242,1.567741,24.86821,24.959631,41.112461,0.441786,7.5,PSF-00578_20260720212758_23e,0,0,0,86.432938,339.899536,0.74571,0.5,0.8,0.005407,1,61.18,60.96,28.73,28.86,28.86,97.06,156.1,155.3,0.6,0,3.777,-14,31,6,,,,,,,,00:00:00,0000-00-00,nan,nan,nan,0,nan,21:27:51,2026-07-20,-0.82,1,-0.001,-0.003,-9999,2.034,3.833,-9999,1,150,0.005,2,0.058905,0,0.02923,0,0,-6.8e-05,standard,0,rectangular,7000,500,-9999,-9999,55537,55537,55537,0,-9999,0,0,0,0,2.488364,2.474687,1.643014,0.930572,0.23515,0.001832,0.266837,0.106657,86.432938,0.000301,2.397709,-3e-05,1,2.383926,-2.4e-05,1,0.601714,0.600514,0.106642,0,PSF-00578_20260720212758_23e,PFA-00612,PSA-00572,PSF-00578,RHS-0697,3.0.0,2026-06-15T15:17:51.144Z
2,21:28:13,2026-07-20,Rain_out,Climate_model,,Pl7-R1-M2-H1-P08,,,0.059927,2.916572,0.05872,0.920357,2.482599,2.457959,3.953446,1.470846,25.324125,25.577988,40.731983,0.441786,7.5,PSF-00578_20260720212813_127,0,0,0,89.573982,340.937744,0.737272,0.5,0.8,0.005851,1,62.3,61.69,28.84,28.7,28.7,97.06,156.1,155.3,0.5,0,3.775,-9,32,4,,,,,,,,00:00:00,0000-00-00,nan,nan,nan,0,nan,21:27:51,2026-07-20,-0.82,1,0,0,-0.012,-0.135,-0.207,0.422,1,150,0.005,2,0.058905,0,0.02923,0,0,-6.8e-05,standard,0,rectangular,7000,500,-9999,-9999,55537,55537,55537,0,-9999,0,0,0,0,2.489273,2.476079,1.642468,0.930703,0.234142,-0.001247,0.269162,0.106659,89.573982,0.000288,2.397709,-3e-05,1,2.383926,-2.4e-05,1,0.601714,0.600514,0.106642,0,PSF-00578_20260720212813_127,PFA-00612,PSA-00572,PSF-00578,RHS-0697,3.0.0,2026-06-15T15:17:51.144Z
3,21:28:25,2026-07-20,Rain_out,Climate_model,,Pl7-R1-M2-H1-P08,,,0.000158,2.91403,0.000158,0.002789,2.461105,2.46103,4.11412,1.653015,25.35524,25.356012,42.386517,0.441786,7.5,PSF-00578_20260720212825_382,0,0,0,92.652443,346.391571,0.732521,0.5,0.8,0.004183,1,61.52,61.51,28.91,29.39,29.39,97.06,155.8,155.2,0.4,0,3.781,-10,39,4,,,,,,,,00:00:00,0000-00-00,nan,nan,nan,0,nan,21:27:51,2026-07-20,-0.82,1,-0.002,-0.003,-9999,1.953,4.924,-9999,1,150,0.005,2,0.058905,0,0.02923,0,0,-6.8e-05,standard,0,rectangular,7000,500,-9999,-9999,55537,55537,55537,0,-9999,0,0,0,0,2.489043,2.47508,1.639882,0.930405,0.2335,0.005867,0.2707,0.106654,92.652443,0.000296,2.397709,-3e-05,1,2.383926,-2.4e-05,1,0.601714,0.600514,0.106642,0,PSF-00578_20260720212825_382,PFA-00612,PSA-00572,PSF-00578,RHS-0697,3.0.0,2026-06-15T15:17:51.144Z
4,21:28:37,2026-07-20,Rain_out,Climate_model,,Pl7-R1-M2-H1-P08,,,0.046881,2.916852,0.046139,0.757703,2.512472,2.492198,4.05253,1.540057,25.676413,25.8853,41.752079,0.441786,7.5,PSF-00578_20260720212837_468,0,0,0,91.996193,349.667786,0.736904,0.5,0.8,0.004208,1,62.54,62.04,28.98,29.13,29.13,97.06,156.1,155.3,0.5,0,3.78,-5,27,4,,,,,,,,00:00:00,0000-00-00,nan,nan,nan,0,nan,21:27:51,2026-07-20,-0.82,1,0.001,0.001,-9999,2.131,4.766,-9999,1,150,0.005,2,0.058905,0,0.02923,0,0,-6.8e-05,standard,0,rectangular,7000,500,-9999,-9999,55537,55537,55537,0,-9999,0,0,0,0,2.489695,2.476354,1.642754,0.930675,0.232842,0.002038,0.272238,0.106654,91.996193,0.000302,2.397709,-3e-05,1,2.383926,-2.4e-05,1,0.601714,0.600514,0.106642,0,PSF-00578_20260720212837_468,PFA-00612,PSA-00572,PSF-00578,RHS-0697,3.0.0,2026-06-15T15:17:51.144Z
5,21:28:48,2026-07-20,Rain_out,Climate_model,,Pl7-R1-M2-H1-P08,,,0.025036,2.91615,0.024823,0.417403,2.498132,2.486954,4.075093,1.576961,25.620275,25.735428,41.981079,0.441786,7.5,PSF-00578_20260720212848_812,0,0,0,97.645279,358.426086,0.727572,0.5,0.8,0.003283,1,61.94,61.66,29.05,29.23,29.23,97.07,156,155.2,0.5,0,3.781,-5,23,4,,,,,,,,00:00:00,0000-00-00,nan,nan,nan,0,nan,21:27:51,2026-07-20,-0.82,1,0.002,-0.001,-9999,2.275,5.497,-9999,1,150,0.005,2,0.058905,0,0.02923,0,0,-6.8e-05,standard,0,rectangular,7000,500,-9999,-9999,55537,55537,55537,0,-9999,0,0,0,0,2.489206,2.475586,1.642037,0.930472,0.232213,0.002356,0.273723,0.106651,97.645279,0.000294,2.397709,-3e-05,1,2.383926,-2.4e-05,1,0.601714,0.600514,0.106642,0,PSF-00578_20260720212848_812,PFA-00612,PSA-00572,PSF-00578,RHS-0697,3.0.0,2026-06-15T15:17:51.144Z
6,21:29:00,2026-07-20,Rain_out,Climate_model,,Pl7-R1-M2-H1-P08,,,-0.001803,2.917114,-0.001804,-0.031312,2.500759,2.501597,4.12843,1.627671,25.769737,25.761105,42.528255,0.441786,7.5,PSF-00578_20260720212900_35b,0,0,0,91.911789,346.696625,0.734893,0.5,0.8,0.002812,1,61.75,61.77,29.12,29.45,29.45,97.07,156.1,155.2,0.6,0,3.78,-8,38,5,,,,,,,,02:23:14,2026-07-21,39.20837,-96.593933,nan,0,nan,21:27:51,2026-07-20,-0.82,1,0.001,-0.002,-0.017,1.368,3.467,6.579,1,150,0.005,2,0.058905,0,0.02923,0,0,-6.8e-05,standard,0,rectangular,7000,500,-9999,-9999,55537,55537,55537,0,-9999,0,0,0,0,2.489336,2.475341,1.643021,0.930471,0.231571,0.004143,0.275172,0.10665,91.911789,0.000299,2.397709,-3e-05,1,2.383926,-2.4e-05,1,0.601714,0.600514,0.106642,0,PSF-00578_20260720212900_35b,PFA-00612,PSA-00572,PSF-00578,RHS-0697,3.0.0,2026-06-15T15:17:51.144Z
7,21:29:13,2026-07-20,Rain_out,Climate_model,,Pl7-R1-M2-H1-P08,,,-0.014606,2.916788,-0.014679,-0.25623,2.529178,2.536034,4.165076,1.635897,26.126368,26.055738,42.908844,0.441786,7.5,PSF-00578_20260720212913_b33,0,0,0,93.571182,320.53363,0.708077,0.5,0.8,0.00671,1,62.2,62.36,29.19,29.61,29.61,97.07,156.1,155.2,0.6,0,3.744,-1,-35,12,,,,,,,,00:00:00,0000-00-00,nan,nan,nan,0,nan,21:27:51,2026-07-20,-0.82,1,0.001,-0.001,-0.012,0.608,1.836,5.827,1,150,0.005,2,0.058905,0,0.02923,0,0,-6.8e-05,standard,0,rectangular,7000,500,-9999,-9999,55537,55537,55537,0,-9999,0,0,0,0,2.490073,2.475884,1.642688,0.930392,0.230912,0.005083,0.276639,0.106662,93.571182,0.000297,2.397709,-3e-05,1,2.383926,-2.4e-05,1,0.601714,0.600514,0.106642,0,PSF-00578_20260720212913_b33,PFA-00612,PSA-00572,PSF-00578,RHS-0697,3.0.0,2026-06-15T15:17:51.144Z
8,21:29:26,2026-07-20,Rain_out,Climate_model,,Pl7-R1-M2-H1-P08,,,0.0084,2.914746,0.008376,0.136648,2.588936,2.585276,4.117882,1.528946,26.633795,26.671499,42.422867,0.441786,7.5,PSF-00578_20260720212926_808,0,0,0,91.686485,340.256439,0.730537,0.5,0.8,0.002296,1,63.37,63.28,29.27,29.41,29.41,97.07,155.8,155.2,0.4,0,3.777,8,49,11,,,,,,,,00:00:00,0000-00-00,nan,nan,nan,0,nan,21:27:51,2026-07-20,-0.82,1,0,0.004,-9999,1.684,4.231,-9999,1,150,0.005,2,0.058905,0,0.02923,0,0,-6.8e-05,standard,0,rectangular,7000,500,-9999,-9999,55537,55537,55537,0,-9999,0,0,0,0,2.491228,2.477349,1.640609,0.930512,0.230189,0.001885,0.278269,0.106649,91.686485,0.000305,2.397709,-3e-05,1,2.383926,-2.4e-05,1,0.601714,0.600514,0.106642,0,PSF-00578_20260720212926_808,PFA-00612,PSA-00572,PSF-00578,RHS-0697,3.0.0,2026-06-15T15:17:51.144Z
9,21:29:37,2026-07-20,Rain_out,Climate_model,,Pl7-R1-M2-H1-P08,,,0.035992,2.916584,0.035554,0.608959,2.568168,2.551878,4.173036,1.604868,26.289122,26.45694,42.990078,0.441786,7.5,PSF-00578_20260720212937_70e,0,0,0,90.131165,337.213043,0.732717,0.5,0.8,0.003682,1,62.65,62.26,29.33,29.64,29.64,97.07,156.1,155.3,0.5,0,3.776,15,41,13,,,,,,,,00:00:00,0000-00-00,nan,nan,nan,0,nan,21:27:51,2026-07-20,-0.82,1,0.001,0.002,-9999,2.482,4.921,-9999,1,150,0.005,2,0.058905,0,0.02923,0,0,-6.8e-05,standard,0,rectangular,7000,500,-9999,-9999,55537,55537,55537,0,-9999,0,0,0,0,2.489911,2.476436,1.64248,0.930686,0.229658,0.003874,0.279434,0.106652,90.131165,0.000302,2.397709,-3e-05,1,2.383926,-2.4e-05,1,0.601714,0.600514,0.106642,0,PSF-00578_20260720212937_70e,PFA-00612,PSA-00572,PSF-00578,RHS-0697,3.0.0,2026-06-15T15:17:51.144Z
10,21:29:50,2026-07-20,Rain_out,Climate_model,,Pl7-R1-M2-H1-P08,,,2.7e-05,2.9162,2.7e-05,0.00048,2.526887,2.526874,4.20612,1.679233,26.031729,26.03186,43.331238,0.441786,7.5,PSF-00578_20260720212950_5a8,0,0,0,102.575897,365.894806,0.719657,0.5,0.8,0.009777,1,61.38,61.38,29.41,29.78,29.78,97.07,156,155,0.6,0,3.774,10,-47,13,,,,,,,,00:00:00,0000-00-00,nan,nan,nan,0,nan,21:27:51,2026-07-20,-0.82,1,0.002,0.005,0.007,0.462,1.675,8.399,1,150,0.005,2,0.058905,0,0.02923,0,0,-6.8e-05,standard,0,rectangular,7000,500,-9999,-9999,55537,55537,55537,0,-9999,0,0,0,0,2.488777,2.474818,1.642089,0.930013,0.228967,0.004578,0.28096,0.10667,102.575897,0.00029,2.397709,-3e-05,1,2.383926,-2.4e-05,1,0.601714,0.600514,0.106642,0,PSF-00578_20260720212950_5a8,PFA-00612,PSA-00572,PSF-00578,RHS-0697,3.0.0,2026-06-15T15:17:51.144Z
11,21:30:04,2026-07-20,Rain_out,Climate_model,,Pl7-R1-M2-H1-P08,,,-0.005448,2.916677,-0.005458,-0.100339,2.536901,2.539586,4.258934,1.722032,26.1637,26.136042,43.877018,0.441786,7.5,PSF-00578_20260720213004_b20,0,0,0,98.814728,365.202423,0.729425,0.5,0.8,0.009535,1,61.33,61.39,29.49,29.99,29.99,97.07,156.1,155.4,0.4,0,3.74,9,-51,16,,,,,,,,00:00:00,0000-00-00,nan,nan,nan,0,nan,21:27:51,2026-07-20,-0.82,1,0.004,0.003,-9999,1.688,4.112,-9999,1,150,0.005,2,0.058905,0,0.02923,0,0,-6.8e-05,standard,0,rectangular,7000,500,-9999,-9999,55537,55537,55537,0,-9999,0,0,0,0,2.488781,2.474742,1.642575,0.930887,0.22822,0.006137,0.282616,0.106669,98.814728,0.000296,2.397709,-3e-05,1,2.383926,-2.4e-05,1,0.601714,0.600514,0.106642,0,PSF-00578_20260720213004_b20,PFA-00612,PSA-00572,PSF-00578,RHS-0697,3.0.0,2026-06-15T15:17:51.144Z
12,21:30:17,2026-07-20,Rain_out,Climate_model,,Pl7-R1-M2-H1-P08,,,-0.012505,2.91567,-0.012558,-0.227509,2.560362,2.566452,4.256948,1.696586,26.441914,26.379166,43.858929,0.441786,7.5,PSF-00578_20260720213017_f31,0,0,0,88.434937,336.586121,0.737259,0.5,0.8,0.002695,1,61.64,61.79,29.56,29.99,29.99,97.06,156,155,0.6,0,3.774,32,44,15,,,,,,,,00:00:00,0000-00-00,nan,nan,nan,0,nan,21:27:51,2026-07-20,-0.82,1,0.001,0,-9999,2.178,3.906,-9999,1,150,0.005,2,0.058905,0,0.02923,0,0,-6.8e-05,standard,0,rectangular,7000,500,-9999,-9999,55537,55537,55537,0,-9999,0,0,0,0,2.489278,2.47513,1.641548,0.929834,0.227592,0.005234,0.283989,0.10665,88.434937,0.000305,2.397709,-3e-05,1,2.383926,-2.4e-05,1,0.601714,0.600514,0.106642,0,PSF-00578_20260720213017_f31,PFA-00612,PSA-00572,PSF-00578,RHS-0697,3.0.0,2026-06-15T15:17:51.144Z
13,21:30:28,2026-07-20,Rain_out,Climate_model,,Pl7-R1-M2-H1-P08,,,-0.005385,2.916773,-0.005395,-0.100655,2.541612,2.544305,4.288938,1.747326,26.21265,26.184908,44.186695,0.441786,7.5,PSF-00578_20260720213028_97c,0,0,0,105.2295,372.950806,0.717846,0.5,0.8,0.008523,1,60.96,61.02,29.62,30.12,30.12,97.06,156.1,155.1,0.7,0,3.772,13,-54,20,,,,,,,,00:00:00,0000-00-00,nan,nan,nan,0,nan,21:27:51,2026-07-20,-0.82,1,-0.003,-0.004,-9999,4.083,9.031,-9999,1,150,0.005,2,0.058905,0,0.02923,0,0,-6.8e-05,standard,0,rectangular,7000,500,-9999,-9999,55537,55537,55537,0,-9999,0,0,0,0,2.488286,2.474255,1.642673,0.930024,0.22699,0.00597,0.285278,0.106667,105.2295,0.000293,2.397709,-3e-05,1,2.383926,-2.4e-05,1,0.601714,0.600514,0.106642,0,PSF-00578_20260720213028_97c,PFA-00612,PSA-00572,PSF-00578,RHS-0697,3.0.0,2026-06-15T15:17:51.144Z
14,21:30:43,2026-07-20,Rain_out,Climate_model,,Pl7-R1-M2-H1-P08,,,-0.016553,2.916472,-0.016647,-0.309892,2.550935,2.559226,4.293952,1.743016,26.368551,26.283129,44.241997,0.441786,7.5,PSF-00578_20260720213043_507,0,0,0,102.799057,374.211426,0.725291,0.5,0.8,0.009729,1,60.88,61.08,29.71,30.14,30.14,97.06,156.1,154.7,0.9,0,3.768,16,-74,25,,,,,,,,00:00:00,0000-00-00,nan,nan,nan,0,nan,21:27:51,2026-07-20,-0.82,1,-0.002,-0.003,-0.016,1.218,3.779,11.792,1,150,0.005,2,0.058905,0,0.02923,0,0,-6.8e-05,standard,0,rectangular,7000,500,-9999,-9999,55537,55537,55537,0,-9999,0,0,0,0,2.488347,2.474147,1.642366,0.9291,0.226232,0.005224,0.286908,0.10667,102.799057,0.000297,2.397709,-3e-05,1,2.383926,-2.4e-05,1,0.601714,0.600514,0.106642,0,PSF-00578_20260720213043_507,PFA-00612,PSA-00572,PSF-00578,RHS-0697,3.0.0,2026-06-15T15:17:51.144Z
15,21:30:54,2026-07-20,Rain_out,Climate_model,,Pl7-R1-M2-H1-P08,,,0.075105,2.916573,0.07322,1.257971,2.582346,2.548704,4.191666,1.60932,26.259935,26.606556,43.187786,0.441786,7.5,PSF-00578_20260720213054_c26,0,0,0,96.740845,351.762054,0.724982,0.5,0.8,0.009725,1,61.42,60.62,29.77,29.72,29.72,97.06,156.1,155.2,0.6,0,3.774,10,-71,22,,,,,,,,00:00:00,0000-00-00,39.208298,-96.593704,353.899994,5,1.94,21:27:51,2026-07-20,-0.82,1,0,-0.002,-9999,2.734,6.038,-9999,1,150,0.005,2,0.058905,0,0.02923,0,0,-6.8e-05,standard,0,rectangular,7000,500,-9999,-9999,55537,55537,55537,0,-9999,0,0,0,0,2.487743,2.474806,1.642469,0.930317,0.225686,-0.000347,0.288077,0.10667,96.740845,0.000308,2.397709,-3e-05,1,2.383926,-2.4e-05,1,0.601714,0.600514,0.106642,0,PSF-00578_20260720213054_c26,PFA-00612,PSA-00572,PSF-00578,RHS-0697,3.0.0,2026-06-15T15:17:51.144Z
16,21:31:51,2026-07-20,Rain_out,Climate_model,,Pl17-R2-M1-H1-P04,,,-0.002063,2.916748,-0.002064,-0.036632,2.65635,2.657329,4.317113,1.660763,27.378139,27.368055,44.478691,0.441786,7.5,PSF-00578_20260720213151_015,0,0,0,103.110909,350.940582,0.706187,0.5,0.8,0.00101,1,62.07,62.09,30.08,30.23,30.23,97.06,156.1,155.1,0.7,0,3.744,-16,39,350,,,,,,,,02:26:05,2026-07-21,39.208298,-96.593674,355.899994,5,1.94,21:27:51,2026-07-20,-0.82,1,0,0.001,-9999,2.408,6.657,-9999,1,150,0.005,2,0.058905,0,0.02923,0,0,-6.8e-05,standard,0,rectangular,7000,500,-9999,-9999,55537,55537,55537,0,-9999,0,0,0,0,2.489567,2.475575,1.642647,0.93003,0.222965,0.002032,0.294434,0.106645,103.110909,0.000296,2.397709,-3e-05,1,2.383926,-2.4e-05,1,0.601714,0.600514,0.106642,0,PSF-00578_20260720213151_015,PFA-00612,PSA-00572,PSF-00578,RHS-0697,3.0.0,2026-06-15T15:17:51.144Z
17,21:32:09,2026-07-20,Rain_out,Climate_model,,Pl17-R2-M1-H1-P04,,,-0.017587,2.916419,-0.017693,-0.358084,2.567275,2.576854,4.460388,1.893113,26.550316,26.451622,45.957088,0.441786,7.5,PSF-00578_20260720213209_0b1,0,0,0,92.327713,341.995239,0.730032,0.5,0.8,0.001169,1,59.67,59.9,30.17,30.8,30.8,97.06,156,155,0.7,0,3.77,-15,31,349,,,,,,,,02:26:23,2026-07-21,39.208389,-96.593781,347.700012,7,1.1,21:27:51,2026-07-20,-0.82,1,-0.001,-0.003,-9999,1.415,3.75,-9999,1,150,0.005,2,0.058905,0,0.02923,0,0,-6.8e-05,standard,0,rectangular,7000,500,-9999,-9999,55537,55537,55537,0,-9999,0,0,0,0,2.486753,2.472548,1.642312,0.929949,0.222161,0.007616,0.296257,0.106645,92.327713,0.000308,2.397709,-3e-05,1,2.383926,-2.4e-05,1,0.601714,0.600514,0.106642,0,PSF-00578_20260720213209_0b1,PFA-00612,PSA-00572,PSF-00578,RHS-0697,3.0.0,2026-06-15T15:17:51.144Z
18,21:32:26,2026-07-20,Rain_out,Climate_model,,Pl17-R2-M1-H1-P04,,,-0.012051,2.91557,-0.012101,-0.225104,2.598992,2.605016,4.340078,1.741087,26.838263,26.776199,44.713806,0.441786,7.5,PSF-00578_20260720213226_3eb,0,0,0,92.665314,342.60498,0.729527,0.5,0.8,0.001168,1,60.11,60.25,30.26,30.32,30.32,97.06,155.9,155.2,0.5,0,3.77,-14,38,349,,,,,,,,02:26:36,2026-07-21,39.208389,-96.593819,345.899994,7,1.1,21:27:51,2026-07-20,-0.82,1,-0.001,-0.001,-9999,2.104,4.291,-9999,1,150,0.005,2,0.058905,0,0.02923,0,0,-6.8e-05,standard,0,rectangular,7000,500,-9999,-9999,55537,55537,55537,0,-9999,0,0,0,0,2.48719,2.473084,1.641447,0.930466,0.221405,0.001034,0.298013,0.106645,92.665314,0.00031,2.397709,-3e-05,1,2.383926,-2.4e-05,1,0.601714,0.600514,0.106642,0,PSF-00578_20260720213226_3eb,PFA-00612,PSA-00572,PSF-00578,RHS-0697,3.0.0,2026-06-15T15:17:51.144Z
19,21:32:41,2026-07-20,Rain_out,Climate_model,,Pl17-R2-M1-H1-P04,,,-0.005838,2.914621,-0.00585,-0.11001,2.609763,2.612709,4.369424,1.75966,26.917734,26.887383,45.016487,0.441786,7.5,PSF-00578_20260720213241_877,0,0,0,104.275345,353.863464,0.705323,0.5,0.8,0.000647,1,60.1,60.17,30.33,30.44,30.44,97.06,155.8,155.1,0.5,0,3.771,-11,35,349,,,,,,,,02:26:55,2026-07-21,39.208378,-96.593842,345.100006,7,1.11,21:27:51,2026-07-20,-0.82,1,-0.002,-0.001,0.007,0.426,2.148,10.256,1,150,0.005,2,0.058905,0,0.02923,0,0,-6.8e-05,standard,0,rectangular,7000,500,-9999,-9999,55537,55537,55537,0,-9999,0,0,0,0,2.487075,2.473061,1.640482,0.930117,0.220755,0.001535,0.299515,0.106644,104.275345,0.000296,2.397709,-3e-05,1,2.383926,-2.4e-05,1,0.601714,0.600514,0.106642,0,PSF-00578_20260720213241_877,PFA-00612,PSA-00572,PSF-00578,RHS-0697,3.0.0,2026-06-15T15:17:51.144Z
20,21:33:04,2026-07-20,Rain_out,Climate_model,,Pl17-R2-M1-H1-P04,,,-0.009219,2.916557,-0.009248,-0.177237,2.5827,2.587441,4.3763,1.7936,26.65493,26.606094,45.083145,0.441786,7.5,PSF-00578_20260720213304_a2c,0,0,0,96.269844,350.656616,0.725458,0.5,0.8,0.00141,1,59.1,59.2,30.44,30.47,30.47,97.07,156.1,155.1,0.6,0,3.771,-8,26,348,,,,,,,,02:27:16,2026-07-21,39.208385,-96.593842,345.200012,7,1.11,21:27:51,2026-07-20,-0.82,1,0.001,0,-9999,0.29,1.018,-9999,1,150,0.005,2,0.058905,0,0.02923,0,0,-6.8e-05,standard,0,rectangular,7000,500,-9999,-9999,55537,55537,55537,0,-9999,0,0,0,0,2.485822,2.471774,1.642452,0.930051,0.219774,0.000536,0.301927,0.106646,96.269844,0.000305,2.397709,-3e-05,1,2.383926,-2.4e-05,1,0.601714,0.600514,0.106642,0,PSF-00578_20260720213304_a2c,PFA-00612,PSA-00572,PSF-00578,RHS-0697,3.0.0,2026-06-15T15:17:51.144Z
21,21:33:24,2026-07-20,Rain_out,Climate_model,,Pl17-R2-M1-H1-P04,,,-0.016064,2.916151,-0.016153,-0.356648,2.556065,2.565608,4.619746,2.063681,26.434105,26.335773,47.5984,0.441786,7.5,PSF-00578_20260720213324_aaa,0,0,0,94.199181,329.599854,0.714201,0.5,0.8,0.004445,1,58.16,58.37,30.54,31.42,31.42,97.06,156,155.1,0.6,0,3.771,14,-62,7,,,,,,,,02:27:38,2026-07-21,39.208408,-96.593857,343.799988,7,1.11,21:27:51,2026-07-20,-0.82,1,0,-0.001,-9999,1.68,3.631,-9999,1,150,0.005,2,0.058905,0,0.02923,0,0,-6.8e-05,standard,0,rectangular,7000,500,-9999,-9999,55537,55537,55537,0,-9999,0,0,0,0,2.484744,2.470574,1.642038,0.930095,0.218922,0.010494,0.303931,0.106655,94.199181,0.000304,2.397709,-3e-05,1,2.383926,-2.4e-05,1,0.601714,0.600514,0.106642,0,PSF-00578_20260720213324_aaa,PFA-00612,PSA-00572,PSF-00578,RHS-0697,3.0.0,2026-06-15T15:17:51.144Z
22,21:33:44,2026-07-20,Rain_out,Climate_model,,Pl17-R2-M1-H1-P04,,,-0.00693,2.915862,-0.006946,-0.14147,2.574544,2.57833,4.479465,1.904921,26.564295,26.52529,46.151505,0.441786,7.5,PSF-00578_20260720213344_0f9,0,0,0,96.209763,343.193298,0.719663,0.5,0.8,0.002754,1,58.24,58.32,30.64,30.88,30.88,97.06,156,154,1.3,0,3.763,9,-57,6,,,,,,,,02:27:58,2026-07-21,39.208405,-96.593857,344,7,1.16,21:27:51,2026-07-20,-0.82,1,-0.001,0,-9999,0.034,0.274,-9999,1,150,0.005,2,0.058905,0,0.02923,0,0,-6.8e-05,standard,0,rectangular,7000,500,-9999,-9999,55537,55537,55537,0,-9999,0,0,0,0,2.484662,2.47066,1.641744,0.927281,0.218049,0.002956,0.30591,0.10665,96.209763,0.000295,2.397709,-3e-05,1,2.383926,-2.4e-05,1,0.601714,0.600514,0.106642,0,PSF-00578_20260720213344_0f9,PFA-00612,PSA-00572,PSF-00578,RHS-0697,3.0.0,2026-06-15T15:17:51.144Z
23,21:33:55,2026-07-20,Rain_out,Climate_model,,Pl17-R2-M1-H1-P04,,,-0.011318,2.91586,-0.011362,-0.230964,2.583949,2.590129,4.485026,1.901077,26.686546,26.622871,46.209991,0.441786,7.5,PSF-00578_20260720213355_59f,0,0,0,91.530205,342.796692,0.73299,0.5,0.8,0.001048,1,58.27,58.41,30.7,30.9,30.9,97.06,156,155,0.6,0,3.768,27,44,350,,,,,,,,02:28:09,2026-07-21,39.208401,-96.593895,344,8,1.05,21:27:51,2026-07-20,-0.82,1,0.002,-0.001,-9999,2.188,4.832,-9999,1,150,0.005,2,0.058905,0,0.02923,0,0,-6.8e-05,standard,0,rectangular,7000,500,-9999,-9999,55537,55537,55537,0,-9999,0,0,0,0,2.484758,2.470687,1.641742,0.929891,0.217578,0.002567,0.307022,0.106645,91.530205,0.000291,2.397709,-3e-05,1,2.383926,-2.4e-05,1,0.601714,0.600514,0.106642,0,PSF-00578_20260720213355_59f,PFA-00612,PSA-00572,PSF-00578,RHS-0697,3.0.0,2026-06-15T15:17:51.144Z
24,21:34:08,2026-07-20,Rain_out,Climate_model,,Pl17-R2-M1-H1-P04,,,-0.020707,2.914937,-0.020855,-0.418113,2.60504,2.616234,4.479937,1.874897,26.954252,26.838924,46.155418,0.441786,7.5,PSF-00578_20260720213408_0ce,0,0,0,89.074371,341.370453,0.739068,0.5,0.8,0.001184,1,58.54,58.79,30.76,30.88,30.88,97.06,155.9,155.1,0.5,0,3.77,29,55,348,,,,,,,,02:28:22,2026-07-21,39.208408,-96.593903,344.5,9,1.03,21:27:51,2026-07-20,-0.82,1,-0.004,-0.001,-9999,2.739,4.452,-9999,1,150,0.005,2,0.058905,0,0.02923,0,0,-6.8e-05,standard,0,rectangular,7000,500,-9999,-9999,55537,55537,55537,0,-9999,0,0,0,0,2.485232,2.471014,1.640803,0.930196,0.217048,0.001609,0.308297,0.106645,89.074371,0.000306,2.397709,-3e-05,1,2.383926,-2.4e-05,1,0.601714,0.600514,0.106642,0,PSF-00578_20260720213408_0ce,PFA-00612,PSA-00572,PSF-00578,RHS-0697,3.0.0,2026-06-15T15:17:51.144Z
25,21:34:20,2026-07-20,Rain_out,Climate_model,,Pl17-R2-M1-H1-P04,,,-0.020365,2.915318,-0.020509,-0.404691,2.596449,2.607281,4.442316,1.845867,26.861877,26.750277,45.767578,0.441786,7.5,PSF-00578_20260720213420_a47,0,0,0,81.276299,324.678894,0.749672,0.5,0.8,0.003126,1,58.14,58.38,30.82,30.73,30.73,97.06,155.9,154.9,0.6,0,3.767,3,-44,4,,,,,,,,02:28:35,2026-07-21,39.208412,-96.59388,343.200012,8,1.11,21:27:51,2026-07-20,-0.82,1,-0.003,-0.004,-9999,1.246,2.36,-9999,1,150,0.005,2,0.058905,0,0.02923,0,0,-6.8e-05,standard,0,rectangular,7000,500,-9999,-9999,55537,55537,55537,0,-9999,0,0,0,0,2.484706,2.470507,1.64119,0.929699,0.216532,-0.000824,0.309519,0.106651,81.276299,0.000294,2.397709,-3e-05,1,2.383926,-2.4e-05,1,0.601714,0.600514,0.106642,0,PSF-00578_20260720213420_a47,PFA-00612,PSA-00572,PSF-00578,RHS-0697,3.0.0,2026-06-15T15:17:51.144Z
26,21:34:41,2026-07-20,Rain_out,Climate_model,,Pl17-R2-M1-H1-P04,,,-0.02362,2.916352,-0.023812,-0.476853,2.61725,2.630001,4.489925,1.872676,27.094143,26.962776,46.25499,0.441786,7.5,PSF-00578_20260720213441_e89,0,0,0,89.25605,329.976807,0.729508,0.5,0.8,0.001293,1,58.29,58.57,30.92,30.92,30.92,97.07,156,155,0.7,0,3.766,-1,-37,359,,,,,,,,02:28:55,2026-07-21,39.208408,-96.59388,342.399994,9,1.04,21:27:51,2026-07-20,-0.82,1,0,0.001,-9999,0.006,0.162,-9999,1,150,0.005,2,0.058905,0,0.02923,0,0,-6.8e-05,standard,0,rectangular,7000,500,-9999,-9999,55537,55537,55537,0,-9999,0,0,0,0,2.48493,2.470676,1.642244,0.929922,0.215719,0.000239,0.311568,0.106646,89.25605,0.000311,2.397709,-3e-05,1,2.383926,-2.4e-05,1,0.601714,0.600514,0.106642,0,PSF-00578_20260720213441_e89,PFA-00612,PSA-00572,PSF-00578,RHS-0697,3.0.0,2026-06-15T15:17:51.144Z
27,21:34:52,2026-07-20,Rain_out,Climate_model,,Pl17-R2-M1-H1-P04,,,-0.026234,2.915742,-0.026472,-0.555143,2.623676,2.638527,4.583706,1.96003,27.182606,27.029608,47.222206,0.441786,7.5,PSF-00578_20260720213452_f96,0,0,0,83.789703,327.727661,0.744331,0.5,0.8,0.002849,1,58.27,58.6,30.97,31.28,31.28,97.07,156,155.2,0.5,0,3.768,-1,-40,0,,,,,,,,02:29:05,2026-07-21,39.208408,-96.593872,342.700012,9,1.04,21:27:51,2026-07-20,-0.82,1,-0.002,-0.004,-9999,1.655,3.003,-9999,1,150,0.005,2,0.058905,0,0.02923,0,0,-6.8e-05,standard,0,rectangular,7000,500,-9999,-9999,55537,55537,55537,0,-9999,0,0,0,0,2.484949,2.470638,1.641622,0.930268,0.215296,0.003905,0.31253,0.10665,83.789703,0.000301,2.397709,-3e-05,1,2.383926,-2.4e-05,1,0.601714,0.600514,0.106642,0,PSF-00578_20260720213452_f96,PFA-00612,PSA-00572,PSF-00578,RHS-0697,3.0.0,2026-06-15T15:17:51.144Z
28,21:35:03,2026-07-20,Rain_out,Climate_model,,Pl17-R2-M1-H1-P04,,,-0.014215,2.916424,-0.014284,-0.286086,2.630859,2.638508,4.503472,1.872613,27.182198,27.103399,46.39526,0.441786,7.5,PSF-00578_20260720213503_250,0,0,0,90.469833,326.453094,0.72287,0.5,0.8,0.002766,1,58.25,58.42,31.02,30.97,30.97,97.07,156.1,155,0.7,0,3.763,-5,-39,2,,,,,,,,02:29:17,2026-07-21,39.208416,-96.59388,343.899994,9,1.04,21:27:51,2026-07-20,-0.82,1,0.001,0,-9999,2.044,3.528,-9999,1,150,0.005,2,0.058905,0,0.02923,0,0,-6.8e-05,standard,0,rectangular,7000,500,-9999,-9999,55537,55537,55537,0,-9999,0,0,0,0,2.48472,2.470614,1.642317,0.929899,0.21486,-0.000333,0.313589,0.10665,90.469833,0.000298,2.397709,-3e-05,1,2.383926,-2.4e-05,1,0.601714,0.600514,0.106642,0,PSF-00578_20260720213503_250,PFA-00612,PSA-00572,PSF-00578,RHS-0697,3.0.0,2026-06-15T15:17:51.144Z
29,21:35:17,2026-07-20,Rain_out,Climate_model,,Pl17-R2-M1-H1-P04,,,-0.014241,2.917647,-0.014311,-0.280475,2.617994,2.625486,4.451061,1.833068,27.049156,26.971968,45.857208,0.441786,7.5,PSF-00578_20260720213517_778,0,0,0,81.728699,318.098175,0.743071,0.5,0.8,0.000936,1,57.76,57.93,31.08,30.76,30.76,97.06,156.2,154.9,0.8,0,3.728,-6,-27,355,,,,,,,,02:29:31,2026-07-21,39.208416,-96.593864,343.899994,9,1.04,21:27:51,2026-07-20,-0.82,1,-0.004,-0.004,-9999,1.101,2.064,-9999,1,150,0.005,2,0.058905,0,0.02923,0,0,-6.8e-05,standard,0,rectangular,7000,500,-9999,-9999,55537,55537,55537,0,-9999,0,0,0,0,2.484076,2.469984,1.643565,0.929661,0.214332,-0.003463,0.314915,0.106645,81.728699,0.000304,2.397709,-3e-05,1,2.383926,-2.4e-05,1,0.601714,0.600514,0.106642,0,PSF-00578_20260720213517_778,PFA-00612,PSA-00572,PSF-00578,RHS-0697,3.0.0,2026-06-15T15:17:51.144Z
30,21:35:29,2026-07-20,Rain_out,Climate_model,,Pl17-R2-M1-H1-P04,,,-0.018695,2.916502,-0.018816,-0.39546,2.589996,2.600573,4.555087,1.965091,26.790836,26.681873,46.926037,0.441786,7.5,PSF-00578_20260720213529_9f7,0,0,0,86.832405,329.828735,0.736735,0.5,0.8,0.000423,1,56.98,57.21,31.13,31.17,31.17,97.07,156.1,155.1,0.6,0,3.767,-6,-36,355,,,,,,,,02:29:43,2026-07-21,39.208427,-96.59388,343.700012,9,1.04,21:27:51,2026-07-20,-0.82,1,0,-0.002,-9999,1.443,2.42,-9999,1,150,0.005,2,0.058905,0,0.02923,0,0,-6.8e-05,standard,0,rectangular,7000,500,-9999,-9999,55537,55537,55537,0,-9999,0,0,0,0,2.483151,2.468987,1.642396,0.930015,0.213903,0.000678,0.316029,0.106643,86.832405,0.000303,2.397709,-3e-05,1,2.383926,-2.4e-05,1,0.601714,0.600514,0.106642,0,PSF-00578_20260720213529_9f7,PFA-00612,PSA-00572,PSF-00578,RHS-0697,3.0.0,2026-06-15T15:17:51.144Z
