SYS_Obs,SYS_Time,SYS_Date,SYS_configName,SYS_configAuthor,USERDEF_remark,USERDEF_Bar_code,USERDEF,USERDEF_1,PORO_gsw,PORO_gbw,PORO_gtw,PORO_E_apparent,PORO_VPcham,PORO_VPref,PORO_VPleaf,PORO_VPDleaf,PORO_H2O_r,PORO_H2O_s,PORO_H2O_leaf,PORO_leaf_area,PORO_leaf_width,FLUORO_flashID,FLUORO_Fo,FLUORO_Fm,FLUORO_FvFm,FLUORO_Fs,FLUORO_Fm_1,FLUORO_PhiPS2,FLUORO_PS21,FLUORO_abs,FLUORO_ETR,FLUORO_TRANS,SENSOR_rh_s,SENSOR_rh_r,SENSOR_Tref,SENSOR_Tmeas,SENSOR_Tleaf,SENSOR_P_atm,SENSOR_flow,SENSOR_flow_s,SENSOR_leak_pct,SENSOR_Qamb,SENSOR_batt,LEAF_ANGLE_pitch,LEAF_ANGLE_roll,LEAF_ANGLE_heading,LEAF_ANGLE_angle_inc_leaf,LEAF_ANGLE_direct_pct,LEAF_ANGLE_slope_leaf,LEAF_ANGLE_az_leaf,LEAF_ANGLE_dec_solar,LEAF_ANGLE_az_solar,LEAF_ANGLE_zenith_solar,GPS_gps_time,GPS_gps_date,GPS_latitude,GPS_longitude,GPS_altitude,GPS_gps_sats,GPS_gps_HDOP,MATCH_match_time,MATCH_match_date,MATCH_rh_adj,MATCH_type,STABILITY_gsw1sec,STABILITY_gsw2sec,STABILITY_gsw4sec,STABILITY_flr1sec,STABILITY_flr2sec,STABILITY_flr4sec,P_CONFIG_auto,P_CONFIG_flow_set,P_CONFIG_gsw_limit,P_CONFIG_gsw_period,P_CONFIG_aw,P_CONFIG_Bla,P_CONFIG_Blb,P_CONFIG_Blc,P_CONFIG_Bld,P_CONFIG_Ble,P_CONFIG_chamber,FL_CONFIG_dark,FL_CONFIG_flash_type,FL_CONFIG_flash_intensity,FL_CONFIG_modrate,FL_CONFIG_flr_limit,FL_CONFIG_flr_period,FL_CONFIG_P1_dur,FL_CONFIG_P2_dur,FL_CONFIG_P3_dur,FL_CONFIG_P1_Fmax,FL_CONFIG_P2_ramp,FL_CONFIG_P2_slp,FL_CONFIG_P3_Fmax,FL_CONFIG_P3_Pred,FL_CONFIG_P3_DeltaF,SENSOR_V_v_humA,SENSOR_V_v_humB,SENSOR_V_v_flowIn,SENSOR_V_v_flowOut,SENSOR_V_v_temp,SENSOR_V_v_irt,SENSOR_V_v_pres,SENSOR_V_v_par,SENSOR_V_v_F,SENSOR_V_i_LED,USERCAL_b_rhr,USERCAL_m_rhr,USERCAL_span_rhr,USERCAL_b_rhs,USERCAL_m_rhs,USERCAL_span_rhs,USERCAL_z_flowIn,USERCAL_z_flowOut,USERCAL_z_quantum,USERCAL_z_flr,META_flashId,META_lciSerNum,META_lcpSerNum,META_lcfSerNum,META_lcrhSerNum,META_version,META_configUpdatedAt,SourceFile,SourceDateFromFile,SourceRow,PlantID,CleanTimestamp,MeasurementDate
1,11:02:40,20-Jul-2026,Rain_out,Climate_model,,Pl1-R1-M2-H3-P10,,,0.093368,2.9172,0.090472,2.4586,3.184,3.1185,5.7094,2.5254,32.0236,32.6965,58.6304,0.44179,7.5,PSF-00578_20260720110240_a4c,0,0,0,95.08252,191.651,0.50388,0.5,0.8,167.5525,1,58.89,57.68,34.21,35.19,35.19,97.38,156.1,154.6,1,831,4.017,-13,-28,345,,,,,,,,15:56:55,20-Jul-2026,39.2084,-96.5938,338.8,5,1.68,11:02:27,20-Jul-2026,-0.35,1,0.002,0.001,-0.011,-0.563,-1.763,-4.08,1,150,0.005,2,0.058905,0,0.02923,0,0,-6.8e-05,standard,0,rectangular,7000,500,-9999,-9999,55537,55537,55537,0,-9999,0,0,0,0,2.4832,2.4703,1.6431,0.92877,0.18961,0.012134,0.21657,0.80128,95.0825,0.000297,2.3977,-3e-05,1,2.3839,-2.4e-05,1,0.60171,0.60051,0.10664,0,PSF-00578_20260720110240_a4c,PFA-00612,PSA-00572,PSF-00578,RHS-0697,3.0.0,2026-06-15T15:17:51.144Z,DATA_DUMP_1785116825020_clean_2026-07-20.csv,20-Jul-2026,2,Pl1-R1-M2-H3-P10,20-Jul-2026 11:02:40,20-Jul-2026
2,11:03:05,20-Jul-2026,Rain_out,Climate_model,,Pl1-R1-M2-H3-P10,,,0.1052,2.9169,0.10154,2.608,3.1685,3.099,5.5572,2.3887,31.829,32.5431,57.077,0.44179,7.5,PSF-00578_20260720110305_8b7,0,0,0,172.976,281.3058,0.3851,0.5,0.8,148.2059,1,58.34,57.06,34.29,34.71,34.71,97.36,156.1,154.6,1,962,4.017,-16,-23,352,,,,,,,,15:57:17,20-Jul-2026,39.2084,-96.5938,339,5,1.68,11:02:27,20-Jul-2026,-0.35,1,0.001,0.001,-9999,-2.781,-5.646,-9999,1,150,0.005,2,0.058905,0,0.02923,0,0,-6.8e-05,standard,0,rectangular,7000,500,-9999,-9999,55537,55537,55537,0,-9999,0,0,0,0,2.4824,2.4696,1.6428,0.92888,0.18902,0.005222,0.22129,0.91059,172.976,0.000306,2.3977,-3e-05,1,2.3839,-2.4e-05,1,0.60171,0.60051,0.10664,0,PSF-00578_20260720110305_8b7,PFA-00612,PSA-00572,PSF-00578,RHS-0697,3.0.0,2026-06-15T15:17:51.144Z,DATA_DUMP_1785116825020_clean_2026-07-20.csv,20-Jul-2026,3,Pl1-R1-M2-H3-P10,20-Jul-2026 11:03:05,20-Jul-2026
3,11:03:27,20-Jul-2026,Rain_out,Climate_model,,Pl1-R1-M2-H3-P10,,,0.22535,2.9173,0.20919,4.2856,3.2292,3.1151,5.1384,1.9092,31.9903,33.1625,52.7687,0.44179,7.5,PSF-00578_20260720110327_f9b,0,0,0,101.6443,304.8409,0.66657,0.5,0.8,81.0706,1,59.22,57.13,34.36,33.3,33.3,97.38,156.2,154.8,0.9,304,4.01,-23,-48,2,,,,,,,,15:57:43,20-Jul-2026,39.2084,-96.5938,341.5,5,1.68,11:02:27,20-Jul-2026,-0.35,1,-0.002,-0.002,0.009,0.437,0.802,0.955,1,150,0.005,2,0.058905,0,0.02923,0,0,-6.8e-05,standard,0,rectangular,7000,500,-9999,-9999,55537,55537,55537,0,-9999,0,0,0,0,2.4825,2.4707,1.6432,0.92929,0.18849,-0.012565,0.22487,0.36071,101.6443,0.000298,2.3977,-3e-05,1,2.3839,-2.4e-05,1,0.60171,0.60051,0.10664,0,PSF-00578_20260720110327_f9b,PFA-00612,PSA-00572,PSF-00578,RHS-0697,3.0.0,2026-06-15T15:17:51.144Z,DATA_DUMP_1785116825020_clean_2026-07-20.csv,20-Jul-2026,4,Pl1-R1-M2-H3-P10,20-Jul-2026 11:03:27,20-Jul-2026
4,11:03:47,20-Jul-2026,Rain_out,Climate_model,,Pl1-R1-M2-H3-P10,,,0.080768,2.916,0.078591,2.093,3.2206,3.1648,5.6952,2.4746,32.5005,33.0736,58.4859,0.44179,7.5,PSF-00578_20260720110347_3ca,0,0,0,134.9326,229.7469,0.41269,0.5,0.8,190.3866,1,58.86,57.84,34.43,35.15,35.15,97.38,156,151.8,2.7,1153,4.015,-13,-17,349,,,,,,,,15:58:02,20-Jul-2026,39.2084,-96.5938,340.8,5,1.68,11:02:27,20-Jul-2026,-0.35,1,-0.002,0,0.008,-1.596,-3.822,-7.04,1,150,0.005,2,0.058905,0,0.02923,0,0,-6.8e-05,standard,0,rectangular,7000,500,-9999,-9999,55537,55537,55537,0,-9999,0,0,0,0,2.4834,2.4702,1.6419,0.92192,0.18804,0.008995,0.22797,1.0703,134.9326,0.000292,2.3977,-3e-05,1,2.3839,-2.4e-05,1,0.60171,0.60051,0.10664,0,PSF-00578_20260720110347_3ca,PFA-00612,PSA-00572,PSF-00578,RHS-0697,3.0.0,2026-06-15T15:17:51.144Z,DATA_DUMP_1785116825020_clean_2026-07-20.csv,20-Jul-2026,5,Pl1-R1-M2-H3-P10,20-Jul-2026 11:03:47,20-Jul-2026
6,11:04:36,20-Jul-2026,Rain_out,Climate_model,,Pl1-R1-M2-H3-P10,,,0.27102,2.9172,0.24798,5.2436,3.1994,3.0597,5.1698,1.9704,31.4241,32.859,53.0958,0.44179,7.5,PSF-00578_20260720110436_e9a,0,0,0,93.16313,288.0825,0.67661,0.5,0.8,124.1847,1,57.86,55.33,34.62,33.41,33.41,97.37,156.1,154.6,1,459,4.004,-13,-42,357,,,,,,,,15:58:51,20-Jul-2026,39.2084,-96.5937,333.4,6,1.42,11:02:27,20-Jul-2026,-0.35,1,-0.004,-0.003,0.01,0.068,0.013,-0.054,1,150,0.005,2,0.058905,0,0.02923,0,0,-6.8e-05,standard,0,rectangular,7000,500,-9999,-9999,55537,55537,55537,0,-9999,0,0,0,0,2.4801,2.4689,1.6431,0.92885,0.18665,-0.01432,0.23481,0.49005,93.1631,0.000292,2.3977,-3e-05,1,2.3839,-2.4e-05,1,0.60171,0.60051,0.10664,0,PSF-00578_20260720110436_e9a,PFA-00612,PSA-00572,PSF-00578,RHS-0697,3.0.0,2026-06-15T15:17:51.144Z,DATA_DUMP_1785116825020_clean_2026-07-20.csv,20-Jul-2026,6,Pl1-R1-M2-H3-P10,20-Jul-2026 11:04:36,20-Jul-2026
7,11:04:51,20-Jul-2026,Rain_out,Climate_model,,Pl1-R1-M2-H3-P10,,,0.079033,2.915,0.076947,1.7593,3.1101,3.0631,5.2409,2.1307,31.4598,31.9426,53.8265,0.44179,7.5,PSF-00578_20260720110451_a40,0,0,0,85.23846,241.2965,0.64675,0.5,0.8,111.3075,1,56.05,55.2,34.68,33.65,33.65,97.37,155.9,154.5,0.9,430,4.012,-20,-43,358,,,,,,,,15:59:07,20-Jul-2026,39.2084,-96.5937,324.9,5,1.68,11:02:27,20-Jul-2026,-0.35,1,0.001,0.001,-9999,-0.049,0.185,-9999,1,150,0.005,2,0.058905,0,0.02923,0,0,-6.8e-05,standard,0,rectangular,7000,500,-9999,-9999,55537,55537,55537,0,-9999,0,0,0,0,2.4799,2.4666,1.6408,0.92852,0.18619,-0.012168,0.23678,0.46616,85.2385,0.000307,2.3977,-3e-05,1,2.3839,-2.4e-05,1,0.60171,0.60051,0.10664,0,PSF-00578_20260720110451_a40,PFA-00612,PSA-00572,PSF-00578,RHS-0697,3.0.0,2026-06-15T15:17:51.144Z,DATA_DUMP_1785116825020_clean_2026-07-20.csv,20-Jul-2026,7,Pl1-R1-M2-H3-P10,20-Jul-2026 11:04:51,20-Jul-2026
8,11:05:09,20-Jul-2026,Rain_out,Climate_model,,Pl1-R1-M2-H3-P10,,,0.083097,2.9157,0.080794,1.8804,3.1865,3.1364,5.3537,2.1672,32.2059,32.7212,54.9752,0.44179,7.5,PSF-00578_20260720110509_3e4,0,0,0,84.45489,263.4387,0.67941,0.5,0.8,55.3614,1,57.18,56.28,34.76,34.04,34.04,97.38,156,154.5,0.9,204,4.011,-20,-52,2,,,,,,,,15:59:24,20-Jul-2026,39.2083,-96.5937,316.5,7,1.35,11:02:27,20-Jul-2026,-0.35,1,0.001,0.002,-9999,0.009,0.15,-9999,1,150,0.005,2,0.058905,0,0.02923,0,0,-6.8e-05,standard,0,rectangular,7000,500,-9999,-9999,55537,55537,55537,0,-9999,0,0,0,0,2.4813,2.468,1.6416,0.92865,0.18564,-0.008495,0.23898,0.27686,84.4549,0.000299,2.3977,-3e-05,1,2.3839,-2.4e-05,1,0.60171,0.60051,0.10664,0,PSF-00578_20260720110509_3e4,PFA-00612,PSA-00572,PSF-00578,RHS-0697,3.0.0,2026-06-15T15:17:51.144Z,DATA_DUMP_1785116825020_clean_2026-07-20.csv,20-Jul-2026,8,Pl1-R1-M2-H3-P10,20-Jul-2026 11:05:09,20-Jul-2026
1,11:06:18,20-Jul-2026,Rain_out,Climate_model,,Pl1-R1-M2-H3-P10,,,0.047449,2.9157,0.046689,1.1096,3.177,3.1474,5.3893,2.2123,32.3228,32.6268,55.3471,0.44179,7.5,PSF-00578_20260720110618_f85,0,0,0,79.74994,264.0435,0.69797,0.5,0.8,36.5305,1,55.96,55.44,35.09,34.15,34.15,97.37,156,154.1,1.2,131,4.009,26,61,228,,,,,,,,00:00:00,0000-00-00,NaN,NaN,NaN,0,NaN,11:06:09,20-Jul-2026,-0.4,1,0,-0.001,-0.002,-0.078,-0.099,-0.12,1,150,0.005,2,0.058905,0,0.02923,0,0,-6.8e-05,standard,0,rectangular,7000,500,-9999,-9999,55537,55537,55537,0,-9999,0,0,0,0,2.4802,2.4665,1.6416,0.92752,0.18324,-0.011145,0.31997,0.21598,79.7499,0.000299,2.3977,-3e-05,1,2.3839,-2.4e-05,1,0.60171,0.60051,0.10664,0,PSF-00578_20260720110618_f85,PFA-00612,PSA-00572,PSF-00578,RHS-0697,3.0.0,2026-06-15T15:17:51.144Z,DATA_DUMP_1785116825020_clean_2026-07-20.csv,20-Jul-2026,9,Pl1-R1-M2-H3-P10,20-Jul-2026 11:06:18,20-Jul-2026
2,11:06:40,20-Jul-2026,Rain_out,Climate_model,,Pl1-R1-M2-H3-P10,,,0.072767,2.9165,0.070995,1.733,3.1357,3.0894,5.4083,2.2727,31.7273,32.2021,55.5416,0.44179,7.5,PSF-00578_20260720110640_6e0,0,0,0,81.43366,264.0953,0.69165,0.5,0.8,13.6752,1,55,54.19,35.17,34.22,34.22,97.37,156.1,154.2,1.2,49,4.008,19,114,291,,,,,,,,00:00:00,0000-00-00,NaN,NaN,NaN,0,NaN,11:06:09,20-Jul-2026,-0.4,1,0.003,0,-9999,-0.197,-0.348,-9999,1,150,0.005,2,0.058905,0,0.02923,0,0,-6.8e-05,standard,0,rectangular,7000,500,-9999,-9999,55537,55537,55537,0,-9999,0,0,0,0,2.4785,2.4653,1.6424,0.92783,0.18268,-0.011325,0.32176,0.14794,81.4337,0.000302,2.3977,-3e-05,1,2.3839,-2.4e-05,1,0.60171,0.60051,0.10664,0,PSF-00578_20260720110640_6e0,PFA-00612,PSA-00572,PSF-00578,RHS-0697,3.0.0,2026-06-15T15:17:51.144Z,DATA_DUMP_1785116825020_clean_2026-07-20.csv,20-Jul-2026,10,Pl1-R1-M2-H3-P10,20-Jul-2026 11:06:40,20-Jul-2026
3,11:06:58,20-Jul-2026,Rain_out,Climate_model,,Pl1-R1-M2-H3-P10,,,0.17855,2.9175,0.16825,3.2895,3.2293,3.1417,5.0521,1.8228,32.2636,33.1632,51.8825,0.44179,7.5,PSF-00578_20260720110658_7b1,0,0,0,87.75186,238.8396,0.63259,0.5,0.8,100.162,1,56.44,54.91,35.23,33,33,97.38,156.2,154.2,1.2,396,3.975,-15,-43,356,,,,,,,,00:00:00,0000-00-00,39.2084,-96.5938,332.2,6,1.43,11:06:09,20-Jul-2026,-0.4,1,0.005,0.004,-9999,0.507,0.895,-9999,1,150,0.005,2,0.058905,0,0.02923,0,0,-6.8e-05,standard,0,rectangular,7000,500,-9999,-9999,55537,55537,55537,0,-9999,0,0,0,0,2.4794,2.4671,1.6435,0.92797,0.18223,-0.02671,0.32315,0.4374,87.7519,0.0003,2.3977,-3e-05,1,2.3839,-2.4e-05,1,0.60171,0.60051,0.10664,0,PSF-00578_20260720110658_7b1,PFA-00612,PSA-00572,PSF-00578,RHS-0697,3.0.0,2026-06-15T15:17:51.144Z,DATA_DUMP_1785116825020_clean_2026-07-20.csv,20-Jul-2026,11,Pl1-R1-M2-H3-P10,20-Jul-2026 11:06:58,20-Jul-2026
4,11:07:14,20-Jul-2026,Rain_out,Climate_model,,Pl1-R1-M2-H3-P10,,,0.055825,2.9161,0.054776,1.2132,3.3112,3.2789,5.3719,2.0607,33.6718,34.0037,55.1651,0.44179,7.5,PSF-00578_20260720110714_8f5,0,0,0,84.25462,247.7524,0.65992,0.5,0.8,131.207,1,57.68,57.12,35.29,34.1,34.1,97.38,156,154.5,1,497,4.007,-21,-39,356,,,,,,,,16:01:29,20-Jul-2026,39.2084,-96.5938,328.2,5,1.52,11:06:09,20-Jul-2026,-0.4,1,0.003,0.002,-9999,0.068,0.192,-9999,1,150,0.005,2,0.058905,0,0.02923,0,0,-6.8e-05,standard,0,rectangular,7000,500,-9999,-9999,55537,55537,55537,0,-9999,0,0,0,0,2.4823,2.4686,1.642,0.92862,0.18181,-0.014295,0.32446,0.52197,84.2546,0.000288,2.3977,-3e-05,1,2.3839,-2.4e-05,1,0.60171,0.60051,0.10664,0,PSF-00578_20260720110714_8f5,PFA-00612,PSA-00572,PSF-00578,RHS-0697,3.0.0,2026-06-15T15:17:51.144Z,DATA_DUMP_1785116825020_clean_2026-07-20.csv,20-Jul-2026,12,Pl1-R1-M2-H3-P10,20-Jul-2026 11:07:14,20-Jul-2026
1,11:09:37,20-Jul-2026,Rain_out,Climate_model,,Pl1-R1-M2-H3-P10,,,0.076738,2.9147,0.07477,1.8707,3.3199,3.2701,5.6441,2.3241,33.5822,34.0945,57.9625,0.44179,7.5,PSF-00578_20260720110937_226,0,0,0,83.82976,258.9054,0.67622,0.5,0.8,190.4049,1,55.68,54.84,35.98,34.99,34.99,97.38,155.8,154.1,1.1,704,4.002,-19,-33,352,,,,,,,,16:03:52,20-Jul-2026,39.2084,-96.5938,334,6,1.44,11:09:23,20-Jul-2026,-0.32,1,0.002,0.002,0.012,-0.079,-0.128,-0.214,1,150,0.005,2,0.058905,0,0.02923,0,0,-6.8e-05,standard,0,rectangular,7000,500,-9999,-9999,55537,55537,55537,0,-9999,0,0,0,0,2.4792,2.4659,1.6406,0.92772,0.17701,-0.011964,0.24471,0.69484,83.8298,0.00031,2.3977,-3e-05,1,2.3839,-2.4e-05,1,0.60171,0.60051,0.10664,0,PSF-00578_20260720110937_226,PFA-00612,PSA-00572,PSF-00578,RHS-0697,3.0.0,2026-06-15T15:17:51.144Z,DATA_DUMP_1785116825020_clean_2026-07-20.csv,20-Jul-2026,13,Pl1-R1-M2-H3-P10,20-Jul-2026 11:09:37,20-Jul-2026
2,11:10:14,20-Jul-2026,Rain_out,Climate_model,,Pl1-R1-M2-H3-P10,,,0.29295,2.9161,0.26621,6.7714,3.4169,3.2367,5.7765,2.3597,33.2436,35.0939,59.3296,0.44179,7.5,PSF-00578_20260720111014_e9e,0,0,0,114.9276,198.7724,0.42181,0.5,0.8,260.5318,1,56.82,53.82,36.14,35.41,35.41,97.36,156,154,1.3,1544,4.003,22,63,312,,,,,,,,16:04:29,20-Jul-2026,39.2084,-96.5938,333.3,7,1.28,11:09:23,20-Jul-2026,-0.32,1,-0.003,-0.003,0.024,5.572,-8.633,-5.691,1,150,0.005,2,0.058905,0,0.02923,0,0,-6.8e-05,standard,0,rectangular,7000,500,-9999,-9999,55537,55537,55537,0,-9999,0,0,0,0,2.4779,2.4673,1.6419,0.92746,0.17596,-0.008745,0.25034,1.3969,114.9276,0.000311,2.3977,-3e-05,1,2.3839,-2.4e-05,1,0.60171,0.60051,0.10664,0,PSF-00578_20260720111014_e9e,PFA-00612,PSA-00572,PSF-00578,RHS-0697,3.0.0,2026-06-15T15:17:51.144Z,DATA_DUMP_1785116825020_clean_2026-07-20.csv,20-Jul-2026,14,Pl1-R1-M2-H3-P10,20-Jul-2026 11:10:14,20-Jul-2026
3,11:11:03,20-Jul-2026,Rain_out,Climate_model,,Pl1-R1-M2-H3-P10,,,0.10574,2.9161,0.10204,2.4123,3.194,3.1296,5.3944,2.2004,32.1428,32.8035,55.4026,0.44179,7.5,PSF-00578_20260720111103_a1b,0,0,0,82.33308,270.8967,0.69607,0.5,0.8,54.6244,1,52.61,51.55,36.31,34.17,34.17,97.37,156,154,1.3,196,4.002,24,49,142,,,,,,,,16:05:18,20-Jul-2026,39.2084,-96.5937,333,8,1.21,11:09:23,20-Jul-2026,-0.32,1,-0.004,-0.003,-9999,0.091,0.356,-9999,1,150,0.005,2,0.058905,0,0.02923,0,0,-6.8e-05,standard,0,rectangular,7000,500,-9999,-9999,55537,55537,55537,0,-9999,0,0,0,0,2.4749,2.4619,1.642,0.9273,0.17478,-0.02586,0.25656,0.27057,82.3331,0.000309,2.3977,-3e-05,1,2.3839,-2.4e-05,1,0.60171,0.60051,0.10664,0,PSF-00578_20260720111103_a1b,PFA-00612,PSA-00572,PSF-00578,RHS-0697,3.0.0,2026-06-15T15:17:51.144Z,DATA_DUMP_1785116825020_clean_2026-07-20.csv,20-Jul-2026,15,Pl1-R1-M2-H3-P10,20-Jul-2026 11:11:03,20-Jul-2026
4,11:11:33,20-Jul-2026,Rain_out,Climate_model,,Pl1-R1-M2-H3-P10,,,0.16957,2.9176,0.16026,4.1031,3.2265,3.1172,5.6062,2.3797,32.0163,33.1384,57.5804,0.44179,7.5,PSF-00578_20260720111133_5db,0,0,0,87.05664,290.2519,0.70007,0.5,0.8,128.5751,1,52.88,51.09,36.4,34.86,34.86,97.36,156.2,154,1.4,459,4.001,3,-53,340,,,,,,,,16:05:48,20-Jul-2026,39.2084,-96.5938,334,7,1.26,11:09:23,20-Jul-2026,-0.32,1,0.003,0.003,-0.01,-0.138,-0.159,-0.259,1,150,0.005,2,0.058905,0,0.02923,0,0,-6.8e-05,standard,0,rectangular,7000,500,-9999,-9999,55537,55537,55537,0,-9999,0,0,0,0,2.4743,2.4623,1.6435,0.9275,0.17417,-0.018584,0.2597,0.4903,87.0566,0.000295,2.3977,-3e-05,1,2.3839,-2.4e-05,1,0.60171,0.60051,0.10664,0,PSF-00578_20260720111133_5db,PFA-00612,PSA-00572,PSF-00578,RHS-0697,3.0.0,2026-06-15T15:17:51.144Z,DATA_DUMP_1785116825020_clean_2026-07-20.csv,20-Jul-2026,16,Pl1-R1-M2-H3-P10,20-Jul-2026 11:11:33,20-Jul-2026
5,11:11:55,20-Jul-2026,Rain_out,Climate_model,,Pl1-R1-M2-H3-P10,,,0.33947,2.9178,0.30409,8.3908,3.2813,3.058,5.8421,2.5608,31.4071,33.7002,60.0004,0.44179,7.5,PSF-00578_20260720111155_e35,0,0,0,86.99155,142.5237,0.38963,0.5,0.8,278.4925,1,53.59,49.94,36.47,35.61,35.61,97.37,156.2,154.1,1.3,1787,4.001,-2,-67,167,,,,,,,,16:06:11,20-Jul-2026,39.2084,-96.5937,335.3,8,1.22,11:09:23,20-Jul-2026,-0.32,1,-0.001,-0.002,0.02,0.102,-0.384,-0.767,1,150,0.005,2,0.058905,0,0.02923,0,0,-6.8e-05,standard,0,rectangular,7000,500,-9999,-9999,55537,55537,55537,0,-9999,0,0,0,0,2.4728,2.4631,1.6437,0.92764,0.17373,-0.010302,0.2619,1.5997,86.9915,0.000314,2.3977,-3e-05,1,2.3839,-2.4e-05,1,0.60171,0.60051,0.10664,0,PSF-00578_20260720111155_e35,PFA-00612,PSA-00572,PSF-00578,RHS-0697,3.0.0,2026-06-15T15:17:51.144Z,DATA_DUMP_1785116825020_clean_2026-07-20.csv,20-Jul-2026,17,Pl1-R1-M2-H3-P10,20-Jul-2026 11:11:55,20-Jul-2026
6,11:12:20,20-Jul-2026,Rain_out,Climate_model,,Pl1-R1-M2-H3-P10,,,0.27972,2.9154,0.25523,5.9925,3.2008,3.041,5.386,2.1851,31.2337,32.8758,55.3191,0.44179,7.5,PSF-00578_20260720111220_9e6,0,0,0,94.35225,306.1338,0.69179,0.5,0.8,39.7638,1,52.1,49.49,36.53,34.14,34.14,97.36,155.9,154.3,1.1,144,3.993,-1,-71,1,,,,,,,,16:06:35,20-Jul-2026,39.2084,-96.5938,335.5,7,1.28,11:09:23,20-Jul-2026,-0.32,1,0,0.001,0.02,-0.104,-0.316,-0.562,1,150,0.005,2,0.058905,0,0.02923,0,0,-6.8e-05,standard,0,rectangular,7000,500,-9999,-9999,55537,55537,55537,0,-9999,0,0,0,0,2.4723,2.4612,1.6413,0.92802,0.17332,-0.02888,0.26423,0.22671,94.3522,0.000315,2.3977,-3e-05,1,2.3839,-2.4e-05,1,0.60171,0.60051,0.10664,0,PSF-00578_20260720111220_9e6,PFA-00612,PSA-00572,PSF-00578,RHS-0697,3.0.0,2026-06-15T15:17:51.144Z,DATA_DUMP_1785116825020_clean_2026-07-20.csv,20-Jul-2026,18,Pl1-R1-M2-H3-P10,20-Jul-2026 11:12:20,20-Jul-2026
7,11:12:34,20-Jul-2026,Rain_out,Climate_model,,Pl1-R1-M2-H3-P10,,,0.10177,2.9171,0.098335,2.5127,3.1283,3.0613,5.5059,2.3776,31.4406,32.1288,56.5479,0.44179,7.5,PSF-00578_20260720111234_3b2,0,0,0,86.19582,288.0453,0.70076,0.5,0.8,47.76,1,50.82,49.73,36.56,34.54,34.54,97.37,156.1,153.8,1.5,170,4,-7,-59,351,,,,,,,,16:06:49,20-Jul-2026,39.2084,-96.5938,335.4,8,1.22,11:09:23,20-Jul-2026,-0.32,1,0.003,0.001,-9999,0.05,0.341,-9999,1,150,0.005,2,0.058905,0,0.02923,0,0,-6.8e-05,standard,0,rectangular,7000,500,-9999,-9999,55537,55537,55537,0,-9999,0,0,0,0,2.4725,2.4596,1.643,0.92683,0.17308,-0.02454,0.26544,0.24901,86.1958,0.000312,2.3977,-3e-05,1,2.3839,-2.4e-05,1,0.60171,0.60051,0.10664,0,PSF-00578_20260720111234_3b2,PFA-00612,PSA-00572,PSF-00578,RHS-0697,3.0.0,2026-06-15T15:17:51.144Z,DATA_DUMP_1785116825020_clean_2026-07-20.csv,20-Jul-2026,19,Pl1-R1-M2-H3-P10,20-Jul-2026 11:12:34,20-Jul-2026
8,11:12:58,20-Jul-2026,Rain_out,Climate_model,,Pl1-R1-M2-H3-P10,,,0.29093,2.9159,0.26454,7.3551,3.2834,3.0874,5.8635,2.5801,31.7085,33.7213,60.2191,0.44179,7.5,PSF-00578_20260720111258_42a,0,0,0,90.66868,172.7185,0.47505,0.5,0.8,359.7097,1,53.15,49.97,36.63,35.68,35.68,97.37,156,154,1.3,1893,3.999,0,-43,267,,,,,,,,16:07:14,20-Jul-2026,39.2084,-96.5938,335.4,8,1.22,11:09:23,20-Jul-2026,-0.32,1,0,0.001,0.013,0.421,-0.138,-1.931,1,150,0.005,2,0.058905,0,0.02923,0,0,-6.8e-05,standard,0,rectangular,7000,500,-9999,-9999,55537,55537,55537,0,-9999,0,0,0,0,2.4729,2.4626,1.6418,0.92726,0.17264,-0.011491,0.26764,1.6884,90.6687,0.000305,2.3977,-3e-05,1,2.3839,-2.4e-05,1,0.60171,0.60051,0.10664,0,PSF-00578_20260720111258_42a,PFA-00612,PSA-00572,PSF-00578,RHS-0697,3.0.0,2026-06-15T15:17:51.144Z,DATA_DUMP_1785116825020_clean_2026-07-20.csv,20-Jul-2026,20,Pl1-R1-M2-H3-P10,20-Jul-2026 11:12:58,20-Jul-2026
9,11:13:27,20-Jul-2026,Rain_out,Climate_model,,Pl1-R1-M2-H3-P10,,,0.042469,2.9171,0.04186,1.111,3.2313,3.2017,5.6972,2.4658,32.8829,33.1869,58.5119,0.44179,7.5,PSF-00578_20260720111327_1b5,0,0,0,86.57849,288.3153,0.69971,0.5,0.8,42.1705,1,52.11,51.63,36.7,35.16,35.16,97.37,156.1,153.9,1.4,151,3.998,-11,38,0,,,,,,,,16:07:42,20-Jul-2026,39.2084,-96.5938,335.5,9,1.17,11:09:23,20-Jul-2026,-0.32,1,0,0,-9999,0.077,0.34,-9999,1,150,0.005,2,0.058905,0,0.02923,0,0,-6.8e-05,standard,0,rectangular,7000,500,-9999,-9999,55537,55537,55537,0,-9999,0,0,0,0,2.475,2.4612,1.643,0.9272,0.17218,-0.018718,0.27027,0.23254,86.5785,0.000317,2.3977,-3e-05,1,2.3839,-2.4e-05,1,0.60171,0.60051,0.10664,0,PSF-00578_20260720111327_1b5,PFA-00612,PSA-00572,PSF-00578,RHS-0697,3.0.0,2026-06-15T15:17:51.144Z,DATA_DUMP_1785116825020_clean_2026-07-20.csv,20-Jul-2026,21,Pl1-R1-M2-H3-P10,20-Jul-2026 11:13:27,20-Jul-2026
10,11:13:41,20-Jul-2026,Rain_out,Climate_model,,Pl1-R1-M2-H3-P10,,,0.062666,2.9165,0.061348,1.5026,3.3244,3.2844,5.6001,2.2758,33.7296,34.1405,57.5119,0.44179,7.5,PSF-00578_20260720111341_43b,0,0,0,80.88541,244.591,0.6693,0.5,0.8,54.5759,1,53.52,52.88,36.73,34.85,34.85,97.37,156.1,153.9,1.4,204,3.997,-9,50,347,,,,,,,,16:07:57,20-Jul-2026,39.2084,-96.5938,335.2,9,1.17,11:09:23,20-Jul-2026,-0.32,1,0.004,0.001,-9999,0.05,0.018,-9999,1,150,0.005,2,0.058905,0,0.02923,0,0,-6.8e-05,standard,0,rectangular,7000,500,-9999,-9999,55537,55537,55537,0,-9999,0,0,0,0,2.4766,2.463,1.6424,0.92719,0.17199,-0.022856,0.27146,0.27698,80.8854,0.000308,2.3977,-3e-05,1,2.3839,-2.4e-05,1,0.60171,0.60051,0.10664,0,PSF-00578_20260720111341_43b,PFA-00612,PSA-00572,PSF-00578,RHS-0697,3.0.0,2026-06-15T15:17:51.144Z,DATA_DUMP_1785116825020_clean_2026-07-20.csv,20-Jul-2026,22,Pl1-R1-M2-H3-P10,20-Jul-2026 11:13:41,20-Jul-2026
11,11:13:58,20-Jul-2026,Rain_out,Climate_model,,Pl1-R1-M2-H3-P10,,,0.048499,2.9162,0.047705,1.2907,3.1708,3.1363,5.6856,2.5149,32.2082,32.5618,58.388,0.44179,7.5,PSF-00578_20260720111358_2ec,0,0,0,79.41699,262.4288,0.69738,0.5,0.8,30.7388,1,50.95,50.4,36.76,35.12,35.12,97.38,156,153.8,1.4,110,3.996,-23,42,358,,,,,,,,16:08:13,20-Jul-2026,39.2084,-96.5938,334.7,9,1.17,11:09:23,20-Jul-2026,-0.32,1,0.003,0.003,-9999,0.104,0.171,-9999,1,150,0.005,2,0.058905,0,0.02923,0,0,-6.8e-05,standard,0,rectangular,7000,500,-9999,-9999,55537,55537,55537,0,-9999,0,0,0,0,2.4734,2.4598,1.6421,0.9268,0.17176,-0.019945,0.27294,0.19872,79.417,0.000309,2.3977,-3e-05,1,2.3839,-2.4e-05,1,0.60171,0.60051,0.10664,0,PSF-00578_20260720111358_2ec,PFA-00612,PSA-00572,PSF-00578,RHS-0697,3.0.0,2026-06-15T15:17:51.144Z,DATA_DUMP_1785116825020_clean_2026-07-20.csv,20-Jul-2026,23,Pl1-R1-M2-H3-P10,20-Jul-2026 11:13:58,20-Jul-2026
12,11:14:36,20-Jul-2026,Rain_out,Climate_model,,Pl1-R1-M2-H3-P10,,,0.28393,2.9166,0.25874,7.8701,3.2105,3.0008,6.0317,2.8211,30.8186,32.9729,61.9464,0.44179,7.5,PSF-00578_20260720111436_ffa,0,0,0,95.06715,161.0559,0.40973,0.5,0.8,270.5081,1,51.33,47.98,36.85,36.19,36.19,97.37,156.1,153.9,1.4,1651,3.994,8,-65,133,,,,,,,,16:08:51,20-Jul-2026,39.2084,-96.5938,334,9,1.08,11:09:23,20-Jul-2026,-0.32,1,0,0,0.009,-0.183,-0.167,-1.267,1,150,0.005,2,0.058905,0,0.02923,0,0,-6.8e-05,standard,0,rectangular,7000,500,-9999,-9999,55537,55537,55537,0,-9999,0,0,0,0,2.4702,2.4602,1.6425,0.92715,0.17114,-0.007967,0.2761,1.4858,95.0671,0.000282,2.3977,-3e-05,1,2.3839,-2.4e-05,1,0.60171,0.60051,0.10664,0,PSF-00578_20260720111436_ffa,PFA-00612,PSA-00572,PSF-00578,RHS-0697,3.0.0,2026-06-15T15:17:51.144Z,DATA_DUMP_1785116825020_clean_2026-07-20.csv,20-Jul-2026,24,Pl1-R1-M2-H3-P10,20-Jul-2026 11:14:36,20-Jul-2026
13,11:15:24,20-Jul-2026,Rain_out,Climate_model,,Pl1-R1-M2-H3-P10,,,0.12038,2.9168,0.11561,3.1858,3.1515,3.0666,5.7125,2.561,31.4958,32.3682,58.6707,0.44179,7.5,PSF-00578_20260720111524_408,0,0,0,94.63227,297.2417,0.68163,0.5,0.8,48.4397,1,50.05,48.7,36.98,35.2,35.2,97.37,156.1,153.9,1.4,178,3.993,-22,-54,4,,,,,,,,16:09:35,20-Jul-2026,39.2084,-96.5938,334.1,9,1.08,11:09:23,20-Jul-2026,-0.32,1,0.002,0.002,0.013,-0.003,0.006,1.062,1,150,0.005,2,0.058905,0,0.02923,0,0,-6.8e-05,standard,0,rectangular,7000,500,-9999,-9999,55537,55537,55537,0,-9999,0,0,0,0,2.4712,2.4586,1.6427,0.92707,0.17034,-0.021569,0.28019,0.25509,94.6323,0.000311,2.3977,-3e-05,1,2.3839,-2.4e-05,1,0.60171,0.60051,0.10664,0,PSF-00578_20260720111524_408,PFA-00612,PSA-00572,PSF-00578,RHS-0697,3.0.0,2026-06-15T15:17:51.144Z,DATA_DUMP_1785116825020_clean_2026-07-20.csv,20-Jul-2026,25,Pl1-R1-M2-H3-P10,20-Jul-2026 11:15:24,20-Jul-2026
14,11:15:37,20-Jul-2026,Rain_out,Climate_model,,Pl1-R1-M2-H3-P10,,,0.0983,2.9167,0.095095,2.4728,3.181,3.115,5.599,2.4181,31.9887,32.6657,57.4973,0.44179,7.5,PSF-00578_20260720111537_fe2,0,0,0,83.30226,259.6947,0.67923,0.5,0.8,101.7638,1,50.44,49.39,37.01,34.84,34.84,97.38,156.1,154.1,1.3,375,3.983,-19,-47,357,,,,,,,,16:09:53,20-Jul-2026,39.2084,-96.5938,334,9,1.08,11:09:23,20-Jul-2026,-0.32,1,-0.001,-0.001,-9999,0.136,0.268,-9999,1,150,0.005,2,0.058905,0,0.02923,0,0,-6.8e-05,standard,0,rectangular,7000,500,-9999,-9999,55537,55537,55537,0,-9999,0,0,0,0,2.472,2.4591,1.6426,0.92755,0.17015,-0.026351,0.28122,0.41961,83.3023,0.000307,2.3977,-3e-05,1,2.3839,-2.4e-05,1,0.60171,0.60051,0.10664,0,PSF-00578_20260720111537_fe2,PFA-00612,PSA-00572,PSF-00578,RHS-0697,3.0.0,2026-06-15T15:17:51.144Z,DATA_DUMP_1785116825020_clean_2026-07-20.csv,20-Jul-2026,26,Pl1-R1-M2-H3-P10,20-Jul-2026 11:15:37,20-Jul-2026
15,11:15:57,20-Jul-2026,Rain_out,Climate_model,,Pl1-R1-M2-H3-P10,,,0.19079,2.9165,0.17908,5.6658,3.2337,3.0827,6.1656,2.9319,31.661,33.2117,63.3236,0.44179,7.5,PSF-00578_20260720111557_620,0,0,0,97.23437,161.5802,0.39823,0.5,0.8,264.8048,1,51.16,48.77,37.05,36.59,36.59,97.37,156.1,153.9,1.4,1662,3.991,5,-71,139,,,,,,,,16:10:12,20-Jul-2026,39.2083,-96.5938,334.1,9,1.29,11:09:23,20-Jul-2026,-0.32,1,0.001,0.003,0.015,-0.226,-1.172,-3.842,1,150,0.005,2,0.058905,0,0.02923,0,0,-6.8e-05,standard,0,rectangular,7000,500,-9999,-9999,55537,55537,55537,0,-9999,0,0,0,0,2.4712,2.46,1.6424,0.92724,0.16987,-0.005424,0.28258,1.4957,97.2344,0.0003,2.3977,-3e-05,1,2.3839,-2.4e-05,1,0.60171,0.60051,0.10664,0,PSF-00578_20260720111557_620,PFA-00612,PSA-00572,PSF-00578,RHS-0697,3.0.0,2026-06-15T15:17:51.144Z,DATA_DUMP_1785116825020_clean_2026-07-20.csv,20-Jul-2026,27,Pl1-R1-M2-H3-P10,20-Jul-2026 11:15:57,20-Jul-2026
16,11:16:28,20-Jul-2026,Rain_out,Climate_model,,Pl1-R1-M2-H3-P10,,,0.14766,2.9174,0.14055,4.3707,3.2917,3.1754,6.1725,2.8808,32.6128,33.8074,63.394,0.44179,7.5,PSF-00578_20260720111628_b8c,0,0,0,102.0631,172.2965,0.40763,0.5,0.8,254.521,1,51.87,50.03,37.12,36.61,36.61,97.37,156.2,154,1.4,1561,3.991,7,-68,122,,,,,,,,16:10:43,20-Jul-2026,39.2083,-96.5938,334.8,9,1.29,11:09:23,20-Jul-2026,-0.32,1,-0.001,-0.001,-9999,-0.861,-3.505,-9999,1,150,0.005,2,0.058905,0,0.02923,0,0,-6.8e-05,standard,0,rectangular,7000,500,-9999,-9999,55537,55537,55537,0,-9999,0,0,0,0,2.4728,2.4609,1.6433,0.92728,0.16939,-0.00608,0.28494,1.411,102.0631,0.000292,2.3977,-3e-05,1,2.3839,-2.4e-05,1,0.60171,0.60051,0.10664,0,PSF-00578_20260720111628_b8c,PFA-00612,PSA-00572,PSF-00578,RHS-0697,3.0.0,2026-06-15T15:17:51.144Z,DATA_DUMP_1785116825020_clean_2026-07-20.csv,20-Jul-2026,28,Pl1-R1-M2-H3-P10,20-Jul-2026 11:16:28,20-Jul-2026
17,11:16:42,20-Jul-2026,Rain_out,Climate_model,,Pl1-R1-M2-H3-P10,,,0.13242,2.9164,0.12667,4.4264,3.168,3.0499,6.4031,3.2352,31.3243,32.5367,65.7632,0.44179,7.5,PSF-00578_20260720111642_265,0,0,0,105.0364,166.067,0.36751,0.5,0.8,241.0293,1,49.83,47.98,37.15,37.28,37.28,97.37,156,154,1.3,1640,3.991,5,-68,132,,,,,,,,16:10:57,20-Jul-2026,39.2084,-96.5937,335.6,8,1.35,11:09:23,20-Jul-2026,-0.32,1,0,0,-9999,-2.223,-2.082,-9999,1,150,0.005,2,0.058905,0,0.02923,0,0,-6.8e-05,standard,0,rectangular,7000,500,-9999,-9999,55537,55537,55537,0,-9999,0,0,0,0,2.4702,2.4583,1.6422,0.92739,0.16919,0.001888,0.28591,1.4767,105.0364,0.000297,2.3977,-3e-05,1,2.3839,-2.4e-05,1,0.60171,0.60051,0.10664,0,PSF-00578_20260720111642_265,PFA-00612,PSA-00572,PSF-00578,RHS-0697,3.0.0,2026-06-15T15:17:51.144Z,DATA_DUMP_1785116825020_clean_2026-07-20.csv,20-Jul-2026,29,Pl1-R1-M2-H3-P10,20-Jul-2026 11:16:42,20-Jul-2026
18,11:16:55,20-Jul-2026,Rain_out,Climate_model,,Pl1-R1-M2-H3-P10,,,0.31129,2.9171,0.28127,8.573,3.2904,3.0622,6.1149,2.8245,31.449,33.7928,62.8,0.44179,7.5,PSF-00578_20260720111655_d93,0,0,0,84.56183,137.9904,0.38719,0.5,0.8,281.8175,1,51.7,48.11,37.17,36.44,36.44,97.37,156.1,154,1.4,1820,3.985,-12,-65,228,,,,,,,,16:11:10,20-Jul-2026,39.2084,-96.5937,335.7,8,1.35,11:09:23,20-Jul-2026,-0.32,1,0.003,0.003,0.012,-0.215,0.051,0.457,1,150,0.005,2,0.058905,0,0.02923,0,0,-6.8e-05,standard,0,rectangular,7000,500,-9999,-9999,55537,55537,55537,0,-9999,0,0,0,0,2.4703,2.4606,1.643,0.92735,0.16905,-0.008851,0.28675,1.6271,84.5618,0.000301,2.3977,-3e-05,1,2.3839,-2.4e-05,1,0.60171,0.60051,0.10664,0,PSF-00578_20260720111655_d93,PFA-00612,PSA-00572,PSF-00578,RHS-0697,3.0.0,2026-06-15T15:17:51.144Z,DATA_DUMP_1785116825020_clean_2026-07-20.csv,20-Jul-2026,30,Pl1-R1-M2-H3-P10,20-Jul-2026 11:16:55,20-Jul-2026
19,11:17:08,20-Jul-2026,Rain_out,Climate_model,,Pl1-R1-M2-H3-P10,,,0.35678,2.9168,0.31789,9.3526,3.428,3.1794,6.1518,2.7237,32.653,35.2068,63.1801,0.44179,7.5,PSF-00578_20260720111708_cee,0,0,0,87.73113,143.957,0.39057,0.5,0.8,295.3484,1,53.8,49.9,37.19,36.55,36.55,97.37,156.1,153.9,1.4,1890,3.99,-14,-58,242,,,,,,,,16:11:24,20-Jul-2026,39.2083,-96.5937,335.2,9,1.09,11:09:23,20-Jul-2026,-0.32,1,0.001,0.003,0.015,-0.338,-1.475,-3.158,1,150,0.005,2,0.058905,0,0.02923,0,0,-6.8e-05,standard,0,rectangular,7000,500,-9999,-9999,55537,55537,55537,0,-9999,0,0,0,0,2.4727,2.4633,1.6427,0.92709,0.16892,-0.007729,0.28769,1.6863,87.7311,0.000313,2.3977,-3e-05,1,2.3839,-2.4e-05,1,0.60171,0.60051,0.10664,0,PSF-00578_20260720111708_cee,PFA-00612,PSA-00572,PSF-00578,RHS-0697,3.0.0,2026-06-15T15:17:51.144Z,DATA_DUMP_1785116825020_clean_2026-07-20.csv,20-Jul-2026,31,Pl1-R1-M2-H3-P10,20-Jul-2026 11:17:08,20-Jul-2026
20,11:17:26,20-Jul-2026,Rain_out,Climate_model,,Pl1-R1-M2-H3-P10,,,0.27616,2.9171,0.25227,7.9991,3.4491,3.2365,6.3808,2.9317,33.2382,35.4214,65.5289,0.44179,7.5,PSF-00578_20260720111726_873,0,0,0,84.48386,140.3403,0.39801,0.5,0.8,289.7924,1,54.06,50.73,37.22,37.22,37.22,97.37,156.1,153.9,1.4,1820,3.99,-10,-66,230,,,,,,,,16:11:41,20-Jul-2026,39.2084,-96.5938,5,10,1,11:09:23,20-Jul-2026,-0.32,1,0.005,0.004,-9999,-0.431,-0.624,-9999,1,150,0.005,2,0.058905,0,0.02923,0,0,-6.8e-05,standard,0,rectangular,7000,500,-9999,-9999,55537,55537,55537,0,-9999,0,0,0,0,2.4737,2.4636,1.643,0.92707,0.16876,0.000258,0.28883,1.6276,84.4839,0.000309,2.3977,-3e-05,1,2.3839,-2.4e-05,1,0.60171,0.60051,0.10664,0,PSF-00578_20260720111726_873,PFA-00612,PSA-00572,PSF-00578,RHS-0697,3.0.0,2026-06-15T15:17:51.144Z,DATA_DUMP_1785116825020_clean_2026-07-20.csv,20-Jul-2026,32,Pl1-R1-M2-H3-P10,20-Jul-2026 11:17:26,20-Jul-2026
21,11:18:05,20-Jul-2026,Rain_out,Climate_model,,Pl1-R1-M2-H3-P10,,,0.045484,2.9166,0.044785,1.292,3.0963,3.0618,5.7775,2.6812,31.4423,31.7963,59.3303,0.44179,7.5,PSF-00578_20260720111805_138,0,0,0,86.47907,285.6063,0.69721,0.5,0.8,34.5205,1,48.34,47.8,37.29,35.41,35.41,97.38,156.1,153.8,1.4,124,3.99,-7,57,352,,,,,,,,16:12:20,20-Jul-2026,39.2084,-96.5937,334.9,9,1.09,11:09:23,20-Jul-2026,-0.32,1,0,-0.001,-9999,0.154,0.336,-9999,1,150,0.005,2,0.058905,0,0.02923,0,0,-6.8e-05,standard,0,rectangular,7000,500,-9999,-9999,55537,55537,55537,0,-9999,0,0,0,0,2.4699,2.4563,1.6425,0.92699,0.16829,-0.022968,0.29144,0.21007,86.4791,0.000306,2.3977,-3e-05,1,2.3839,-2.4e-05,1,0.60171,0.60051,0.10664,0,PSF-00578_20260720111805_138,PFA-00612,PSA-00572,PSF-00578,RHS-0697,3.0.0,2026-06-15T15:17:51.144Z,DATA_DUMP_1785116825020_clean_2026-07-20.csv,20-Jul-2026,33,Pl1-R1-M2-H3-P10,20-Jul-2026 11:18:05,20-Jul-2026
22,11:18:25,20-Jul-2026,Rain_out,Climate_model,,Pl1-R1-M2-H3-P10,,,0.018749,2.9162,0.018629,0.54501,3.1055,3.091,5.8238,2.7182,31.7425,31.8919,59.8065,0.44179,7.5,PSF-00578_20260720111825_a01,0,0,0,86.09676,289.5813,0.70269,0.5,0.8,23.5321,1,48.47,48.24,37.29,35.55,35.55,97.38,156,153.9,1.3,84,3.99,-28,32,351,,,,,,,,16:12:40,20-Jul-2026,39.2084,-96.5938,334.9,9,1.09,11:09:23,20-Jul-2026,-0.32,1,-0.001,0,-9999,0.055,0.168,-9999,1,150,0.005,2,0.058905,0,0.02923,0,0,-6.8e-05,standard,0,rectangular,7000,500,-9999,-9999,55537,55537,55537,0,-9999,0,0,0,0,2.4705,2.4565,1.6421,0.9272,0.16826,-0.02127,0.29267,0.1766,86.0968,0.000316,2.3977,-3e-05,1,2.3839,-2.4e-05,1,0.60171,0.60051,0.10664,0,PSF-00578_20260720111825_a01,PFA-00612,PSA-00572,PSF-00578,RHS-0697,3.0.0,2026-06-15T15:17:51.144Z,DATA_DUMP_1785116825020_clean_2026-07-20.csv,20-Jul-2026,34,Pl1-R1-M2-H3-P10,20-Jul-2026 11:18:25,20-Jul-2026
23,11:18:37,20-Jul-2026,Rain_out,Climate_model,,Pl1-R1-M2-H3-P10,,,0.009035,2.9172,0.009007,0.28519,3.1091,3.1015,6.0476,2.9385,31.8475,31.9256,62.0994,0.44179,7.5,PSF-00578_20260720111837_392,0,0,0,85.39117,288.4094,0.70392,0.5,0.8,25.9747,1,48.53,48.41,37.29,36.24,36.24,97.39,156.1,153.7,1.6,92,3.99,-35,26,353,,,,,,,,16:12:52,20-Jul-2026,39.2084,-96.5937,336,11,0.93,11:09:23,20-Jul-2026,-0.32,1,-0.001,0,-9999,0.052,0.269,-9999,1,150,0.005,2,0.058905,0,0.02923,0,0,-6.8e-05,standard,0,rectangular,7000,500,-9999,-9999,55537,55537,55537,0,-9999,0,0,0,0,2.4707,2.4566,1.6431,0.92669,0.16826,-0.012833,0.29321,0.18372,85.3912,0.000324,2.3977,-3e-05,1,2.3839,-2.4e-05,1,0.60171,0.60051,0.10664,0,PSF-00578_20260720111837_392,PFA-00612,PSA-00572,PSF-00578,RHS-0697,3.0.0,2026-06-15T15:17:51.144Z,DATA_DUMP_1785116825020_clean_2026-07-20.csv,20-Jul-2026,35,Pl1-R1-M2-H3-P10,20-Jul-2026 11:18:37,20-Jul-2026
24,11:19:02,20-Jul-2026,Rain_out,Climate_model,,Pl1-R1-M2-H3-P10,,,0.27362,2.9163,0.25015,7.5937,3.2956,3.0933,6.1089,2.8133,31.7663,33.8436,62.7339,0.44179,7.5,PSF-00578_20260720111902_cc9,0,0,0,100.9186,155.8414,0.35243,0.5,0.8,268.0443,1,51.38,48.22,37.32,36.42,36.42,97.38,156,153.6,1.5,1901,3.989,4,-54,243,,,,,,,,16:13:17,20-Jul-2026,39.2084,-96.5937,336.3,11,0.93,11:09:23,20-Jul-2026,-0.32,1,0.001,-0.001,0.02,-0.735,-1.835,-1.799,1,150,0.005,2,0.058905,0,0.02923,0,0,-6.8e-05,standard,0,rectangular,7000,500,-9999,-9999,55537,55537,55537,0,-9999,0,0,0,0,2.4705,2.4602,1.6422,0.92647,0.16812,-0.010848,0.29457,1.6954,100.9186,0.000297,2.3977,-3e-05,1,2.3839,-2.4e-05,1,0.60171,0.60051,0.10664,0,PSF-00578_20260720111902_cc9,PFA-00612,PSA-00572,PSF-00578,RHS-0697,3.0.0,2026-06-15T15:17:51.144Z,DATA_DUMP_1785116825020_clean_2026-07-20.csv,20-Jul-2026,36,Pl1-R1-M2-H3-P10,20-Jul-2026 11:19:02,20-Jul-2026
25,11:19:14,20-Jul-2026,Rain_out,Climate_model,,Pl1-R1-M2-H3-P10,,,0.30257,2.9169,0.27413,8.4349,3.3737,3.1493,6.2223,2.8486,32.3413,34.6457,63.8987,0.44179,7.5,PSF-00578_20260720111914_cca,0,0,0,96.82667,148.9234,0.34982,0.5,0.8,271.5483,1,52.57,49.07,37.32,36.76,36.76,97.38,156.1,153.7,1.6,1941,3.987,2,-48,243,,,,,,,,16:13:29,20-Jul-2026,39.2084,-96.5937,336.5,9,0.98,11:09:23,20-Jul-2026,-0.32,1,0.002,0.003,0.017,-0.658,-2.28,-5.944,1,150,0.005,2,0.058905,0,0.02923,0,0,-6.8e-05,standard,0,rectangular,7000,500,-9999,-9999,55537,55537,55537,0,-9999,0,0,0,0,2.4716,2.4617,1.6428,0.92652,0.16806,-0.006795,0.29523,1.7282,96.8267,0.000303,2.3977,-3e-05,1,2.3839,-2.4e-05,1,0.60171,0.60051,0.10664,0,PSF-00578_20260720111914_cca,PFA-00612,PSA-00572,PSF-00578,RHS-0697,3.0.0,2026-06-15T15:17:51.144Z,DATA_DUMP_1785116825020_clean_2026-07-20.csv,20-Jul-2026,37,Pl1-R1-M2-H3-P10,20-Jul-2026 11:19:14,20-Jul-2026
26,11:19:27,20-Jul-2026,Rain_out,Climate_model,,Pl1-R1-M2-H3-P10,,,0.25188,2.9159,0.23186,7.4483,3.2724,3.0739,6.2477,2.9753,31.5671,33.6058,64.1603,0.44179,7.5,PSF-00578_20260720111927_936,0,0,0,92.42857,144.4148,0.35998,0.5,0.8,270.9926,1,50.98,47.88,37.33,36.83,36.83,97.38,156,153.9,1.3,1882,3.982,0,-48,250,,,,,,,,16:13:42,20-Jul-2026,39.2084,-96.5938,337.4,11,0.93,11:09:23,20-Jul-2026,-0.32,1,0.004,0.004,-0.001,-0.791,-1.827,-4.331,1,150,0.005,2,0.058905,0,0.02923,0,0,-6.8e-05,standard,0,rectangular,7000,500,-9999,-9999,55537,55537,55537,0,-9999,0,0,0,0,2.47,2.4597,1.6418,0.9271,0.16803,-0.005935,0.29589,1.6792,92.4286,0.000307,2.3977,-3e-05,1,2.3839,-2.4e-05,1,0.60171,0.60051,0.10664,0,PSF-00578_20260720111927_936,PFA-00612,PSA-00572,PSF-00578,RHS-0697,3.0.0,2026-06-15T15:17:51.144Z,DATA_DUMP_1785116825020_clean_2026-07-20.csv,20-Jul-2026,38,Pl1-R1-M2-H3-P10,20-Jul-2026 11:19:27,20-Jul-2026
27,11:19:58,20-Jul-2026,Rain_out,Climate_model,,Pl1-R1-M2-H3-P10,,,0.31026,2.9159,0.28042,8.5832,3.2124,2.9835,6.0513,2.8389,30.6373,32.9881,62.1404,0.44179,7.5,PSF-00578_20260720111958_273,0,0,0,90.35897,147.3477,0.38676,0.5,0.8,296.2438,1,49.93,46.37,37.37,36.25,36.25,97.38,156,153.9,1.3,1915,3.986,-4,-46,259,,,,,,,,16:14:10,20-Jul-2026,39.2084,-96.5937,337.6,12,0.89,11:19:48,20-Jul-2026,-0.44,1,0.001,0.001,0.011,0.274,-0.216,-1.443,1,150,0.005,2,0.058905,0,0.02923,0,0,-6.8e-05,standard,0,rectangular,7000,500,-9999,-9999,55537,55537,55537,0,-9999,0,0,0,0,2.4681,2.4585,1.6417,0.92714,0.16775,-0.013679,0.29762,1.7067,90.359,0.000322,2.3977,-3e-05,1,2.3839,-2.4e-05,1,0.60171,0.60051,0.10664,0,PSF-00578_20260720111958_273,PFA-00612,PSA-00572,PSF-00578,RHS-0697,3.0.0,2026-06-15T15:17:51.144Z,DATA_DUMP_1785116825020_clean_2026-07-20.csv,20-Jul-2026,39,Pl1-R1-M2-H3-P10,20-Jul-2026 11:19:58,20-Jul-2026
95,13:19:54,20-Jul-2026,Rain_out,Climate_model,,Pl1-R1-M2-H3-P10,,,0.11072,2.917,0.10667,3.9234,2.6625,2.5574,6.0814,3.4188,26.278,27.3579,62.4867,0.44179,7.5,PSF-00578_20260720131954_018,0,0,0,93.59944,233.757,0.59959,0.5,0.8,389.8901,1,36.68,35.23,39.61,36.34,36.34,97.32,156.1,153.9,1.4,1626,3.9,-13,-24,350,,,,,,,,18:14:09,20-Jul-2026,39.2084,-96.5937,320.7,19,0.66,13:11:23,20-Jul-2026,-0.34,1,-0.002,0,0.014,0.79,1.969,4.801,1,150,0.005,2,0.058905,0,0.02923,0,0,-6.8e-05,standard,0,rectangular,7000,500,-9999,-9999,55537,55537,55537,0,-9999,0,0,0,0,2.453,2.4409,1.6429,0.92707,0.15396,-0.040741,0.27742,1.465,93.5994,0.000317,2.3977,-3e-05,1,2.3839,-2.4e-05,1,0.60171,0.60051,0.10664,0,PSF-00578_20260720131954_018,PFA-00612,PSA-00572,PSF-00578,RHS-0697,3.0.0,2026-06-15T15:17:51.144Z,DATA_DUMP_1785116825020_clean_2026-07-20.csv,20-Jul-2026,71,Pl1-R1-M2-H3-P10,20-Jul-2026 13:19:54,20-Jul-2026
96,13:20:14,20-Jul-2026,Rain_out,Climate_model,,Pl1-R1-M2-H3-P10,,,0.1415,2.917,0.13496,4.7472,2.6676,2.5405,5.9395,3.2719,26.1042,27.4107,61.0305,0.44179,7.5,PSF-00578_20260720132014_979,0,0,0,89.30719,195.9944,0.54434,0.5,0.8,304.9477,1,36.73,34.98,39.62,35.91,35.91,97.32,156.1,153.9,1.5,1401,3.901,-11,-37,353,,,,,,,,18:14:29,20-Jul-2026,39.2084,-96.5937,321.1,18,0.69,13:11:23,20-Jul-2026,-0.34,1,-0.002,-0.004,-9999,0.614,2.176,-9999,1,150,0.005,2,0.058905,0,0.02923,0,0,-6.8e-05,standard,0,rectangular,7000,500,-9999,-9999,55537,55537,55537,0,-9999,0,0,0,0,2.4527,2.441,1.6429,0.92701,0.15391,-0.046158,0.27836,1.2769,89.3072,0.000313,2.3977,-3e-05,1,2.3839,-2.4e-05,1,0.60171,0.60051,0.10664,0,PSF-00578_20260720132014_979,PFA-00612,PSA-00572,PSF-00578,RHS-0697,3.0.0,2026-06-15T15:17:51.144Z,DATA_DUMP_1785116825020_clean_2026-07-20.csv,20-Jul-2026,72,Pl1-R1-M2-H3-P10,20-Jul-2026 13:20:14,20-Jul-2026
97,13:20:24,20-Jul-2026,Rain_out,Climate_model,,Pl1-R1-M2-H3-P10,,,0.10325,2.9167,0.099718,3.5773,2.6985,2.6027,6.0331,3.3346,26.7434,27.7279,61.9925,0.44179,7.5,PSF-00578_20260720132024_724,0,0,0,84.65051,223.1051,0.62058,0.5,0.8,346.2828,1,37.16,35.84,39.61,36.2,36.2,97.32,156.1,153.8,1.5,1395,3.899,-16,-35,352,,,,,,,,18:14:39,20-Jul-2026,39.2084,-96.5937,321.2,18,0.69,13:11:23,20-Jul-2026,-0.34,1,0.004,0.001,-9999,-0.237,0.538,-9999,1,150,0.005,2,0.058905,0,0.02923,0,0,-6.8e-05,standard,0,rectangular,7000,500,-9999,-9999,55537,55537,55537,0,-9999,0,0,0,0,2.4538,2.4416,1.6426,0.92675,0.15392,-0.042635,0.27882,1.2723,84.6505,0.000319,2.3977,-3e-05,1,2.3839,-2.4e-05,1,0.60171,0.60051,0.10664,0,PSF-00578_20260720132024_724,PFA-00612,PSA-00572,PSF-00578,RHS-0697,3.0.0,2026-06-15T15:17:51.144Z,DATA_DUMP_1785116825020_clean_2026-07-20.csv,20-Jul-2026,73,Pl1-R1-M2-H3-P10,20-Jul-2026 13:20:24,20-Jul-2026
98,13:20:34,20-Jul-2026,Rain_out,Climate_model,,Pl1-R1-M2-H3-P10,,,0.15879,2.9153,0.15058,5.3421,2.7444,2.6013,6.0412,3.2968,26.7277,28.1988,62.0728,0.44179,7.5,PSF-00578_20260720132034_6ab,0,0,0,84.67126,192.3222,0.55974,0.5,0.8,320.2053,1,37.8,35.82,39.61,36.22,36.22,97.32,155.9,153.7,1.4,1430,3.881,-14,-34,352,,,,,,,,18:14:46,20-Jul-2026,39.2084,-96.5937,321.3,18,0.69,13:11:23,20-Jul-2026,-0.34,1,0.001,0.002,-9999,0.771,1.817,-9999,1,150,0.005,2,0.058905,0,0.02923,0,0,-6.8e-05,standard,0,rectangular,7000,500,-9999,-9999,55537,55537,55537,0,-9999,0,0,0,0,2.4538,2.4424,1.6411,0.9267,0.15393,-0.042299,0.27933,1.3016,84.6713,0.000308,2.3977,-3e-05,1,2.3839,-2.4e-05,1,0.60171,0.60051,0.10664,0,PSF-00578_20260720132034_6ab,PFA-00612,PSA-00572,PSF-00578,RHS-0697,3.0.0,2026-06-15T15:17:51.144Z,DATA_DUMP_1785116825020_clean_2026-07-20.csv,20-Jul-2026,74,Pl1-R1-M2-H3-P10,20-Jul-2026 13:20:34,20-Jul-2026
99,13:20:47,20-Jul-2026,Rain_out,Climate_model,,Pl1-R1-M2-H3-P10,,,0.10303,2.9169,0.099518,3.7795,2.6722,2.571,6.1997,3.5274,26.4188,27.459,63.7057,0.44179,7.5,PSF-00578_20260720132047_479,0,0,0,97.76902,205.1203,0.52336,0.5,0.8,189.0092,1,36.79,35.39,39.62,36.69,36.69,97.32,156.1,153.9,1.4,903,3.898,0,-63,352,,,,,,,,18:15:02,20-Jul-2026,39.2084,-96.5937,321,19,0.66,13:11:23,20-Jul-2026,-0.34,1,0.003,0.002,-9999,-1.954,-2.182,-9999,1,150,0.005,2,0.058905,0,0.02923,0,0,-6.8e-05,standard,0,rectangular,7000,500,-9999,-9999,55537,55537,55537,0,-9999,0,0,0,0,2.4532,2.4411,1.6428,0.92714,0.15388,-0.036549,0.28001,0.86106,97.769,0.000295,2.3977,-3e-05,1,2.3839,-2.4e-05,1,0.60171,0.60051,0.10664,0,PSF-00578_20260720132047_479,PFA-00612,PSA-00572,PSF-00578,RHS-0697,3.0.0,2026-06-15T15:17:51.144Z,DATA_DUMP_1785116825020_clean_2026-07-20.csv,20-Jul-2026,75,Pl1-R1-M2-H3-P10,20-Jul-2026 13:20:47,20-Jul-2026
100,13:20:59,20-Jul-2026,Rain_out,Climate_model,,Pl1-R1-M2-H3-P10,,,0.10582,2.916,0.10211,3.9889,2.6156,2.5086,6.2442,3.6287,25.7758,26.8752,64.1601,0.44179,7.5,PSF-00578_20260720132059_191,0,0,0,94.82324,223.7184,0.57615,0.5,0.8,225.6901,1,36,34.52,39.62,36.82,36.82,97.32,156,153.8,1.4,979,3.86,-5,-61,350,,,,,,,,18:15:14,20-Jul-2026,39.2084,-96.5937,321.1,18,0.69,13:11:23,20-Jul-2026,-0.34,1,0.002,0.003,-9999,7.577,2.069,-9999,1,150,0.005,2,0.058905,0,0.02923,0,0,-6.8e-05,standard,0,rectangular,7000,500,-9999,-9999,55537,55537,55537,0,-9999,0,0,0,0,2.4521,2.44,1.6419,0.92693,0.15386,-0.034979,0.28063,0.92493,94.8232,0.000326,2.3977,-3e-05,1,2.3839,-2.4e-05,1,0.60171,0.60051,0.10664,0,PSF-00578_20260720132059_191,PFA-00612,PSA-00572,PSF-00578,RHS-0697,3.0.0,2026-06-15T15:17:51.144Z,DATA_DUMP_1785116825020_clean_2026-07-20.csv,20-Jul-2026,76,Pl1-R1-M2-H3-P10,20-Jul-2026 13:20:59,20-Jul-2026
101,13:21:08,20-Jul-2026,Rain_out,Climate_model,,Pl1-R1-M2-H3-P10,,,0.16145,2.916,0.15298,6.0991,2.7012,2.5377,6.4003,3.6991,26.0732,27.7526,65.7582,0.44179,7.5,PSF-00578_20260720132108_78e,0,0,0,117.9285,194.7484,0.39446,0.5,0.8,244.3471,1,37.17,34.92,39.63,37.28,37.28,97.33,156,153.9,1.4,1549,3.894,2,54,359,,,,,,,,18:15:23,20-Jul-2026,39.2084,-96.5937,321.3,17,0.74,13:11:23,20-Jul-2026,-0.34,1,0.002,0.003,-9999,-2.052,-4.7,-9999,1,150,0.005,2,0.058905,0,0.02923,0,0,-6.8e-05,standard,0,rectangular,7000,500,-9999,-9999,55537,55537,55537,0,-9999,0,0,0,0,2.4526,2.4416,1.6419,0.92702,0.15385,-0.029364,0.28109,1.4006,117.9285,0.000309,2.3977,-3e-05,1,2.3839,-2.4e-05,1,0.60171,0.60051,0.10664,0,PSF-00578_20260720132108_78e,PFA-00612,PSA-00572,PSF-00578,RHS-0697,3.0.0,2026-06-15T15:17:51.144Z,DATA_DUMP_1785116825020_clean_2026-07-20.csv,20-Jul-2026,77,Pl1-R1-M2-H3-P10,20-Jul-2026 13:21:08,20-Jul-2026
102,13:21:21,20-Jul-2026,Rain_out,Climate_model,,Pl1-R1-M2-H3-P10,,,0.16736,2.9159,0.15828,6.7356,2.8334,2.6531,6.7708,3.9374,27.2604,29.1125,69.5683,0.44179,7.5,PSF-00578_20260720132121_19b,0,0,0,89.82539,144.963,0.38036,0.5,0.8,262.4301,1,38.98,36.5,39.63,38.31,38.31,97.33,156,153.9,1.3,1725,3.896,-3,44,6,,,,,,,,18:15:36,20-Jul-2026,39.2084,-96.5937,321.1,17,0.72,13:11:23,20-Jul-2026,-0.34,1,0,0.001,0.012,-0.05,-0.419,-0.749,1,150,0.005,2,0.058905,0,0.02923,0,0,-6.8e-05,standard,0,rectangular,7000,500,-9999,-9999,55537,55537,55537,0,-9999,0,0,0,0,2.4547,2.444,1.6418,0.92717,0.15383,-0.0164,0.28164,1.5479,89.8254,0.000307,2.3977,-3e-05,1,2.3839,-2.4e-05,1,0.60171,0.60051,0.10664,0,PSF-00578_20260720132121_19b,PFA-00612,PSA-00572,PSF-00578,RHS-0697,3.0.0,2026-06-15T15:17:51.144Z,DATA_DUMP_1785116825020_clean_2026-07-20.csv,20-Jul-2026,78,Pl1-R1-M2-H3-P10,20-Jul-2026 13:21:21,20-Jul-2026
103,13:21:51,20-Jul-2026,Rain_out,Climate_model,,Pl1-R1-M2-H3-P10,,,0.18504,2.9164,0.174,6.6842,2.7489,2.5699,6.3138,3.5648,26.4048,28.2437,64.8707,0.44179,7.5,PSF-00578_20260720132151_d4d,0,0,0,83.21178,160.836,0.48263,0.5,0.8,377.8187,1,37.75,35.29,39.67,37.03,37.03,97.33,156,153.7,1.5,1957,3.896,-16,19,12,,,,,,,,18:16:04,20-Jul-2026,39.2084,-96.5937,321,18,0.69,13:21:43,20-Jul-2026,-0.35,1,0.002,0.001,0.02,0.424,0.115,0.451,1,150,0.005,2,0.058905,0,0.02923,0,0,-6.8e-05,standard,0,rectangular,7000,500,-9999,-9999,55537,55537,55537,0,-9999,0,0,0,0,2.4531,2.4423,1.6423,0.92661,0.15361,-0.033005,0.28328,1.7419,83.2118,0.000312,2.3977,-3e-05,1,2.3839,-2.4e-05,1,0.60171,0.60051,0.10664,0,PSF-00578_20260720132151_d4d,PFA-00612,PSA-00572,PSF-00578,RHS-0697,3.0.0,2026-06-15T15:17:51.144Z,DATA_DUMP_1785116825020_clean_2026-07-20.csv,20-Jul-2026,79,Pl1-R1-M2-H3-P10,20-Jul-2026 13:21:51,20-Jul-2026
104,13:22:04,20-Jul-2026,Rain_out,Climate_model,,Pl1-R1-M2-H3-P10,,,0.28323,2.9173,0.25817,10.2649,2.7802,2.5056,6.4662,3.686,25.7443,28.5655,66.4372,0.44179,7.5,PSF-00578_20260720132204_454,0,0,0,96.36641,151.9153,0.36566,0.5,0.8,291.4728,1,38.15,34.38,39.68,37.46,37.46,97.33,156.2,153.6,1.6,1993,3.896,-12,23,12,,,,,,,,18:16:19,20-Jul-2026,39.2084,-96.5937,321.1,19,0.66,13:21:43,20-Jul-2026,-0.35,1,0.001,0.001,0.022,-0.539,-0.64,1.93,1,150,0.005,2,0.058905,0,0.02923,0,0,-6.8e-05,standard,0,rectangular,7000,500,-9999,-9999,55537,55537,55537,0,-9999,0,0,0,0,2.4519,2.4429,1.6432,0.92646,0.15354,-0.027701,0.28388,1.7718,96.3664,0.000315,2.3977,-3e-05,1,2.3839,-2.4e-05,1,0.60171,0.60051,0.10664,0,PSF-00578_20260720132204_454,PFA-00612,PSA-00572,PSF-00578,RHS-0697,3.0.0,2026-06-15T15:17:51.144Z,DATA_DUMP_1785116825020_clean_2026-07-20.csv,20-Jul-2026,80,Pl1-R1-M2-H3-P10,20-Jul-2026 13:22:04,20-Jul-2026
105,13:22:17,20-Jul-2026,Rain_out,Climate_model,,Pl1-R1-M2-H3-P10,,,0.14415,2.917,0.13736,5.4581,2.6642,2.5179,6.3526,3.6885,25.8694,27.3717,65.267,0.44179,7.5,PSF-00578_20260720132217_c1d,0,0,0,94.12587,189.9444,0.50446,0.5,0.8,213.6909,1,36.54,34.54,39.69,37.14,37.14,97.33,156.1,153.8,1.5,1059,3.861,-4,-53,356,,,,,,,,18:16:32,20-Jul-2026,39.2084,-96.5937,321.4,19,0.66,13:21:43,20-Jul-2026,-0.35,1,0.004,0.003,0.01,-0.546,-0.1,-1.032,1,150,0.005,2,0.058905,0,0.02923,0,0,-6.8e-05,standard,0,rectangular,7000,500,-9999,-9999,55537,55537,55537,0,-9999,0,0,0,0,2.4521,2.4408,1.6429,0.92694,0.15349,-0.031851,0.28451,0.99154,94.1259,0.000316,2.3977,-3e-05,1,2.3839,-2.4e-05,1,0.60171,0.60051,0.10664,0,PSF-00578_20260720132217_c1d,PFA-00612,PSA-00572,PSF-00578,RHS-0697,3.0.0,2026-06-15T15:17:51.144Z,DATA_DUMP_1785116825020_clean_2026-07-20.csv,20-Jul-2026,81,Pl1-R1-M2-H3-P10,20-Jul-2026 13:22:17,20-Jul-2026
106,13:22:28,20-Jul-2026,Rain_out,Climate_model,,Pl1-R1-M2-H3-P10,,,0.18055,2.9154,0.17002,7.0378,2.7295,2.5409,6.5657,3.8362,26.1064,28.0446,67.4606,0.44179,7.5,PSF-00578_20260720132228_0e1,0,0,0,107.9478,184.0825,0.41359,0.5,0.8,249.3698,1,37.44,34.85,39.69,37.74,37.74,97.33,155.9,153.9,1.3,1507,3.895,-4,61,6,,,,,,,,18:16:43,20-Jul-2026,39.2084,-96.5937,320.7,19,0.66,13:21:43,20-Jul-2026,-0.35,1,0.002,-0.002,0.008,-1.094,-1.779,-5.222,1,150,0.005,2,0.058905,0,0.02923,0,0,-6.8e-05,standard,0,rectangular,7000,500,-9999,-9999,55537,55537,55537,0,-9999,0,0,0,0,2.4525,2.4419,1.6412,0.92722,0.15348,-0.02429,0.28497,1.3662,107.9478,0.000305,2.3977,-3e-05,1,2.3839,-2.4e-05,1,0.60171,0.60051,0.10664,0,PSF-00578_20260720132228_0e1,PFA-00612,PSA-00572,PSF-00578,RHS-0697,3.0.0,2026-06-15T15:17:51.144Z,DATA_DUMP_1785116825020_clean_2026-07-20.csv,20-Jul-2026,82,Pl1-R1-M2-H3-P10,20-Jul-2026 13:22:28,20-Jul-2026
107,13:22:50,20-Jul-2026,Rain_out,Climate_model,,Pl1-R1-M2-H3-P10,,,0.034206,2.9167,0.033809,1.3989,2.6156,2.5781,6.4556,3.8399,26.4849,26.8702,66.3179,0.44179,7.5,PSF-00578_20260720132250_50e,0,0,0,83.77361,284.915,0.70597,0.5,0.8,18.4301,1,35.87,35.35,39.69,37.43,37.43,97.34,156.1,153.9,1.4,65,3.895,-12,-27,243,,,,,,,,18:17:05,20-Jul-2026,39.2084,-96.5937,320.9,18,0.7,13:21:43,20-Jul-2026,-0.35,1,-0.001,0,-9999,0.18,0.617,-9999,1,150,0.005,2,0.058905,0,0.02923,0,0,-6.8e-05,standard,0,rectangular,7000,500,-9999,-9999,55537,55537,55537,0,-9999,0,0,0,0,2.4532,2.4399,1.6426,0.92708,0.15347,-0.028228,0.28601,0.16118,83.7736,0.000314,2.3977,-3e-05,1,2.3839,-2.4e-05,1,0.60171,0.60051,0.10664,0,PSF-00578_20260720132250_50e,PFA-00612,PSA-00572,PSF-00578,RHS-0697,3.0.0,2026-06-15T15:17:51.144Z,DATA_DUMP_1785116825020_clean_2026-07-20.csv,20-Jul-2026,83,Pl1-R1-M2-H3-P10,20-Jul-2026 13:22:50,20-Jul-2026
108,13:23:02,20-Jul-2026,Rain_out,Climate_model,,Pl1-R1-M2-H3-P10,,,0.034774,2.9166,0.034364,1.43,2.6031,2.5647,6.4649,3.8619,26.3479,26.7419,66.4163,0.44179,7.5,PSF-00578_20260720132302_1fc,0,0,0,88.60624,293.9662,0.69858,0.5,0.8,21.8663,1,35.7,35.18,39.69,37.46,37.46,97.34,156.1,153.8,1.5,78,3.895,-14,-26,244,,,,,,,,18:17:16,20-Jul-2026,39.2084,-96.5937,321,18,0.69,13:21:43,20-Jul-2026,-0.35,1,-0.002,-0.005,0.008,0.239,0.636,1.916,1,150,0.005,2,0.058905,0,0.02923,0,0,-6.8e-05,standard,0,rectangular,7000,500,-9999,-9999,55537,55537,55537,0,-9999,0,0,0,0,2.4529,2.4397,1.6424,0.92688,0.15348,-0.027858,0.28635,0.17203,88.6062,0.000301,2.3977,-3e-05,1,2.3839,-2.4e-05,1,0.60171,0.60051,0.10664,0,PSF-00578_20260720132302_1fc,PFA-00612,PSA-00572,PSF-00578,RHS-0697,3.0.0,2026-06-15T15:17:51.144Z,DATA_DUMP_1785116825020_clean_2026-07-20.csv,20-Jul-2026,84,Pl1-R1-M2-H3-P10,20-Jul-2026 13:23:02,20-Jul-2026
109,13:23:16,20-Jul-2026,Rain_out,Climate_model,,Pl1-R1-M2-H3-P10,,,0.16517,2.9179,0.15633,5.9942,2.7821,2.6218,6.3393,3.5572,26.9367,28.5833,65.1309,0.44179,7.5,PSF-00578_20260720132316_7da,0,0,0,101.7662,189.0943,0.46182,0.5,0.8,24.1278,1,38.15,35.95,39.69,37.1,37.1,97.33,156.2,153.9,1.5,131,3.861,-2,46,145,,,,,,,,18:17:31,20-Jul-2026,39.2084,-96.5937,320.7,18,0.68,13:21:43,20-Jul-2026,-0.35,1,0.001,0.002,-9999,-11.666,-7.891,-9999,1,150,0.005,2,0.058905,0,0.02923,0,0,-6.8e-05,standard,0,rectangular,7000,500,-9999,-9999,55537,55537,55537,0,-9999,0,0,0,0,2.454,2.4429,1.6438,0.92717,0.15346,-0.032399,0.28691,0.21578,101.7662,0.000316,2.3977,-3e-05,1,2.3839,-2.4e-05,1,0.60171,0.60051,0.10664,0,PSF-00578_20260720132316_7da,PFA-00612,PSA-00572,PSF-00578,RHS-0697,3.0.0,2026-06-15T15:17:51.144Z,DATA_DUMP_1785116825020_clean_2026-07-20.csv,20-Jul-2026,85,Pl1-R1-M2-H3-P10,20-Jul-2026 13:23:16,20-Jul-2026
110,13:23:28,20-Jul-2026,Rain_out,Climate_model,,Pl1-R1-M2-H3-P10,,,0.080981,2.9166,0.078793,3.2704,2.6122,2.5245,6.4638,3.8516,25.9362,26.8371,66.408,0.44179,7.5,PSF-00578_20260720132328_7c3,0,0,0,145.0303,274.7476,0.47213,0.5,0.8,24.9292,1,35.82,34.62,39.69,37.46,37.46,97.33,156.1,154,1.3,132,3.895,4,59,173,,,,,,,,18:17:43,20-Jul-2026,39.2084,-96.5937,320.8,19,0.66,13:21:43,20-Jul-2026,-0.35,1,0.001,0.002,-9999,-3.18,-7.265,-9999,1,150,0.005,2,0.058905,0,0.02923,0,0,-6.8e-05,standard,0,rectangular,7000,500,-9999,-9999,55537,55537,55537,0,-9999,0,0,0,0,2.4522,2.4398,1.6425,0.92736,0.15346,-0.027951,0.2873,0.21694,145.0303,0.000314,2.3977,-3e-05,1,2.3839,-2.4e-05,1,0.60171,0.60051,0.10664,0,PSF-00578_20260720132328_7c3,PFA-00612,PSA-00572,PSF-00578,RHS-0697,3.0.0,2026-06-15T15:17:51.144Z,DATA_DUMP_1785116825020_clean_2026-07-20.csv,20-Jul-2026,86,Pl1-R1-M2-H3-P10,20-Jul-2026 13:23:28,20-Jul-2026
111,13:23:42,20-Jul-2026,Rain_out,Climate_model,,Pl1-R1-M2-H3-P10,,,0.18221,2.9179,0.1715,7.184,2.8519,2.66,6.7286,3.8767,27.3288,29.3007,69.1292,0.44179,7.5,PSF-00578_20260720132342_937,0,0,0,93.80901,149.0654,0.37068,0.5,0.8,273.8129,1,39.09,36.46,39.7,38.2,38.2,97.33,156.2,153.8,1.6,1847,3.894,4,-45,270,,,,,,,,18:17:57,20-Jul-2026,39.2084,-96.5937,321.1,18,0.67,13:21:43,20-Jul-2026,-0.35,1,0,0,0.01,-0.573,-1.77,-3.506,1,150,0.005,2,0.058905,0,0.02923,0,0,-6.8e-05,standard,0,rectangular,7000,500,-9999,-9999,55537,55537,55537,0,-9999,0,0,0,0,2.4546,2.4441,1.6439,0.92681,0.1534,-0.018782,0.28779,1.6497,93.809,0.000302,2.3977,-3e-05,1,2.3839,-2.4e-05,1,0.60171,0.60051,0.10664,0,PSF-00578_20260720132342_937,PFA-00612,PSA-00572,PSF-00578,RHS-0697,3.0.0,2026-06-15T15:17:51.144Z,DATA_DUMP_1785116825020_clean_2026-07-20.csv,20-Jul-2026,87,Pl1-R1-M2-H3-P10,20-Jul-2026 13:23:42,20-Jul-2026
112,13:23:56,20-Jul-2026,Rain_out,Climate_model,,Pl1-R1-M2-H3-P10,,,0.18617,2.9173,0.175,7.1208,2.7371,2.5465,6.5096,3.7725,26.1627,28.1206,66.8788,0.44179,7.5,PSF-00578_20260720132356_f23,0,0,0,118.3158,190.8442,0.38004,0.5,0.8,29.6355,1,37.52,34.91,39.7,37.59,37.59,97.33,156.2,154.1,1.3,195,3.894,0,-35,260,,,,,,,,18:18:11,20-Jul-2026,39.2084,-96.5937,320.7,19,0.66,13:21:43,20-Jul-2026,-0.35,1,0.001,-0.002,0.009,3.942,24.651,-6.886,1,150,0.005,2,0.058905,0,0.02923,0,0,-6.8e-05,standard,0,rectangular,7000,500,-9999,-9999,55537,55537,55537,0,-9999,0,0,0,0,2.4526,2.442,1.6432,0.92765,0.15342,-0.026409,0.2883,0.26954,118.3158,0.000315,2.3977,-3e-05,1,2.3839,-2.4e-05,1,0.60171,0.60051,0.10664,0,PSF-00578_20260720132356_f23,PFA-00612,PSA-00572,PSF-00578,RHS-0697,3.0.0,2026-06-15T15:17:51.144Z,DATA_DUMP_1785116825020_clean_2026-07-20.csv,20-Jul-2026,88,Pl1-R1-M2-H3-P10,20-Jul-2026 13:23:56,20-Jul-2026
113,13:24:26,20-Jul-2026,Rain_out,Climate_model,,Pl1-R1-M2-H3-P10,,,0.22474,2.9158,0.20866,7.6453,2.7534,2.5486,6.1565,3.4031,26.1842,28.2883,63.252,0.44179,7.5,PSF-00578_20260720132426_d30,0,0,0,87.10563,206.4822,0.57815,0.5,0.8,225.5886,1,37.7,34.89,39.72,36.56,36.56,97.33,156,154.2,1.1,975,3.894,-12,65,355,,,,,,,,18:18:36,20-Jul-2026,39.2084,-96.5937,321.4,18,0.69,13:21:43,20-Jul-2026,-0.35,1,0,-0.002,0.011,-0.087,-0.105,-0.074,1,150,0.005,2,0.058905,0,0.02923,0,0,-6.8e-05,standard,0,rectangular,7000,500,-9999,-9999,55537,55537,55537,0,-9999,0,0,0,0,2.4525,2.4423,1.6417,0.92794,0.15329,-0.039427,0.28937,0.92174,87.1056,0.000328,2.3977,-3e-05,1,2.3839,-2.4e-05,1,0.60171,0.60051,0.10664,0,PSF-00578_20260720132426_d30,PFA-00612,PSA-00572,PSF-00578,RHS-0697,3.0.0,2026-06-15T15:17:51.144Z,DATA_DUMP_1785116825020_clean_2026-07-20.csv,20-Jul-2026,89,Pl1-R1-M2-H3-P10,20-Jul-2026 13:24:26,20-Jul-2026
34,17:20:20,20-Jul-2026,Rain_out,Climate_model,,Pl1-R1-M2-H3-P10,,,0.08284,2.9178,0.080553,3.5321,2.6382,2.5438,6.6934,4.0552,26.1849,27.1566,68.8993,0.44179,7.5,PSF-00578_20260720172020_007,0,0,0,80.09541,196.7146,0.59284,0.5,0.8,57.5854,1,33.43,32.23,41.17,38.1,38.1,97.15,156.2,153.9,1.5,243,3.797,-14,-30,346,,,,,,,,22:14:35,20-Jul-2026,39.2083,-96.5938,333.8,18,0.71,17:11:13,20-Jul-2026,-0.32,1,0.001,0.003,-9999,1.588,1.09,-9999,1,150,0.005,2,0.058905,0,0.02923,0,0,-6.8e-05,standard,0,rectangular,7000,500,-9999,-9999,55537,55537,55537,0,-9999,0,0,0,0,2.4487,2.4364,1.6437,0.92702,0.14502,-0.038982,0.40708,0.30955,80.0954,0.000318,2.3977,-3e-05,1,2.3839,-2.4e-05,1,0.60171,0.60051,0.10664,0,PSF-00578_20260720172020_007,PFA-00612,PSA-00572,PSF-00578,RHS-0697,3.0.0,2026-06-15T15:17:51.144Z,DATA_DUMP_1785116825020_clean_2026-07-20.csv,20-Jul-2026,90,Pl1-R1-M2-H3-P10,20-Jul-2026 17:20:20,20-Jul-2026
35,17:20:35,20-Jul-2026,Rain_out,Climate_model,,Pl1-R1-M2-H3-P10,,,0.079135,2.9169,0.077045,3.4669,2.6366,2.5439,6.7959,4.1593,26.1855,27.1399,69.9537,0.44179,7.5,PSF-00578_20260720172035_260,0,0,0,80.95372,185.1228,0.5627,0.5,0.8,46.9846,1,33.43,32.25,41.16,38.38,38.38,97.15,156.1,153.7,1.5,209,3.831,-20,-30,357,,,,,,,,22:14:35,20-Jul-2026,39.2084,-96.5938,334,18,0.71,17:11:13,20-Jul-2026,-0.32,1,-0.002,-0.002,-9999,4.872,3.352,-9999,1,150,0.005,2,0.058905,0,0.02923,0,0,-6.8e-05,standard,0,rectangular,7000,500,-9999,-9999,55537,55537,55537,0,-9999,0,0,0,0,2.4488,2.4364,1.6428,0.92671,0.14509,-0.035289,0.40718,0.28107,80.9537,0.000329,2.3977,-3e-05,1,2.3839,-2.4e-05,1,0.60171,0.60051,0.10664,0,PSF-00578_20260720172035_260,PFA-00612,PSA-00572,PSF-00578,RHS-0697,3.0.0,2026-06-15T15:17:51.144Z,DATA_DUMP_1785116825020_clean_2026-07-20.csv,20-Jul-2026,91,Pl1-R1-M2-H3-P10,20-Jul-2026 17:20:35,20-Jul-2026
36,17:20:49,20-Jul-2026,Rain_out,Climate_model,,Pl1-R1-M2-H3-P10,,,0.058766,2.9175,0.057605,3.1332,2.59,2.5062,7.5969,5.0069,25.798,26.6607,78.2006,0.44179,7.5,PSF-00578_20260720172049_aea,0,0,0,110.5814,176.4811,0.37341,0.5,0.8,244.5996,1,32.86,31.8,41.15,40.46,40.46,97.15,156.2,153.8,1.5,1638,3.831,-17,-40,354,,,,,,,,22:15:04,20-Jul-2026,39.2083,-96.5938,333.8,18,0.71,17:11:13,20-Jul-2026,-0.32,1,0.001,0.001,-9999,4.038,-1.636,-9999,1,150,0.005,2,0.058905,0,0.02923,0,0,-6.8e-05,standard,0,rectangular,7000,500,-9999,-9999,55537,55537,55537,0,-9999,0,0,0,0,2.4482,2.4357,1.6434,0.92698,0.14516,-0.008574,0.40724,1.475,110.5814,0.000321,2.3977,-3e-05,1,2.3839,-2.4e-05,1,0.60171,0.60051,0.10664,0,PSF-00578_20260720172049_aea,PFA-00612,PSA-00572,PSF-00578,RHS-0697,3.0.0,2026-06-15T15:17:51.144Z,DATA_DUMP_1785116825020_clean_2026-07-20.csv,20-Jul-2026,92,Pl1-R1-M2-H3-P10,20-Jul-2026 17:20:49,20-Jul-2026
37,17:21:00,20-Jul-2026,Rain_out,Climate_model,,Pl1-R1-M2-H3-P10,,,0.058392,2.9169,0.057246,2.8594,2.5585,2.482,7.1679,4.6094,25.5492,26.3371,73.7858,0.44179,7.5,PSF-00578_20260720172100_088,0,0,0,92.11242,164.2638,0.43924,0.5,0.8,236.4357,1,32.48,31.51,41.14,39.37,39.37,97.14,156.1,153.8,1.5,1346,3.831,-17,-36,352,,,,,,,,22:15:15,20-Jul-2026,39.2083,-96.5938,333.9,17,0.73,17:11:13,20-Jul-2026,-0.32,1,0,0.001,-9999,-18.971,3.831,-9999,1,150,0.005,2,0.058905,0,0.02923,0,0,-6.8e-05,standard,0,rectangular,7000,500,-9999,-9999,55537,55537,55537,0,-9999,0,0,0,0,2.4478,2.4352,1.6428,0.92676,0.14522,-0.0224,0.4073,1.2311,92.1124,0.000327,2.3977,-3e-05,1,2.3839,-2.4e-05,1,0.60171,0.60051,0.10664,0,PSF-00578_20260720172100_088,PFA-00612,PSA-00572,PSF-00578,RHS-0697,3.0.0,2026-06-15T15:17:51.144Z,DATA_DUMP_1785116825020_clean_2026-07-20.csv,20-Jul-2026,93,Pl1-R1-M2-H3-P10,20-Jul-2026 17:21:00,20-Jul-2026
38,17:21:11,20-Jul-2026,Rain_out,Climate_model,,Pl1-R1-M2-H3-P10,,,0.063476,2.9177,0.062124,3.3853,2.6003,2.5098,7.6158,5.0155,25.8347,26.7665,78.3942,0.44179,7.5,PSF-00578_20260720172111_ea6,0,0,0,90.31785,154.7935,0.41653,0.5,0.8,38.5369,1,33.03,31.88,41.13,40.5,40.5,97.15,156.2,153.7,1.6,231,3.831,-11,-32,348,,,,,,,,22:15:22,20-Jul-2026,39.2083,-96.5938,334,14,0.79,17:11:13,20-Jul-2026,-0.32,1,0,0.001,0.008,-0.881,-2.249,-6.777,1,150,0.005,2,0.058905,0,0.02923,0,0,-6.8e-05,standard,0,rectangular,7000,500,-9999,-9999,55537,55537,55537,0,-9999,0,0,0,0,2.4483,2.4359,1.6437,0.92671,0.14527,-0.007717,0.40733,0.29991,90.3178,0.00032,2.3977,-3e-05,1,2.3839,-2.4e-05,1,0.60171,0.60051,0.10664,0,PSF-00578_20260720172111_ea6,PFA-00612,PSA-00572,PSF-00578,RHS-0697,3.0.0,2026-06-15T15:17:51.144Z,DATA_DUMP_1785116825020_clean_2026-07-20.csv,20-Jul-2026,94,Pl1-R1-M2-H3-P10,20-Jul-2026 17:21:11,20-Jul-2026
39,17:21:50,20-Jul-2026,Rain_out,Climate_model,,Pl1-R1-M2-H3-P10,,,0.068991,2.9151,0.067396,3.014,2.5675,2.4867,6.7045,4.137,25.5978,26.4294,69.0153,0.44179,7.5,PSF-00578_20260720172150_550,0,0,0,93.12666,281.2146,0.66884,0.5,0.8,123.9012,1,32.64,31.61,41.12,38.13,38.13,97.15,155.9,153.9,1.3,463,3.826,-17,-46,354,,,,,,,,22:16:04,20-Jul-2026,39.2083,-96.5938,333.9,18,0.7,17:21:30,20-Jul-2026,-0.29,1,0.003,0.002,-9999,0.137,0.083,-9999,1,150,0.005,2,0.058905,0,0.02923,0,0,-6.8e-05,standard,0,rectangular,7000,500,-9999,-9999,55537,55537,55537,0,-9999,0,0,0,0,2.4479,2.4353,1.6409,0.92703,0.14535,-0.037832,0.40771,0.49362,93.1267,0.000326,2.3977,-3e-05,1,2.3839,-2.4e-05,1,0.60171,0.60051,0.10664,0,PSF-00578_20260720172150_550,PFA-00612,PSA-00572,PSF-00578,RHS-0697,3.0.0,2026-06-15T15:17:51.144Z,DATA_DUMP_1785116825020_clean_2026-07-20.csv,20-Jul-2026,95,Pl1-R1-M2-H3-P10,20-Jul-2026 17:21:50,20-Jul-2026
40,17:22:01,20-Jul-2026,Rain_out,Climate_model,,Pl1-R1-M2-H3-P10,,,0.064943,2.9168,0.063528,3.1644,2.576,2.4913,7.1721,4.5961,25.6458,26.5177,73.8297,0.44179,7.5,PSF-00578_20260720172201_0fa,0,0,0,94.53034,150.1683,0.3705,0.5,0.8,108.0821,1,32.76,31.69,41.1,39.38,39.38,97.14,156.1,153.7,1.6,729,3.83,-20,-34,348,,,,,,,,22:16:15,20-Jul-2026,39.2083,-96.5938,334.2,17,0.71,17:21:30,20-Jul-2026,-0.29,1,0,0.001,-9999,1.517,8.665,-9999,1,150,0.005,2,0.058905,0,0.02923,0,0,-6.8e-05,standard,0,rectangular,7000,500,-9999,-9999,55537,55537,55537,0,-9999,0,0,0,0,2.448,2.4355,1.6427,0.92654,0.14541,-0.021807,0.40779,0.71603,94.5303,0.000325,2.3977,-3e-05,1,2.3839,-2.4e-05,1,0.60171,0.60051,0.10664,0,PSF-00578_20260720172201_0fa,PFA-00612,PSA-00572,PSF-00578,RHS-0697,3.0.0,2026-06-15T15:17:51.144Z,DATA_DUMP_1785116825020_clean_2026-07-20.csv,20-Jul-2026,96,Pl1-R1-M2-H3-P10,20-Jul-2026 17:22:01,20-Jul-2026
41,17:22:18,20-Jul-2026,Rain_out,Climate_model,,Pl1-R1-M2-H3-P10,,,0.143,2.9167,0.13632,5.7383,2.6758,2.5224,6.5702,3.8944,25.966,27.5454,67.6363,0.44179,7.5,PSF-00578_20260720172218_27a,0,0,0,83.39166,264.1837,0.68434,0.5,0.8,45.8095,1,34.05,32.1,41.1,37.76,37.76,97.14,156.1,154,1.3,167,3.829,9,-63,139,,,,,,,,22:16:32,20-Jul-2026,39.2083,-96.5938,334.1,17,0.71,17:21:30,20-Jul-2026,-0.29,1,0.004,0.004,-9999,-0.083,-0.534,-9999,1,150,0.005,2,0.058905,0,0.02923,0,0,-6.8e-05,standard,0,rectangular,7000,500,-9999,-9999,55537,55537,55537,0,-9999,0,0,0,0,2.4486,2.4372,1.6426,0.92734,0.14546,-0.042272,0.40799,0.24648,83.3917,0.000333,2.3977,-3e-05,1,2.3839,-2.4e-05,1,0.60171,0.60051,0.10664,0,PSF-00578_20260720172218_27a,PFA-00612,PSA-00572,PSF-00578,RHS-0697,3.0.0,2026-06-15T15:17:51.144Z,DATA_DUMP_1785116825020_clean_2026-07-20.csv,20-Jul-2026,97,Pl1-R1-M2-H3-P10,20-Jul-2026 17:22:18,20-Jul-2026
42,17:22:29,20-Jul-2026,Rain_out,Climate_model,,Pl1-R1-M2-H3-P10,,,0.17052,2.9167,0.1611,6.4915,2.6836,2.51,6.4148,3.7312,25.8384,27.6251,66.0338,0.44179,7.5,PSF-00578_20260720172229_dfc,0,0,0,85.54602,267.9884,0.68078,0.5,0.8,45.1193,1,34.17,31.96,41.09,37.32,37.32,97.14,156.1,154.1,1.3,166,3.829,8,-70,137,,,,,,,,22:16:44,20-Jul-2026,39.2083,-96.5938,333.9,18,0.7,17:21:30,20-Jul-2026,-0.29,1,0.002,0.004,-9999,0.505,0.61,-9999,1,150,0.005,2,0.058905,0,0.02923,0,0,-6.8e-05,standard,0,rectangular,7000,500,-9999,-9999,55537,55537,55537,0,-9999,0,0,0,0,2.4484,2.4374,1.6426,0.92757,0.14551,-0.047673,0.40806,0.24509,85.546,0.000329,2.3977,-3e-05,1,2.3839,-2.4e-05,1,0.60171,0.60051,0.10664,0,PSF-00578_20260720172229_dfc,PFA-00612,PSA-00572,PSF-00578,RHS-0697,3.0.0,2026-06-15T15:17:51.144Z,DATA_DUMP_1785116825020_clean_2026-07-20.csv,20-Jul-2026,98,Pl1-R1-M2-H3-P10,20-Jul-2026 17:22:29,20-Jul-2026
43,17:22:42,20-Jul-2026,Rain_out,Climate_model,,Pl1-R1-M2-H3-P10,,,0.091055,2.9166,0.088298,3.6215,2.5993,2.5024,6.3992,3.7998,25.7589,26.7566,65.8712,0.44179,7.5,PSF-00578_20260720172242_d7b,0,0,0,77.98648,253.6182,0.6925,0.5,0.8,42.4744,1,33.12,31.89,41.07,37.27,37.27,97.15,156.1,154,1.3,153,3.828,-10,-64,223,,,,,,,,22:16:56,20-Jul-2026,39.2083,-96.5938,333.6,18,0.7,17:21:30,20-Jul-2026,-0.29,1,0.001,-0.002,-9999,-0.065,-0.035,-9999,1,150,0.005,2,0.058905,0,0.02923,0,0,-6.8e-05,standard,0,rectangular,7000,500,-9999,-9999,55537,55537,55537,0,-9999,0,0,0,0,2.4483,2.436,1.6425,0.92733,0.14561,-0.048016,0.40806,0.23477,77.9865,0.000314,2.3977,-3e-05,1,2.3839,-2.4e-05,1,0.60171,0.60051,0.10664,0,PSF-00578_20260720172242_d7b,PFA-00612,PSA-00572,PSF-00578,RHS-0697,3.0.0,2026-06-15T15:17:51.144Z,DATA_DUMP_1785116825020_clean_2026-07-20.csv,20-Jul-2026,99,Pl1-R1-M2-H3-P10,20-Jul-2026 17:22:42,20-Jul-2026
44,17:23:00,20-Jul-2026,Rain_out,Climate_model,,Pl1-R1-M2-H3-P10,,,0.10658,2.9171,0.10283,5.4382,2.6042,2.4587,7.4753,4.8711,25.3095,26.8071,76.9498,0.44179,7.5,PSF-00578_20260720172300_6de,0,0,0,99.47455,133.9864,0.25758,0.5,0.8,198.3371,1,33.21,31.35,41.05,40.15,40.15,97.14,156.1,154,1.4,1925,3.828,26,50,144,,,,,,,,22:17:15,20-Jul-2026,39.2083,-96.5938,333.6,18,0.7,17:21:30,20-Jul-2026,-0.29,1,-0.001,0.001,-9999,0.028,-0.45,-9999,1,150,0.005,2,0.058905,0,0.02923,0,0,-6.8e-05,standard,0,rectangular,7000,500,-9999,-9999,55537,55537,55537,0,-9999,0,0,0,0,2.4476,2.4361,1.643,0.92726,0.14569,-0.011241,0.40819,1.7152,99.4745,0.000306,2.3977,-3e-05,1,2.3839,-2.4e-05,1,0.60171,0.60051,0.10664,0,PSF-00578_20260720172300_6de,PFA-00612,PSA-00572,PSF-00578,RHS-0697,3.0.0,2026-06-15T15:17:51.144Z,DATA_DUMP_1785116825020_clean_2026-07-20.csv,20-Jul-2026,100,Pl1-R1-M2-H3-P10,20-Jul-2026 17:23:00,20-Jul-2026
45,17:23:12,20-Jul-2026,Rain_out,Climate_model,,Pl1-R1-M2-H3-P10,,,0.10176,2.9162,0.098326,4.938,2.7071,2.5751,7.3335,4.6264,26.5084,27.8676,75.493,0.44179,7.5,PSF-00578_20260720172312_b95,0,0,0,102.0659,139.2632,0.2671,0.5,0.8,192.5012,1,34.54,32.85,41.05,39.8,39.8,97.14,156,154,1.3,1802,3.793,22,50,167,,,,,,,,22:17:25,20-Jul-2026,39.2083,-96.5938,333.8,18,0.7,17:21:30,20-Jul-2026,-0.29,1,-0.001,0,-9999,-1.235,-2.088,-9999,1,150,0.005,2,0.058905,0,0.02923,0,0,-6.8e-05,standard,0,rectangular,7000,500,-9999,-9999,55537,55537,55537,0,-9999,0,0,0,0,2.4496,2.4379,1.6421,0.92744,0.14574,-0.015723,0.40827,1.6122,102.0659,0.000298,2.3977,-3e-05,1,2.3839,-2.4e-05,1,0.60171,0.60051,0.10664,0,PSF-00578_20260720172312_b95,PFA-00612,PSA-00572,PSF-00578,RHS-0697,3.0.0,2026-06-15T15:17:51.144Z,DATA_DUMP_1785116825020_clean_2026-07-20.csv,20-Jul-2026,101,Pl1-R1-M2-H3-P10,20-Jul-2026 17:23:12,20-Jul-2026
46,17:23:21,20-Jul-2026,Rain_out,Climate_model,,Pl1-R1-M2-H3-P10,,,0.047472,2.9165,0.046712,2.5617,2.5847,2.5162,7.6316,5.0469,25.9031,26.6089,78.5648,0.44179,7.5,PSF-00578_20260720172321_edf,0,0,0,100.4881,135.6876,0.25942,0.5,0.8,127.2227,1,32.99,32.12,41.04,40.54,40.54,97.14,156.1,153.9,1.4,1226,3.823,15,51,149,,,,,,,,22:17:35,20-Jul-2026,39.2083,-96.5938,333.6,18,0.7,17:21:30,20-Jul-2026,-0.29,1,-0.002,-0.003,-9999,-2.548,-4.886,-9999,1,150,0.005,2,0.058905,0,0.02923,0,0,-6.8e-05,standard,0,rectangular,7000,500,-9999,-9999,55537,55537,55537,0,-9999,0,0,0,0,2.4486,2.4358,1.6424,0.92701,0.14579,-0.006003,0.4083,1.1311,100.4881,0.000304,2.3977,-3e-05,1,2.3839,-2.4e-05,1,0.60171,0.60051,0.10664,0,PSF-00578_20260720172321_edf,PFA-00612,PSA-00572,PSF-00578,RHS-0697,3.0.0,2026-06-15T15:17:51.144Z,DATA_DUMP_1785116825020_clean_2026-07-20.csv,20-Jul-2026,102,Pl1-R1-M2-H3-P10,20-Jul-2026 17:23:21,20-Jul-2026
47,17:23:35,20-Jul-2026,Rain_out,Climate_model,,Pl1-R1-M2-H3-P10,,,0.077983,2.9177,0.075953,3.325,2.608,2.5191,6.6578,4.0499,25.9312,26.8464,68.5359,0.44179,7.5,PSF-00578_20260720172335_154,0,0,0,88.20033,194.0846,0.54556,0.5,0.8,156.8476,1,33.3,32.17,41.03,38,38,97.14,156.2,153.7,1.6,719,3.826,-12,-48,280,,,,,,,,22:17:50,20-Jul-2026,39.2083,-96.5938,333.3,17,0.72,17:21:30,20-Jul-2026,-0.29,1,-0.002,-0.004,-9999,-0.064,0.071,-9999,1,150,0.005,2,0.058905,0,0.02923,0,0,-6.8e-05,standard,0,rectangular,7000,500,-9999,-9999,55537,55537,55537,0,-9999,0,0,0,0,2.4487,2.4362,1.6436,0.92671,0.14583,-0.038342,0.40844,0.70722,88.2003,0.000291,2.3977,-3e-05,1,2.3839,-2.4e-05,1,0.60171,0.60051,0.10664,0,PSF-00578_20260720172335_154,PFA-00612,PSA-00572,PSF-00578,RHS-0697,3.0.0,2026-06-15T15:17:51.144Z,DATA_DUMP_1785116825020_clean_2026-07-20.csv,20-Jul-2026,103,Pl1-R1-M2-H3-P10,20-Jul-2026 17:23:35,20-Jul-2026
48,17:23:46,20-Jul-2026,Rain_out,Climate_model,,Pl1-R1-M2-H3-P10,,,0.071298,2.9161,0.069597,3.1203,2.6699,2.5864,6.8126,4.1428,26.6245,27.4838,70.1296,0.44179,7.5,PSF-00578_20260720172346_42b,0,0,0,95.62254,179.5871,0.46754,0.5,0.8,188.8073,1,34.1,33.03,41.03,38.43,38.43,97.14,156,153.6,1.5,1010,3.827,-14,-46,297,,,,,,,,22:17:57,20-Jul-2026,39.2084,-96.5938,333.2,18,0.7,17:21:30,20-Jul-2026,-0.29,1,0.002,0.003,-9999,-0.708,-2.183,-9999,1,150,0.005,2,0.058905,0,0.02923,0,0,-6.8e-05,standard,0,rectangular,7000,500,-9999,-9999,55537,55537,55537,0,-9999,0,0,0,0,2.4499,2.4373,1.642,0.92644,0.14585,-0.03293,0.40845,0.95022,95.6225,0.000312,2.3977,-3e-05,1,2.3839,-2.4e-05,1,0.60171,0.60051,0.10664,0,PSF-00578_20260720172346_42b,PFA-00612,PSA-00572,PSF-00578,RHS-0697,3.0.0,2026-06-15T15:17:51.144Z,DATA_DUMP_1785116825020_clean_2026-07-20.csv,20-Jul-2026,104,Pl1-R1-M2-H3-P10,20-Jul-2026 17:23:46,20-Jul-2026
49,17:23:59,20-Jul-2026,Rain_out,Climate_model,,Pl1-R1-M2-H3-P10,,,0.043519,2.9166,0.042879,2.1452,2.586,2.5286,7.2012,4.6151,26.0296,26.6207,74.1295,0.44179,7.5,PSF-00578_20260720172359_dbb,0,0,0,105.5489,215.278,0.50971,0.5,0.8,160.4955,1,33.05,32.31,41.02,39.46,39.46,97.14,156.1,153.9,1.4,787,3.826,-9,-46,293,,,,,,,,22:18:13,20-Jul-2026,39.2084,-96.5938,332.5,18,0.7,17:21:30,20-Jul-2026,-0.29,1,0,0,-9999,-1.38,-2.364,-9999,1,150,0.005,2,0.058905,0,0.02923,0,0,-6.8e-05,standard,0,rectangular,7000,500,-9999,-9999,55537,55537,55537,0,-9999,0,0,0,0,2.4489,2.4359,1.6425,0.92708,0.14591,-0.019687,0.40847,0.76441,105.5489,0.0003,2.3977,-3e-05,1,2.3839,-2.4e-05,1,0.60171,0.60051,0.10664,0,PSF-00578_20260720172359_dbb,PFA-00612,PSA-00572,PSF-00578,RHS-0697,3.0.0,2026-06-15T15:17:51.144Z,DATA_DUMP_1785116825020_clean_2026-07-20.csv,20-Jul-2026,105,Pl1-R1-M2-H3-P10,20-Jul-2026 17:23:59,20-Jul-2026
50,17:24:12,20-Jul-2026,Rain_out,Climate_model,,Pl1-R1-M2-H3-P10,,,0.053635,2.9171,0.052667,2.46,2.5109,2.445,6.8301,4.3192,25.1692,25.8472,70.3096,0.44179,7.5,PSF-00578_20260720172412_241,0,0,0,133.2278,258.2717,0.48416,0.5,0.8,145.2712,1,32.11,31.26,41,38.47,38.47,97.14,156.1,153.7,1.5,750,3.792,-5,-44,291,,,,,,,,22:18:25,20-Jul-2026,39.2084,-96.5938,332.5,16,0.72,17:21:30,20-Jul-2026,-0.29,1,0.001,0,-9999,-2.13,7.77,-9999,1,150,0.005,2,0.058905,0,0.02923,0,0,-6.8e-05,standard,0,rectangular,7000,500,-9999,-9999,55537,55537,55537,0,-9999,0,0,0,0,2.4474,2.4346,1.643,0.9267,0.14597,-0.032048,0.40833,0.73343,133.2278,0.000304,2.3977,-3e-05,1,2.3839,-2.4e-05,1,0.60171,0.60051,0.10664,0,PSF-00578_20260720172412_241,PFA-00612,PSA-00572,PSF-00578,RHS-0697,3.0.0,2026-06-15T15:17:51.144Z,DATA_DUMP_1785116825020_clean_2026-07-20.csv,20-Jul-2026,106,Pl1-R1-M2-H3-P10,20-Jul-2026 17:24:12,20-Jul-2026
51,17:24:22,20-Jul-2026,Rain_out,Climate_model,,Pl1-R1-M2-H3-P10,,,0.048942,2.9166,0.048135,2.0446,2.514,2.4593,6.4499,3.9359,25.316,25.8798,66.3967,0.44179,7.5,PSF-00578_20260720172422_a44,0,0,0,75.38652,249.3131,0.69762,0.5,0.8,63.4755,1,32.16,31.46,40.99,37.42,37.42,97.14,156.1,153.9,1.4,227,3.821,-5,-53,284,,,,,,,,22:18:37,20-Jul-2026,39.2084,-96.5938,332.8,18,0.7,17:21:30,20-Jul-2026,-0.29,1,0,0.001,-9999,-0.008,0.277,-9999,1,150,0.005,2,0.058905,0,0.02923,0,0,-6.8e-05,standard,0,rectangular,7000,500,-9999,-9999,55537,55537,55537,0,-9999,0,0,0,0,2.4477,2.4347,1.6425,0.92704,0.14603,-0.04521,0.40835,0.29671,75.3865,0.00032,2.3977,-3e-05,1,2.3839,-2.4e-05,1,0.60171,0.60051,0.10664,0,PSF-00578_20260720172422_a44,PFA-00612,PSA-00572,PSF-00578,RHS-0697,3.0.0,2026-06-15T15:17:51.144Z,DATA_DUMP_1785116825020_clean_2026-07-20.csv,20-Jul-2026,107,Pl1-R1-M2-H3-P10,20-Jul-2026 17:24:22,20-Jul-2026
52,17:24:37,20-Jul-2026,Rain_out,Climate_model,,Pl1-R1-M2-H3-P10,,,0.15259,2.917,0.14501,5.6548,2.6689,2.5177,6.2828,3.6139,25.9163,27.4725,64.6728,0.44179,7.5,PSF-00578_20260720172437_3e5,0,0,0,83.77361,158.1266,0.47021,0.5,0.8,209.5756,1,34.17,32.24,40.98,36.94,36.94,97.15,156.1,153.9,1.4,1114,3.825,-10,-9,25,,,,,,,,22:18:51,20-Jul-2026,39.2084,-96.5938,332.6,18,0.7,17:21:30,20-Jul-2026,-0.29,1,0.001,0.004,-9999,0.375,1.019,-9999,1,150,0.005,2,0.058905,0,0.02923,0,0,-6.8e-05,standard,0,rectangular,7000,500,-9999,-9999,55537,55537,55537,0,-9999,0,0,0,0,2.4488,2.4374,1.6429,0.92709,0.14611,-0.05103,0.4085,1.0377,83.7736,0.000315,2.3977,-3e-05,1,2.3839,-2.4e-05,1,0.60171,0.60051,0.10664,0,PSF-00578_20260720172437_3e5,PFA-00612,PSA-00572,PSF-00578,RHS-0697,3.0.0,2026-06-15T15:17:51.144Z,DATA_DUMP_1785116825020_clean_2026-07-20.csv,20-Jul-2026,108,Pl1-R1-M2-H3-P10,20-Jul-2026 17:24:37,20-Jul-2026
53,17:24:48,20-Jul-2026,Rain_out,Climate_model,,Pl1-R1-M2-H3-P10,,,0.10303,2.9173,0.099513,3.9159,2.7045,2.5998,6.3491,3.6446,26.7622,27.8392,65.3559,0.44179,7.5,PSF-00578_20260720172448_253,0,0,0,84.64229,180.0696,0.52995,0.5,0.8,179.9363,1,34.66,33.32,40.96,37.13,37.13,97.15,156.2,153.6,1.6,849,3.825,-11,0,25,,,,,,,,22:19:00,20-Jul-2026,39.2084,-96.5938,332.6,18,0.7,17:21:30,20-Jul-2026,-0.29,1,-0.002,-0.002,-9999,0.396,1.123,-9999,1,150,0.005,2,0.058905,0,0.02923,0,0,-6.8e-05,standard,0,rectangular,7000,500,-9999,-9999,55537,55537,55537,0,-9999,0,0,0,0,2.4502,2.438,1.6432,0.92641,0.14621,-0.048406,0.40859,0.81592,84.6423,0.000313,2.3977,-3e-05,1,2.3839,-2.4e-05,1,0.60171,0.60051,0.10664,0,PSF-00578_20260720172448_253,PFA-00612,PSA-00572,PSF-00578,RHS-0697,3.0.0,2026-06-15T15:17:51.144Z,DATA_DUMP_1785116825020_clean_2026-07-20.csv,20-Jul-2026,109,Pl1-R1-M2-H3-P10,20-Jul-2026 17:24:48,20-Jul-2026
54,17:25:00,20-Jul-2026,Rain_out,Climate_model,,Pl1-R1-M2-H3-P10,,,0.051103,2.9175,0.050224,1.9978,2.6827,2.6293,6.3669,3.6842,27.0666,27.6161,65.5421,0.44179,7.5,PSF-00578_20260720172500_d18,0,0,0,77.77727,220.5212,0.6473,0.5,0.8,248.1196,1,34.42,33.73,40.94,37.18,37.18,97.14,156.2,153.4,1.8,958,3.825,-12,15,36,,,,,,,,22:19:14,20-Jul-2026,39.2084,-96.5938,332.6,18,0.7,17:21:30,20-Jul-2026,-0.29,1,0.002,0.004,-9999,-0.188,-0.15,-9999,1,150,0.005,2,0.058905,0,0.02923,0,0,-6.8e-05,standard,0,rectangular,7000,500,-9999,-9999,55537,55537,55537,0,-9999,0,0,0,0,2.4508,2.4377,1.6434,0.92594,0.14632,-0.047508,0.40869,0.90737,77.7773,0.000322,2.3977,-3e-05,1,2.3839,-2.4e-05,1,0.60171,0.60051,0.10664,0,PSF-00578_20260720172500_d18,PFA-00612,PSA-00572,PSF-00578,RHS-0697,3.0.0,2026-06-15T15:17:51.144Z,DATA_DUMP_1785116825020_clean_2026-07-20.csv,20-Jul-2026,110,Pl1-R1-M2-H3-P10,20-Jul-2026 17:25:00,20-Jul-2026
55,17:25:10,20-Jul-2026,Rain_out,Climate_model,,Pl1-R1-M2-H3-P10,,,0.085482,2.9175,0.083048,3.3721,2.6731,2.583,6.4328,3.7597,26.5893,27.5169,66.2183,0.44179,7.5,PSF-00578_20260720172510_e39,0,0,0,84.74028,252.5446,0.66445,0.5,0.8,194.3398,1,34.33,33.17,40.92,37.37,37.37,97.15,156.2,154,1.4,731,3.825,-12,32,33,,,,,,,,22:19:25,20-Jul-2026,39.2084,-96.5938,332.5,18,0.7,17:21:30,20-Jul-2026,-0.29,1,0,-0.001,-9999,-0.418,-0.615,-9999,1,150,0.005,2,0.058905,0,0.02923,0,0,-6.8e-05,standard,0,rectangular,7000,500,-9999,-9999,55537,55537,55537,0,-9999,0,0,0,0,2.4501,2.4376,1.6435,0.92732,0.14642,-0.044904,0.40874,0.71762,84.7403,0.000323,2.3977,-3e-05,1,2.3839,-2.4e-05,1,0.60171,0.60051,0.10664,0,PSF-00578_20260720172510_e39,PFA-00612,PSA-00572,PSF-00578,RHS-0697,3.0.0,2026-06-15T15:17:51.144Z,DATA_DUMP_1785116825020_clean_2026-07-20.csv,20-Jul-2026,111,Pl1-R1-M2-H3-P10,20-Jul-2026 17:25:10,20-Jul-2026
56,17:25:33,20-Jul-2026,Rain_out,Climate_model,,Pl1-R1-M2-H3-P10,,,0.033793,2.9159,0.033406,1.5627,2.5948,2.5529,6.9168,4.3221,26.2781,26.7088,71.1971,0.44179,7.5,PSF-00578_20260720172533_6ad,0,0,0,101.5205,162.0133,0.37338,0.5,0.8,205.3742,1,33.33,32.8,40.92,38.71,38.71,97.15,156,153.8,1.4,1375,3.825,-31,-8,257,,,,,,,,22:19:48,20-Jul-2026,39.2084,-96.5938,332.5,18,0.7,17:21:30,20-Jul-2026,-0.29,1,0,-0.002,-9999,-3.505,0.871,-9999,1,150,0.005,2,0.058905,0,0.02923,0,0,-6.8e-05,standard,0,rectangular,7000,500,-9999,-9999,55537,55537,55537,0,-9999,0,0,0,0,2.4495,2.4363,1.6418,0.92678,0.14646,-0.027947,0.40888,1.2556,101.5205,0.000313,2.3977,-3e-05,1,2.3839,-2.4e-05,1,0.60171,0.60051,0.10664,0,PSF-00578_20260720172533_6ad,PFA-00612,PSA-00572,PSF-00578,RHS-0697,3.0.0,2026-06-15T15:17:51.144Z,DATA_DUMP_1785116825020_clean_2026-07-20.csv,20-Jul-2026,112,Pl1-R1-M2-H3-P10,20-Jul-2026 17:25:33,20-Jul-2026
57,17:25:44,20-Jul-2026,Rain_out,Climate_model,,Pl1-R1-M2-H3-P10,,,0.04876,2.917,0.047959,2.0967,2.5925,2.5364,6.6381,4.0456,26.1085,26.686,68.3286,0.44179,7.5,PSF-00578_20260720172544_d12,0,0,0,77.2512,261.6552,0.70476,0.5,0.8,30.736,1,33.31,32.59,40.91,37.95,37.95,97.15,156.1,149.5,4.3,109,3.824,-18,-11,232,,,,,,,,22:19:58,20-Jul-2026,39.2084,-96.5938,332.7,17,0.75,17:21:30,20-Jul-2026,-0.29,1,0.002,0.004,-9999,-0.419,-0.255,-9999,1,150,0.005,2,0.058905,0,0.02923,0,0,-6.8e-05,standard,0,rectangular,7000,500,-9999,-9999,55537,55537,55537,0,-9999,0,0,0,0,2.4493,2.4363,1.6429,0.9161,0.14649,-0.037487,0.40882,0.19775,77.2512,0.00032,2.3977,-3e-05,1,2.3839,-2.4e-05,1,0.60171,0.60051,0.10664,0,PSF-00578_20260720172544_d12,PFA-00612,PSA-00572,PSF-00578,RHS-0697,3.0.0,2026-06-15T15:17:51.144Z,DATA_DUMP_1785116825020_clean_2026-07-20.csv,20-Jul-2026,113,Pl1-R1-M2-H3-P10,20-Jul-2026 17:25:44,20-Jul-2026
58,17:25:54,20-Jul-2026,Rain_out,Climate_model,,Pl1-R1-M2-H3-P10,,,0.010407,2.9163,0.01037,0.44849,2.5279,2.5159,6.5334,4.0055,25.897,26.0207,67.2516,0.44179,7.5,PSF-00578_20260720172554_50f,0,0,0,86.9751,300.9331,0.71098,0.5,0.8,15.826,1,32.5,32.35,40.9,37.65,37.65,97.15,156,153.7,1.5,56,3.824,-16,-39,250,,,,,,,,22:20:08,20-Jul-2026,39.2084,-96.5938,332.6,16,0.73,17:21:30,20-Jul-2026,-0.29,1,-0.001,0.001,-9999,0.39,1.04,-9999,1,150,0.005,2,0.058905,0,0.02923,0,0,-6.8e-05,standard,0,rectangular,7000,500,-9999,-9999,55537,55537,55537,0,-9999,0,0,0,0,2.4489,2.4352,1.6422,0.92663,0.14655,-0.041035,0.40883,0.15314,86.9751,0.000325,2.3977,-3e-05,1,2.3839,-2.4e-05,1,0.60171,0.60051,0.10664,0,PSF-00578_20260720172554_50f,PFA-00612,PSA-00572,PSF-00578,RHS-0697,3.0.0,2026-06-15T15:17:51.144Z,DATA_DUMP_1785116825020_clean_2026-07-20.csv,20-Jul-2026,114,Pl1-R1-M2-H3-P10,20-Jul-2026 17:25:54,20-Jul-2026
59,17:26:15,20-Jul-2026,Rain_out,Climate_model,,Pl1-R1-M2-H3-P10,,,0.008072,2.9162,0.00805,0.35493,2.5343,2.5247,6.6161,4.0818,25.9879,26.0858,68.1011,0.44179,7.5,PSF-00578_20260720172615_e00,0,0,0,83.50253,271.324,0.69224,0.5,0.8,21.3216,1,32.61,32.49,40.88,37.89,37.89,97.15,156,153.7,1.5,77,3.785,-39,25,12,,,,,,,,22:20:29,20-Jul-2026,39.2084,-96.5938,332.9,17,0.71,17:21:30,20-Jul-2026,-0.29,1,0,-0.001,-9999,0.261,0.552,-9999,1,150,0.005,2,0.058905,0,0.02923,0,0,-6.8e-05,standard,0,rectangular,7000,500,-9999,-9999,55537,55537,55537,0,-9999,0,0,0,0,2.4491,2.4353,1.6421,0.92673,0.14665,-0.037889,0.40905,0.17098,83.5025,0.00033,2.3977,-3e-05,1,2.3839,-2.4e-05,1,0.60171,0.60051,0.10664,0,PSF-00578_20260720172615_e00,PFA-00612,PSA-00572,PSF-00578,RHS-0697,3.0.0,2026-06-15T15:17:51.144Z,DATA_DUMP_1785116825020_clean_2026-07-20.csv,20-Jul-2026,115,Pl1-R1-M2-H3-P10,20-Jul-2026 17:26:15,20-Jul-2026
60,17:26:30,20-Jul-2026,Rain_out,Climate_model,,Pl1-R1-M2-H3-P10,,,0.16599,2.9171,0.15706,5.8737,2.6902,2.5332,6.158,3.4677,26.076,27.6919,63.3873,0.44179,7.5,PSF-00578_20260720172630_e20,0,0,0,86.40397,197.1255,0.56168,0.5,0.8,26.7864,1,34.66,32.64,40.86,36.57,36.57,97.15,156.1,153.9,1.5,119,3.823,-16,28,90,,,,,,,,22:20:45,20-Jul-2026,39.2083,-96.5938,332.8,18,0.7,17:21:30,20-Jul-2026,-0.29,1,0.003,0.004,0.013,0.328,-0.084,1.433,1,150,0.005,2,0.058905,0,0.02923,0,0,-6.8e-05,standard,0,rectangular,7000,500,-9999,-9999,55537,55537,55537,0,-9999,0,0,0,0,2.4493,2.438,1.643,0.92702,0.14677,-0.054072,0.40905,0.20626,86.404,0.000328,2.3977,-3e-05,1,2.3839,-2.4e-05,1,0.60171,0.60051,0.10664,0,PSF-00578_20260720172630_e20,PFA-00612,PSA-00572,PSF-00578,RHS-0697,3.0.0,2026-06-15T15:17:51.144Z,DATA_DUMP_1785116825020_clean_2026-07-20.csv,20-Jul-2026,116,Pl1-R1-M2-H3-P10,20-Jul-2026 17:26:30,20-Jul-2026
61,17:26:43,20-Jul-2026,Rain_out,Climate_model,,Pl1-R1-M2-H3-P10,,,0.066178,2.916,0.06471,2.7218,2.6248,2.552,6.5187,3.8938,26.2698,27.0198,67.1021,0.44179,7.5,PSF-00578_20260720172643_b57,0,0,0,92.44645,274.6299,0.66338,0.5,0.8,175.5968,1,33.85,32.91,40.84,37.61,37.61,97.15,156,153.7,1.5,662,3.822,0,47,122,,,,,,,,22:20:57,20-Jul-2026,39.2083,-96.5938,332.9,18,0.7,17:21:30,20-Jul-2026,-0.29,1,0.001,0.001,-9999,-0.21,-0.314,-9999,1,150,0.005,2,0.058905,0,0.02923,0,0,-6.8e-05,standard,0,rectangular,7000,500,-9999,-9999,55537,55537,55537,0,-9999,0,0,0,0,2.4497,2.437,1.6419,0.92654,0.14687,-0.040814,0.40907,0.65959,92.4464,0.000324,2.3977,-3e-05,1,2.3839,-2.4e-05,1,0.60171,0.60051,0.10664,0,PSF-00578_20260720172643_b57,PFA-00612,PSA-00572,PSF-00578,RHS-0697,3.0.0,2026-06-15T15:17:51.144Z,DATA_DUMP_1785116825020_clean_2026-07-20.csv,20-Jul-2026,117,Pl1-R1-M2-H3-P10,20-Jul-2026 17:26:43,20-Jul-2026
63,17:27:24,20-Jul-2026,Rain_out,Climate_model,,Pl1-R1-M2-H3-P10,,,0.05835,2.9162,0.057205,2.6488,2.5359,2.4649,6.8173,4.2814,25.3742,26.1047,70.1786,0.44179,7.5,PSF-00578_20260720172724_411,0,0,0,75.55711,246.1735,0.69307,0.5,0.8,227.4502,1,32.74,31.83,40.82,38.44,38.44,97.14,156,153.9,1.4,820,3.821,-7,-50,297,,,,,,,,22:21:39,20-Jul-2026,39.2083,-96.5938,333.2,18,0.7,17:21:30,20-Jul-2026,-0.29,1,0.001,0.002,-9999,0.067,-0.01,-9999,1,150,0.005,2,0.058905,0,0.02923,0,0,-6.8e-05,standard,0,rectangular,7000,500,-9999,-9999,55537,55537,55537,0,-9999,0,0,0,0,2.4482,2.4355,1.642,0.92711,0.147,-0.030089,0.40909,0.79219,75.5571,0.000313,2.3977,-3e-05,1,2.3839,-2.4e-05,1,0.60171,0.60051,0.10664,0,PSF-00578_20260720172724_411,PFA-00612,PSA-00572,PSF-00578,RHS-0697,3.0.0,2026-06-15T15:17:51.144Z,DATA_DUMP_1785116825020_clean_2026-07-20.csv,20-Jul-2026,118,Pl1-R1-M2-H3-P10,20-Jul-2026 17:27:24,20-Jul-2026
64,17:27:40,20-Jul-2026,Rain_out,Climate_model,,Pl1-R1-M2-H3-P10,,,0.062184,2.9158,0.060885,2.6245,2.6234,2.5531,6.6119,3.9885,26.2812,27.0045,68.0613,0.44179,7.5,PSF-00578_20260720172740_24e,0,0,0,79.56755,246.779,0.67758,0.5,0.8,182.9969,1,33.88,32.97,40.82,37.87,37.87,97.15,156,153.9,1.3,675,3.821,-4,-45,284,,,,,,,,22:21:54,20-Jul-2026,39.2083,-96.5938,333.3,18,0.7,17:21:30,20-Jul-2026,-0.29,1,0.002,0,-9999,0.038,0.331,-9999,1,150,0.005,2,0.058905,0,0.02923,0,0,-6.8e-05,standard,0,rectangular,7000,500,-9999,-9999,55537,55537,55537,0,-9999,0,0,0,0,2.4498,2.437,1.6417,0.92716,0.14701,-0.03719,0.40902,0.67082,79.5676,0.000308,2.3977,-3e-05,1,2.3839,-2.4e-05,1,0.60171,0.60051,0.10664,0,PSF-00578_20260720172740_24e,PFA-00612,PSA-00572,PSF-00578,RHS-0697,3.0.0,2026-06-15T15:17:51.144Z,DATA_DUMP_1785116825020_clean_2026-07-20.csv,20-Jul-2026,119,Pl1-R1-M2-H3-P10,20-Jul-2026 17:27:40,20-Jul-2026
65,17:27:50,20-Jul-2026,Rain_out,Climate_model,,Pl1-R1-M2-H3-P10,,,0.038141,2.9164,0.037649,1.6319,2.6193,2.5756,6.6296,4.0103,26.5136,26.9632,68.2449,0.44179,7.5,PSF-00578_20260720172750_d54,0,0,0,77.69501,250.1625,0.68942,0.5,0.8,89.2273,1,33.84,33.28,40.81,37.92,37.92,97.14,156,153.6,1.6,324,3.816,-1,-55,271,,,,,,,,22:22:05,20-Jul-2026,39.2083,-96.5938,333.4,17,0.72,17:21:30,20-Jul-2026,-0.29,1,-0.001,0.002,-9999,0.022,0.244,-9999,1,150,0.005,2,0.058905,0,0.02923,0,0,-6.8e-05,standard,0,rectangular,7000,500,-9999,-9999,55537,55537,55537,0,-9999,0,0,0,0,2.4502,2.437,1.6422,0.92638,0.14706,-0.036464,0.40906,0.377,77.695,0.000323,2.3977,-3e-05,1,2.3839,-2.4e-05,1,0.60171,0.60051,0.10664,0,PSF-00578_20260720172750_d54,PFA-00612,PSA-00572,PSF-00578,RHS-0697,3.0.0,2026-06-15T15:17:51.144Z,DATA_DUMP_1785116825020_clean_2026-07-20.csv,20-Jul-2026,120,Pl1-R1-M2-H3-P10,20-Jul-2026 17:27:50,20-Jul-2026
66,17:28:02,20-Jul-2026,Rain_out,Climate_model,,Pl1-R1-M2-H3-P10,,,0.074157,2.9154,0.072318,3.0262,2.7102,2.6293,6.581,3.8708,27.0647,27.8981,67.7426,0.44179,7.5,PSF-00578_20260720172802_a96,0,0,0,78.17567,258.0922,0.6971,0.5,0.8,65.0796,1,35.03,33.99,40.8,37.79,37.79,97.15,155.9,153.7,1.4,233,3.816,-1,-62,267,,,,,,,,22:22:12,20-Jul-2026,39.2083,-96.5938,333.3,18,0.7,17:21:30,20-Jul-2026,-0.29,1,-0.001,0,-9999,0.377,0.159,-9999,1,150,0.005,2,0.058905,0,0.02923,0,0,-6.8e-05,standard,0,rectangular,7000,500,-9999,-9999,55537,55537,55537,0,-9999,0,0,0,0,2.4512,2.4385,1.6413,0.92654,0.14711,-0.038043,0.40902,0.30166,78.1757,0.000315,2.3977,-3e-05,1,2.3839,-2.4e-05,1,0.60171,0.60051,0.10664,0,PSF-00578_20260720172802_a96,PFA-00612,PSA-00572,PSF-00578,RHS-0697,3.0.0,2026-06-15T15:17:51.144Z,DATA_DUMP_1785116825020_clean_2026-07-20.csv,20-Jul-2026,121,Pl1-R1-M2-H3-P10,20-Jul-2026 17:28:02,20-Jul-2026
67,17:28:12,20-Jul-2026,Rain_out,Climate_model,,Pl1-R1-M2-H3-P10,,,0.038952,2.9168,0.038438,1.6885,2.5949,2.5497,6.6593,4.0644,26.2441,26.7092,68.5439,0.44179,7.5,PSF-00578_20260720172812_0df,0,0,0,74.94772,250.283,0.70055,0.5,0.8,68.5578,1,33.55,32.97,40.79,38.01,38.01,97.15,156.1,153.6,1.6,245,3.81,-4,-60,270,,,,,,,,22:22:27,20-Jul-2026,39.2083,-96.5938,333.1,17,0.7,17:21:30,20-Jul-2026,-0.29,1,0,0,-9999,-0.003,0.239,-9999,1,150,0.005,2,0.058905,0,0.02923,0,0,-6.8e-05,standard,0,rectangular,7000,500,-9999,-9999,55537,55537,55537,0,-9999,0,0,0,0,2.4498,2.4366,1.6427,0.92644,0.14714,-0.035234,0.40912,0.31107,74.9477,0.000319,2.3977,-3e-05,1,2.3839,-2.4e-05,1,0.60171,0.60051,0.10664,0,PSF-00578_20260720172812_0df,PFA-00612,PSA-00572,PSF-00578,RHS-0697,3.0.0,2026-06-15T15:17:51.144Z,DATA_DUMP_1785116825020_clean_2026-07-20.csv,20-Jul-2026,122,Pl1-R1-M2-H3-P10,20-Jul-2026 17:28:12,20-Jul-2026
68,17:28:22,20-Jul-2026,Rain_out,Climate_model,,Pl1-R1-M2-H3-P10,,,0.041903,2.9171,0.04131,1.7912,2.6012,2.5532,6.6137,4.0126,26.2816,26.7748,68.0778,0.44179,7.5,PSF-00578_20260720172822_5df,0,0,0,78.20534,254.2469,0.6924,0.5,0.8,76.8113,1,33.64,33.02,40.79,37.88,37.88,97.15,156.1,153.8,1.5,277,3.815,0,-52,264,,,,,,,,22:22:35,20-Jul-2026,39.2083,-96.5938,333.1,17,0.7,17:21:30,20-Jul-2026,-0.29,1,0,0.002,-9999,0.203,0.319,-9999,1,150,0.005,2,0.058905,0,0.02923,0,0,-6.8e-05,standard,0,rectangular,7000,500,-9999,-9999,55537,55537,55537,0,-9999,0,0,0,0,2.4499,2.4367,1.643,0.92693,0.14716,-0.036771,0.40904,0.33838,78.2053,0.000319,2.3977,-3e-05,1,2.3839,-2.4e-05,1,0.60171,0.60051,0.10664,0,PSF-00578_20260720172822_5df,PFA-00612,PSA-00572,PSF-00578,RHS-0697,3.0.0,2026-06-15T15:17:51.144Z,DATA_DUMP_1785116825020_clean_2026-07-20.csv,20-Jul-2026,123,Pl1-R1-M2-H3-P10,20-Jul-2026 17:28:22,20-Jul-2026
69,17:28:31,20-Jul-2026,Rain_out,Climate_model,,Pl1-R1-M2-H3-P10,,,0.04447,2.9163,0.043802,1.8807,2.5836,2.5333,6.5586,3.975,26.0758,26.5941,67.5095,0.44179,7.5,PSF-00578_20260720172831_6b7,0,0,0,78.89271,251.9313,0.68685,0.5,0.8,61.3769,1,33.42,32.77,40.79,37.72,37.72,97.15,156,153.9,1.4,223,3.815,-3,-37,271,,,,,,,,22:22:45,20-Jul-2026,39.2083,-96.5938,333,18,0.7,17:21:30,20-Jul-2026,-0.29,1,0,0.001,-9999,0.053,0.241,-9999,1,150,0.005,2,0.058905,0,0.02923,0,0,-6.8e-05,standard,0,rectangular,7000,500,-9999,-9999,55537,55537,55537,0,-9999,0,0,0,0,2.4495,2.4364,1.6422,0.92706,0.14718,-0.038664,0.409,0.29331,78.8927,0.000314,2.3977,-3e-05,1,2.3839,-2.4e-05,1,0.60171,0.60051,0.10664,0,PSF-00578_20260720172831_6b7,PFA-00612,PSA-00572,PSF-00578,RHS-0697,3.0.0,2026-06-15T15:17:51.144Z,DATA_DUMP_1785116825020_clean_2026-07-20.csv,20-Jul-2026,124,Pl1-R1-M2-H3-P10,20-Jul-2026 17:28:31,20-Jul-2026
70,17:28:46,20-Jul-2026,Rain_out,Climate_model,,Pl1-R1-M2-H3-P10,,,0.10726,2.9161,0.10346,4.2053,2.632,2.5195,6.3974,3.7654,25.9339,27.0925,65.8515,0.44179,7.5,PSF-00578_20260720172846_34d,0,0,0,87.18467,284.5677,0.69362,0.5,0.8,38.4766,1,34.05,32.6,40.78,37.27,37.27,97.15,156,154,1.3,139,3.819,-9,66,3,,,,,,,,22:23:00,20-Jul-2026,39.2083,-96.5938,333.1,18,0.7,17:21:30,20-Jul-2026,-0.29,1,0.003,0.005,-9999,0.102,0.46,-9999,1,150,0.005,2,0.058905,0,0.02923,0,0,-6.8e-05,standard,0,rectangular,7000,500,-9999,-9999,55537,55537,55537,0,-9999,0,0,0,0,2.4493,2.4373,1.642,0.92742,0.1472,-0.044357,0.40908,0.22252,87.1847,0.000326,2.3977,-3e-05,1,2.3839,-2.4e-05,1,0.60171,0.60051,0.10664,0,PSF-00578_20260720172846_34d,PFA-00612,PSA-00572,PSF-00578,RHS-0697,3.0.0,2026-06-15T15:17:51.144Z,DATA_DUMP_1785116825020_clean_2026-07-20.csv,20-Jul-2026,125,Pl1-R1-M2-H3-P10,20-Jul-2026 17:28:46,20-Jul-2026
71,17:28:56,20-Jul-2026,Rain_out,Climate_model,,Pl1-R1-M2-H3-P10,,,0.072654,2.9181,0.070889,2.9903,2.5454,2.4654,6.4537,3.9083,25.3775,26.2008,66.4305,0.44179,7.5,PSF-00578_20260720172856_07e,0,0,0,81.05314,242.6881,0.66602,0.5,0.8,36.5579,1,32.93,31.9,40.78,37.43,37.43,97.15,156.3,153.9,1.5,137,3.819,0,59,8,,,,,,,,22:23:07,20-Jul-2026,39.2083,-96.5938,333.1,19,0.63,17:21:30,20-Jul-2026,-0.29,1,-0.001,-0.001,-9999,-0.114,0.147,-9999,1,150,0.005,2,0.058905,0,0.02923,0,0,-6.8e-05,standard,0,rectangular,7000,500,-9999,-9999,55537,55537,55537,0,-9999,0,0,0,0,2.4483,2.4358,1.6441,0.92725,0.14721,-0.042323,0.40907,0.22131,81.0531,0.000318,2.3977,-3e-05,1,2.3839,-2.4e-05,1,0.60171,0.60051,0.10664,0,PSF-00578_20260720172856_07e,PFA-00612,PSA-00572,PSF-00578,RHS-0697,3.0.0,2026-06-15T15:17:51.144Z,DATA_DUMP_1785116825020_clean_2026-07-20.csv,20-Jul-2026,126,Pl1-R1-M2-H3-P10,20-Jul-2026 17:28:56,20-Jul-2026
72,17:29:06,20-Jul-2026,Rain_out,Climate_model,,Pl1-R1-M2-H3-P10,,,0.13168,2.9165,0.12599,5.9205,2.6485,2.4901,6.9874,4.3389,25.6319,27.2622,71.9247,0.44179,7.5,PSF-00578_20260720172906_a81,0,0,0,100.938,143.7492,0.29782,0.5,0.8,213.3772,1,34.28,32.23,40.77,38.9,38.9,97.15,156.1,154,1.3,1791,3.819,-8,-58,353,,,,,,,,22:23:20,20-Jul-2026,39.2083,-96.5938,333.3,19,0.63,17:21:30,20-Jul-2026,-0.29,1,0,0,-9999,-0.759,-1.487,-9999,1,150,0.005,2,0.058905,0,0.02923,0,0,-6.8e-05,standard,0,rectangular,7000,500,-9999,-9999,55537,55537,55537,0,-9999,0,0,0,0,2.4488,2.4376,1.6424,0.92733,0.14725,-0.023709,0.40908,1.6033,100.938,0.000305,2.3977,-3e-05,1,2.3839,-2.4e-05,1,0.60171,0.60051,0.10664,0,PSF-00578_20260720172906_a81,PFA-00612,PSA-00572,PSF-00578,RHS-0697,3.0.0,2026-06-15T15:17:51.144Z,DATA_DUMP_1785116825020_clean_2026-07-20.csv,20-Jul-2026,127,Pl1-R1-M2-H3-P10,20-Jul-2026 17:29:06,20-Jul-2026
73,17:29:21,20-Jul-2026,Rain_out,Climate_model,,Pl1-R1-M2-H3-P10,,,0.099078,2.9155,0.095822,3.9575,2.5373,2.4312,6.3656,3.8283,25.0272,26.1191,65.5275,0.44179,7.5,PSF-00578_20260720172921_3d9,0,0,0,88.16242,221.8076,0.60253,0.5,0.8,172.8123,1,32.85,31.48,40.77,37.18,37.18,97.14,155.9,153.9,1.3,717,3.818,-13,58,42,,,,,,,,22:23:35,20-Jul-2026,39.2083,-96.5938,333.4,19,0.63,17:21:30,20-Jul-2026,-0.29,1,0.002,0,-9999,0.089,0.622,-9999,1,150,0.005,2,0.058905,0,0.02923,0,0,-6.8e-05,standard,0,rectangular,7000,500,-9999,-9999,55537,55537,55537,0,-9999,0,0,0,0,2.4478,2.4357,1.6414,0.92722,0.14729,-0.045299,0.40918,0.70578,88.1624,0.000314,2.3977,-3e-05,1,2.3839,-2.4e-05,1,0.60171,0.60051,0.10664,0,PSF-00578_20260720172921_3d9,PFA-00612,PSA-00572,PSF-00578,RHS-0697,3.0.0,2026-06-15T15:17:51.144Z,DATA_DUMP_1785116825020_clean_2026-07-20.csv,20-Jul-2026,128,Pl1-R1-M2-H3-P10,20-Jul-2026 17:29:21,20-Jul-2026
74,17:29:42,20-Jul-2026,Rain_out,Climate_model,,Pl1-R1-M2-H3-P10,,,0.022096,2.9154,0.02193,0.94212,2.5457,2.5204,6.5245,3.9789,25.9428,26.2027,67.1577,0.44179,7.5,PSF-00578_20260720172942_b0e,0,0,0,82.63171,284.5094,0.70956,0.5,0.8,10.29,1,32.99,32.67,40.75,37.63,37.63,97.15,155.9,153.6,1.5,36,3.783,-23,-24,351,,,,,,,,22:23:57,20-Jul-2026,39.2083,-96.5938,333.3,18,0.64,17:21:30,20-Jul-2026,-0.29,1,-0.001,-0.004,-9999,0.417,1.65,-9999,1,150,0.005,2,0.058905,0,0.02923,0,0,-6.8e-05,standard,0,rectangular,7000,500,-9999,-9999,55537,55537,55537,0,-9999,0,0,0,0,2.4494,2.4358,1.6413,0.92636,0.14739,-0.039398,0.40931,0.13694,82.6317,0.000328,2.3977,-3e-05,1,2.3839,-2.4e-05,1,0.60171,0.60051,0.10664,0,PSF-00578_20260720172942_b0e,PFA-00612,PSA-00572,PSF-00578,RHS-0697,3.0.0,2026-06-15T15:17:51.144Z,DATA_DUMP_1785116825020_clean_2026-07-20.csv,20-Jul-2026,129,Pl1-R1-M2-H3-P10,20-Jul-2026 17:29:42,20-Jul-2026
75,17:29:53,20-Jul-2026,Rain_out,Climate_model,,Pl1-R1-M2-H3-P10,,,0.025857,2.9161,0.025629,1.0669,2.612,2.5834,6.4672,3.8552,26.592,26.886,66.5696,0.44179,7.5,PSF-00578_20260720172953_7a5,0,0,0,84.8676,281.952,0.699,0.5,0.8,29.4271,1,33.87,33.5,40.74,37.47,37.47,97.15,156,153.8,1.4,105,3.818,-20,-29,346,,,,,,,,22:24:07,20-Jul-2026,39.2083,-96.5938,333.5,19,0.63,17:21:30,20-Jul-2026,-0.29,1,0,0.003,-9999,0.255,0.502,-9999,1,150,0.005,2,0.058905,0,0.02923,0,0,-6.8e-05,standard,0,rectangular,7000,500,-9999,-9999,55537,55537,55537,0,-9999,0,0,0,0,2.4505,2.437,1.642,0.92676,0.14744,-0.041306,0.40932,0.19459,84.8676,0.000321,2.3977,-3e-05,1,2.3839,-2.4e-05,1,0.60171,0.60051,0.10664,0,PSF-00578_20260720172953_7a5,PFA-00612,PSA-00572,PSF-00578,RHS-0697,3.0.0,2026-06-15T15:17:51.144Z,DATA_DUMP_1785116825020_clean_2026-07-20.csv,20-Jul-2026,130,Pl1-R1-M2-H3-P10,20-Jul-2026 17:29:53,20-Jul-2026
1,21:23:09,20-Jul-2026,Rain_out,Climate_model,,Pl1-R1-M2-H3-P10,,,0.008736,2.9148,0.00871,0.16029,2.1349,2.1306,3.8655,1.7306,21.9554,21.9998,39.8339,0.44179,7.5,PSF-00578_20260720212309_747,0,0,0,116.2323,402.4247,0.71117,0.5,0.8,0.019645,1,59.69,59.56,26.99,28.32,28.32,97.04,155.8,155.5,0.2,0,3.79,-22,-30,344,,,,,,,,00:00:00,0000-00-00,NaN,NaN,NaN,0,NaN,21:22:52,20-Jul-2026,-1.18,1,0,-0.001,-0.01,-0.246,0.054,4.729,1,150,0.005,2,0.058905,0,0.02923,0,0,-6.8e-05,standard,0,rectangular,7000,500,-9999,-9999,55537,55537,55537,0,-9999,0,0,0,0,2.4869,2.4736,1.6406,0.93122,0.25196,0.015451,0.15412,0.1067,116.2323,0.00029,2.3977,-3e-05,1,2.3839,-2.4e-05,1,0.60171,0.60051,0.10664,0,PSF-00578_20260720212309_747,PFA-00612,PSA-00572,PSF-00578,RHS-0697,3.0.0,2026-06-15T15:17:51.144Z,DATA_DUMP_1785116825020_clean_2026-07-20.csv,20-Jul-2026,188,Pl1-R1-M2-H3-P10,20-Jul-2026 21:23:09,20-Jul-2026
2,21:23:30,20-Jul-2026,Rain_out,Climate_model,,Pl1-R1-M2-H3-P10,,,-0.02832,2.9165,-0.028598,-0.47884,2.1937,2.2065,3.7686,1.5749,22.7378,22.6053,38.8348,0.44179,7.5,PSF-00578_20260720212330_f35,0,0,0,111.6807,378.5555,0.70498,0.5,0.8,0.017785,1,60.92,61.28,27.1,27.88,27.88,97.04,156.1,155.4,0.4,0,3.791,-14,-28,345,,,,,,,,00:00:00,0000-00-00,NaN,NaN,NaN,0,NaN,21:22:52,20-Jul-2026,-1.18,1,-0.002,-0.002,-9999,1.417,5.35,-9999,1,150,0.005,2,0.058905,0,0.02923,0,0,-6.8e-05,standard,0,rectangular,7000,500,-9999,-9999,55537,55537,55537,0,-9999,0,0,0,0,2.4891,2.4751,1.6424,0.93083,0.25082,0.009181,0.15813,0.10669,111.6807,0.000303,2.3977,-3e-05,1,2.3839,-2.4e-05,1,0.60171,0.60051,0.10664,0,PSF-00578_20260720212330_f35,PFA-00612,PSA-00572,PSF-00578,RHS-0697,3.0.0,2026-06-15T15:17:51.144Z,DATA_DUMP_1785116825020_clean_2026-07-20.csv,20-Jul-2026,189,Pl1-R1-M2-H3-P10,20-Jul-2026 21:23:30,20-Jul-2026
3,21:23:44,20-Jul-2026,Rain_out,Climate_model,,Pl1-R1-M2-H3-P10,,,-0.016203,2.9161,-0.016293,-0.29573,2.2306,2.2385,3.9359,1.7054,23.0677,22.9859,40.5598,0.44179,7.5,PSF-00578_20260720212344_0fb,0,0,0,92.93318,338.6765,0.7256,0.5,0.8,0.016814,1,61.68,61.9,27.18,28.63,28.63,97.04,156,155.5,0.3,0,3.791,-18,-33,348,,,,,,,,00:00:00,0000-00-00,NaN,NaN,NaN,0,NaN,21:22:52,20-Jul-2026,-1.18,1,0.001,-0.002,-0.014,1.224,2.812,6.336,1,150,0.005,2,0.058905,0,0.02923,0,0,-6.8e-05,standard,0,rectangular,7000,500,-9999,-9999,55537,55537,55537,0,-9999,0,0,0,0,2.4898,2.476,1.6419,0.93105,0.2501,0.01689,0.16046,0.10669,92.9332,0.000286,2.3977,-3e-05,1,2.3839,-2.4e-05,1,0.60171,0.60051,0.10664,0,PSF-00578_20260720212344_0fb,PFA-00612,PSA-00572,PSF-00578,RHS-0697,3.0.0,2026-06-15T15:17:51.144Z,DATA_DUMP_1785116825020_clean_2026-07-20.csv,20-Jul-2026,190,Pl1-R1-M2-H3-P10,20-Jul-2026 21:23:44,20-Jul-2026
4,21:23:55,20-Jul-2026,Rain_out,Climate_model,,Pl1-R1-M2-H3-P10,,,-0.020273,2.9163,-0.020415,-0.37622,2.2805,2.2905,4.0109,1.7305,23.6031,23.499,41.3306,0.44179,7.5,PSF-00578_20260720212355_568,0,0,0,100.0707,368.6403,0.72854,0.5,0.8,0.013016,1,62.8,63.08,27.25,28.95,28.95,97.04,156,155.4,0.4,0,3.789,-29,-32,350,,,,,,,,00:00:00,0000-00-00,NaN,NaN,NaN,0,NaN,21:22:52,20-Jul-2026,-1.18,1,0.002,0.002,-9999,2.162,4.811,-9999,1,150,0.005,2,0.058905,0,0.02923,0,0,-6.8e-05,standard,0,rectangular,7000,500,-9999,-9999,55537,55537,55537,0,-9999,0,0,0,0,2.4913,2.4774,1.6422,0.93098,0.24941,0.019845,0.16243,0.10668,100.0707,0.000296,2.3977,-3e-05,1,2.3839,-2.4e-05,1,0.60171,0.60051,0.10664,0,PSF-00578_20260720212355_568,PFA-00612,PSA-00572,PSF-00578,RHS-0697,3.0.0,2026-06-15T15:17:51.144Z,DATA_DUMP_1785116825020_clean_2026-07-20.csv,20-Jul-2026,191,Pl1-R1-M2-H3-P10,20-Jul-2026 21:23:55,20-Jul-2026
5,21:24:22,20-Jul-2026,Rain_out,Climate_model,,Pl1-R1-M2-H3-P10,,,-0.016134,2.9137,-0.016223,-0.29909,2.294,2.302,4.0248,1.7309,23.7208,23.638,41.4735,0.44179,7.5,PSF-00578_20260720212422_8ae,0,0,0,96.86065,338.6804,0.71401,0.5,0.8,0.019112,1,62.55,62.77,27.41,29.01,29.01,97.05,155.7,155.4,0.2,0,3.787,24,56,202,,,,,,,,00:00:00,0000-00-00,NaN,NaN,NaN,0,NaN,21:22:52,20-Jul-2026,-1.18,1,-0.002,-0.004,-0.017,0.626,2.336,8.493,1,150,0.005,2,0.058905,0,0.02923,0,0,-6.8e-05,standard,0,rectangular,7000,500,-9999,-9999,55537,55537,55537,0,-9999,0,0,0,0,2.4909,2.4771,1.6395,0.93079,0.24774,0.018606,0.1668,0.1067,96.8606,0.000291,2.3977,-3e-05,1,2.3839,-2.4e-05,1,0.60171,0.60051,0.10664,0,PSF-00578_20260720212422_8ae,PFA-00612,PSA-00572,PSF-00578,RHS-0697,3.0.0,2026-06-15T15:17:51.144Z,DATA_DUMP_1785116825020_clean_2026-07-20.csv,20-Jul-2026,192,Pl1-R1-M2-H3-P10,20-Jul-2026 21:24:22,20-Jul-2026
6,21:24:35,20-Jul-2026,Rain_out,Climate_model,,Pl1-R1-M2-H3-P10,,,-0.029855,2.9163,-0.030164,-0.52135,2.3372,2.3512,3.9603,1.6231,24.2255,24.0815,40.8048,0.44179,7.5,PSF-00578_20260720212435_822,0,0,0,87.70752,313.1751,0.71994,0.5,0.8,0.021983,1,63.41,63.79,27.5,28.73,28.73,97.05,156,155.3,0.5,0,3.787,24,48,153,,,,,,,,00:00:00,0000-00-00,NaN,NaN,NaN,0,NaN,21:22:52,20-Jul-2026,-1.18,1,-0.001,-0.002,-0.01,0.83,1.837,4.427,1,150,0.005,2,0.058905,0,0.02923,0,0,-6.8e-05,standard,0,rectangular,7000,500,-9999,-9999,55537,55537,55537,0,-9999,0,0,0,0,2.4922,2.4781,1.6422,0.93057,0.24688,0.014401,0.16877,0.10671,87.7075,0.00029,2.3977,-3e-05,1,2.3839,-2.4e-05,1,0.60171,0.60051,0.10664,0,PSF-00578_20260720212435_822,PFA-00612,PSA-00572,PSF-00578,RHS-0697,3.0.0,2026-06-15T15:17:51.144Z,DATA_DUMP_1785116825020_clean_2026-07-20.csv,20-Jul-2026,193,Pl1-R1-M2-H3-P10,20-Jul-2026 21:24:35,20-Jul-2026
7,21:24:45,20-Jul-2026,Rain_out,Climate_model,,Pl1-R1-M2-H3-P10,,,-0.00317,2.9149,-0.003173,-0.05563,2.356,2.3575,4.0017,1.6456,24.2911,24.2758,41.2321,0.44179,7.5,PSF-00578_20260720212445_1e6,0,0,0,90.17229,309.1135,0.70829,0.5,0.8,0.020899,1,63.66,63.7,27.57,28.91,28.91,97.05,155.9,155.3,0.4,0,3.782,24,51,153,,,,,,,,00:00:00,0000-00-00,NaN,NaN,NaN,0,NaN,21:22:52,20-Jul-2026,-1.18,1,-0.004,-0.003,-9999,1.525,3.056,-9999,1,150,0.005,2,0.058905,0,0.02923,0,0,-6.8e-05,standard,0,rectangular,7000,500,-9999,-9999,55537,55537,55537,0,-9999,0,0,0,0,2.4921,2.4784,1.6408,0.93058,0.24622,0.015687,0.1703,0.1067,90.1723,0.000294,2.3977,-3e-05,1,2.3839,-2.4e-05,1,0.60171,0.60051,0.10664,0,PSF-00578_20260720212445_1e6,PFA-00612,PSA-00572,PSF-00578,RHS-0697,3.0.0,2026-06-15T15:17:51.144Z,DATA_DUMP_1785116825020_clean_2026-07-20.csv,20-Jul-2026,194,Pl1-R1-M2-H3-P10,20-Jul-2026 21:24:45,20-Jul-2026
8,21:24:59,20-Jul-2026,Rain_out,Climate_model,,Pl1-R1-M2-H3-P10,,,-0.024347,2.9162,-0.024552,-0.44122,2.3211,2.3329,4.0082,1.6871,24.0397,23.9177,41.3027,0.44179,7.5,PSF-00578_20260720212459_884,0,0,0,100.3743,340.5769,0.70528,0.5,0.8,0.01103,1,62.38,62.7,27.66,28.94,28.94,97.05,156,155.2,0.5,0,3.787,6,-54,161,,,,,,,,00:00:00,0000-00-00,NaN,NaN,NaN,0,NaN,21:22:52,20-Jul-2026,-1.18,1,0,0,-0.009,0.995,2.346,7.442,1,150,0.005,2,0.058905,0,0.02923,0,0,-6.8e-05,standard,0,rectangular,7000,500,-9999,-9999,55537,55537,55537,0,-9999,0,0,0,0,2.4908,2.4768,1.642,0.93035,0.24531,0.014953,0.17237,0.10668,100.3743,0.000305,2.3977,-3e-05,1,2.3839,-2.4e-05,1,0.60171,0.60051,0.10664,0,PSF-00578_20260720212459_884,PFA-00612,PSA-00572,PSF-00578,RHS-0697,3.0.0,2026-06-15T15:17:51.144Z,DATA_DUMP_1785116825020_clean_2026-07-20.csv,20-Jul-2026,195,Pl1-R1-M2-H3-P10,20-Jul-2026 21:24:59,20-Jul-2026
9,21:25:10,20-Jul-2026,Rain_out,Climate_model,,Pl1-R1-M2-H3-P10,,,-0.001797,2.9163,-0.001798,-0.031662,2.336,2.3369,3.9897,1.6537,24.0792,24.0705,41.11,0.44179,7.5,PSF-00578_20260720212510_15e,0,0,0,81.23088,326.5625,0.75126,0.5,0.8,0.012778,1,62.51,62.53,27.74,28.86,28.86,97.05,156,155.3,0.5,0,3.786,-1,-55,154,,,,,,,,00:00:00,0000-00-00,NaN,NaN,NaN,0,NaN,21:22:52,20-Jul-2026,-1.18,1,0,-0.002,-9999,1.318,2.803,-9999,1,150,0.005,2,0.058905,0,0.02923,0,0,-6.8e-05,standard,0,rectangular,7000,500,-9999,-9999,55537,55537,55537,0,-9999,0,0,0,0,2.4905,2.477,1.6422,0.93059,0.24459,0.013182,0.17393,0.10668,81.2309,0.0003,2.3977,-3e-05,1,2.3839,-2.4e-05,1,0.60171,0.60051,0.10664,0,PSF-00578_20260720212510_15e,PFA-00612,PSA-00572,PSF-00578,RHS-0697,3.0.0,2026-06-15T15:17:51.144Z,DATA_DUMP_1785116825020_clean_2026-07-20.csv,20-Jul-2026,196,Pl1-R1-M2-H3-P10,20-Jul-2026 21:25:10,20-Jul-2026
10,21:25:20,20-Jul-2026,Rain_out,Climate_model,,Pl1-R1-M2-H3-P10,,,-0.001979,2.9154,-0.00198,-0.034242,2.3448,2.3457,3.9683,1.6235,24.1699,24.1604,40.8894,0.44179,7.5,PSF-00578_20260720212520_1b6,0,0,0,82.322,340.0987,0.75795,0.5,0.8,0.009648,1,62.48,62.51,27.81,28.77,28.77,97.05,155.9,155.3,0.4,0,3.784,-1,-58,179,,,,,,,,00:00:00,0000-00-00,NaN,NaN,NaN,0,NaN,21:22:52,20-Jul-2026,-1.18,1,0.002,-0.003,-9999,1.541,3.009,-9999,1,150,0.005,2,0.058905,0,0.02923,0,0,-6.8e-05,standard,0,rectangular,7000,500,-9999,-9999,55537,55537,55537,0,-9999,0,0,0,0,2.4905,2.4769,1.6412,0.93061,0.24391,0.011309,0.1754,0.10667,82.322,0.000299,2.3977,-3e-05,1,2.3839,-2.4e-05,1,0.60171,0.60051,0.10664,0,PSF-00578_20260720212520_1b6,PFA-00612,PSA-00572,PSF-00578,RHS-0697,3.0.0,2026-06-15T15:17:51.144Z,DATA_DUMP_1785116825020_clean_2026-07-20.csv,20-Jul-2026,197,Pl1-R1-M2-H3-P10,20-Jul-2026 21:25:20,20-Jul-2026
11,21:25:44,20-Jul-2026,Rain_out,Climate_model,,Pl1-R1-M2-H3-P10,,,-0.031223,2.9143,-0.031561,-0.58222,2.3524,2.368,4.0834,1.7311,24.3985,24.2374,42.073,0.44179,7.5,PSF-00578_20260720212544_9a4,0,0,0,85.39259,316.4728,0.73017,0.5,0.8,0.012545,1,62.07,62.48,27.98,29.26,29.26,97.06,155.8,155.4,0.2,0,3.784,0,9,35,,,,,,,,00:00:00,0000-00-00,NaN,NaN,NaN,0,NaN,21:22:52,20-Jul-2026,-1.18,1,0.002,0,-0.011,0.814,1.76,3.125,1,150,0.005,2,0.058905,0,0.02923,0,0,-6.8e-05,standard,0,rectangular,7000,500,-9999,-9999,55537,55537,55537,0,-9999,0,0,0,0,2.4904,2.4764,1.6402,0.93099,0.24228,0.015073,0.17886,0.10668,85.3926,0.000295,2.3977,-3e-05,1,2.3839,-2.4e-05,1,0.60171,0.60051,0.10664,0,PSF-00578_20260720212544_9a4,PFA-00612,PSA-00572,PSF-00578,RHS-0697,3.0.0,2026-06-15T15:17:51.144Z,DATA_DUMP_1785116825020_clean_2026-07-20.csv,20-Jul-2026,198,Pl1-R1-M2-H3-P10,20-Jul-2026 21:25:44,20-Jul-2026
12,21:25:56,20-Jul-2026,Rain_out,Climate_model,,Pl1-R1-M2-H3-P10,,,-0.041705,2.9177,-0.04231,-0.76698,2.3819,2.4024,4.0828,1.7009,24.7519,24.5403,42.0642,0.44179,7.5,PSF-00578_20260720212556_6b4,0,0,0,81.22086,313.8385,0.7412,0.5,0.8,0.012607,1,62.52,63.06,28.07,29.26,29.26,97.06,156.2,155.3,0.6,0,3.783,5,15,42,,,,,,,,00:00:00,0000-00-00,NaN,NaN,NaN,0,NaN,21:22:52,20-Jul-2026,-1.18,1,-0.004,-0.002,-0.012,0.542,1.246,2.53,1,150,0.005,2,0.058905,0,0.02923,0,0,-6.8e-05,standard,0,rectangular,7000,500,-9999,-9999,55537,55537,55537,0,-9999,0,0,0,0,2.4912,2.4769,1.6437,0.93061,0.24142,0.014015,0.18053,0.10668,81.2209,0.000301,2.3977,-3e-05,1,2.3839,-2.4e-05,1,0.60171,0.60051,0.10664,0,PSF-00578_20260720212556_6b4,PFA-00612,PSA-00572,PSF-00578,RHS-0697,3.0.0,2026-06-15T15:17:51.144Z,DATA_DUMP_1785116825020_clean_2026-07-20.csv,20-Jul-2026,199,Pl1-R1-M2-H3-P10,20-Jul-2026 21:25:56,20-Jul-2026
13,21:26:09,20-Jul-2026,Rain_out,Climate_model,,Pl1-R1-M2-H3-P10,,,-0.036338,2.9161,-0.036796,-0.65711,2.4229,2.4405,4.0981,1.6752,25.1417,24.9602,42.2185,0.44179,7.5,PSF-00578_20260720212609_49d,0,0,0,86.9937,337.4459,0.7422,0.5,0.8,0.010464,1,63.25,63.71,28.16,29.33,29.33,97.07,156,155.2,0.5,0,3.778,8,32,52,,,,,,,,00:00:00,0000-00-00,39.2086,-96.5939,292.6,5,1.26,21:22:52,20-Jul-2026,-1.18,1,-0.002,-0.004,-9999,1.247,2.687,-9999,1,150,0.005,2,0.058905,0,0.02923,0,0,-6.8e-05,standard,0,rectangular,7000,500,-9999,-9999,55537,55537,55537,0,-9999,0,0,0,0,2.492,2.4778,1.642,0.93046,0.24052,0.013684,0.18224,0.10667,86.9937,0.000293,2.3977,-3e-05,1,2.3839,-2.4e-05,1,0.60171,0.60051,0.10664,0,PSF-00578_20260720212609_49d,PFA-00612,PSA-00572,PSF-00578,RHS-0697,3.0.0,2026-06-15T15:17:51.144Z,DATA_DUMP_1785116825020_clean_2026-07-20.csv,20-Jul-2026,200,Pl1-R1-M2-H3-P10,20-Jul-2026 21:26:09,20-Jul-2026
14,21:26:22,20-Jul-2026,Rain_out,Climate_model,,Pl1-R1-M2-H3-P10,,,-0.036015,2.9168,-0.036465,-0.63804,2.4054,2.4225,4.0473,1.6418,24.959,24.7829,41.6984,0.44179,7.5,PSF-00578_20260720212622_6be,0,0,0,85.02746,328.7419,0.74135,0.5,0.8,0.011214,1,62.46,62.9,28.25,29.11,29.11,97.06,156.1,155.2,0.6,0,3.781,0,31,51,,,,,,,,02:20:36,21-Jul-2026,39.2086,-96.5939,283.2,5,1.26,21:22:52,20-Jul-2026,-1.18,1,0.001,-0.003,-9999,0.935,1.947,-9999,1,150,0.005,2,0.058905,0,0.02923,0,0,-6.8e-05,standard,0,rectangular,7000,500,-9999,-9999,55537,55537,55537,0,-9999,0,0,0,0,2.4909,2.4768,1.6427,0.93038,0.23965,0.010139,0.18397,0.10667,85.0275,0.000299,2.3977,-3e-05,1,2.3839,-2.4e-05,1,0.60171,0.60051,0.10664,0,PSF-00578_20260720212622_6be,PFA-00612,PSA-00572,PSF-00578,RHS-0697,3.0.0,2026-06-15T15:17:51.144Z,DATA_DUMP_1785116825020_clean_2026-07-20.csv,20-Jul-2026,201,Pl1-R1-M2-H3-P10,20-Jul-2026 21:26:22,20-Jul-2026
15,21:26:41,20-Jul-2026,Rain_out,Climate_model,,Pl1-R1-M2-H3-P10,,,-0.042428,2.9144,-0.043054,-0.7206,2.4874,2.5067,4.0571,1.5697,25.8262,25.6271,41.7998,0.44179,7.5,PSF-00578_20260720212641_4ee,0,0,0,93.37556,328.9189,0.71611,0.5,0.8,0.008135,1,64.09,64.59,28.39,29.15,29.15,97.06,155.8,155.2,0.4,0,3.775,-1,37,114,,,,,,,,02:20:53,21-Jul-2026,39.2085,-96.5938,310.4,6,1.13,21:22:52,20-Jul-2026,-1.18,1,0.004,0,-0.009,0.629,1.655,4.614,1,150,0.005,2,0.058905,0,0.02923,0,0,-6.8e-05,standard,0,rectangular,7000,500,-9999,-9999,55537,55537,55537,0,-9999,0,0,0,0,2.493,2.4788,1.6403,0.93046,0.23839,0.009094,0.1865,0.10667,93.3756,0.000297,2.3977,-3e-05,1,2.3839,-2.4e-05,1,0.60171,0.60051,0.10664,0,PSF-00578_20260720212641_4ee,PFA-00612,PSA-00572,PSF-00578,RHS-0697,3.0.0,2026-06-15T15:17:51.144Z,DATA_DUMP_1785116825020_clean_2026-07-20.csv,20-Jul-2026,202,Pl1-R1-M2-H3-P10,20-Jul-2026 21:26:41,20-Jul-2026
1,10:43:49,21-Jul-2026,Rain_out,Climate_model,,Pl15-R2-M2-H1-P05,,,0.11443,2.9168,0.11011,3.8412,2.165,2.0611,5.4404,3.2755,21.0975,22.1606,55.688,0.44179,7.5,PSF-00578_20260721104349_05c,0,0,0,156.9654,213.2674,0.264,0.5,0.8,122.5546,1,37.46,35.66,35.42,34.32,34.32,97.69,156.1,154.8,0.8,1161,3.594,-18,18,44,,,,,,,,00:00:00,0000-00-00,NaN,NaN,NaN,0,NaN,10:43:41,21-Jul-2026,-0.31,1,0.004,0.003,-9999,-2.73,29.701,-9999,1,150,0.005,2,0.058905,0,0.02923,0,0,-6.8e-05,standard,0,rectangular,7000,500,-9999,-9999,55537,55537,55537,0,-9999,0,0,0,0,2.4542,2.4425,1.6427,0.92947,0.18094,-0.013051,0.13169,1.0764,156.9654,0.000305,2.3977,-3e-05,1,2.3839,-2.4e-05,1,0.60171,0.60051,0.10664,0,PSF-00578_20260721104349_05c,PFA-00612,PSA-00572,PSF-00578,RHS-0697,3.0.0,2026-06-15T15:17:51.144Z,DATA_DUMP_1785116825020_clean_2026-07-21.csv,21-Jul-2026,57,Pl15-R2-M2-H1-P05,21-Jul-2026 10:43:49,21-Jul-2026
2,10:44:08,21-Jul-2026,Rain_out,Climate_model,,Pl15-R2-M2-H1-P05,,,0.020435,2.916,0.020293,0.64669,2.1532,2.1357,5.1504,2.9972,21.8592,22.0383,52.7153,0.44179,7.5,PSF-00578_20260721104408_345,0,0,0,110.2012,293.5145,0.62455,0.5,0.8,60.4227,1,37.18,36.87,35.45,33.34,33.34,97.7,156,154.6,0.9,242,3.59,-19,15,47,,,,,,,,00:00:00,0000-00-00,NaN,NaN,NaN,0,NaN,10:43:41,21-Jul-2026,-0.31,1,0.001,0.002,-9999,-36.719,-45.834,-9999,1,150,0.005,2,0.058905,0,0.02923,0,0,-6.8e-05,standard,0,rectangular,7000,500,-9999,-9999,55537,55537,55537,0,-9999,0,0,0,0,2.4559,2.4422,1.6419,0.92884,0.18068,-0.025311,0.13485,0.30874,110.2012,0.000315,2.3977,-3e-05,1,2.3839,-2.4e-05,1,0.60171,0.60051,0.10664,0,PSF-00578_20260721104408_345,PFA-00612,PSA-00572,PSF-00578,RHS-0697,3.0.0,2026-06-15T15:17:51.144Z,DATA_DUMP_1785116825020_clean_2026-07-21.csv,21-Jul-2026,58,Pl15-R2-M2-H1-P05,21-Jul-2026 10:44:08,21-Jul-2026
3,10:44:19,21-Jul-2026,Rain_out,Climate_model,,Pl15-R2-M2-H1-P05,,,0.088526,2.9158,0.085917,3.0405,2.2138,2.1315,5.5342,3.3205,21.8167,22.6584,56.6444,0.44179,7.5,PSF-00578_20260721104419_8f7,0,0,0,115.9995,191.3931,0.39392,0.5,0.8,155.4823,1,38.19,36.77,35.47,34.63,34.63,97.7,156,154.5,0.9,987,3.629,-16,24,46,,,,,,,,15:38:31,21-Jul-2026,39.2084,-96.5939,335.2,6,1.7,10:43:41,21-Jul-2026,-0.31,1,0,0.001,-9999,1.745,6.387,-9999,1,150,0.005,2,0.058905,0,0.02923,0,0,-6.8e-05,standard,0,rectangular,7000,500,-9999,-9999,55537,55537,55537,0,-9999,0,0,0,0,2.4557,2.4435,1.6417,0.92868,0.18057,-0.009977,0.13661,0.93116,115.9995,0.000303,2.3977,-3e-05,1,2.3839,-2.4e-05,1,0.60171,0.60051,0.10664,0,PSF-00578_20260721104419_8f7,PFA-00612,PSA-00572,PSF-00578,RHS-0697,3.0.0,2026-06-15T15:17:51.144Z,DATA_DUMP_1785116825020_clean_2026-07-21.csv,21-Jul-2026,59,Pl15-R2-M2-H1-P05,21-Jul-2026 10:44:19,21-Jul-2026
4,10:44:30,21-Jul-2026,Rain_out,Climate_model,,Pl15-R2-M2-H1-P05,,,0.10178,2.9157,0.098349,3.2988,2.274,2.1848,5.422,3.1481,22.3622,23.2749,55.4961,0.44179,7.5,PSF-00578_20260721104430_ccd,0,0,0,107.2751,176.4722,0.39211,0.5,0.8,35.3988,1,39.19,37.65,35.49,34.26,34.26,97.7,156,154.4,1,226,3.629,-16,26,46,,,,,,,,15:38:43,21-Jul-2026,39.2084,-96.5939,342.1,8,1.1,10:43:41,21-Jul-2026,-0.31,1,0.001,-0.001,-9999,1.372,28.868,-9999,1,150,0.005,2,0.058905,0,0.02923,0,0,-6.8e-05,standard,0,rectangular,7000,500,-9999,-9999,55537,55537,55537,0,-9999,0,0,0,0,2.4569,2.4448,1.6416,0.9285,0.18044,-0.014665,0.13837,0.29523,107.2751,0.000317,2.3977,-3e-05,1,2.3839,-2.4e-05,1,0.60171,0.60051,0.10664,0,PSF-00578_20260721104430_ccd,PFA-00612,PSA-00572,PSF-00578,RHS-0697,3.0.0,2026-06-15T15:17:51.144Z,DATA_DUMP_1785116825020_clean_2026-07-21.csv,21-Jul-2026,60,Pl15-R2-M2-H1-P05,21-Jul-2026 10:44:30,21-Jul-2026
5,10:44:43,21-Jul-2026,Rain_out,Climate_model,,Pl15-R2-M2-H1-P05,,,0.070501,2.9156,0.068836,2.6113,2.2638,2.1932,5.8171,3.5533,22.446,23.1686,59.5346,0.44179,7.5,PSF-00578_20260721104443_c90,0,0,0,113.0819,178.0286,0.36481,0.5,0.8,33.3538,1,38.98,37.76,35.5,35.53,35.53,97.71,156,154.4,1,229,3.629,-15,27,48,,,,,,,,15:38:54,21-Jul-2026,39.2084,-96.5939,339.3,8,1.1,10:43:41,21-Jul-2026,-0.31,1,0.002,0.005,-9999,-4.236,-7.5,-9999,1,150,0.005,2,0.058905,0,0.02923,0,0,-6.8e-05,standard,0,rectangular,7000,500,-9999,-9999,55537,55537,55537,0,-9999,0,0,0,0,2.457,2.4445,1.6415,0.92843,0.18033,0.000572,0.14027,0.29763,113.0819,0.000315,2.3977,-3e-05,1,2.3839,-2.4e-05,1,0.60171,0.60051,0.10664,0,PSF-00578_20260721104443_c90,PFA-00612,PSA-00572,PSF-00578,RHS-0697,3.0.0,2026-06-15T15:17:51.144Z,DATA_DUMP_1785116825020_clean_2026-07-21.csv,21-Jul-2026,61,Pl15-R2-M2-H1-P05,21-Jul-2026 10:44:43,21-Jul-2026
6,10:44:55,21-Jul-2026,Rain_out,Climate_model,,Pl15-R2-M2-H1-P05,,,0.014421,2.916,0.01435,0.44417,2.2164,2.2044,5.1272,2.9108,22.5609,22.6838,52.4743,0.44179,7.5,PSF-00578_20260721104455_381,0,0,0,92.54015,285.9578,0.67639,0.5,0.8,56.4579,1,38.13,37.92,35.52,33.26,33.26,97.71,156,154.4,1,209,3.628,-14,28,49,,,,,,,,15:39:07,21-Jul-2026,39.2084,-96.5939,337.5,9,1.01,10:43:41,21-Jul-2026,-0.31,1,0.001,0.001,-9999,-0.019,0.634,-9999,1,150,0.005,2,0.058905,0,0.02923,0,0,-6.8e-05,standard,0,rectangular,7000,500,-9999,-9999,55537,55537,55537,0,-9999,0,0,0,0,2.4573,2.4434,1.6418,0.92833,0.18022,-0.027061,0.14194,0.28101,92.5401,0.000309,2.3977,-3e-05,1,2.3839,-2.4e-05,1,0.60171,0.60051,0.10664,0,PSF-00578_20260721104455_381,PFA-00612,PSA-00572,PSF-00578,RHS-0697,3.0.0,2026-06-15T15:17:51.144Z,DATA_DUMP_1785116825020_clean_2026-07-21.csv,21-Jul-2026,62,Pl15-R2-M2-H1-P05,21-Jul-2026 10:44:55,21-Jul-2026
7,10:45:18,21-Jul-2026,Rain_out,Climate_model,,Pl15-R2-M2-H1-P05,,,0.15642,2.9166,0.14846,5.2622,2.2244,2.0822,5.5494,3.3251,21.3126,22.7682,56.8031,0.44179,7.5,PSF-00578_20260721104518_7a1,0,0,0,97.39494,159.1684,0.3881,0.5,0.8,291.2181,1,38.21,35.76,35.55,34.68,34.68,97.7,156.1,154.7,0.9,1876,3.626,16,-48,260,,,,,,,,15:39:31,21-Jul-2026,39.2084,-96.5938,335,9,1.01,10:43:41,21-Jul-2026,-0.31,1,0.001,0,0.021,-1.264,-2.338,-2.859,1,150,0.005,2,0.058905,0,0.02923,0,0,-6.8e-05,standard,0,rectangular,7000,500,-9999,-9999,55537,55537,55537,0,-9999,0,0,0,0,2.4543,2.4435,1.6425,0.92906,0.18002,-0.010342,0.14512,1.6741,97.3949,0.000298,2.3977,-3e-05,1,2.3839,-2.4e-05,1,0.60171,0.60051,0.10664,0,PSF-00578_20260721104518_7a1,PFA-00612,PSA-00572,PSF-00578,RHS-0697,3.0.0,2026-06-15T15:17:51.144Z,DATA_DUMP_1785116825020_clean_2026-07-21.csv,21-Jul-2026,63,Pl15-R2-M2-H1-P05,21-Jul-2026 10:45:18,21-Jul-2026
8,10:45:46,21-Jul-2026,Rain_out,Climate_model,,Pl15-R2-M2-H1-P05,,,0.22489,2.9171,0.2088,7.1325,2.4584,2.2662,5.657,3.1986,23.1965,25.1639,57.9053,0.44179,7.5,PSF-00578_20260721104546_e91,0,0,0,90.10756,149.815,0.39854,0.5,0.8,282.7827,1,42.14,38.84,35.59,35.03,35.03,97.69,156.1,154.4,1.1,1774,3.629,12,-55,263,,,,,,,,15:39:58,21-Jul-2026,39.2084,-96.5938,334.8,9,1.01,10:43:41,21-Jul-2026,-0.31,1,-0.001,0.001,0.012,-0.269,0.187,0.412,1,150,0.005,2,0.058905,0,0.02923,0,0,-6.8e-05,standard,0,rectangular,7000,500,-9999,-9999,55537,55537,55537,0,-9999,0,0,0,0,2.4585,2.4486,1.643,0.9284,0.17976,-0.00659,0.14886,1.5889,90.1076,0.000301,2.3977,-3e-05,1,2.3839,-2.4e-05,1,0.60171,0.60051,0.10664,0,PSF-00578_20260721104546_e91,PFA-00612,PSA-00572,PSF-00578,RHS-0697,3.0.0,2026-06-15T15:17:51.144Z,DATA_DUMP_1785116825020_clean_2026-07-21.csv,21-Jul-2026,64,Pl15-R2-M2-H1-P05,21-Jul-2026 10:45:46,21-Jul-2026
9,10:45:58,21-Jul-2026,Rain_out,Climate_model,,Pl15-R2-M2-H1-P05,,,0.22047,2.9167,0.20498,6.5781,2.4208,2.2434,5.43,3.0092,22.9626,24.7784,55.5803,0.44179,7.5,PSF-00578_20260721104558_dd7,0,0,0,86.6307,161.0409,0.46206,0.5,0.8,298.6922,1,41.46,38.43,35.6,34.29,34.29,97.7,156.1,154.6,0.9,1616,3.587,8,-62,273,,,,,,,,15:40:10,21-Jul-2026,39.2084,-96.5938,335.5,9,1.01,10:43:41,21-Jul-2026,-0.31,1,0,0,-9999,0.814,2.528,-9999,1,150,0.005,2,0.058905,0,0.02923,0,0,-6.8e-05,standard,0,rectangular,7000,500,-9999,-9999,55537,55537,55537,0,-9999,0,0,0,0,2.4579,2.4478,1.6426,0.92899,0.17967,-0.015697,0.15033,1.457,86.6307,0.00031,2.3977,-3e-05,1,2.3839,-2.4e-05,1,0.60171,0.60051,0.10664,0,PSF-00578_20260721104558_dd7,PFA-00612,PSA-00572,PSF-00578,RHS-0697,3.0.0,2026-06-15T15:17:51.144Z,DATA_DUMP_1785116825020_clean_2026-07-21.csv,21-Jul-2026,65,Pl15-R2-M2-H1-P05,21-Jul-2026 10:45:58,21-Jul-2026
10,10:46:18,21-Jul-2026,Rain_out,Climate_model,,Pl15-R2-M2-H1-P05,,,0.12258,2.9153,0.11763,3.4162,2.3748,2.2826,5.1033,2.7285,23.3652,24.3096,52.2392,0.44179,7.5,PSF-00578_20260721104618_333,0,0,0,86.13432,213.8561,0.59723,0.5,0.8,38.2887,1,40.59,39.01,35.64,33.18,33.18,97.69,155.9,154.3,1,160,3.626,21,63,249,,,,,,,,15:40:30,21-Jul-2026,39.2083,-96.5939,333.7,8,1.11,10:43:41,21-Jul-2026,-0.31,1,-0.003,-0.002,0.007,-0.034,-0.03,0.014,1,150,0.005,2,0.058905,0,0.02923,0,0,-6.8e-05,standard,0,rectangular,7000,500,-9999,-9999,55537,55537,55537,0,-9999,0,0,0,0,2.4587,2.4466,1.6412,0.92814,0.17939,-0.029518,0.15304,0.24057,86.1343,0.000304,2.3977,-3e-05,1,2.3839,-2.4e-05,1,0.60171,0.60051,0.10664,0,PSF-00578_20260721104618_333,PFA-00612,PSA-00572,PSF-00578,RHS-0697,3.0.0,2026-06-15T15:17:51.144Z,DATA_DUMP_1785116825020_clean_2026-07-21.csv,21-Jul-2026,66,Pl15-R2-M2-H1-P05,21-Jul-2026 10:46:18,21-Jul-2026
11,10:46:32,21-Jul-2026,Rain_out,Climate_model,,Pl15-R2-M2-H1-P05,,,0.08095,2.9171,0.078764,2.2176,2.3999,2.3401,5.0456,2.6457,23.9534,24.5654,51.6468,0.44179,7.5,PSF-00578_20260721104632_6ee,0,0,0,88.07337,251.8859,0.65034,0.5,0.8,39.0741,1,40.97,39.95,35.66,32.98,32.98,97.69,156.1,154.5,1.1,150,3.623,20,57,240,,,,,,,,15:40:44,21-Jul-2026,39.2083,-96.5939,329.5,8,1.11,10:43:41,21-Jul-2026,-0.31,1,-0.002,-0.002,0.01,-0.259,-0.378,-0.805,1,150,0.005,2,0.058905,0,0.02923,0,0,-6.8e-05,standard,0,rectangular,7000,500,-9999,-9999,55537,55537,55537,0,-9999,0,0,0,0,2.4599,2.4471,1.643,0.92852,0.17926,-0.032158,0.15477,0.23215,88.0734,0.000315,2.3977,-3e-05,1,2.3839,-2.4e-05,1,0.60171,0.60051,0.10664,0,PSF-00578_20260721104632_6ee,PFA-00612,PSA-00572,PSF-00578,RHS-0697,3.0.0,2026-06-15T15:17:51.144Z,DATA_DUMP_1785116825020_clean_2026-07-21.csv,21-Jul-2026,67,Pl15-R2-M2-H1-P05,21-Jul-2026 10:46:32,21-Jul-2026
12,10:46:45,21-Jul-2026,Rain_out,Climate_model,,Pl15-R2-M2-H1-P05,,,0.069418,2.9161,0.067804,1.9244,2.3899,2.3379,5.0569,2.6671,23.9305,24.4621,51.7615,0.44179,7.5,PSF-00578_20260721104645_bff,0,0,0,80.46269,255.4321,0.68499,0.5,0.8,44.5966,1,40.78,39.9,35.67,33.02,33.02,97.7,156,154.5,1,163,3.628,5,52,247,,,,,,,,15:40:54,21-Jul-2026,39.2083,-96.5939,328.2,8,1.11,10:43:41,21-Jul-2026,-0.31,1,0,0.001,-9999,-0.195,-0.326,-9999,1,150,0.005,2,0.058905,0,0.02923,0,0,-6.8e-05,standard,0,rectangular,7000,500,-9999,-9999,55537,55537,55537,0,-9999,0,0,0,0,2.4599,2.4469,1.6419,0.92866,0.17919,-0.031799,0.15632,0.24264,80.4627,0.000311,2.3977,-3e-05,1,2.3839,-2.4e-05,1,0.60171,0.60051,0.10664,0,PSF-00578_20260721104645_bff,PFA-00612,PSA-00572,PSF-00578,RHS-0697,3.0.0,2026-06-15T15:17:51.144Z,DATA_DUMP_1785116825020_clean_2026-07-21.csv,21-Jul-2026,68,Pl15-R2-M2-H1-P05,21-Jul-2026 10:46:45,21-Jul-2026
13,10:46:55,21-Jul-2026,Rain_out,Climate_model,,Pl15-R2-M2-H1-P05,,,0.064041,2.9167,0.062665,1.7722,2.3389,2.2911,4.9978,2.6589,23.4532,23.9428,51.1608,0.44179,7.5,PSF-00578_20260721104655_fe0,0,0,0,81.01701,232.9534,0.65222,0.5,0.8,50.5668,1,39.91,39.1,35.67,32.81,32.81,97.69,156.1,154.5,1,194,3.627,4,-63,266,,,,,,,,00:00:00,0000-00-00,39.2084,-96.5938,320.9,8,1.12,10:43:41,21-Jul-2026,-0.31,1,0,-0.003,-9999,-0.279,-0.262,-9999,1,150,0.005,2,0.058905,0,0.02923,0,0,-6.8e-05,standard,0,rectangular,7000,500,-9999,-9999,55537,55537,55537,0,-9999,0,0,0,0,2.4588,2.4457,1.6426,0.92857,0.1792,-0.03428,0.15743,0.2686,81.017,0.000305,2.3977,-3e-05,1,2.3839,-2.4e-05,1,0.60171,0.60051,0.10664,0,PSF-00578_20260721104655_fe0,PFA-00612,PSA-00572,PSF-00578,RHS-0697,3.0.0,2026-06-15T15:17:51.144Z,DATA_DUMP_1785116825020_clean_2026-07-21.csv,21-Jul-2026,69,Pl15-R2-M2-H1-P05,21-Jul-2026 10:46:55,21-Jul-2026
14,10:47:06,21-Jul-2026,Rain_out,Climate_model,,Pl15-R2-M2-H1-P05,,,0.050173,2.9161,0.049324,1.4754,2.4045,2.3646,5.2129,2.8084,24.204,24.6115,53.3576,0.44179,7.5,PSF-00578_20260721104706_e5b,0,0,0,82.41284,245.4464,0.66423,0.5,0.8,63.198,1,41.02,40.35,35.67,33.56,33.56,97.7,156,154.3,1.1,238,3.627,2,-53,270,,,,,,,,15:41:18,21-Jul-2026,39.2084,-96.5938,317.4,7,1.24,10:43:41,21-Jul-2026,-0.31,1,0,0.002,-9999,0.005,-0.095,-9999,1,150,0.005,2,0.058905,0,0.02923,0,0,-6.8e-05,standard,0,rectangular,7000,500,-9999,-9999,55537,55537,55537,0,-9999,0,0,0,0,2.4605,2.4472,1.642,0.92824,0.17918,-0.025359,0.15879,0.3054,82.4128,0.000317,2.3977,-3e-05,1,2.3839,-2.4e-05,1,0.60171,0.60051,0.10664,0,PSF-00578_20260721104706_e5b,PFA-00612,PSA-00572,PSF-00578,RHS-0697,3.0.0,2026-06-15T15:17:51.144Z,DATA_DUMP_1785116825020_clean_2026-07-21.csv,21-Jul-2026,70,Pl15-R2-M2-H1-P05,21-Jul-2026 10:47:06,21-Jul-2026
15,10:47:22,21-Jul-2026,Rain_out,Climate_model,,Pl15-R2-M2-H1-P05,,,0.04857,2.9165,0.047775,1.5086,2.3275,2.2867,5.2923,2.9648,23.4059,23.8228,54.1693,0.44179,7.5,PSF-00578_20260721104722_024,0,0,0,80.04498,242.662,0.67014,0.5,0.8,64.786,1,39.7,39.01,35.67,33.83,33.83,97.7,156.1,154.5,1,242,3.622,7,-51,275,,,,,,,,15:41:34,21-Jul-2026,39.2084,-96.5938,316.5,8,1.12,10:43:41,21-Jul-2026,-0.31,1,0.003,0.002,-0.008,-0.168,-0.119,-0.189,1,150,0.005,2,0.058905,0,0.02923,0,0,-6.8e-05,standard,0,rectangular,7000,500,-9999,-9999,55537,55537,55537,0,-9999,0,0,0,0,2.4587,2.4455,1.6424,0.92852,0.17915,-0.022168,0.16061,0.30859,80.045,0.000313,2.3977,-3e-05,1,2.3839,-2.4e-05,1,0.60171,0.60051,0.10664,0,PSF-00578_20260721104722_024,PFA-00612,PSA-00572,PSF-00578,RHS-0697,3.0.0,2026-06-15T15:17:51.144Z,DATA_DUMP_1785116825020_clean_2026-07-21.csv,21-Jul-2026,71,Pl15-R2-M2-H1-P05,21-Jul-2026 10:47:22,21-Jul-2026
16,10:47:34,21-Jul-2026,Rain_out,Climate_model,,Pl15-R2-M2-H1-P05,,,0.2163,2.916,0.20136,5.8719,2.457,2.2987,5.1941,2.737,23.5313,25.1523,53.1712,0.44179,7.5,PSF-00578_20260721104734_79a,0,0,0,84.11157,175.3145,0.52023,0.5,0.8,314.1271,1,41.89,39.19,35.68,33.49,33.49,97.69,156,154.5,1,1510,3.595,6,-61,281,,,,,,,,15:41:47,21-Jul-2026,39.2083,-96.5938,316.3,8,1.12,10:43:41,21-Jul-2026,-0.31,1,0.004,0.001,-9999,0.501,1.625,-9999,1,150,0.005,2,0.058905,0,0.02923,0,0,-6.8e-05,standard,0,rectangular,7000,500,-9999,-9999,55537,55537,55537,0,-9999,0,0,0,0,2.4589,2.4483,1.6419,0.92858,0.17908,-0.026304,0.16206,1.368,84.1116,0.000311,2.3977,-3e-05,1,2.3839,-2.4e-05,1,0.60171,0.60051,0.10664,0,PSF-00578_20260721104734_79a,PFA-00612,PSA-00572,PSF-00578,RHS-0697,3.0.0,2026-06-15T15:17:51.144Z,DATA_DUMP_1785116825020_clean_2026-07-21.csv,21-Jul-2026,72,Pl15-R2-M2-H1-P05,21-Jul-2026 10:47:34,21-Jul-2026
17,10:48:01,21-Jul-2026,Rain_out,Climate_model,,Pl15-R2-M2-H1-P05,,,0.10256,2.9167,0.099075,2.8699,2.4411,2.3637,5.1608,2.7197,24.196,24.988,52.8276,0.44179,7.5,PSF-00578_20260721104801_590,0,0,0,88.64271,211.6138,0.58111,0.5,0.8,184.5534,1,41.56,40.24,35.71,33.38,33.38,97.69,156.1,154.3,1.1,794,3.627,3,36,275,,,,,,,,15:42:09,21-Jul-2026,39.2083,-96.5938,317.2,8,1.12,10:43:41,21-Jul-2026,-0.31,1,-0.001,-0.001,0.008,0.105,-0.402,-1.017,1,150,0.005,2,0.058905,0,0.02923,0,0,-6.8e-05,standard,0,rectangular,7000,500,-9999,-9999,55537,55537,55537,0,-9999,0,0,0,0,2.4603,2.4479,1.6426,0.92822,0.17889,-0.028003,0.16524,0.77007,88.6427,0.000312,2.3977,-3e-05,1,2.3839,-2.4e-05,1,0.60171,0.60051,0.10664,0,PSF-00578_20260721104801_590,PFA-00612,PSA-00572,PSF-00578,RHS-0697,3.0.0,2026-06-15T15:17:51.144Z,DATA_DUMP_1785116825020_clean_2026-07-21.csv,21-Jul-2026,73,Pl15-R2-M2-H1-P05,21-Jul-2026 10:48:01,21-Jul-2026
18,10:48:21,21-Jul-2026,Rain_out,Climate_model,,Pl15-R2-M2-H1-P05,,,0.094028,2.917,0.091092,2.9833,2.3564,2.2759,5.4283,3.0719,23.2977,24.1216,55.5668,0.44179,7.5,PSF-00578_20260721104821_abb,0,0,0,91.40646,207.8919,0.56032,0.5,0.8,206.3837,1,40.09,38.72,35.72,34.28,34.28,97.69,156.1,154.5,1,921,3.626,7,33,269,,,,,,,,15:42:33,21-Jul-2026,39.2083,-96.5938,317,8,1.12,10:43:41,21-Jul-2026,-0.31,1,-0.004,-0.002,-0.009,0.116,-0.6,-1.086,1,150,0.005,2,0.058905,0,0.02923,0,0,-6.8e-05,standard,0,rectangular,7000,500,-9999,-9999,55537,55537,55537,0,-9999,0,0,0,0,2.4583,2.446,1.6429,0.92873,0.17882,-0.017259,0.16765,0.87608,91.4065,0.00031,2.3977,-3e-05,1,2.3839,-2.4e-05,1,0.60171,0.60051,0.10664,0,PSF-00578_20260721104821_abb,PFA-00612,PSA-00572,PSF-00578,RHS-0697,3.0.0,2026-06-15T15:17:51.144Z,DATA_DUMP_1785116825020_clean_2026-07-21.csv,21-Jul-2026,74,Pl15-R2-M2-H1-P05,21-Jul-2026 10:48:21,21-Jul-2026
19,10:48:35,21-Jul-2026,Rain_out,Climate_model,,Pl15-R2-M2-H1-P05,,,0.1008,2.9175,0.097433,3.1561,2.4228,2.3377,5.4595,3.0367,23.9307,24.8013,55.8872,0.44179,7.5,PSF-00578_20260721104835_e1d,0,0,0,89.83612,202.7142,0.55683,0.5,0.8,213.7225,1,41.2,39.75,35.73,34.39,34.39,97.69,156.2,154.3,1.2,960,3.626,9,33,276,,,,,,,,15:42:47,21-Jul-2026,39.2083,-96.5938,317,8,1.13,10:43:41,21-Jul-2026,-0.31,1,0,0,0.011,0.042,0.57,0.411,1,150,0.005,2,0.058905,0,0.02923,0,0,-6.8e-05,standard,0,rectangular,7000,500,-9999,-9999,55537,55537,55537,0,-9999,0,0,0,0,2.4597,2.4474,1.6434,0.92821,0.17874,-0.01615,0.16918,0.90842,89.8361,0.00031,2.3977,-3e-05,1,2.3839,-2.4e-05,1,0.60171,0.60051,0.10664,0,PSF-00578_20260721104835_e1d,PFA-00612,PSA-00572,PSF-00578,RHS-0697,3.0.0,2026-06-15T15:17:51.144Z,DATA_DUMP_1785116825020_clean_2026-07-21.csv,21-Jul-2026,75,Pl15-R2-M2-H1-P05,21-Jul-2026 10:48:35,21-Jul-2026
20,10:48:46,21-Jul-2026,Rain_out,Climate_model,,Pl15-R2-M2-H1-P05,,,0.033919,2.9173,0.033529,0.93676,2.4215,2.3963,5.0466,2.625,24.5288,24.7873,51.6579,0.44179,7.5,PSF-00578_20260721104846_957,0,0,0,91.51411,245.4997,0.62723,0.5,0.8,143.9559,1,41.16,40.73,35.74,32.98,32.98,97.69,156.2,154.4,1.1,574,3.626,2,50,285,,,,,,,,15:42:58,21-Jul-2026,39.2083,-96.5938,316.5,8,1.13,10:43:41,21-Jul-2026,-0.31,1,0.001,-0.001,-9999,-1.555,-2.38,-9999,1,150,0.005,2,0.058905,0,0.02923,0,0,-6.8e-05,standard,0,rectangular,7000,500,-9999,-9999,55537,55537,55537,0,-9999,0,0,0,0,2.461,2.4473,1.6432,0.92846,0.17871,-0.033097,0.17056,0.58608,91.5141,0.000305,2.3977,-3e-05,1,2.3839,-2.4e-05,1,0.60171,0.60051,0.10664,0,PSF-00578_20260721104846_957,PFA-00612,PSA-00572,PSF-00578,RHS-0697,3.0.0,2026-06-15T15:17:51.144Z,DATA_DUMP_1785116825020_clean_2026-07-21.csv,21-Jul-2026,76,Pl15-R2-M2-H1-P05,21-Jul-2026 10:48:46,21-Jul-2026
21,10:48:57,21-Jul-2026,Rain_out,Climate_model,,Pl15-R2-M2-H1-P05,,,0.018071,2.9164,0.017959,0.50156,2.4851,2.4716,5.1074,2.6223,25.2992,25.4375,52.2798,0.44179,7.5,PSF-00578_20260721104857_b6c,0,0,0,82.18932,257.4166,0.68071,0.5,0.8,121.238,1,42.23,42,35.74,33.19,33.19,97.69,156,154.3,1.1,445,3.584,-11,46,290,,,,,,,,15:43:10,21-Jul-2026,39.2083,-96.5938,317,8,1.26,10:43:41,21-Jul-2026,-0.31,1,0,-0.001,-9999,-0.143,-0.188,-9999,1,150,0.005,2,0.058905,0,0.02923,0,0,-6.8e-05,standard,0,rectangular,7000,500,-9999,-9999,55537,55537,55537,0,-9999,0,0,0,0,2.4626,2.4487,1.6423,0.92813,0.17867,-0.030617,0.17188,0.47869,82.1893,0.000293,2.3977,-3e-05,1,2.3839,-2.4e-05,1,0.60171,0.60051,0.10664,0,PSF-00578_20260721104857_b6c,PFA-00612,PSA-00572,PSF-00578,RHS-0697,3.0.0,2026-06-15T15:17:51.144Z,DATA_DUMP_1785116825020_clean_2026-07-21.csv,21-Jul-2026,77,Pl15-R2-M2-H1-P05,21-Jul-2026 10:48:57,21-Jul-2026
22,10:49:11,21-Jul-2026,Rain_out,Climate_model,,Pl15-R2-M2-H1-P05,,,0.018865,2.9156,0.018743,0.55923,2.5256,2.5105,5.3233,2.7977,25.6979,25.8523,54.4898,0.44179,7.5,PSF-00578_20260721104911_929,0,0,0,91.29095,298.3518,0.69402,0.5,0.8,92.6618,1,42.9,42.64,35.75,33.93,33.93,97.69,155.9,154.4,1,334,3.624,-12,49,288,,,,,,,,15:43:23,21-Jul-2026,39.2083,-96.5938,317.2,8,1.17,10:43:41,21-Jul-2026,-0.31,1,0.001,0.001,-0.011,0.094,0.204,1.839,1,150,0.005,2,0.058905,0,0.02923,0,0,-6.8e-05,standard,0,rectangular,7000,500,-9999,-9999,55537,55537,55537,0,-9999,0,0,0,0,2.4635,2.4496,1.6415,0.92834,0.1786,-0.021866,0.1734,0.38555,91.291,0.000311,2.3977,-3e-05,1,2.3839,-2.4e-05,1,0.60171,0.60051,0.10664,0,PSF-00578_20260721104911_929,PFA-00612,PSA-00572,PSF-00578,RHS-0697,3.0.0,2026-06-15T15:17:51.144Z,DATA_DUMP_1785116825020_clean_2026-07-21.csv,21-Jul-2026,78,Pl15-R2-M2-H1-P05,21-Jul-2026 10:49:11,21-Jul-2026
23,10:49:22,21-Jul-2026,Rain_out,Climate_model,,Pl15-R2-M2-H1-P05,,,0.032787,2.9159,0.032423,1.022,2.5261,2.4985,5.4792,2.9531,25.5755,25.8574,56.0862,0.44179,7.5,PSF-00578_20260721104922_f28,0,0,0,98.88053,219.1343,0.54877,0.5,0.8,143.265,1,42.88,42.41,35.76,34.45,34.45,97.69,156,154.2,1.2,653,3.625,5,48,280,,,,,,,,15:43:33,21-Jul-2026,39.2083,-96.5938,317.4,10,1.07,10:43:41,21-Jul-2026,-0.31,1,-0.003,-0.003,-9999,-4.363,-7.286,-9999,1,150,0.005,2,0.058905,0,0.02923,0,0,-6.8e-05,standard,0,rectangular,7000,500,-9999,-9999,55537,55537,55537,0,-9999,0,0,0,0,2.4632,2.4496,1.6418,0.9278,0.17853,-0.015746,0.17459,0.652,98.8805,0.000304,2.3977,-3e-05,1,2.3839,-2.4e-05,1,0.60171,0.60051,0.10664,0,PSF-00578_20260721104922_f28,PFA-00612,PSA-00572,PSF-00578,RHS-0697,3.0.0,2026-06-15T15:17:51.144Z,DATA_DUMP_1785116825020_clean_2026-07-21.csv,21-Jul-2026,79,Pl15-R2-M2-H1-P05,21-Jul-2026 10:49:22,21-Jul-2026
24,10:49:33,21-Jul-2026,Rain_out,Climate_model,,Pl15-R2-M2-H1-P05,,,0.053099,2.9161,0.052149,1.8264,2.2598,2.2105,5.5446,3.2847,22.6277,23.1329,56.7574,0.44179,7.5,PSF-00578_20260721104933_051,0,0,0,91.91036,235.1453,0.60913,0.5,0.8,144.1665,1,38.34,37.5,35.77,34.67,34.67,97.69,156,154.7,0.8,592,3.625,10,53,276,,,,,,,,15:43:45,21-Jul-2026,39.2083,-96.5938,319,10,1.07,10:43:41,21-Jul-2026,-0.31,1,-0.002,0,-9999,-2.422,-6.829,-9999,1,150,0.005,2,0.058905,0,0.02923,0,0,-6.8e-05,standard,0,rectangular,7000,500,-9999,-9999,55537,55537,55537,0,-9999,0,0,0,0,2.4566,2.4436,1.642,0.92914,0.17845,-0.013294,0.17573,0.60105,91.9104,0.000299,2.3977,-3e-05,1,2.3839,-2.4e-05,1,0.60171,0.60051,0.10664,0,PSF-00578_20260721104933_051,PFA-00612,PSA-00572,PSF-00578,RHS-0697,3.0.0,2026-06-15T15:17:51.144Z,DATA_DUMP_1785116825020_clean_2026-07-21.csv,21-Jul-2026,80,Pl15-R2-M2-H1-P05,21-Jul-2026 10:49:33,21-Jul-2026
25,10:49:46,21-Jul-2026,Rain_out,Climate_model,,Pl15-R2-M2-H1-P05,,,0.059302,2.9156,0.05812,1.9341,2.1805,2.1282,5.3068,3.1263,21.7851,22.3208,54.3229,0.44179,7.5,PSF-00578_20260721104946_9a5,0,0,0,86.56132,202.23,0.57197,0.5,0.8,175.2021,1,36.96,36.08,35.79,33.88,33.88,97.69,156,154.4,1,766,3.624,11,42,269,,,,,,,,15:43:58,21-Jul-2026,39.2083,-96.5938,319.1,10,1.07,10:43:41,21-Jul-2026,-0.31,1,-0.002,-0.002,0.011,-0.404,-0.179,-1.042,1,150,0.005,2,0.058905,0,0.02923,0,0,-6.8e-05,standard,0,rectangular,7000,500,-9999,-9999,55537,55537,55537,0,-9999,0,0,0,0,2.4547,2.4418,1.6415,0.92836,0.17836,-0.022971,0.1772,0.74652,86.5613,0.000311,2.3977,-3e-05,1,2.3839,-2.4e-05,1,0.60171,0.60051,0.10664,0,PSF-00578_20260721104946_9a5,PFA-00612,PSA-00572,PSF-00578,RHS-0697,3.0.0,2026-06-15T15:17:51.144Z,DATA_DUMP_1785116825020_clean_2026-07-21.csv,21-Jul-2026,81,Pl15-R2-M2-H1-P05,21-Jul-2026 10:49:46,21-Jul-2026
26,10:50:00,21-Jul-2026,Rain_out,Climate_model,,Pl15-R2-M2-H1-P05,,,0.072224,2.9167,0.070479,2.1923,2.2307,2.1714,5.1543,2.9236,22.2298,22.8362,52.7667,0.44179,7.5,PSF-00578_20260721105000_89e,0,0,0,79.71883,246.5826,0.67671,0.5,0.8,56.5197,1,37.82,36.82,35.78,33.36,33.36,97.68,156.1,154.5,1,209,3.623,1,-53,299,,,,,,,,15:44:12,21-Jul-2026,39.2083,-96.5938,319.5,10,1.08,10:43:41,21-Jul-2026,-0.31,1,0,0.002,0.014,-0.148,-0.221,-0.235,1,150,0.005,2,0.058905,0,0.02923,0,0,-6.8e-05,standard,0,rectangular,7000,500,-9999,-9999,55537,55537,55537,0,-9999,0,0,0,0,2.4557,2.443,1.6426,0.92871,0.1784,-0.029148,0.17873,0.28112,79.7188,0.000308,2.3977,-3e-05,1,2.3839,-2.4e-05,1,0.60171,0.60051,0.10664,0,PSF-00578_20260721105000_89e,PFA-00612,PSA-00572,PSF-00578,RHS-0697,3.0.0,2026-06-15T15:17:51.144Z,DATA_DUMP_1785116825020_clean_2026-07-21.csv,21-Jul-2026,82,Pl15-R2-M2-H1-P05,21-Jul-2026 10:50:00,21-Jul-2026
27,10:50:13,21-Jul-2026,Rain_out,Climate_model,,Pl15-R2-M2-H1-P05,,,0.23545,2.9156,0.21786,6.0114,2.2858,2.1233,4.8823,2.5965,21.7373,23.4004,49.981,0.44179,7.5,PSF-00578_20260721105013_0b0,0,0,0,80.92117,175.9171,0.54,0.5,0.8,129.4763,1,38.76,36,35.78,32.39,32.39,97.68,155.9,154.3,1,599,3.619,5,-54,297,,,,,,,,15:44:24,21-Jul-2026,39.2083,-96.5938,319.6,11,0.88,10:43:41,21-Jul-2026,-0.31,1,0,-0.002,-9999,1.06,2.538,-9999,1,150,0.005,2,0.058905,0,0.02923,0,0,-6.8e-05,standard,0,rectangular,7000,500,-9999,-9999,55537,55537,55537,0,-9999,0,0,0,0,2.4546,2.4442,1.6415,0.92822,0.17839,-0.04063,0.18018,0.60751,80.9212,0.000309,2.3977,-3e-05,1,2.3839,-2.4e-05,1,0.60171,0.60051,0.10664,0,PSF-00578_20260721105013_0b0,PFA-00612,PSA-00572,PSF-00578,RHS-0697,3.0.0,2026-06-15T15:17:51.144Z,DATA_DUMP_1785116825020_clean_2026-07-21.csv,21-Jul-2026,83,Pl15-R2-M2-H1-P05,21-Jul-2026 10:50:13,21-Jul-2026
28,10:50:26,21-Jul-2026,Rain_out,Climate_model,,Pl15-R2-M2-H1-P05,,,0.20369,2.9161,0.19039,5.2978,2.2888,2.1457,4.9067,2.6179,21.9661,23.4312,50.2321,0.44179,7.5,PSF-00578_20260721105026_cbf,0,0,0,82.43001,184.2846,0.5527,0.5,0.8,285.124,1,38.81,36.38,35.78,32.48,32.48,97.68,156,154.7,0.8,1290,3.623,1,-53,303,,,,,,,,15:44:38,21-Jul-2026,39.2083,-96.5938,320.7,10,1.08,10:43:41,21-Jul-2026,-0.31,1,-0.001,-0.004,-9999,0.909,2.595,-9999,1,150,0.005,2,0.058905,0,0.02923,0,0,-6.8e-05,standard,0,rectangular,7000,500,-9999,-9999,55537,55537,55537,0,-9999,0,0,0,0,2.4551,2.4443,1.642,0.92917,0.17838,-0.039597,0.1815,1.1843,82.43,0.000292,2.3977,-3e-05,1,2.3839,-2.4e-05,1,0.60171,0.60051,0.10664,0,PSF-00578_20260721105026_cbf,PFA-00612,PSA-00572,PSF-00578,RHS-0697,3.0.0,2026-06-15T15:17:51.144Z,DATA_DUMP_1785116825020_clean_2026-07-21.csv,21-Jul-2026,84,Pl15-R2-M2-H1-P05,21-Jul-2026 10:50:26,21-Jul-2026
29,10:50:42,21-Jul-2026,Rain_out,Climate_model,,Pl15-R2-M2-H1-P05,,,0.10206,2.9166,0.098604,2.8233,2.2336,2.1573,4.9278,2.6942,22.0867,22.8675,50.4502,0.44179,7.5,PSF-00578_20260721105042_729,0,0,0,90.10506,213.2535,0.57747,0.5,0.8,91.673,1,37.85,36.55,35.79,32.56,32.56,97.68,156.1,154.5,1,397,3.617,29,63,265,,,,,,,,15:44:55,21-Jul-2026,39.2083,-96.5938,319.1,10,1.08,10:43:41,21-Jul-2026,-0.31,1,0.001,0.003,-9999,0.351,1.273,-9999,1,150,0.005,2,0.058905,0,0.02923,0,0,-6.8e-05,standard,0,rectangular,7000,500,-9999,-9999,55537,55537,55537,0,-9999,0,0,0,0,2.4554,2.443,1.6425,0.92857,0.1783,-0.038842,0.1833,0.43826,90.1051,0.00031,2.3977,-3e-05,1,2.3839,-2.4e-05,1,0.60171,0.60051,0.10664,0,PSF-00578_20260721105042_729,PFA-00612,PSA-00572,PSF-00578,RHS-0697,3.0.0,2026-06-15T15:17:51.144Z,DATA_DUMP_1785116825020_clean_2026-07-21.csv,21-Jul-2026,85,Pl15-R2-M2-H1-P05,21-Jul-2026 10:50:42,21-Jul-2026
30,10:50:57,21-Jul-2026,Rain_out,Climate_model,,Pl15-R2-M2-H1-P05,,,0.069517,2.9166,0.067899,2.0859,2.1348,2.0784,5.0255,2.8907,21.2792,21.8567,51.4516,0.44179,7.5,PSF-00578_20260721105057_63d,0,0,0,93.00327,267.3261,0.6521,0.5,0.8,96.023,1,36.17,35.21,35.8,32.91,32.91,97.67,156.1,154.7,0.9,368,3.622,31,63,258,,,,,,,,15:45:09,21-Jul-2026,39.2083,-96.5938,319,11,1.02,10:43:41,21-Jul-2026,-0.31,1,0,-0.004,-9999,-0.208,-0.28,-9999,1,150,0.005,2,0.058905,0,0.02923,0,0,-6.8e-05,standard,0,rectangular,7000,500,-9999,-9999,55537,55537,55537,0,-9999,0,0,0,0,2.4536,2.4408,1.6425,0.92906,0.17828,-0.03474,0.1848,0.41425,93.0033,0.000299,2.3977,-3e-05,1,2.3839,-2.4e-05,1,0.60171,0.60051,0.10664,0,PSF-00578_20260721105057_63d,PFA-00612,PSA-00572,PSF-00578,RHS-0697,3.0.0,2026-06-15T15:17:51.144Z,DATA_DUMP_1785116825020_clean_2026-07-21.csv,21-Jul-2026,86,Pl15-R2-M2-H1-P05,21-Jul-2026 10:50:57,21-Jul-2026
31,10:51:15,21-Jul-2026,Rain_out,Climate_model,,Pl15-R2-M2-H1-P05,,,0.041783,2.9164,0.041193,1.2254,2.181,2.1478,4.9802,2.7993,21.9892,22.3284,50.9866,0.44179,7.5,PSF-00578_20260721105115_e0a,0,0,0,78.86052,250.052,0.68462,0.5,0.8,64.1097,1,36.96,36.4,35.79,32.75,32.75,97.68,156,154.6,0.9,234,3.623,0,-54,296,,,,,,,,15:45:27,21-Jul-2026,39.2083,-96.5938,318.4,11,1.02,10:43:41,21-Jul-2026,-0.31,1,0.001,0,-9999,-0.007,0.117,-9999,1,150,0.005,2,0.058905,0,0.02923,0,0,-6.8e-05,standard,0,rectangular,7000,500,-9999,-9999,55537,55537,55537,0,-9999,0,0,0,0,2.4552,2.4418,1.6423,0.9289,0.17832,-0.036586,0.18671,0.30226,78.8605,0.000308,2.3977,-3e-05,1,2.3839,-2.4e-05,1,0.60171,0.60051,0.10664,0,PSF-00578_20260721105115_e0a,PFA-00612,PSA-00572,PSF-00578,RHS-0697,3.0.0,2026-06-15T15:17:51.144Z,DATA_DUMP_1785116825020_clean_2026-07-21.csv,21-Jul-2026,87,Pl15-R2-M2-H1-P05,21-Jul-2026 10:51:15,21-Jul-2026
32,10:51:28,21-Jul-2026,Rain_out,Climate_model,,Pl15-R2-M2-H1-P05,,,0.036447,2.9156,0.035997,1.109,2.1425,2.1125,5.0413,2.8989,21.6242,21.9315,51.6057,0.44179,7.5,PSF-00578_20260721105128_941,0,0,0,87.47399,236.828,0.63064,0.5,0.8,232.2879,1,36.32,35.81,35.79,32.96,32.96,97.69,156,154.5,0.9,921,3.583,4,35,292,,,,,,,,15:45:39,21-Jul-2026,39.2084,-96.5938,318.4,11,1.02,10:43:41,21-Jul-2026,-0.31,1,0.004,0.004,-9999,0.444,-0.535,-9999,1,150,0.005,2,0.058905,0,0.02923,0,0,-6.8e-05,standard,0,rectangular,7000,500,-9999,-9999,55537,55537,55537,0,-9999,0,0,0,0,2.4544,2.441,1.6415,0.92876,0.17836,-0.033922,0.18809,0.87608,87.474,0.000316,2.3977,-3e-05,1,2.3839,-2.4e-05,1,0.60171,0.60051,0.10664,0,PSF-00578_20260721105128_941,PFA-00612,PSA-00572,PSF-00578,RHS-0697,3.0.0,2026-06-15T15:17:51.144Z,DATA_DUMP_1785116825020_clean_2026-07-21.csv,21-Jul-2026,88,Pl15-R2-M2-H1-P05,21-Jul-2026 10:51:28,21-Jul-2026
33,10:51:40,21-Jul-2026,Rain_out,Climate_model,,Pl15-R2-M2-H1-P05,,,0.017243,2.9158,0.017141,0.59395,2.1024,2.0864,5.358,3.2556,21.3575,21.5222,54.849,0.44179,7.5,PSF-00578_20260721105140_c3d,0,0,0,118.7582,277.7563,0.57244,0.5,0.8,120.9102,1,35.65,35.38,35.78,34.05,34.05,97.69,156,154.6,0.9,528,3.622,13,52,274,,,,,,,,15:45:52,21-Jul-2026,39.2084,-96.5938,318.9,11,1.02,10:43:41,21-Jul-2026,-0.31,1,-0.002,-0.004,-9999,-3.322,-1.326,-9999,1,150,0.005,2,0.058905,0,0.02923,0,0,-6.8e-05,standard,0,rectangular,7000,500,-9999,-9999,55537,55537,55537,0,-9999,0,0,0,0,2.4538,2.4401,1.6417,0.92885,0.17839,-0.02084,0.18932,0.54787,118.7582,0.000303,2.3977,-3e-05,1,2.3839,-2.4e-05,1,0.60171,0.60051,0.10664,0,PSF-00578_20260721105140_c3d,PFA-00612,PSA-00572,PSF-00578,RHS-0697,3.0.0,2026-06-15T15:17:51.144Z,DATA_DUMP_1785116825020_clean_2026-07-21.csv,21-Jul-2026,89,Pl15-R2-M2-H1-P05,21-Jul-2026 10:51:40,21-Jul-2026
34,10:51:51,21-Jul-2026,Rain_out,Climate_model,,Pl15-R2-M2-H1-P05,,,0.032128,2.916,0.031778,0.98145,2.137,2.1104,5.043,2.906,21.6045,21.8764,51.6256,0.44179,7.5,PSF-00578_20260721105151_e8a,0,0,0,86.82168,266.6724,0.67443,0.5,0.8,53.612,1,36.24,35.79,35.78,32.97,32.97,97.68,156,154.7,0.8,199,3.616,2,-33,310,,,,,,,,15:46:03,21-Jul-2026,39.2084,-96.5938,318.9,11,1.02,10:43:41,21-Jul-2026,-0.31,1,0.001,0,-9999,0.018,-0.692,-9999,1,150,0.005,2,0.058905,0,0.02923,0,0,-6.8e-05,standard,0,rectangular,7000,500,-9999,-9999,55537,55537,55537,0,-9999,0,0,0,0,2.4543,2.4409,1.6418,0.92908,0.17842,-0.033757,0.19051,0.2727,86.8217,0.0003,2.3977,-3e-05,1,2.3839,-2.4e-05,1,0.60171,0.60051,0.10664,0,PSF-00578_20260721105151_e8a,PFA-00612,PSA-00572,PSF-00578,RHS-0697,3.0.0,2026-06-15T15:17:51.144Z,DATA_DUMP_1785116825020_clean_2026-07-21.csv,21-Jul-2026,90,Pl15-R2-M2-H1-P05,21-Jul-2026 10:51:51,21-Jul-2026
11,11:26:01,21-Jul-2026,Rain_out,Climate_model,,Pl15-R2-M2-H1-P05,,,0.03754,2.9172,0.037063,1.3212,1.9205,1.8847,5.276,3.3555,19.2858,19.6523,53.9878,0.44179,7.5,PSF-00578_20260721112601_fa6,0,0,0,84.08046,264.6618,0.68231,0.5,0.8,248.1605,1,32.43,31.82,35.86,33.77,33.77,97.73,156.1,154.5,1.1,909,3.6,-22,-18,307,,,,,,,,16:20:13,21-Jul-2026,39.2084,-96.5938,318.1,8,1.33,11:22:35,21-Jul-2026,-0.32,1,0,0.002,0.013,0.022,0.081,-0.271,1,150,0.005,2,0.058905,0,0.02923,0,0,-6.8e-05,standard,0,rectangular,7000,500,-9999,-9999,55537,55537,55537,0,-9999,0,0,0,0,2.4489,2.4358,1.6431,0.92854,0.17786,-0.025112,0.17827,0.86641,84.0805,0.000304,2.3977,-3e-05,1,2.3839,-2.4e-05,1,0.60171,0.60051,0.10664,0,PSF-00578_20260721112601_fa6,PFA-00612,PSA-00572,PSF-00578,RHS-0697,3.0.0,2026-06-15T15:17:51.144Z,DATA_DUMP_1785116825020_clean_2026-07-21.csv,21-Jul-2026,94,Pl15-R2-M2-H1-P05,21-Jul-2026 11:26:01,21-Jul-2026
29,16:25:59,21-Jul-2026,Rain_out,Climate_model,,Pl15-R2-M2-H1-P05,,,0.17396,2.9163,0.16417,5.7874,2.3729,2.2167,5.676,3.3031,22.6843,24.2831,58.0848,0.44179,7.5,PSF-00578_20260721162559_87d,0,0,0,103.0709,155.144,0.33564,0.5,0.8,225.6455,1,43.48,40.61,34.38,35.09,35.09,97.72,156,154.6,0.9,1681,4.062,-27,-18,317,,,,,,,,21:20:09,21-Jul-2026,39.2084,-96.5939,332.6,15,0.71,16:25:49,21-Jul-2026,-0.52,1,-0.001,0.001,0.01,-0.38,-0.738,-1.334,1,150,0.005,2,0.058905,0,0.02923,0,0,-6.8e-05,standard,0,rectangular,7000,500,-9999,-9999,55537,55537,55537,0,-9999,0,0,0,0,2.461,2.4508,1.6422,0.92879,0.18836,0.008786,0.26115,1.511,103.0709,0.000307,2.3977,-3e-05,1,2.3839,-2.4e-05,1,0.60171,0.60051,0.10664,0,PSF-00578_20260721162559_87d,PFA-00612,PSA-00572,PSF-00578,RHS-0697,3.0.0,2026-06-15T15:17:51.144Z,DATA_DUMP_1785116825020_clean_2026-07-21.csv,21-Jul-2026,145,Pl15-R2-M2-H1-P05,21-Jul-2026 16:25:59,21-Jul-2026
30,16:26:11,21-Jul-2026,Rain_out,Climate_model,,Pl15-R2-M2-H1-P05,,,0.14543,2.916,0.13852,4.5875,2.335,2.211,5.4426,3.1076,22.6252,23.8933,55.6931,0.44179,7.5,PSF-00578_20260721162611_7c5,0,0,0,98.72926,175.2491,0.43663,0.5,0.8,253.0801,1,42.62,40.36,34.45,34.33,34.33,97.72,156,154.6,0.9,1449,4.061,3,49,238,,,,,,,,21:20:23,21-Jul-2026,39.2084,-96.5939,333.1,15,0.71,16:25:49,21-Jul-2026,-0.52,1,0.001,0.002,-9999,-7.939,-3.399,-9999,1,150,0.005,2,0.058905,0,0.02923,0,0,-6.8e-05,standard,0,rectangular,7000,500,-9999,-9999,55537,55537,55537,0,-9999,0,0,0,0,2.4607,2.4497,1.6419,0.92899,0.18787,-0.001222,0.26247,1.3174,98.7293,0.000306,2.3977,-3e-05,1,2.3839,-2.4e-05,1,0.60171,0.60051,0.10664,0,PSF-00578_20260721162611_7c5,PFA-00612,PSA-00572,PSF-00578,RHS-0697,3.0.0,2026-06-15T15:17:51.144Z,DATA_DUMP_1785116825020_clean_2026-07-21.csv,21-Jul-2026,146,Pl15-R2-M2-H1-P05,21-Jul-2026 16:26:11,21-Jul-2026
31,16:26:25,21-Jul-2026,Rain_out,Climate_model,,Pl15-R2-M2-H1-P05,,,0.097879,2.9177,0.094702,2.7353,2.2828,2.209,4.9999,2.717,22.6081,23.3637,51.171,0.44179,7.5,PSF-00578_20260721162625_3ea,0,0,0,91.25841,220.16,0.58549,0.5,0.8,111.9474,1,41.53,40.19,34.51,32.82,32.82,97.71,156.2,154.5,1.1,478,4.061,13,-58,271,,,,,,,,21:20:36,21-Jul-2026,39.2084,-96.5939,333.1,16,0.7,16:25:49,21-Jul-2026,-0.52,1,-0.001,-0.004,-9999,-0.211,-0.213,-9999,1,150,0.005,2,0.058905,0,0.02923,0,0,-6.8e-05,standard,0,rectangular,7000,500,-9999,-9999,55537,55537,55537,0,-9999,0,0,0,0,2.4604,2.4483,1.6436,0.92858,0.18743,-0.020131,0.26372,0.50606,91.2584,0.000303,2.3977,-3e-05,1,2.3839,-2.4e-05,1,0.60171,0.60051,0.10664,0,PSF-00578_20260721162625_3ea,PFA-00612,PSA-00572,PSF-00578,RHS-0697,3.0.0,2026-06-15T15:17:51.144Z,DATA_DUMP_1785116825020_clean_2026-07-21.csv,21-Jul-2026,147,Pl15-R2-M2-H1-P05,21-Jul-2026 16:26:25,21-Jul-2026
33,16:26:53,21-Jul-2026,Rain_out,Climate_model,,Pl15-R2-M2-H1-P05,,,0.063296,2.9169,0.061951,2.0013,2.2571,2.2031,5.2914,3.0343,22.5486,23.1019,54.1583,0.44179,7.5,PSF-00578_20260721162653_a34,0,0,0,87.90421,279.8878,0.68593,0.5,0.8,125.1551,1,40.8,39.83,34.62,33.83,33.83,97.7,156.1,154.7,0.9,456,4.056,21,71,265,,,,,,,,21:21:04,21-Jul-2026,39.2084,-96.5939,332.7,16,0.7,16:25:49,21-Jul-2026,-0.52,1,0.002,0.004,-9999,0.129,0.331,-9999,1,150,0.005,2,0.058905,0,0.02923,0,0,-6.8e-05,standard,0,rectangular,7000,500,-9999,-9999,55537,55537,55537,0,-9999,0,0,0,0,2.4599,2.4473,1.6428,0.92914,0.1866,-0.009417,0.26638,0.48779,87.9042,0.000302,2.3977,-3e-05,1,2.3839,-2.4e-05,1,0.60171,0.60051,0.10664,0,PSF-00578_20260721162653_a34,PFA-00612,PSA-00572,PSF-00578,RHS-0697,3.0.0,2026-06-15T15:17:51.144Z,DATA_DUMP_1785116825020_clean_2026-07-21.csv,21-Jul-2026,148,Pl15-R2-M2-H1-P05,21-Jul-2026 16:26:53,21-Jul-2026
34,16:27:11,21-Jul-2026,Rain_out,Climate_model,,Pl15-R2-M2-H1-P05,,,0.1762,2.917,0.16616,5.4215,2.2931,2.1467,5.3561,3.0631,21.9709,23.4691,54.8193,0.44179,7.5,PSF-00578_20260721162711_b57,0,0,0,98.68384,178.8905,0.44836,0.5,0.8,239.9494,1,41.28,38.65,34.7,34.04,34.04,97.71,156.1,154.7,0.9,1338,4.06,-6,-24,294,,,,,,,,21:21:22,21-Jul-2026,39.2084,-96.5939,332.2,16,0.7,16:25:49,21-Jul-2026,-0.52,1,0,0.001,-9999,-0.282,-0.02,-9999,1,150,0.005,2,0.058905,0,0.02923,0,0,-6.8e-05,standard,0,rectangular,7000,500,-9999,-9999,55537,55537,55537,0,-9999,0,0,0,0,2.4583,2.4479,1.6429,0.92911,0.18607,-0.007687,0.26803,1.2246,98.6838,0.000289,2.3977,-3e-05,1,2.3839,-2.4e-05,1,0.60171,0.60051,0.10664,0,PSF-00578_20260721162711_b57,PFA-00612,PSA-00572,PSF-00578,RHS-0697,3.0.0,2026-06-15T15:17:51.144Z,DATA_DUMP_1785116825020_clean_2026-07-21.csv,21-Jul-2026,149,Pl15-R2-M2-H1-P05,21-Jul-2026 16:27:11,21-Jul-2026
35,16:27:32,21-Jul-2026,Rain_out,Climate_model,,Pl15-R2-M2-H1-P05,,,0.16761,2.9157,0.1585,5.1658,2.3903,2.2508,5.4472,3.0568,23.0357,24.4632,55.748,0.44179,7.5,PSF-00578_20260721162732_e65,0,0,0,94.99562,171.6228,0.44649,0.5,0.8,236.4921,1,42.85,40.35,34.78,34.35,34.35,97.71,156,154.7,0.8,1324,4.059,-7,-29,298,,,,,,,,21:21:44,21-Jul-2026,39.2084,-96.5939,331.7,16,0.7,16:25:49,21-Jul-2026,-0.52,1,0,0.002,0.027,-0.238,0.313,0.23,1,150,0.005,2,0.058905,0,0.02923,0,0,-6.8e-05,standard,0,rectangular,7000,500,-9999,-9999,55537,55537,55537,0,-9999,0,0,0,0,2.4606,2.45,1.6416,0.92925,0.1855,-0.004986,0.27012,1.2131,94.9956,0.000293,2.3977,-3e-05,1,2.3839,-2.4e-05,1,0.60171,0.60051,0.10664,0,PSF-00578_20260721162732_e65,PFA-00612,PSA-00572,PSF-00578,RHS-0697,3.0.0,2026-06-15T15:17:51.144Z,DATA_DUMP_1785116825020_clean_2026-07-21.csv,21-Jul-2026,150,Pl15-R2-M2-H1-P05,21-Jul-2026 16:27:32,21-Jul-2026
37,16:28:14,21-Jul-2026,Rain_out,Climate_model,,Pl15-R2-M2-H1-P05,,,0.042333,2.9163,0.041727,1.297,2.3094,2.2743,5.2291,2.9198,23.2778,23.6363,53.52,0.44179,7.5,PSF-00578_20260721162814_7f1,0,0,0,86.05456,246.9381,0.65151,0.5,0.8,276.614,1,41.07,40.45,34.92,33.61,33.61,97.7,156,154.5,1,1061,4.025,-6,-40,30,,,,,,,,21:22:26,21-Jul-2026,39.2084,-96.5939,331.6,16,0.7,16:25:49,21-Jul-2026,-0.52,1,-0.002,-0.003,0.007,0.097,-0.283,-0.589,1,150,0.005,2,0.058905,0,0.02923,0,0,-6.8e-05,standard,0,rectangular,7000,500,-9999,-9999,55537,55537,55537,0,-9999,0,0,0,0,2.4607,2.4476,1.6422,0.92864,0.18448,-0.015522,0.27422,0.99355,86.0546,0.000325,2.3977,-3e-05,1,2.3839,-2.4e-05,1,0.60171,0.60051,0.10664,0,PSF-00578_20260721162814_7f1,PFA-00612,PSA-00572,PSF-00578,RHS-0697,3.0.0,2026-06-15T15:17:51.144Z,DATA_DUMP_1785116825020_clean_2026-07-21.csv,21-Jul-2026,151,Pl15-R2-M2-H1-P05,21-Jul-2026 16:28:14,21-Jul-2026
38,16:28:28,21-Jul-2026,Rain_out,Climate_model,,Pl15-R2-M2-H1-P05,,,0.13661,2.9187,0.1305,3.7562,2.3895,2.2884,5.0938,2.7043,23.4238,24.4593,52.1406,0.44179,7.5,PSF-00578_20260721162828_960,0,0,0,91.7319,216.9503,0.57717,0.5,0.8,186.592,1,42.4,40.6,34.96,33.15,33.15,97.69,156.3,154.6,1.1,808,4.021,-6,-58,40,,,,,,,,21:22:39,21-Jul-2026,39.2084,-96.5939,331.7,15,0.72,16:25:49,21-Jul-2026,-0.52,1,0.004,0.004,-9999,0.619,0.701,-9999,1,150,0.005,2,0.058905,0,0.02923,0,0,-6.8e-05,standard,0,rectangular,7000,500,-9999,-9999,55537,55537,55537,0,-9999,0,0,0,0,2.4609,2.4494,1.6447,0.92883,0.18418,-0.021636,0.2755,0.78197,91.7319,0.000308,2.3977,-3e-05,1,2.3839,-2.4e-05,1,0.60171,0.60051,0.10664,0,PSF-00578_20260721162828_960,PFA-00612,PSA-00572,PSF-00578,RHS-0697,3.0.0,2026-06-15T15:17:51.144Z,DATA_DUMP_1785116825020_clean_2026-07-21.csv,21-Jul-2026,152,Pl15-R2-M2-H1-P05,21-Jul-2026 16:28:28,21-Jul-2026
39,16:28:43,21-Jul-2026,Rain_out,Climate_model,,Pl15-R2-M2-H1-P05,,,0.15054,2.9162,0.14315,4.4632,2.3773,2.2568,5.3037,2.9265,23.0984,24.3314,54.2841,0.44179,7.5,PSF-00578_20260721162843_2b4,0,0,0,91.42363,198.1362,0.53858,0.5,0.8,241.5581,1,42.08,39.95,35,33.87,33.87,97.7,156,154.6,0.9,1121,4.057,15,58,55,,,,,,,,21:22:54,21-Jul-2026,39.2084,-96.5939,332,16,0.7,16:25:49,21-Jul-2026,-0.52,1,-0.001,-0.001,0.014,-0.086,1.392,3.771,1,150,0.005,2,0.058905,0,0.02923,0,0,-6.8e-05,standard,0,rectangular,7000,500,-9999,-9999,55537,55537,55537,0,-9999,0,0,0,0,2.46,2.4489,1.6421,0.92888,0.18387,-0.013522,0.27684,1.0436,91.4236,0.000318,2.3977,-3e-05,1,2.3839,-2.4e-05,1,0.60171,0.60051,0.10664,0,PSF-00578_20260721162843_2b4,PFA-00612,PSA-00572,PSF-00578,RHS-0697,3.0.0,2026-06-15T15:17:51.144Z,DATA_DUMP_1785116825020_clean_2026-07-21.csv,21-Jul-2026,153,Pl15-R2-M2-H1-P05,21-Jul-2026 16:28:43,21-Jul-2026
40,16:28:59,21-Jul-2026,Rain_out,Climate_model,,Pl15-R2-M2-H1-P05,,,0.11115,2.9149,0.10706,3.1224,2.2899,2.2054,5.0324,2.7426,22.5728,23.4371,51.5079,0.44179,7.5,PSF-00578_20260721162859_fbb,0,0,0,85.11579,199.831,0.57406,0.5,0.8,307.6877,1,40.44,38.95,35.05,32.93,32.93,97.7,155.9,154.6,0.8,1340,4.056,2,20,28,,,,,,,,21:23:10,21-Jul-2026,39.2084,-96.5939,332.1,16,0.7,16:25:49,21-Jul-2026,-0.52,1,-0.001,0,-9999,0.028,0.226,-9999,1,150,0.005,2,0.058905,0,0.02923,0,0,-6.8e-05,standard,0,rectangular,7000,500,-9999,-9999,55537,55537,55537,0,-9999,0,0,0,0,2.4587,2.4468,1.6408,0.92888,0.18356,-0.025263,0.27831,1.2263,85.1158,0.000311,2.3977,-3e-05,1,2.3839,-2.4e-05,1,0.60171,0.60051,0.10664,0,PSF-00578_20260721162859_fbb,PFA-00612,PSA-00572,PSF-00578,RHS-0697,3.0.0,2026-06-15T15:17:51.144Z,DATA_DUMP_1785116825020_clean_2026-07-21.csv,21-Jul-2026,154,Pl15-R2-M2-H1-P05,21-Jul-2026 16:28:59,21-Jul-2026
41,16:29:22,21-Jul-2026,Rain_out,Climate_model,,Pl15-R2-M2-H1-P05,,,0.078083,2.9163,0.076047,2.3841,2.2236,2.1591,5.1707,2.9471,22.0989,22.7586,52.9226,0.44179,7.5,PSF-00578_20260721162922_1db,0,0,0,110.5192,270.043,0.59074,0.5,0.8,175.7205,1,39.13,38,35.11,33.41,33.41,97.7,156,154.6,0.9,744,4.057,3,-67,50,,,,,,,,21:23:29,21-Jul-2026,39.2084,-96.5939,332,17,0.65,16:25:49,21-Jul-2026,-0.52,1,0,-0.002,-9999,3.087,16.52,-9999,1,150,0.005,2,0.058905,0,0.02923,0,0,-6.8e-05,standard,0,rectangular,7000,500,-9999,-9999,55537,55537,55537,0,-9999,0,0,0,0,2.4574,2.4451,1.6422,0.92889,0.18312,-0.02025,0.28042,0.72803,110.5192,0.00031,2.3977,-3e-05,1,2.3839,-2.4e-05,1,0.60171,0.60051,0.10664,0,PSF-00578_20260721162922_1db,PFA-00612,PSA-00572,PSF-00578,RHS-0697,3.0.0,2026-06-15T15:17:51.144Z,DATA_DUMP_1785116825020_clean_2026-07-21.csv,21-Jul-2026,155,Pl15-R2-M2-H1-P05,21-Jul-2026 16:29:22,21-Jul-2026
42,16:29:41,21-Jul-2026,Rain_out,Climate_model,,Pl15-R2-M2-H1-P05,,,0.1042,2.9152,0.1006,3.115,2.2846,2.2004,5.1944,2.9098,22.5188,23.3808,53.159,0.44179,7.5,PSF-00578_20260721162941_eb4,0,0,0,88.84049,198.9634,0.55348,0.5,0.8,217.4408,1,40.1,38.62,35.16,33.5,33.5,97.71,155.9,154.4,1,982,4.056,-10,-26,31,,,,,,,,21:23:52,21-Jul-2026,39.2084,-96.5939,332.2,17,0.65,16:25:49,21-Jul-2026,-0.52,1,-0.001,0,-9999,0.56,1.098,-9999,1,150,0.005,2,0.058905,0,0.02923,0,0,-6.8e-05,standard,0,rectangular,7000,500,-9999,-9999,55537,55537,55537,0,-9999,0,0,0,0,2.4582,2.4463,1.6411,0.92836,0.18277,-0.019869,0.28228,0.92731,88.8405,0.000314,2.3977,-3e-05,1,2.3839,-2.4e-05,1,0.60171,0.60051,0.10664,0,PSF-00578_20260721162941_eb4,PFA-00612,PSA-00572,PSF-00578,RHS-0697,3.0.0,2026-06-15T15:17:51.144Z,DATA_DUMP_1785116825020_clean_2026-07-21.csv,21-Jul-2026,156,Pl15-R2-M2-H1-P05,21-Jul-2026 16:29:41,21-Jul-2026
43,16:29:57,21-Jul-2026,Rain_out,Climate_model,,Pl15-R2-M2-H1-P05,,,0.037939,2.9159,0.037451,1.1659,2.2738,2.2423,5.1992,2.9255,22.9484,23.271,53.2119,0.44179,7.5,PSF-00578_20260721162957_a31,0,0,0,87.74972,236.068,0.62829,0.5,0.8,117.9517,1,39.82,39.27,35.19,33.51,33.51,97.71,156,154.5,1,469,4.055,-8,-33,31,,,,,,,,21:24:09,21-Jul-2026,39.2084,-96.5939,332.5,17,0.65,16:25:49,21-Jul-2026,-0.52,1,0,-0.003,-9999,-0.105,-0.349,-9999,1,150,0.005,2,0.058905,0,0.02923,0,0,-6.8e-05,standard,0,rectangular,7000,500,-9999,-9999,55537,55537,55537,0,-9999,0,0,0,0,2.4591,2.446,1.6418,0.92855,0.18251,-0.020124,0.28375,0.49881,87.7497,0.000299,2.3977,-3e-05,1,2.3839,-2.4e-05,1,0.60171,0.60051,0.10664,0,PSF-00578_20260721162957_a31,PFA-00612,PSA-00572,PSF-00578,RHS-0697,3.0.0,2026-06-15T15:17:51.144Z,DATA_DUMP_1785116825020_clean_2026-07-21.csv,21-Jul-2026,157,Pl15-R2-M2-H1-P05,21-Jul-2026 16:29:57,21-Jul-2026
25,21:25:19,21-Jul-2026,Rain_out,Climate_model,,Pl15-R2-M2-H1-P05,,,-0.010244,2.9158,-0.01028,-0.12556,2.0112,2.0146,3.1738,1.1627,20.6013,20.5665,32.4564,0.44179,7.5,PSF-00578_20260721212519_ddc,0,0,0,81.91609,328.4483,0.7506,0.5,0.8,0.008784,1,56.96,57.06,26.77,24.97,24.97,97.79,156,155.6,0.3,0,3.949,11,45,57,,,,,,,,02:19:30,22-Jul-2026,39.2084,-96.5939,318,11,0.96,21:16:33,21-Jul-2026,-0.75,1,0.001,-0.001,-0.015,0.127,0.238,0.515,1,150,0.005,2,0.058905,0,0.02923,0,0,-6.8e-05,standard,0,rectangular,7000,500,-9999,-9999,55537,55537,55537,0,-9999,0,0,0,0,2.4838,2.4696,1.6417,0.93129,0.25419,-0.019623,0.16182,0.10667,81.9161,0.000293,2.3977,-3e-05,1,2.3839,-2.4e-05,1,0.60171,0.60051,0.10664,0,PSF-00578_20260721212519_ddc,PFA-00612,PSA-00572,PSF-00578,RHS-0697,3.0.0,2026-06-15T15:17:51.144Z,DATA_DUMP_1785116825020_clean_2026-07-21.csv,21-Jul-2026,177,Pl15-R2-M2-H1-P05,21-Jul-2026 21:25:19,21-Jul-2026
26,21:25:35,21-Jul-2026,Rain_out,Climate_model,,Pl15-R2-M2-H1-P05,,,-0.00621,2.9163,-0.006223,-0.079908,2.0168,2.019,3.2388,1.2219,20.6467,20.6245,33.1202,0.44179,7.5,PSF-00578_20260721212535_77a,0,0,0,83.21607,337.5292,0.75345,0.5,0.8,0.00714,1,57.11,57.17,26.77,25.31,25.31,97.79,156,155.5,0.3,0,3.948,16,45,55,,,,,,,,02:19:46,22-Jul-2026,39.2084,-96.5939,318.2,11,0.96,21:16:33,21-Jul-2026,-0.75,1,-0.001,-0.001,-0.012,0.132,0.296,0.727,1,150,0.005,2,0.058905,0,0.02923,0,0,-6.8e-05,standard,0,rectangular,7000,500,-9999,-9999,55537,55537,55537,0,-9999,0,0,0,0,2.4839,2.4698,1.6422,0.9312,0.25415,-0.01592,0.16385,0.10666,83.2161,0.000286,2.3977,-3e-05,1,2.3839,-2.4e-05,1,0.60171,0.60051,0.10664,0,PSF-00578_20260721212535_77a,PFA-00612,PSA-00572,PSF-00578,RHS-0697,3.0.0,2026-06-15T15:17:51.144Z,DATA_DUMP_1785116825020_clean_2026-07-21.csv,21-Jul-2026,178,Pl15-R2-M2-H1-P05,21-Jul-2026 21:25:35,21-Jul-2026
28,21:26:13,21-Jul-2026,Rain_out,Climate_model,,Pl15-R2-M2-H1-P05,,,-0.003632,2.9159,-0.003636,-0.044247,2.0808,2.082,3.2383,1.1576,21.2911,21.2789,33.1167,0.44179,7.5,PSF-00578_20260721212613_d60,0,0,0,81.88498,332.7834,0.75394,0.5,0.8,0.005338,1,58.87,58.9,26.79,25.31,25.31,97.79,156,155.6,0.2,0,3.947,14,45,49,,,,,,,,02:20:23,22-Jul-2026,39.2084,-96.5939,318.7,11,0.91,21:16:33,21-Jul-2026,-0.75,1,-0.003,-0.001,-0.019,0.45,0.731,1.597,1,150,0.005,2,0.058905,0,0.02923,0,0,-6.8e-05,standard,0,rectangular,7000,500,-9999,-9999,55537,55537,55537,0,-9999,0,0,0,0,2.4861,2.472,1.6417,0.93142,0.254,-0.016109,0.1685,0.10666,81.885,0.000292,2.3977,-3e-05,1,2.3839,-2.4e-05,1,0.60171,0.60051,0.10664,0,PSF-00578_20260721212613_d60,PFA-00612,PSA-00572,PSF-00578,RHS-0697,3.0.0,2026-06-15T15:17:51.144Z,DATA_DUMP_1785116825020_clean_2026-07-21.csv,21-Jul-2026,179,Pl15-R2-M2-H1-P05,21-Jul-2026 21:26:13,21-Jul-2026
29,21:26:52,21-Jul-2026,Rain_out,Climate_model,,Pl15-R2-M2-H1-P05,,,-0.00712,2.9162,-0.007138,-0.085194,2.0449,2.0472,3.1807,1.1358,20.9376,20.914,32.5308,0.44179,7.5,PSF-00578_20260721212652_952,0,0,0,83.48751,347.3082,0.75962,0.5,0.8,0.0124,1,57.76,57.82,26.81,25.01,25.01,97.78,156,155.7,0.2,0,3.916,12,-70,55,,,,,,,,02:21:03,22-Jul-2026,39.2084,-96.5939,319,12,0.9,21:26:44,21-Jul-2026,-0.66,1,-0.001,-0.002,-9999,0.246,0.628,-9999,1,150,0.005,2,0.058905,0,0.02923,0,0,-6.8e-05,standard,0,rectangular,7000,500,-9999,-9999,55537,55537,55537,0,-9999,0,0,0,0,2.4847,2.4705,1.6421,0.93154,0.25372,-0.019745,0.17361,0.10668,83.4875,0.000283,2.3977,-3e-05,1,2.3839,-2.4e-05,1,0.60171,0.60051,0.10664,0,PSF-00578_20260721212652_952,PFA-00612,PSA-00572,PSF-00578,RHS-0697,3.0.0,2026-06-15T15:17:51.144Z,DATA_DUMP_1785116825020_clean_2026-07-21.csv,21-Jul-2026,180,Pl15-R2-M2-H1-P05,21-Jul-2026 21:26:52,21-Jul-2026
30,21:27:07,21-Jul-2026,Rain_out,Climate_model,,Pl15-R2-M2-H1-P05,,,-0.005837,2.9157,-0.005848,-0.067592,2.0406,2.0424,3.1407,1.1001,20.8888,20.87,32.1211,0.44179,7.5,PSF-00578_20260721212707_451,0,0,0,92.21971,385.8862,0.76102,0.5,0.8,0.012163,1,57.61,57.66,26.82,24.79,24.79,97.78,156,155.7,0.2,0,3.91,18,-70,62,,,,,,,,02:21:17,22-Jul-2026,39.2084,-96.5939,318.5,12,0.9,21:26:44,21-Jul-2026,-0.66,1,-0.001,-0.003,-9999,0.496,1.459,-9999,1,150,0.005,2,0.058905,0,0.02923,0,0,-6.8e-05,standard,0,rectangular,7000,500,-9999,-9999,55537,55537,55537,0,-9999,0,0,0,0,2.4845,2.4703,1.6415,0.93168,0.25362,-0.022192,0.17534,0.10668,92.2197,0.000288,2.3977,-3e-05,1,2.3839,-2.4e-05,1,0.60171,0.60051,0.10664,0,PSF-00578_20260721212707_451,PFA-00612,PSA-00572,PSF-00578,RHS-0697,3.0.0,2026-06-15T15:17:51.144Z,DATA_DUMP_1785116825020_clean_2026-07-21.csv,21-Jul-2026,181,Pl15-R2-M2-H1-P05,21-Jul-2026 21:27:07,21-Jul-2026
31,21:27:22,21-Jul-2026,Rain_out,Climate_model,,Pl15-R2-M2-H1-P05,,,-0.006741,2.9154,-0.006757,-0.080998,2.0428,2.045,3.1837,1.1409,20.9137,20.8913,32.5588,0.44179,7.5,PSF-00578_20260721212722_019,0,0,0,80.62649,323.3532,0.75065,0.5,0.8,0.008784,1,57.67,57.73,26.82,25.02,25.02,97.78,155.9,155.5,0.3,0,3.935,-2,-49,33,,,,,,,,02:21:33,22-Jul-2026,39.2084,-96.5938,318.9,12,0.9,21:26:44,21-Jul-2026,-0.66,1,-0.001,0,-0.029,0.013,-0.055,-0.165,1,150,0.005,2,0.058905,0,0.02923,0,0,-6.8e-05,standard,0,rectangular,7000,500,-9999,-9999,55537,55537,55537,0,-9999,0,0,0,0,2.4846,2.4704,1.6413,0.93103,0.25363,-0.019672,0.17722,0.10667,80.6265,0.000299,2.3977,-3e-05,1,2.3839,-2.4e-05,1,0.60171,0.60051,0.10664,0,PSF-00578_20260721212722_019,PFA-00612,PSA-00572,PSF-00578,RHS-0697,3.0.0,2026-06-15T15:17:51.144Z,DATA_DUMP_1785116825020_clean_2026-07-21.csv,21-Jul-2026,182,Pl15-R2-M2-H1-P05,21-Jul-2026 21:27:22,21-Jul-2026
32,21:27:37,21-Jul-2026,Rain_out,Climate_model,,Pl15-R2-M2-H1-P05,,,-0.005224,2.9162,-0.005233,-0.058867,2.0517,2.0533,3.1227,1.071,20.9967,20.9804,31.9318,0.44179,7.5,PSF-00578_20260721212737_a31,0,0,0,90.52921,359.5051,0.74818,0.5,0.8,0.003888,1,57.93,57.98,26.82,24.7,24.7,97.79,156,155.6,0.3,0,3.945,-20,29,39,,,,,,,,02:21:46,22-Jul-2026,39.2084,-96.5938,319.3,12,0.9,21:26:44,21-Jul-2026,-0.66,1,-0.002,-0.001,-9999,1.685,3.945,-9999,1,150,0.005,2,0.058905,0,0.02923,0,0,-6.8e-05,standard,0,rectangular,7000,500,-9999,-9999,55537,55537,55537,0,-9999,0,0,0,0,2.4849,2.4707,1.6421,0.93134,0.25366,-0.023205,0.17909,0.10665,90.5292,0.000293,2.3977,-3e-05,1,2.3839,-2.4e-05,1,0.60171,0.60051,0.10664,0,PSF-00578_20260721212737_a31,PFA-00612,PSA-00572,PSF-00578,RHS-0697,3.0.0,2026-06-15T15:17:51.144Z,DATA_DUMP_1785116825020_clean_2026-07-21.csv,21-Jul-2026,183,Pl15-R2-M2-H1-P05,21-Jul-2026 21:27:37,21-Jul-2026
33,21:27:52,21-Jul-2026,Rain_out,Climate_model,,Pl15-R2-M2-H1-P05,,,-0.007945,2.9157,-0.007967,-0.097507,2.0516,2.0542,3.2162,1.1646,21.007,20.98,32.8897,0.44179,7.5,PSF-00578_20260721212752_fc0,0,0,0,92.34274,356.0593,0.74065,0.5,0.8,0.004483,1,57.94,58.01,26.82,25.19,25.19,97.79,156,155.5,0.3,0,3.939,-14,24,32,,,,,,,,02:22:02,22-Jul-2026,39.2084,-96.5938,319.8,12,0.9,21:26:44,21-Jul-2026,-0.66,1,0,-0.002,-9999,1.143,2.614,-9999,1,150,0.005,2,0.058905,0,0.02923,0,0,-6.8e-05,standard,0,rectangular,7000,500,-9999,-9999,55537,55537,55537,0,-9999,0,0,0,0,2.485,2.4707,1.6415,0.93108,0.25369,-0.017727,0.18081,0.10665,92.3427,0.000282,2.3977,-3e-05,1,2.3839,-2.4e-05,1,0.60171,0.60051,0.10664,0,PSF-00578_20260721212752_fc0,PFA-00612,PSA-00572,PSF-00578,RHS-0697,3.0.0,2026-06-15T15:17:51.144Z,DATA_DUMP_1785116825020_clean_2026-07-21.csv,21-Jul-2026,184,Pl15-R2-M2-H1-P05,21-Jul-2026 21:27:52,21-Jul-2026
34,21:28:07,21-Jul-2026,Rain_out,Climate_model,,Pl15-R2-M2-H1-P05,,,-0.006015,2.9153,-0.006028,-0.069952,2.055,2.0569,3.1597,1.1046,21.0335,21.0141,32.3099,0.44179,7.5,PSF-00578_20260721212807_851,0,0,0,82.37815,339.7987,0.75757,0.5,0.8,0.005623,1,58.04,58.1,26.82,24.89,24.89,97.79,155.9,155.6,0.2,0,3.943,-23,-44,39,,,,,,,,02:22:18,22-Jul-2026,39.2084,-96.5938,320.1,12,0.9,21:26:44,21-Jul-2026,-0.66,1,0.001,0,-9999,0.231,0.456,-9999,1,150,0.005,2,0.058905,0,0.02923,0,0,-6.8e-05,standard,0,rectangular,7000,500,-9999,-9999,55537,55537,55537,0,-9999,0,0,0,0,2.4851,2.4709,1.6412,0.93151,0.25371,-0.020986,0.18273,0.10666,82.3782,0.000289,2.3977,-3e-05,1,2.3839,-2.4e-05,1,0.60171,0.60051,0.10664,0,PSF-00578_20260721212807_851,PFA-00612,PSA-00572,PSF-00578,RHS-0697,3.0.0,2026-06-15T15:17:51.144Z,DATA_DUMP_1785116825020_clean_2026-07-21.csv,21-Jul-2026,185,Pl15-R2-M2-H1-P05,21-Jul-2026 21:28:07,21-Jul-2026
35,21:28:21,21-Jul-2026,Rain_out,Climate_model,,Pl15-R2-M2-H1-P05,,,-0.009742,2.9161,-0.009774,-0.11063,2.0668,2.0698,3.1441,1.0773,21.1666,21.136,32.153,0.44179,7.5,PSF-00578_20260721212821_25a,0,0,0,83.14777,325.9957,0.74494,0.5,0.8,0.007442,1,58.38,58.47,26.81,24.81,24.81,97.79,156,155.6,0.3,0,3.943,15,41,55,,,,,,,,02:22:31,22-Jul-2026,39.2084,-96.5939,320,12,0.9,21:26:44,21-Jul-2026,-0.66,1,-0.001,-0.004,-9999,0.187,0.524,-9999,1,150,0.005,2,0.058905,0,0.02923,0,0,-6.8e-05,standard,0,rectangular,7000,500,-9999,-9999,55537,55537,55537,0,-9999,0,0,0,0,2.4855,2.4713,1.642,0.93141,0.25373,-0.021863,0.18433,0.10666,83.1478,0.000306,2.3977,-3e-05,1,2.3839,-2.4e-05,1,0.60171,0.60051,0.10664,0,PSF-00578_20260721212821_25a,PFA-00612,PSA-00572,PSF-00578,RHS-0697,3.0.0,2026-06-15T15:17:51.144Z,DATA_DUMP_1785116825020_clean_2026-07-21.csv,21-Jul-2026,186,Pl15-R2-M2-H1-P05,21-Jul-2026 21:28:21,21-Jul-2026
36,21:28:35,21-Jul-2026,Rain_out,Climate_model,,Pl15-R2-M2-H1-P05,,,-0.015491,2.9149,-0.015574,-0.15876,2.0852,2.0895,3.0558,0.97059,21.3687,21.3247,31.2504,0.44179,7.5,PSF-00578_20260721212835_aa0,0,0,0,74.88942,331.7553,0.77426,0.5,0.8,0.007072,1,58.92,59.04,26.81,24.34,24.34,97.78,155.9,155.6,0.1,0,3.942,2,18,29,,,,,,,,02:22:45,22-Jul-2026,39.2084,-96.5939,320.6,12,0.9,21:26:44,21-Jul-2026,-0.66,1,-0.003,-0.002,-9999,0.197,0.297,-9999,1,150,0.005,2,0.058905,0,0.02923,0,0,-6.8e-05,standard,0,rectangular,7000,500,-9999,-9999,55537,55537,55537,0,-9999,0,0,0,0,2.4863,2.472,1.6407,0.93148,0.25377,-0.027047,0.18605,0.10666,74.8894,0.000291,2.3977,-3e-05,1,2.3839,-2.4e-05,1,0.60171,0.60051,0.10664,0,PSF-00578_20260721212835_aa0,PFA-00612,PSA-00572,PSF-00578,RHS-0697,3.0.0,2026-06-15T15:17:51.144Z,DATA_DUMP_1785116825020_clean_2026-07-21.csv,21-Jul-2026,187,Pl15-R2-M2-H1-P05,21-Jul-2026 21:28:35,21-Jul-2026
37,21:28:59,21-Jul-2026,Rain_out,Climate_model,,Pl15-R2-M2-H1-P05,,,-0.000927,2.9154,-0.000928,-0.010395,2.111,2.1113,3.1771,1.0661,21.5904,21.5875,32.4893,0.44179,7.5,PSF-00578_20260721212859_1ed,0,0,0,77.36063,333.012,0.76769,0.5,0.8,0.005172,1,59.65,59.66,26.81,24.99,24.99,97.79,155.9,155.6,0.2,0,3.941,10,39,34,,,,,,,,02:23:06,22-Jul-2026,39.2084,-96.5939,320.6,12,0.9,21:26:44,21-Jul-2026,-0.66,1,-0.001,-0.002,-0.01,0.057,0.101,0.224,1,150,0.005,2,0.058905,0,0.02923,0,0,-6.8e-05,standard,0,rectangular,7000,500,-9999,-9999,55537,55537,55537,0,-9999,0,0,0,0,2.4871,2.4729,1.6413,0.93137,0.25378,-0.019893,0.189,0.10666,77.3606,0.000289,2.3977,-3e-05,1,2.3839,-2.4e-05,1,0.60171,0.60051,0.10664,0,PSF-00578_20260721212859_1ed,PFA-00612,PSA-00572,PSF-00578,RHS-0697,3.0.0,2026-06-15T15:17:51.144Z,DATA_DUMP_1785116825020_clean_2026-07-21.csv,21-Jul-2026,188,Pl15-R2-M2-H1-P05,21-Jul-2026 21:28:59,21-Jul-2026
38,21:29:14,21-Jul-2026,Rain_out,Climate_model,,Pl15-R2-M2-H1-P05,,,-0.001032,2.9162,-0.001033,-0.011372,2.0725,2.0728,3.1208,1.0484,21.195,21.1919,31.912,0.44179,7.5,PSF-00578_20260721212914_b99,0,0,0,87.35812,357.3829,0.75556,0.5,0.8,0.003409,1,58.56,58.57,26.81,24.69,24.69,97.79,156,155.7,0.2,0,3.94,-18,34,32,,,,,,,,02:23:24,22-Jul-2026,39.2084,-96.5939,321,11,1.21,21:26:44,21-Jul-2026,-0.66,1,-0.001,-0.002,-9999,0.991,2.799,-9999,1,150,0.005,2,0.058905,0,0.02923,0,0,-6.8e-05,standard,0,rectangular,7000,500,-9999,-9999,55537,55537,55537,0,-9999,0,0,0,0,2.4857,2.4715,1.6421,0.93174,0.25378,-0.023177,0.19075,0.10665,87.3581,0.0003,2.3977,-3e-05,1,2.3839,-2.4e-05,1,0.60171,0.60051,0.10664,0,PSF-00578_20260721212914_b99,PFA-00612,PSA-00572,PSF-00578,RHS-0697,3.0.0,2026-06-15T15:17:51.144Z,DATA_DUMP_1785116825020_clean_2026-07-21.csv,21-Jul-2026,189,Pl15-R2-M2-H1-P05,21-Jul-2026 21:29:14,21-Jul-2026
44,11:38:07,21-Jul-2026,Rain_out,Climate_model,,Pl16-R2-M1-H2-P08,,,0.056766,2.9171,0.055683,2.0995,1.9269,1.87,5.472,3.5451,19.1356,19.718,55.9949,0.44179,7.5,PSF-00578_20260721113807_861,0,0,0,189.3593,285.8784,0.33762,0.5,0.8,158.7249,1,32.43,31.47,35.92,34.43,34.43,97.72,156.1,154.6,0.9,1175,3.556,0,29,109,,,,,,,,16:32:19,21-Jul-2026,39.2085,-96.5938,328,14,0.84,11:32:47,21-Jul-2026,-0.4,1,0.001,0.001,-9999,3.658,5.55,-9999,1,150,0.005,2,0.058905,0,0.02923,0,0,-6.8e-05,standard,0,rectangular,7000,500,-9999,-9999,55537,55537,55537,0,-9999,0,0,0,0,2.4484,2.4359,1.643,0.92901,0.17745,-0.017943,0.25663,1.0887,189.3593,0.0003,2.3977,-3e-05,1,2.3839,-2.4e-05,1,0.60171,0.60051,0.10664,0,PSF-00578_20260721113807_861,PFA-00612,PSA-00572,PSF-00578,RHS-0697,3.0.0,2026-06-15T15:17:51.144Z,DATA_DUMP_1785116825020_clean_2026-07-21.csv,21-Jul-2026,96,Pl16-R2-M1-H2-P08,21-Jul-2026 11:38:07,21-Jul-2026
1,11:45:37,21-Jul-2026,Rain_out,Climate_model,,Pl16-R2-M1-H2-P08,,,0.084623,2.9152,0.082236,4.5116,2.1549,2.0327,7.2589,5.104,20.7971,22.0474,74.2671,0.44179,7.5,PSF-00578_20260721114537_72b,0,0,0,106.5141,148.4102,0.2823,0.5,0.8,171.8837,1,34.47,32.51,36.85,39.61,39.61,97.74,155.9,154.7,0.8,1522,3.584,-20,-35,87,,,,,,,,00:00:00,0000-00-00,NaN,NaN,NaN,0,NaN,11:45:16,21-Jul-2026,-0.35,1,0.002,0.003,0.011,-0.568,-0.896,-2.137,1,150,0.005,2,0.058905,0,0.02923,0,0,-6.8e-05,standard,0,rectangular,7000,500,-9999,-9999,55537,55537,55537,0,-9999,0,0,0,0,2.4497,2.4384,1.641,0.92911,0.1712,0.035005,0.16624,1.3785,106.5141,0.000303,2.3977,-3e-05,1,2.3839,-2.4e-05,1,0.60171,0.60051,0.10664,0,PSF-00578_20260721114537_72b,PFA-00612,PSA-00572,PSF-00578,RHS-0697,3.0.0,2026-06-15T15:17:51.144Z,DATA_DUMP_1785116825020_clean_2026-07-21.csv,21-Jul-2026,97,Pl16-R2-M1-H2-P08,21-Jul-2026 11:45:37,21-Jul-2026
2,11:45:48,21-Jul-2026,Rain_out,Climate_model,,Pl16-R2-M1-H2-P08,,,0.061402,2.9167,0.060136,3.3314,2.1188,2.0286,7.2733,5.1545,20.7547,21.6772,74.413,0.44179,7.5,PSF-00578_20260721114548_6d2,0,0,0,111.8596,149.4162,0.25136,0.5,0.8,157.3237,1,33.82,32.38,36.88,39.64,39.64,97.74,156.1,154.5,1,1565,3.589,-23,-29,91,,,,,,,,00:00:00,0000-00-00,NaN,NaN,NaN,0,NaN,11:45:16,21-Jul-2026,-0.35,1,0.003,0.002,-9999,-1.131,-1.876,-9999,1,150,0.005,2,0.058905,0,0.02923,0,0,-6.8e-05,standard,0,rectangular,7000,500,-9999,-9999,55537,55537,55537,0,-9999,0,0,0,0,2.4495,2.4376,1.6426,0.92861,0.17096,0.035033,0.16819,1.4141,111.8596,0.000304,2.3977,-3e-05,1,2.3839,-2.4e-05,1,0.60171,0.60051,0.10664,0,PSF-00578_20260721114548_6d2,PFA-00612,PSA-00572,PSF-00578,RHS-0697,3.0.0,2026-06-15T15:17:51.144Z,DATA_DUMP_1785116825020_clean_2026-07-21.csv,21-Jul-2026,98,Pl16-R2-M1-H2-P08,21-Jul-2026 11:45:48,21-Jul-2026
3,11:46:00,21-Jul-2026,Rain_out,Climate_model,,Pl16-R2-M1-H2-P08,,,0.051348,2.9163,0.05046,2.5332,2.0389,1.9703,6.7264,4.6875,20.1551,20.8574,68.8084,0.44179,7.5,PSF-00578_20260721114600_755,0,0,0,93.65559,141.6331,0.33875,0.5,0.8,212.8481,1,32.49,31.4,36.91,38.19,38.19,97.76,156,154.5,1,1571,3.589,-23,-28,89,,,,,,,,00:00:00,0000-00-00,NaN,NaN,NaN,0,NaN,11:45:16,21-Jul-2026,-0.35,1,0,0.002,-9999,-0.115,-1.242,-9999,1,150,0.005,2,0.058905,0,0.02923,0,0,-6.8e-05,standard,0,rectangular,7000,500,-9999,-9999,55537,55537,55537,0,-9999,0,0,0,0,2.4482,2.4358,1.6422,0.92854,0.17075,0.016207,0.17015,1.4192,93.6556,0.000304,2.3977,-3e-05,1,2.3839,-2.4e-05,1,0.60171,0.60051,0.10664,0,PSF-00578_20260721114600_755,PFA-00612,PSA-00572,PSF-00578,RHS-0697,3.0.0,2026-06-15T15:17:51.144Z,DATA_DUMP_1785116825020_clean_2026-07-21.csv,21-Jul-2026,99,Pl16-R2-M1-H2-P08,21-Jul-2026 11:46:00,21-Jul-2026
4,11:46:11,21-Jul-2026,Rain_out,Climate_model,,Pl16-R2-M1-H2-P08,,,0.11088,2.9165,0.10682,4.9783,2.2336,2.099,6.5835,4.3498,21.4746,22.8516,67.3531,0.44179,7.5,PSF-00578_20260721114611_dfe,0,0,0,100.5979,148.2103,0.32125,0.5,0.8,207.5097,1,35.56,33.41,36.93,37.79,37.79,97.75,156.1,154.6,1,1615,3.548,-23,-25,72,,,,,,,,00:00:00,0000-00-00,39.2084,-96.5939,333.5,6,1.44,11:45:16,21-Jul-2026,-0.35,1,0.002,0.002,-9999,-0.381,-0.329,-9999,1,150,0.005,2,0.058905,0,0.02923,0,0,-6.8e-05,standard,0,rectangular,7000,500,-9999,-9999,55537,55537,55537,0,-9999,0,0,0,0,2.4509,2.4399,1.6424,0.92877,0.17062,0.010975,0.17179,1.456,100.5979,0.000308,2.3977,-3e-05,1,2.3839,-2.4e-05,1,0.60171,0.60051,0.10664,0,PSF-00578_20260721114611_dfe,PFA-00612,PSA-00572,PSF-00578,RHS-0697,3.0.0,2026-06-15T15:17:51.144Z,DATA_DUMP_1785116825020_clean_2026-07-21.csv,21-Jul-2026,100,Pl16-R2-M1-H2-P08,21-Jul-2026 11:46:11,21-Jul-2026
5,11:46:24,21-Jul-2026,Rain_out,Climate_model,,Pl16-R2-M1-H2-P08,,,0.11041,2.9163,0.10638,4.9049,2.1723,2.0396,6.4797,4.3074,20.8661,22.224,66.2901,0.44179,7.5,PSF-00578_20260721114624_2fb,0,0,0,97.14317,177.7872,0.4536,0.5,0.8,279.6295,1,34.55,32.44,36.95,37.5,37.5,97.75,156,154.7,0.9,1541,3.587,-22,-30,81,,,,,,,,16:40:36,21-Jul-2026,39.2084,-96.5939,332.8,4,2.28,11:45:16,21-Jul-2026,-0.35,1,-0.002,-0.002,0.007,2.835,0.375,-21.865,1,150,0.005,2,0.058905,0,0.02923,0,0,-6.8e-05,standard,0,rectangular,7000,500,-9999,-9999,55537,55537,55537,0,-9999,0,0,0,0,2.4496,2.4385,1.6422,0.92902,0.17051,0.007105,0.17373,1.3944,97.1432,0.000298,2.3977,-3e-05,1,2.3839,-2.4e-05,1,0.60171,0.60051,0.10664,0,PSF-00578_20260721114624_2fb,PFA-00612,PSA-00572,PSF-00578,RHS-0697,3.0.0,2026-06-15T15:17:51.144Z,DATA_DUMP_1785116825020_clean_2026-07-21.csv,21-Jul-2026,101,Pl16-R2-M1-H2-P08,21-Jul-2026 11:46:24,21-Jul-2026
6,11:46:34,21-Jul-2026,Rain_out,Climate_model,,Pl16-R2-M1-H2-P08,,,0.012264,2.9172,0.012213,0.69058,2.0347,2.0159,7.2987,5.264,20.6212,20.8126,74.6586,0.44179,7.5,PSF-00578_20260721114634_b54,0,0,0,101.8649,118.3838,0.13954,0.5,0.8,82.7981,1,32.34,32.04,36.96,39.71,39.71,97.76,156.1,154.3,1.2,1483,3.587,-21,-28,89,,,,,,,,16:40:47,21-Jul-2026,39.2084,-96.5938,336.8,6,1.44,11:45:16,21-Jul-2026,-0.35,1,-0.001,-0.001,-9999,0.08,-0.119,-9999,1,150,0.005,2,0.058905,0,0.02923,0,0,-6.8e-05,standard,0,rectangular,7000,500,-9999,-9999,55537,55537,55537,0,-9999,0,0,0,0,2.4491,2.4355,1.6431,0.92809,0.17042,0.03485,0.17533,1.3462,101.8649,0.000304,2.3977,-3e-05,1,2.3839,-2.4e-05,1,0.60171,0.60051,0.10664,0,PSF-00578_20260721114634_b54,PFA-00612,PSA-00572,PSF-00578,RHS-0697,3.0.0,2026-06-15T15:17:51.144Z,DATA_DUMP_1785116825020_clean_2026-07-21.csv,21-Jul-2026,102,Pl16-R2-M1-H2-P08,21-Jul-2026 11:46:34,21-Jul-2026
7,11:46:46,21-Jul-2026,Rain_out,Climate_model,,Pl16-R2-M1-H2-P08,,,0.01914,2.9166,0.019015,1.0579,2.0098,1.9811,7.1927,5.1829,20.2652,20.5585,73.5756,0.44179,7.5,PSF-00578_20260721114646_282,0,0,0,97.50688,117.0605,0.16704,0.5,0.8,106.5376,1,31.91,31.46,36.98,39.43,39.43,97.76,156.1,154.3,1.2,1595,3.588,-21,-26,79,,,,,,,,16:40:58,21-Jul-2026,39.2084,-96.5939,336.7,5,1.58,11:45:16,21-Jul-2026,-0.35,1,0,0.001,-9999,-0.541,-0.506,-9999,1,150,0.005,2,0.058905,0,0.02923,0,0,-6.8e-05,standard,0,rectangular,7000,500,-9999,-9999,55537,55537,55537,0,-9999,0,0,0,0,2.4483,2.435,1.6425,0.92802,0.17033,0.031177,0.17693,1.439,97.5069,0.000306,2.3977,-3e-05,1,2.3839,-2.4e-05,1,0.60171,0.60051,0.10664,0,PSF-00578_20260721114646_282,PFA-00612,PSA-00572,PSF-00578,RHS-0697,3.0.0,2026-06-15T15:17:51.144Z,DATA_DUMP_1785116825020_clean_2026-07-21.csv,21-Jul-2026,103,Pl16-R2-M1-H2-P08,21-Jul-2026 11:46:46,21-Jul-2026
9,11:47:09,21-Jul-2026,Rain_out,Climate_model,,Pl16-R2-M1-H2-P08,,,0.11232,2.9163,0.10815,3.9551,2.113,2.0059,5.5471,3.4342,20.5228,21.6185,56.7551,0.44179,7.5,PSF-00578_20260721114709_5ba,0,0,0,96.97401,202.6159,0.52139,0.5,0.8,190.9211,1,33.55,31.85,36.98,34.67,34.67,97.74,156,154.5,1,915,3.549,3,-69,110,,,,,,,,16:41:18,21-Jul-2026,39.2084,-96.5938,337.9,7,1.39,11:45:16,21-Jul-2026,-0.35,1,0,-0.001,-9999,-2.384,-3.275,-9999,1,150,0.005,2,0.058905,0,0.02923,0,0,-6.8e-05,standard,0,rectangular,7000,500,-9999,-9999,55537,55537,55537,0,-9999,0,0,0,0,2.4488,2.4372,1.6422,0.92865,0.17031,-0.028075,0.17996,0.87157,96.974,0.000306,2.3977,-3e-05,1,2.3839,-2.4e-05,1,0.60171,0.60051,0.10664,0,PSF-00578_20260721114709_5ba,PFA-00612,PSA-00572,PSF-00578,RHS-0697,3.0.0,2026-06-15T15:17:51.144Z,DATA_DUMP_1785116825020_clean_2026-07-21.csv,21-Jul-2026,104,Pl16-R2-M1-H2-P08,21-Jul-2026 11:47:09,21-Jul-2026
10,11:47:36,21-Jul-2026,Rain_out,Climate_model,,Pl16-R2-M1-H2-P08,,,0.16887,2.9167,0.15963,6.049,1.9694,1.8054,5.531,3.5616,18.472,20.1496,56.5893,0.44179,7.5,PSF-00578_20260721114736_895,0,0,0,92.5312,178.354,0.48119,0.5,0.8,215.2957,1,31.27,28.67,36.98,34.62,34.62,97.74,156.1,154.3,1.1,1119,3.58,8,-76,132,,,,,,,,16:41:47,21-Jul-2026,39.2084,-96.5939,339.4,7,1.39,11:45:16,21-Jul-2026,-0.35,1,0.001,0.004,0.013,-0.604,-0.285,-1.35,1,150,0.005,2,0.058905,0,0.02923,0,0,-6.8e-05,standard,0,rectangular,7000,500,-9999,-9999,55537,55537,55537,0,-9999,0,0,0,0,2.4444,2.4341,1.6426,0.92824,0.17033,-0.028685,0.18355,1.0413,92.5312,0.000304,2.3977,-3e-05,1,2.3839,-2.4e-05,1,0.60171,0.60051,0.10664,0,PSF-00578_20260721114736_895,PFA-00612,PSA-00572,PSF-00578,RHS-0697,3.0.0,2026-06-15T15:17:51.144Z,DATA_DUMP_1785116825020_clean_2026-07-21.csv,21-Jul-2026,105,Pl16-R2-M1-H2-P08,21-Jul-2026 11:47:36,21-Jul-2026
11,11:47:49,21-Jul-2026,Rain_out,Climate_model,,Pl16-R2-M1-H2-P08,,,0.12668,2.9176,0.12141,4.914,1.9592,1.8261,5.7591,3.7998,18.6833,20.0453,58.9218,0.44179,7.5,PSF-00578_20260721114749_a27,0,0,0,90.89434,169.3153,0.46316,0.5,0.8,215.513,1,31.13,29.02,36.97,35.35,35.35,97.74,156.2,154.6,1,1163,3.588,4,-79,143,,,,,,,,16:42:01,21-Jul-2026,39.2084,-96.5939,337.8,7,1.39,11:45:16,21-Jul-2026,-0.35,1,-0.003,0,0.008,-0.226,-0.392,-0.786,1,150,0.005,2,0.058905,0,0.02923,0,0,-6.8e-05,standard,0,rectangular,7000,500,-9999,-9999,55537,55537,55537,0,-9999,0,0,0,0,2.4449,2.4339,1.6436,0.92885,0.17041,-0.019653,0.1852,1.0786,90.8943,0.000305,2.3977,-3e-05,1,2.3839,-2.4e-05,1,0.60171,0.60051,0.10664,0,PSF-00578_20260721114749_a27,PFA-00612,PSA-00572,PSF-00578,RHS-0697,3.0.0,2026-06-15T15:17:51.144Z,DATA_DUMP_1785116825020_clean_2026-07-21.csv,21-Jul-2026,106,Pl16-R2-M1-H2-P08,21-Jul-2026 11:47:49,21-Jul-2026
12,11:48:04,21-Jul-2026,Rain_out,Climate_model,,Pl16-R2-M1-H2-P08,,,0.1973,2.9159,0.1848,6.5719,2.0111,1.8329,5.3561,3.3449,18.7529,20.5759,54.7982,0.44179,7.5,PSF-00578_20260721114804_642,0,0,0,89.62118,190.9297,0.53061,0.5,0.8,256.4529,1,31.98,29.15,36.95,34.04,34.04,97.74,156,154.5,1,1208,3.588,0,-76,135,,,,,,,,16:42:16,21-Jul-2026,39.2084,-96.5939,340.2,7,1.39,11:45:16,21-Jul-2026,-0.35,1,0.003,0.002,0.014,1.212,1.793,-8.714,1,150,0.005,2,0.058905,0,0.02923,0,0,-6.8e-05,standard,0,rectangular,7000,500,-9999,-9999,55537,55537,55537,0,-9999,0,0,0,0,2.4451,2.4351,1.6418,0.92853,0.17049,-0.035354,0.18684,1.1163,89.6212,0.000311,2.3977,-3e-05,1,2.3839,-2.4e-05,1,0.60171,0.60051,0.10664,0,PSF-00578_20260721114804_642,PFA-00612,PSA-00572,PSF-00578,RHS-0697,3.0.0,2026-06-15T15:17:51.144Z,DATA_DUMP_1785116825020_clean_2026-07-21.csv,21-Jul-2026,107,Pl16-R2-M1-H2-P08,21-Jul-2026 11:48:04,21-Jul-2026
13,11:48:16,21-Jul-2026,Rain_out,Climate_model,,Pl16-R2-M1-H2-P08,,,0.070314,2.9148,0.068658,2.5525,1.9047,1.8354,5.4025,3.4978,18.7785,19.488,55.2753,0.44179,7.5,PSF-00578_20260721114816_af5,0,0,0,106.9525,216.7547,0.50657,0.5,0.8,178.9848,1,30.31,29.21,36.94,34.2,34.2,97.74,155.8,154.4,0.9,883,3.582,-1,-73,95,,,,,,,,16:42:29,21-Jul-2026,39.2084,-96.5938,340.2,6,1.58,11:45:16,21-Jul-2026,-0.35,1,0,0.002,-9999,-1.93,-1.312,-9999,1,150,0.005,2,0.058905,0,0.02923,0,0,-6.8e-05,standard,0,rectangular,7000,500,-9999,-9999,55537,55537,55537,0,-9999,0,0,0,0,2.4451,2.4328,1.6407,0.92833,0.17058,-0.03333,0.18833,0.84472,106.9525,0.000299,2.3977,-3e-05,1,2.3839,-2.4e-05,1,0.60171,0.60051,0.10664,0,PSF-00578_20260721114816_af5,PFA-00612,PSA-00572,PSF-00578,RHS-0697,3.0.0,2026-06-15T15:17:51.144Z,DATA_DUMP_1785116825020_clean_2026-07-21.csv,21-Jul-2026,108,Pl16-R2-M1-H2-P08,21-Jul-2026 11:48:16,21-Jul-2026
14,11:48:28,21-Jul-2026,Rain_out,Climate_model,,Pl16-R2-M1-H2-P08,,,0.045013,2.916,0.044329,1.7444,1.8809,1.8335,5.5803,3.6995,18.7591,19.2436,57.0935,0.44179,7.5,PSF-00578_20260721114828_f91,0,0,0,157.6406,271.9531,0.42034,0.5,0.8,156.6185,1,29.95,29.2,36.93,34.78,34.78,97.74,156,154.2,1.1,932,3.589,-2,-69,96,,,,,,,,16:42:40,21-Jul-2026,39.2084,-96.5939,340.3,7,1.39,11:45:16,21-Jul-2026,-0.35,1,0.002,0.003,-9999,-4.16,-5.057,-9999,1,150,0.005,2,0.058905,0,0.02923,0,0,-6.8e-05,standard,0,rectangular,7000,500,-9999,-9999,55537,55537,55537,0,-9999,0,0,0,0,2.4451,2.4323,1.6419,0.928,0.17066,-0.026122,0.18965,0.88499,157.6406,0.0003,2.3977,-3e-05,1,2.3839,-2.4e-05,1,0.60171,0.60051,0.10664,0,PSF-00578_20260721114828_f91,PFA-00612,PSA-00572,PSF-00578,RHS-0697,3.0.0,2026-06-15T15:17:51.144Z,DATA_DUMP_1785116825020_clean_2026-07-21.csv,21-Jul-2026,109,Pl16-R2-M1-H2-P08,21-Jul-2026 11:48:28,21-Jul-2026
15,11:48:40,21-Jul-2026,Rain_out,Climate_model,,Pl16-R2-M1-H2-P08,,,0.091617,2.9168,0.088827,3.2415,1.9035,1.8156,5.3382,3.4347,18.575,19.4745,54.6145,0.44179,7.5,PSF-00578_20260721114840_e0c,0,0,0,107.7483,207.0901,0.4797,0.5,0.8,160.2293,1,30.34,28.94,36.91,33.98,33.98,97.74,156.1,154.6,1,835,3.588,-5,-59,89,,,,,,,,16:42:52,21-Jul-2026,39.2084,-96.5938,340.3,7,1.39,11:45:16,21-Jul-2026,-0.35,1,0.002,0.002,-9999,-1.012,-3.375,-9999,1,150,0.005,2,0.058905,0,0.02923,0,0,-6.8e-05,standard,0,rectangular,7000,500,-9999,-9999,55537,55537,55537,0,-9999,0,0,0,0,2.4448,2.4328,1.6427,0.92892,0.17077,-0.035553,0.19083,0.80439,107.7483,0.00031,2.3977,-3e-05,1,2.3839,-2.4e-05,1,0.60171,0.60051,0.10664,0,PSF-00578_20260721114840_e0c,PFA-00612,PSA-00572,PSF-00578,RHS-0697,3.0.0,2026-06-15T15:17:51.144Z,DATA_DUMP_1785116825020_clean_2026-07-21.csv,21-Jul-2026,110,Pl16-R2-M1-H2-P08,21-Jul-2026 11:48:40,21-Jul-2026
17,11:49:00,21-Jul-2026,Rain_out,Climate_model,,Pl16-R2-M1-H2-P08,,,0.040842,2.9159,0.040278,1.5457,1.8336,1.7916,5.4447,3.6112,18.3301,18.7596,55.7062,0.44179,7.5,PSF-00578_20260721114900_c66,0,0,0,88.4875,279.6843,0.68362,0.5,0.8,137.9307,1,29.27,28.6,36.88,34.34,34.34,97.74,156,154.5,1,504,3.587,13,56,151,,,,,,,,16:43:12,21-Jul-2026,39.2084,-96.5938,339.9,7,1.39,11:45:16,21-Jul-2026,-0.35,1,0.001,0.003,-9999,-0.566,-0.329,-9999,1,150,0.005,2,0.058905,0,0.02923,0,0,-6.8e-05,standard,0,rectangular,7000,500,-9999,-9999,55537,55537,55537,0,-9999,0,0,0,0,2.4443,2.4314,1.6417,0.92854,0.17095,-0.030928,0.19302,0.52812,88.4875,0.000299,2.3977,-3e-05,1,2.3839,-2.4e-05,1,0.60171,0.60051,0.10664,0,PSF-00578_20260721114900_c66,PFA-00612,PSA-00572,PSF-00578,RHS-0697,3.0.0,2026-06-15T15:17:51.144Z,DATA_DUMP_1785116825020_clean_2026-07-21.csv,21-Jul-2026,111,Pl16-R2-M1-H2-P08,21-Jul-2026 11:49:00,21-Jul-2026
18,11:49:14,21-Jul-2026,Rain_out,Climate_model,,Pl16-R2-M1-H2-P08,,,0.14252,2.9157,0.13588,5.0717,1.9017,1.764,5.4137,3.5119,18.0467,19.4554,55.3835,0.44179,7.5,PSF-00578_20260721114914_276,0,0,0,95.855,187.8848,0.48982,0.5,0.8,231.7902,1,30.38,28.18,36.87,34.24,34.24,97.75,156,154.4,1,1183,3.587,-3,34,101,,,,,,,,16:43:26,21-Jul-2026,39.2084,-96.5938,339.8,8,1.31,11:45:16,21-Jul-2026,-0.35,1,0.003,0.002,-9999,-1.439,-2.989,-9999,1,150,0.005,2,0.058905,0,0.02923,0,0,-6.8e-05,standard,0,rectangular,7000,500,-9999,-9999,55537,55537,55537,0,-9999,0,0,0,0,2.4437,2.4329,1.6416,0.9285,0.17105,-0.031988,0.19442,1.0952,95.855,0.000299,2.3977,-3e-05,1,2.3839,-2.4e-05,1,0.60171,0.60051,0.10664,0,PSF-00578_20260721114914_276,PFA-00612,PSA-00572,PSF-00578,RHS-0697,3.0.0,2026-06-15T15:17:51.144Z,DATA_DUMP_1785116825020_clean_2026-07-21.csv,21-Jul-2026,112,Pl16-R2-M1-H2-P08,21-Jul-2026 11:49:14,21-Jul-2026
19,11:49:30,21-Jul-2026,Rain_out,Climate_model,,Pl16-R2-M1-H2-P08,,,0.32056,2.9174,0.28882,10.2181,2.1794,1.9032,5.5016,3.3222,19.471,22.2972,56.2854,0.44179,7.5,PSF-00578_20260721114930_7b2,0,0,0,89.80679,161.0384,0.44233,0.5,0.8,253.0938,1,34.86,30.44,36.85,34.53,34.53,97.75,156.2,154.4,1.1,1430,3.587,-12,32,71,,,,,,,,16:43:38,21-Jul-2026,39.2084,-96.5938,337.8,9,1.09,11:45:16,21-Jul-2026,-0.35,1,-0.003,0.001,0.013,0.134,0.178,-0.224,1,150,0.005,2,0.058905,0,0.02923,0,0,-6.8e-05,standard,0,rectangular,7000,500,-9999,-9999,55537,55537,55537,0,-9999,0,0,0,0,2.4469,2.4389,1.6433,0.92835,0.17119,-0.02822,0.19628,1.3019,89.8068,0.000275,2.3977,-3e-05,1,2.3839,-2.4e-05,1,0.60171,0.60051,0.10664,0,PSF-00578_20260721114930_7b2,PFA-00612,PSA-00572,PSF-00578,RHS-0697,3.0.0,2026-06-15T15:17:51.144Z,DATA_DUMP_1785116825020_clean_2026-07-21.csv,21-Jul-2026,113,Pl16-R2-M1-H2-P08,21-Jul-2026 11:49:30,21-Jul-2026
20,11:49:47,21-Jul-2026,Rain_out,Climate_model,,Pl16-R2-M1-H2-P08,,,0.13806,2.916,0.13182,4.5445,2.0315,1.9083,5.2754,3.2439,19.5221,20.7824,53.9683,0.44179,7.5,PSF-00578_20260721114947_ac3,0,0,0,86.09212,194.9404,0.55837,0.5,0.8,212.4539,1,32.52,30.54,36.83,33.77,33.77,97.75,156,154.5,1,951,3.582,0,54,313,,,,,,,,16:43:59,21-Jul-2026,39.2084,-96.5938,339.5,9,1.09,11:45:16,21-Jul-2026,-0.35,1,0.001,-0.001,-9999,1.277,0.989,-9999,1,150,0.005,2,0.058905,0,0.02923,0,0,-6.8e-05,standard,0,rectangular,7000,500,-9999,-9999,55537,55537,55537,0,-9999,0,0,0,0,2.447,2.4358,1.6419,0.92852,0.17129,-0.037133,0.19805,0.90147,86.0921,0.000306,2.3977,-3e-05,1,2.3839,-2.4e-05,1,0.60171,0.60051,0.10664,0,PSF-00578_20260721114947_ac3,PFA-00612,PSA-00572,PSF-00578,RHS-0697,3.0.0,2026-06-15T15:17:51.144Z,DATA_DUMP_1785116825020_clean_2026-07-21.csv,21-Jul-2026,114,Pl16-R2-M1-H2-P08,21-Jul-2026 11:49:47,21-Jul-2026
21,11:49:59,21-Jul-2026,Rain_out,Climate_model,,Pl16-R2-M1-H2-P08,,,0.19068,2.9163,0.17897,6.3078,1.9841,1.8131,5.3007,3.3166,18.5489,20.2987,54.2297,0.44179,7.5,PSF-00578_20260721114959_08e,0,0,0,90.89076,197.1509,0.53898,0.5,0.8,176.1847,1,31.79,29.05,36.81,33.86,33.86,97.75,156,154.8,0.8,817,3.588,-3,61,315,,,,,,,,16:44:11,21-Jul-2026,39.2084,-96.5938,339.3,9,1.09,11:45:16,21-Jul-2026,-0.35,1,0.003,0.001,0.013,0.058,0.158,0.68,1,150,0.005,2,0.058905,0,0.02923,0,0,-6.8e-05,standard,0,rectangular,7000,500,-9999,-9999,55537,55537,55537,0,-9999,0,0,0,0,2.4449,2.4348,1.6422,0.92927,0.1714,-0.035884,0.19932,0.78949,90.8908,0.00031,2.3977,-3e-05,1,2.3839,-2.4e-05,1,0.60171,0.60051,0.10664,0,PSF-00578_20260721114959_08e,PFA-00612,PSA-00572,PSF-00578,RHS-0697,3.0.0,2026-06-15T15:17:51.144Z,DATA_DUMP_1785116825020_clean_2026-07-21.csv,21-Jul-2026,115,Pl16-R2-M1-H2-P08,21-Jul-2026 11:49:59,21-Jul-2026
22,11:50:13,21-Jul-2026,Rain_out,Climate_model,,Pl16-R2-M1-H2-P08,,,0.11292,2.9167,0.10871,4.1524,1.8962,1.7835,5.4888,3.5926,18.2467,19.3993,56.1542,0.44179,7.5,PSF-00578_20260721115013_675,0,0,0,93.5297,202.9753,0.53921,0.5,0.8,202.7942,1,30.4,28.6,36.8,34.48,34.48,97.75,156.1,154.7,0.9,940,3.586,12,68,318,,,,,,,,16:44:25,21-Jul-2026,39.2084,-96.5938,339.6,9,1.09,11:45:16,21-Jul-2026,-0.35,1,0.001,0.002,-9999,-0.427,-0.739,-9999,1,150,0.005,2,0.058905,0,0.02923,0,0,-6.8e-05,standard,0,rectangular,7000,500,-9999,-9999,55537,55537,55537,0,-9999,0,0,0,0,2.4443,2.4329,1.6426,0.92907,0.1715,-0.028156,0.20069,0.89229,93.5297,0.000306,2.3977,-3e-05,1,2.3839,-2.4e-05,1,0.60171,0.60051,0.10664,0,PSF-00578_20260721115013_675,PFA-00612,PSA-00572,PSF-00578,RHS-0697,3.0.0,2026-06-15T15:17:51.144Z,DATA_DUMP_1785116825020_clean_2026-07-21.csv,21-Jul-2026,116,Pl16-R2-M1-H2-P08,21-Jul-2026 11:50:13,21-Jul-2026
23,11:50:25,21-Jul-2026,Rain_out,Climate_model,,Pl16-R2-M1-H2-P08,,,0.11859,2.9157,0.11396,4.1173,1.7949,1.683,5.1997,3.4048,17.2191,18.3639,53.2005,0.44179,7.5,PSF-00578_20260721115025_4ee,0,0,0,86.86209,192.8633,0.54962,0.5,0.8,187.9445,1,28.8,27,36.79,33.51,33.51,97.74,156,154.5,1,855,3.587,13,63,307,,,,,,,,16:44:37,21-Jul-2026,39.2084,-96.5938,339.7,9,1.09,11:45:16,21-Jul-2026,-0.35,1,0,0.003,-9999,0.161,4.68,-9999,1,150,0.005,2,0.058905,0,0.02923,0,0,-6.8e-05,standard,0,rectangular,7000,500,-9999,-9999,55537,55537,55537,0,-9999,0,0,0,0,2.4421,2.4307,1.6416,0.92855,0.17158,-0.039685,0.20198,0.82097,86.8621,0.000315,2.3977,-3e-05,1,2.3839,-2.4e-05,1,0.60171,0.60051,0.10664,0,PSF-00578_20260721115025_4ee,PFA-00612,PSA-00572,PSF-00578,RHS-0697,3.0.0,2026-06-15T15:17:51.144Z,DATA_DUMP_1785116825020_clean_2026-07-21.csv,21-Jul-2026,117,Pl16-R2-M1-H2-P08,21-Jul-2026 11:50:25,21-Jul-2026
24,11:50:39,21-Jul-2026,Rain_out,Climate_model,,Pl16-R2-M1-H2-P08,,,0.10839,2.9161,0.10451,3.6472,1.7739,1.6748,5.0658,3.2919,17.134,18.148,51.8254,0.44179,7.5,PSF-00578_20260721115039_80e,0,0,0,86.20298,239.4111,0.63994,0.5,0.8,175.2215,1,28.49,26.89,36.77,33.05,33.05,97.75,156,154.6,0.9,685,3.587,0,-51,349,,,,,,,,16:44:48,21-Jul-2026,39.2084,-96.5938,339.7,9,1.09,11:45:16,21-Jul-2026,-0.35,1,0.004,0.004,-9999,0.516,-0.168,-9999,1,150,0.005,2,0.058905,0,0.02923,0,0,-6.8e-05,standard,0,rectangular,7000,500,-9999,-9999,55537,55537,55537,0,-9999,0,0,0,0,2.4419,2.4303,1.642,0.92885,0.17168,-0.045069,0.20343,0.67862,86.203,0.000314,2.3977,-3e-05,1,2.3839,-2.4e-05,1,0.60171,0.60051,0.10664,0,PSF-00578_20260721115039_80e,PFA-00612,PSA-00572,PSF-00578,RHS-0697,3.0.0,2026-06-15T15:17:51.144Z,DATA_DUMP_1785116825020_clean_2026-07-21.csv,21-Jul-2026,118,Pl16-R2-M1-H2-P08,21-Jul-2026 11:50:39,21-Jul-2026
25,11:50:50,21-Jul-2026,Rain_out,Climate_model,,Pl16-R2-M1-H2-P08,,,0.099477,2.9166,0.096196,3.3955,1.8727,1.7806,5.1982,3.3255,18.2161,19.1589,53.18,0.44179,7.5,PSF-00578_20260721115050_ca0,0,0,0,96.14718,208.9741,0.53991,0.5,0.8,188.4781,1,30.09,28.61,36.76,33.51,33.51,97.75,156.1,154.5,1,873,3.586,-2,-45,342,,,,,,,,16:45:02,21-Jul-2026,39.2084,-96.5938,339.5,9,1.09,11:45:16,21-Jul-2026,-0.35,1,0.002,0.004,-9999,-1.266,-2.109,-9999,1,150,0.005,2,0.058905,0,0.02923,0,0,-6.8e-05,standard,0,rectangular,7000,500,-9999,-9999,55537,55537,55537,0,-9999,0,0,0,0,2.4443,2.4325,1.6425,0.92875,0.17176,-0.039417,0.20453,0.83588,96.1472,0.000314,2.3977,-3e-05,1,2.3839,-2.4e-05,1,0.60171,0.60051,0.10664,0,PSF-00578_20260721115050_ca0,PFA-00612,PSA-00572,PSF-00578,RHS-0697,3.0.0,2026-06-15T15:17:51.144Z,DATA_DUMP_1785116825020_clean_2026-07-21.csv,21-Jul-2026,119,Pl16-R2-M1-H2-P08,21-Jul-2026 11:50:50,21-Jul-2026
26,11:51:03,21-Jul-2026,Rain_out,Climate_model,,Pl16-R2-M1-H2-P08,,,0.090952,2.9174,0.088202,3.0383,1.8926,1.8103,5.1386,3.246,18.5202,19.363,52.5714,0.44179,7.5,PSF-00578_20260721115103_759,0,0,0,101.3038,256.9063,0.60568,0.5,0.8,161.7414,1,30.43,29.11,36.75,33.3,33.3,97.75,156.2,154.5,1.1,668,3.586,2,-57,344,,,,,,,,16:45:15,21-Jul-2026,39.2084,-96.5938,339,9,1.09,11:45:16,21-Jul-2026,-0.35,1,0,0.002,-9999,6.687,3.904,-9999,1,150,0.005,2,0.058905,0,0.02923,0,0,-6.8e-05,standard,0,rectangular,7000,500,-9999,-9999,55537,55537,55537,0,-9999,0,0,0,0,2.445,2.433,1.6433,0.92859,0.17184,-0.041727,0.20569,0.66448,101.3038,0.000299,2.3977,-3e-05,1,2.3839,-2.4e-05,1,0.60171,0.60051,0.10664,0,PSF-00578_20260721115103_759,PFA-00612,PSA-00572,PSF-00578,RHS-0697,3.0.0,2026-06-15T15:17:51.144Z,DATA_DUMP_1785116825020_clean_2026-07-21.csv,21-Jul-2026,120,Pl16-R2-M1-H2-P08,21-Jul-2026 11:51:03,21-Jul-2026
27,11:51:15,21-Jul-2026,Rain_out,Climate_model,,Pl16-R2-M1-H2-P08,,,0.06955,2.9165,0.06793,2.2884,1.9546,1.8925,5.1282,3.1736,19.361,19.9959,52.463,0.44179,7.5,PSF-00578_20260721115115_ab1,0,0,0,84.88226,222.7167,0.61888,0.5,0.8,167.7569,1,31.44,30.44,36.74,33.27,33.27,97.75,156.1,154.6,0.9,678,3.586,-4,-54,345,,,,,,,,16:45:27,21-Jul-2026,39.2084,-96.5938,339.1,9,1.08,11:45:16,21-Jul-2026,-0.35,1,-0.001,-0.001,-9999,1.942,1.894,-9999,1,150,0.005,2,0.058905,0,0.02923,0,0,-6.8e-05,standard,0,rectangular,7000,500,-9999,-9999,55537,55537,55537,0,-9999,0,0,0,0,2.4469,2.4344,1.6424,0.92885,0.17187,-0.042095,0.20701,0.67289,84.8823,0.000311,2.3977,-3e-05,1,2.3839,-2.4e-05,1,0.60171,0.60051,0.10664,0,PSF-00578_20260721115115_ab1,PFA-00612,PSA-00572,PSF-00578,RHS-0697,3.0.0,2026-06-15T15:17:51.144Z,DATA_DUMP_1785116825020_clean_2026-07-21.csv,21-Jul-2026,121,Pl16-R2-M1-H2-P08,21-Jul-2026 11:51:15,21-Jul-2026
28,11:51:34,21-Jul-2026,Rain_out,Climate_model,,Pl16-R2-M1-H2-P08,,,0.13881,2.9163,0.1325,4.6654,1.8979,1.7713,5.2143,3.3163,18.1221,19.4174,53.3463,0.44179,7.5,PSF-00578_20260721115134_cd7,0,0,0,84.46098,277.1906,0.6953,0.5,0.8,52.6398,1,30.54,28.5,36.74,33.56,33.56,97.74,156,154.7,0.9,189,3.586,3,-68,2,,,,,,,,16:45:46,21-Jul-2026,39.2084,-96.5938,339.2,9,1.08,11:45:16,21-Jul-2026,-0.35,1,0.001,0.001,-9999,-0.122,-0.364,-9999,1,150,0.005,2,0.058905,0,0.02923,0,0,-6.8e-05,standard,0,rectangular,7000,500,-9999,-9999,55537,55537,55537,0,-9999,0,0,0,0,2.4442,2.4331,1.6422,0.92903,0.17192,-0.038452,0.20888,0.26479,84.461,0.000309,2.3977,-3e-05,1,2.3839,-2.4e-05,1,0.60171,0.60051,0.10664,0,PSF-00578_20260721115134_cd7,PFA-00612,PSA-00572,PSF-00578,RHS-0697,3.0.0,2026-06-15T15:17:51.144Z,DATA_DUMP_1785116825020_clean_2026-07-21.csv,21-Jul-2026,122,Pl16-R2-M1-H2-P08,21-Jul-2026 11:51:34,21-Jul-2026
29,11:51:47,21-Jul-2026,Rain_out,Climate_model,,Pl16-R2-M1-H2-P08,,,0.064786,2.9156,0.063378,2.2952,1.894,1.8317,5.3036,3.4096,18.7391,19.3767,54.258,0.44179,7.5,PSF-00578_20260721115147_385,0,0,0,83.18746,258.7495,0.6785,0.5,0.8,52.7283,1,30.48,29.48,36.74,33.87,33.87,97.75,155.9,154.5,0.9,194,3.549,5,-68,2,,,,,,,,16:45:58,21-Jul-2026,39.2084,-96.5938,339.1,9,1.08,11:45:16,21-Jul-2026,-0.35,1,0,0.002,-9999,-0.014,-0.073,-9999,1,150,0.005,2,0.058905,0,0.02923,0,0,-6.8e-05,standard,0,rectangular,7000,500,-9999,-9999,55537,55537,55537,0,-9999,0,0,0,0,2.4455,2.4331,1.6415,0.92858,0.17193,-0.03478,0.21018,0.26898,83.1875,0.000297,2.3977,-3e-05,1,2.3839,-2.4e-05,1,0.60171,0.60051,0.10664,0,PSF-00578_20260721115147_385,PFA-00612,PSA-00572,PSF-00578,RHS-0697,3.0.0,2026-06-15T15:17:51.144Z,DATA_DUMP_1785116825020_clean_2026-07-21.csv,21-Jul-2026,123,Pl16-R2-M1-H2-P08,21-Jul-2026 11:51:47,21-Jul-2026
30,11:52:00,21-Jul-2026,Rain_out,Climate_model,,Pl16-R2-M1-H2-P08,,,0.097995,2.9161,0.094809,3.3531,1.8461,1.7551,5.1788,3.3327,17.9562,18.8878,52.9839,0.44179,7.5,PSF-00578_20260721115200_3db,0,0,0,84.99813,265.1417,0.67942,0.5,0.8,109.5207,1,29.71,28.25,36.73,33.44,33.44,97.74,156,154.5,1,403,3.586,4,-64,357,,,,,,,,16:46:12,21-Jul-2026,39.2084,-96.5938,339.1,9,1.08,11:45:16,21-Jul-2026,-0.35,1,-0.001,0,-9999,-0.203,-0.361,-9999,1,150,0.005,2,0.058905,0,0.02923,0,0,-6.8e-05,standard,0,rectangular,7000,500,-9999,-9999,55537,55537,55537,0,-9999,0,0,0,0,2.4438,2.432,1.642,0.92868,0.17195,-0.039853,0.21145,0.44338,84.9981,0.000304,2.3977,-3e-05,1,2.3839,-2.4e-05,1,0.60171,0.60051,0.10664,0,PSF-00578_20260721115200_3db,PFA-00612,PSA-00572,PSF-00578,RHS-0697,3.0.0,2026-06-15T15:17:51.144Z,DATA_DUMP_1785116825020_clean_2026-07-21.csv,21-Jul-2026,124,Pl16-R2-M1-H2-P08,21-Jul-2026 11:52:00,21-Jul-2026
31,11:52:13,21-Jul-2026,Rain_out,Climate_model,,Pl16-R2-M1-H2-P08,,,0.072702,2.9168,0.070934,2.6693,1.8477,1.7753,5.3897,3.542,18.1623,18.9035,55.1414,0.44179,7.5,PSF-00578_20260721115213_6fe,0,0,0,82.81445,263.0625,0.68519,0.5,0.8,56.669,1,29.73,28.57,36.74,34.16,34.16,97.74,156.1,154.5,1,207,3.585,6,-71,0,,,,,,,,16:46:25,21-Jul-2026,39.2084,-96.5938,338.9,9,1.08,11:45:16,21-Jul-2026,-0.35,1,0.001,-0.001,-9999,0.009,-0.03,-9999,1,150,0.005,2,0.058905,0,0.02923,0,0,-6.8e-05,standard,0,rectangular,7000,500,-9999,-9999,55537,55537,55537,0,-9999,0,0,0,0,2.4443,2.432,1.6427,0.92867,0.17193,-0.031305,0.21263,0.27941,82.8145,0.000306,2.3977,-3e-05,1,2.3839,-2.4e-05,1,0.60171,0.60051,0.10664,0,PSF-00578_20260721115213_6fe,PFA-00612,PSA-00572,PSF-00578,RHS-0697,3.0.0,2026-06-15T15:17:51.144Z,DATA_DUMP_1785116825020_clean_2026-07-21.csv,21-Jul-2026,125,Pl16-R2-M1-H2-P08,21-Jul-2026 11:52:13,21-Jul-2026
32,11:52:27,21-Jul-2026,Rain_out,Climate_model,,Pl16-R2-M1-H2-P08,,,0.087656,2.9156,0.085098,3.0903,1.9004,1.8165,5.3189,3.4186,18.583,19.4414,54.4145,0.44179,7.5,PSF-00578_20260721115227_1ec,0,0,0,83.78005,270.1854,0.68992,0.5,0.8,57.3617,1,30.57,29.22,36.74,33.92,33.92,97.75,156,154.5,0.9,208,3.58,3,-70,2,,,,,,,,16:46:39,21-Jul-2026,39.2084,-96.5938,338.7,9,1.08,11:45:16,21-Jul-2026,-0.35,1,-0.001,-0.003,-9999,-0.062,-0.267,-9999,1,150,0.005,2,0.058905,0,0.02923,0,0,-6.8e-05,standard,0,rectangular,7000,500,-9999,-9999,55537,55537,55537,0,-9999,0,0,0,0,2.4452,2.4332,1.6415,0.92873,0.17189,-0.034226,0.21409,0.28032,83.7801,0.000315,2.3977,-3e-05,1,2.3839,-2.4e-05,1,0.60171,0.60051,0.10664,0,PSF-00578_20260721115227_1ec,PFA-00612,PSA-00572,PSF-00578,RHS-0697,3.0.0,2026-06-15T15:17:51.144Z,DATA_DUMP_1785116825020_clean_2026-07-21.csv,21-Jul-2026,126,Pl16-R2-M1-H2-P08,21-Jul-2026 11:52:27,21-Jul-2026
33,11:52:43,21-Jul-2026,Rain_out,Climate_model,,Pl16-R2-M1-H2-P08,,,0.068124,2.9159,0.066569,2.4551,1.8599,1.7933,5.3324,3.4724,18.3452,19.0272,54.5505,0.44179,7.5,PSF-00578_20260721115243_f1e,0,0,0,85.20734,212.6319,0.59927,0.5,0.8,181.7733,1,29.9,28.83,36.75,33.96,33.96,97.75,156,154.6,0.9,758,3.585,-9,-47,348,,,,,,,,16:46:55,21-Jul-2026,39.2084,-96.5938,338.9,9,1.08,11:45:16,21-Jul-2026,-0.35,1,-0.002,-0.002,-9999,-0.6,-0.805,-9999,1,150,0.005,2,0.058905,0,0.02923,0,0,-6.8e-05,standard,0,rectangular,7000,500,-9999,-9999,55537,55537,55537,0,-9999,0,0,0,0,2.4446,2.4323,1.6418,0.92881,0.17181,-0.033848,0.21566,0.74027,85.2073,0.000298,2.3977,-3e-05,1,2.3839,-2.4e-05,1,0.60171,0.60051,0.10664,0,PSF-00578_20260721115243_f1e,PFA-00612,PSA-00572,PSF-00578,RHS-0697,3.0.0,2026-06-15T15:17:51.144Z,DATA_DUMP_1785116825020_clean_2026-07-21.csv,21-Jul-2026,127,Pl16-R2-M1-H2-P08,21-Jul-2026 11:52:43,21-Jul-2026
34,11:52:55,21-Jul-2026,Rain_out,Climate_model,,Pl16-R2-M1-H2-P08,,,0.061333,2.9175,0.06007,2.0826,1.9287,1.8722,5.1941,3.2654,19.1537,19.7312,53.1377,0.44179,7.5,PSF-00578_20260721115255_b5e,0,0,0,80.80745,236.7368,0.65866,0.5,0.8,134.3002,1,30.99,30.09,36.76,33.49,33.49,97.75,156.2,154.5,1.1,510,3.586,-12,-54,353,,,,,,,,16:47:07,21-Jul-2026,39.2084,-96.5938,338.8,9,1.08,11:45:16,21-Jul-2026,-0.35,1,0.003,0.004,-9999,-0.183,0.396,-9999,1,150,0.005,2,0.058905,0,0.02923,0,0,-6.8e-05,standard,0,rectangular,7000,500,-9999,-9999,55537,55537,55537,0,-9999,0,0,0,0,2.4464,2.4338,1.6434,0.92872,0.17177,-0.039563,0.21693,0.53258,80.8074,0.000303,2.3977,-3e-05,1,2.3839,-2.4e-05,1,0.60171,0.60051,0.10664,0,PSF-00578_20260721115255_b5e,PFA-00612,PSA-00572,PSF-00578,RHS-0697,3.0.0,2026-06-15T15:17:51.144Z,DATA_DUMP_1785116825020_clean_2026-07-21.csv,21-Jul-2026,128,Pl16-R2-M1-H2-P08,21-Jul-2026 11:52:55,21-Jul-2026
35,11:53:09,21-Jul-2026,Rain_out,Climate_model,,Pl16-R2-M1-H2-P08,,,0.081237,2.9169,0.079036,2.7813,1.9517,1.8763,5.2644,3.3127,19.1962,19.9676,53.8586,0.44179,7.5,PSF-00578_20260721115309_0b6,0,0,0,80.92475,214.9973,0.6236,0.5,0.8,143.2312,1,31.35,30.14,36.77,33.73,33.73,97.74,156.1,154.4,1.1,574,3.585,-9,-52,352,,,,,,,,16:47:21,21-Jul-2026,39.2084,-96.5938,338.6,9,1.08,11:45:16,21-Jul-2026,-0.35,1,0.002,0.003,-9999,-0.644,-0.249,-9999,1,150,0.005,2,0.058905,0,0.02923,0,0,-6.8e-05,standard,0,rectangular,7000,500,-9999,-9999,55537,55537,55537,0,-9999,0,0,0,0,2.4465,2.4342,1.6428,0.92834,0.17172,-0.036776,0.21819,0.58644,80.9248,0.000311,2.3977,-3e-05,1,2.3839,-2.4e-05,1,0.60171,0.60051,0.10664,0,PSF-00578_20260721115309_0b6,PFA-00612,PSA-00572,PSF-00578,RHS-0697,3.0.0,2026-06-15T15:17:51.144Z,DATA_DUMP_1785116825020_clean_2026-07-21.csv,21-Jul-2026,129,Pl16-R2-M1-H2-P08,21-Jul-2026 11:53:09,21-Jul-2026
36,11:53:25,21-Jul-2026,Rain_out,Climate_model,,Pl16-R2-M1-H2-P08,,,0.068751,2.9164,0.067168,2.4892,1.9618,1.8943,5.4471,3.4852,19.379,20.0696,55.724,0.44179,7.5,PSF-00578_20260721115325_339,0,0,0,78.02081,247.324,0.68454,0.5,0.8,148.3982,1,31.5,30.41,36.78,34.35,34.35,97.75,156,154.5,1,542,3.585,-11,-51,352,,,,,,,,16:47:37,21-Jul-2026,39.2084,-96.5938,338.5,9,1.08,11:45:16,21-Jul-2026,-0.35,1,-0.001,-0.001,0.009,0.018,-0.123,0.454,1,150,0.005,2,0.058905,0,0.02923,0,0,-6.8e-05,standard,0,rectangular,7000,500,-9999,-9999,55537,55537,55537,0,-9999,0,0,0,0,2.4468,2.4344,1.6423,0.92869,0.17166,-0.029516,0.21978,0.5595,78.0208,0.000301,2.3977,-3e-05,1,2.3839,-2.4e-05,1,0.60171,0.60051,0.10664,0,PSF-00578_20260721115325_339,PFA-00612,PSA-00572,PSF-00578,RHS-0697,3.0.0,2026-06-15T15:17:51.144Z,DATA_DUMP_1785116825020_clean_2026-07-21.csv,21-Jul-2026,130,Pl16-R2-M1-H2-P08,21-Jul-2026 11:53:25,21-Jul-2026
37,11:53:53,21-Jul-2026,Rain_out,Climate_model,,Pl16-R2-M1-H2-P08,,,0.067474,2.9171,0.065949,2.48,1.9158,1.8485,5.4533,3.5375,18.9096,19.5976,55.785,0.44179,7.5,PSF-00578_20260721115353_69d,0,0,0,99.22028,289.6729,0.65748,0.5,0.8,18.0543,1,30.74,29.66,36.79,34.37,34.37,97.75,156.1,154.5,1,69,3.585,-4,56,139,,,,,,,,16:48:05,21-Jul-2026,39.2084,-96.5938,339.5,9,1.07,11:45:16,21-Jul-2026,-0.35,1,0.004,0.003,-9999,-11.555,5.607,-9999,1,150,0.005,2,0.058905,0,0.02923,0,0,-6.8e-05,standard,0,rectangular,7000,500,-9999,-9999,55537,55537,55537,0,-9999,0,0,0,0,2.4458,2.4334,1.643,0.92872,0.17159,-0.029405,0.22255,0.16401,99.2203,0.000302,2.3977,-3e-05,1,2.3839,-2.4e-05,1,0.60171,0.60051,0.10664,0,PSF-00578_20260721115353_69d,PFA-00612,PSA-00572,PSF-00578,RHS-0697,3.0.0,2026-06-15T15:17:51.144Z,DATA_DUMP_1785116825020_clean_2026-07-21.csv,21-Jul-2026,131,Pl16-R2-M1-H2-P08,21-Jul-2026 11:53:53,21-Jul-2026
38,11:54:53,21-Jul-2026,Rain_out,Climate_model,,Pl16-R2-M1-H2-P08,,,0.056475,2.9165,0.055402,2.0699,1.8206,1.7644,5.3385,3.5179,18.0528,18.6278,54.621,0.44179,7.5,PSF-00578_20260721115453_de9,0,0,0,82.61346,268.7502,0.6926,0.5,0.8,67.7805,1,29.16,28.26,36.82,33.98,33.98,97.74,156.1,154.6,0.9,245,3.584,25,70,190,,,,,,,,16:49:05,21-Jul-2026,39.2084,-96.5938,340,12,0.83,11:45:16,21-Jul-2026,-0.35,1,-0.001,0,-9999,-0.026,0.138,-9999,1,150,0.005,2,0.058905,0,0.02923,0,0,-6.8e-05,standard,0,rectangular,7000,500,-9999,-9999,55537,55537,55537,0,-9999,0,0,0,0,2.4438,2.4312,1.6424,0.92888,0.17135,-0.034442,0.22843,0.31107,82.6135,0.000315,2.3977,-3e-05,1,2.3839,-2.4e-05,1,0.60171,0.60051,0.10664,0,PSF-00578_20260721115453_de9,PFA-00612,PSA-00572,PSF-00578,RHS-0697,3.0.0,2026-06-15T15:17:51.144Z,DATA_DUMP_1785116825020_clean_2026-07-21.csv,21-Jul-2026,132,Pl16-R2-M1-H2-P08,21-Jul-2026 11:54:53,21-Jul-2026
39,11:55:07,21-Jul-2026,Rain_out,Climate_model,,Pl16-R2-M1-H2-P08,,,0.063964,2.9145,0.062591,2.5693,1.82,1.7501,5.6782,3.8581,17.9068,18.6217,58.0968,0.44179,7.5,PSF-00578_20260721115507_8f1,0,0,0,81.75803,261.9352,0.68787,0.5,0.8,59.369,1,29.16,28.04,36.82,35.1,35.1,97.74,155.8,154.5,0.8,216,3.584,32,74,186,,,,,,,,16:49:19,21-Jul-2026,39.2084,-96.5938,339.4,13,0.75,11:45:16,21-Jul-2026,-0.35,1,0,0.002,0.008,0.125,0.162,-0.125,1,150,0.005,2,0.058905,0,0.02923,0,0,-6.8e-05,standard,0,rectangular,7000,500,-9999,-9999,55537,55537,55537,0,-9999,0,0,0,0,2.4435,2.4312,1.6404,0.92872,0.1714,-0.020909,0.22978,0.28694,81.758,0.000305,2.3977,-3e-05,1,2.3839,-2.4e-05,1,0.60171,0.60051,0.10664,0,PSF-00578_20260721115507_8f1,PFA-00612,PSA-00572,PSF-00578,RHS-0697,3.0.0,2026-06-15T15:17:51.144Z,DATA_DUMP_1785116825020_clean_2026-07-21.csv,21-Jul-2026,133,Pl16-R2-M1-H2-P08,21-Jul-2026 11:55:07,21-Jul-2026
18,16:22:01,21-Jul-2026,Rain_out,Climate_model,,Pl16-R2-M1-H2-P08,,,0.050533,2.9159,0.049672,1.7004,2.2436,2.1976,5.4566,3.213,22.491,22.9615,55.8447,0.44179,7.5,PSF-00578_20260721162201_677,0,0,0,141.5731,204.0643,0.30623,0.5,0.8,198.1327,1,44.52,43.61,32.95,34.38,34.38,97.71,156,154.8,0.8,1618,4.068,11,50,179,,,,,,,,21:16:12,21-Jul-2026,39.2084,-96.5939,330.2,15,0.71,16:14:26,21-Jul-2026,-0.85,1,-0.001,0,-9999,-0.823,-2.943,-9999,1,150,0.005,2,0.058905,0,0.02923,0,0,-6.8e-05,standard,0,rectangular,7000,500,-9999,-9999,55537,55537,55537,0,-9999,0,0,0,0,2.4652,2.4529,1.6418,0.92941,0.19915,0.017335,0.23648,1.4582,141.5731,0.000292,2.3977,-3e-05,1,2.3839,-2.4e-05,1,0.60171,0.60051,0.10664,0,PSF-00578_20260721162201_677,PFA-00612,PSA-00572,PSF-00578,RHS-0697,3.0.0,2026-06-15T15:17:51.144Z,DATA_DUMP_1785116825020_clean_2026-07-21.csv,21-Jul-2026,134,Pl16-R2-M1-H2-P08,21-Jul-2026 16:22:01,21-Jul-2026
19,16:22:13,21-Jul-2026,Rain_out,Climate_model,,Pl16-R2-M1-H2-P08,,,0.15931,2.9149,0.15106,4.7855,2.2665,2.137,5.2429,2.9764,21.8726,23.1976,53.6606,0.44179,7.5,PSF-00578_20260721162213_7f6,0,0,0,116.9014,175.2505,0.33295,0.5,0.8,238.7881,1,44.75,42.19,33.04,33.66,33.66,97.7,155.9,154.6,0.8,1793,4.064,21,46,146,,,,,,,,21:16:20,21-Jul-2026,39.2084,-96.5939,330.1,15,0.71,16:14:26,21-Jul-2026,-0.85,1,-0.001,0,-9999,-1.741,-3.379,-9999,1,150,0.005,2,0.058905,0,0.02923,0,0,-6.8e-05,standard,0,rectangular,7000,500,-9999,-9999,55537,55537,55537,0,-9999,0,0,0,0,2.4633,2.4531,1.6408,0.92893,0.19845,0.007606,0.23778,1.6048,116.9014,0.000292,2.3977,-3e-05,1,2.3839,-2.4e-05,1,0.60171,0.60051,0.10664,0,PSF-00578_20260721162213_7f6,PFA-00612,PSA-00572,PSF-00578,RHS-0697,3.0.0,2026-06-15T15:17:51.144Z,DATA_DUMP_1785116825020_clean_2026-07-21.csv,21-Jul-2026,135,Pl16-R2-M1-H2-P08,21-Jul-2026 16:22:13,21-Jul-2026
20,16:22:27,21-Jul-2026,Rain_out,Climate_model,,Pl16-R2-M1-H2-P08,,,0.088071,2.9168,0.08549,2.3601,2.2116,2.1479,4.8121,2.6005,21.9827,22.6356,49.2506,0.44179,7.5,PSF-00578_20260721162227_78f,0,0,0,81.14719,239.1265,0.66065,0.5,0.8,48.8626,1,43.42,42.17,33.15,32.14,32.14,97.71,156.1,154.8,0.8,185,4.07,-2,-59,99,,,,,,,,21:16:38,21-Jul-2026,39.2084,-96.5939,331.4,15,0.71,16:14:26,21-Jul-2026,-0.85,1,0.002,0.002,-9999,-0.298,-0.427,-9999,1,150,0.005,2,0.058905,0,0.02923,0,0,-6.8e-05,standard,0,rectangular,7000,500,-9999,-9999,55537,55537,55537,0,-9999,0,0,0,0,2.4633,2.4514,1.6427,0.92949,0.19767,-0.011773,0.23923,0.26114,81.1472,0.000311,2.3977,-3e-05,1,2.3839,-2.4e-05,1,0.60171,0.60051,0.10664,0,PSF-00578_20260721162227_78f,PFA-00612,PSA-00572,PSF-00578,RHS-0697,3.0.0,2026-06-15T15:17:51.144Z,DATA_DUMP_1785116825020_clean_2026-07-21.csv,21-Jul-2026,136,Pl16-R2-M1-H2-P08,21-Jul-2026 16:22:27,21-Jul-2026
21,16:22:43,21-Jul-2026,Rain_out,Climate_model,,Pl16-R2-M1-H2-P08,,,0.18552,2.9164,0.17442,5.4744,2.3907,2.243,5.3362,2.9455,22.955,24.4669,54.6115,0.44179,7.5,PSF-00578_20260721162243_fee,0,0,0,96.47798,145.1751,0.33544,0.5,0.8,56.9738,1,46.64,43.76,33.26,33.98,33.98,97.71,156,154.7,0.9,425,4.068,18,60,157,,,,,,,,21:16:54,21-Jul-2026,39.2084,-96.5939,331.8,15,0.71,16:14:26,21-Jul-2026,-0.85,1,0,0.002,0.009,-0.506,-0.066,-3.783,1,150,0.005,2,0.058905,0,0.02923,0,0,-6.8e-05,standard,0,rectangular,7000,500,-9999,-9999,55537,55537,55537,0,-9999,0,0,0,0,2.4654,2.4555,1.6423,0.92903,0.1968,0.008854,0.24094,0.46145,96.478,0.000303,2.3977,-3e-05,1,2.3839,-2.4e-05,1,0.60171,0.60051,0.10664,0,PSF-00578_20260721162243_fee,PFA-00612,PSA-00572,PSF-00578,RHS-0697,3.0.0,2026-06-15T15:17:51.144Z,DATA_DUMP_1785116825020_clean_2026-07-21.csv,21-Jul-2026,137,Pl16-R2-M1-H2-P08,21-Jul-2026 16:22:43,21-Jul-2026
22,16:22:58,21-Jul-2026,Rain_out,Climate_model,,Pl16-R2-M1-H2-P08,,,0.17957,2.9159,0.16915,4.5759,2.2212,2.0974,4.7696,2.5485,21.4672,22.7337,48.8174,0.44179,7.5,PSF-00578_20260721162258_4ff,0,0,0,91.2441,269.2559,0.66112,0.5,0.8,50.1223,1,43.1,40.7,33.35,31.98,31.98,97.7,156,154.9,0.7,190,4.068,10,-66,137,,,,,,,,21:17:08,21-Jul-2026,39.2084,-96.5939,331.7,15,0.71,16:14:26,21-Jul-2026,-0.85,1,-0.003,-0.005,-9999,-0.14,0.051,-9999,1,150,0.005,2,0.058905,0,0.02923,0,0,-6.8e-05,standard,0,rectangular,7000,500,-9999,-9999,55537,55537,55537,0,-9999,0,0,0,0,2.4613,2.4509,1.6418,0.9297,0.19606,-0.016121,0.24245,0.26501,91.2441,0.000307,2.3977,-3e-05,1,2.3839,-2.4e-05,1,0.60171,0.60051,0.10664,0,PSF-00578_20260721162258_4ff,PFA-00612,PSA-00572,PSF-00578,RHS-0697,3.0.0,2026-06-15T15:17:51.144Z,DATA_DUMP_1785116825020_clean_2026-07-21.csv,21-Jul-2026,138,Pl16-R2-M1-H2-P08,21-Jul-2026 16:22:58,21-Jul-2026
23,16:23:12,21-Jul-2026,Rain_out,Climate_model,,Pl16-R2-M1-H2-P08,,,0.040409,2.9162,0.039856,1.128,2.1742,2.1436,4.8401,2.666,21.939,22.2513,49.536,0.44179,7.5,PSF-00578_20260721162312_28b,0,0,0,83.03261,248.5621,0.66595,0.5,0.8,54.154,1,41.97,41.38,33.45,32.24,32.24,97.71,156,154.8,0.8,203,4.068,1,-64,85,,,,,,,,21:17:23,21-Jul-2026,39.2084,-96.5939,331.3,15,0.71,16:14:26,21-Jul-2026,-0.85,1,0,0.001,-9999,-0.202,-0.495,-9999,1,150,0.005,2,0.058905,0,0.02923,0,0,-6.8e-05,standard,0,rectangular,7000,500,-9999,-9999,55537,55537,55537,0,-9999,0,0,0,0,2.4622,2.4495,1.6421,0.92942,0.19535,-0.014182,0.24394,0.27651,83.0326,0.000302,2.3977,-3e-05,1,2.3839,-2.4e-05,1,0.60171,0.60051,0.10664,0,PSF-00578_20260721162312_28b,PFA-00612,PSA-00572,PSF-00578,RHS-0697,3.0.0,2026-06-15T15:17:51.144Z,DATA_DUMP_1785116825020_clean_2026-07-21.csv,21-Jul-2026,139,Pl16-R2-M1-H2-P08,21-Jul-2026 16:23:12,21-Jul-2026
24,16:23:30,21-Jul-2026,Rain_out,Climate_model,,Pl16-R2-M1-H2-P08,,,0.17629,2.9176,0.16625,5.6302,2.3308,2.1789,5.5072,3.1764,22.299,23.8535,56.3614,0.44179,7.5,PSF-00578_20260721162330_1e0,0,0,0,90.25991,133.8197,0.32551,0.5,0.8,229.3493,1,44.71,41.79,33.56,34.54,34.54,97.71,156.2,154.9,0.8,1761,4.067,-9,-33,343,,,,,,,,21:17:41,21-Jul-2026,39.2084,-96.5939,331.3,15,0.71,16:14:26,21-Jul-2026,-0.85,1,0,0.002,0.011,-0.157,-0.466,-0.497,1,150,0.005,2,0.058905,0,0.02923,0,0,-6.8e-05,standard,0,rectangular,7000,500,-9999,-9999,55537,55537,55537,0,-9999,0,0,0,0,2.4627,2.453,1.6435,0.92969,0.19449,0.012076,0.24574,1.5785,90.2599,0.000287,2.3977,-3e-05,1,2.3839,-2.4e-05,1,0.60171,0.60051,0.10664,0,PSF-00578_20260721162330_1e0,PFA-00612,PSA-00572,PSF-00578,RHS-0697,3.0.0,2026-06-15T15:17:51.144Z,DATA_DUMP_1785116825020_clean_2026-07-21.csv,21-Jul-2026,140,Pl16-R2-M1-H2-P08,21-Jul-2026 16:23:30,21-Jul-2026
25,16:23:43,21-Jul-2026,Rain_out,Climate_model,,Pl16-R2-M1-H2-P08,,,0.19059,2.9162,0.17889,6.0318,2.3446,2.1817,5.5067,3.1621,22.328,23.9949,56.3573,0.44179,7.5,PSF-00578_20260721162343_2f7,0,0,0,91.24768,141.7773,0.3564,0.5,0.8,255.7475,1,44.75,41.64,33.65,34.54,34.54,97.71,156,154.8,0.8,1794,4.062,-8,-44,345,,,,,,,,21:17:54,21-Jul-2026,39.2084,-96.5939,331.9,15,0.71,16:14:26,21-Jul-2026,-0.85,1,0,0.001,0.013,-0.515,0.512,2.998,1,150,0.005,2,0.058905,0,0.02923,0,0,-6.8e-05,standard,0,rectangular,7000,500,-9999,-9999,55537,55537,55537,0,-9999,0,0,0,0,2.4625,2.453,1.6421,0.9295,0.19382,0.010999,0.24711,1.6056,91.2477,0.000293,2.3977,-3e-05,1,2.3839,-2.4e-05,1,0.60171,0.60051,0.10664,0,PSF-00578_20260721162343_2f7,PFA-00612,PSA-00572,PSF-00578,RHS-0697,3.0.0,2026-06-15T15:17:51.144Z,DATA_DUMP_1785116825020_clean_2026-07-21.csv,21-Jul-2026,141,Pl16-R2-M1-H2-P08,21-Jul-2026 16:23:43,21-Jul-2026
26,16:23:58,21-Jul-2026,Rain_out,Climate_model,,Pl16-R2-M1-H2-P08,,,0.014589,2.9172,0.014517,0.50168,2.2638,2.2503,5.5064,3.2426,23.0287,23.1673,56.3517,0.44179,7.5,PSF-00578_20260721162358_e81,0,0,0,89.05292,160.091,0.44374,0.5,0.8,285.0483,1,43,42.74,33.73,34.54,34.54,97.72,156.1,154.7,0.9,1606,4.066,-12,17,97,,,,,,,,21:18:09,21-Jul-2026,39.2084,-96.5939,332.8,15,0.71,16:14:26,21-Jul-2026,-0.85,1,0.001,0.002,-9999,-0.872,-5.952,-9999,1,150,0.005,2,0.058905,0,0.02923,0,0,-6.8e-05,standard,0,rectangular,7000,500,-9999,-9999,55537,55537,55537,0,-9999,0,0,0,0,2.4639,2.4508,1.6431,0.9291,0.19318,0.009955,0.24865,1.4486,89.0529,0.000298,2.3977,-3e-05,1,2.3839,-2.4e-05,1,0.60171,0.60051,0.10664,0,PSF-00578_20260721162358_e81,PFA-00612,PSA-00572,PSF-00578,RHS-0697,3.0.0,2026-06-15T15:17:51.144Z,DATA_DUMP_1785116825020_clean_2026-07-21.csv,21-Jul-2026,142,Pl16-R2-M1-H2-P08,21-Jul-2026 16:23:58,21-Jul-2026
27,16:24:14,21-Jul-2026,Rain_out,Climate_model,,Pl16-R2-M1-H2-P08,,,0.051376,2.9174,0.050487,1.5168,2.2596,2.2186,5.0851,2.8255,22.7048,23.124,52.0391,0.44179,7.5,PSF-00578_20260721162414_624,0,0,0,87.19254,211.0094,0.58678,0.5,0.8,36.3838,1,42.69,41.91,33.83,33.12,33.12,97.72,156.2,154.7,0.9,155,4.063,-15,-23,88,,,,,,,,21:18:25,21-Jul-2026,39.2084,-96.5939,332.7,15,0.71,16:14:26,21-Jul-2026,-0.85,1,0.001,0.002,-9999,-2.649,-0.879,-9999,1,150,0.005,2,0.058905,0,0.02923,0,0,-6.8e-05,standard,0,rectangular,7000,500,-9999,-9999,55537,55537,55537,0,-9999,0,0,0,0,2.4628,2.4503,1.6433,0.92922,0.19244,-0.008377,0.25031,0.23617,87.1925,0.000313,2.3977,-3e-05,1,2.3839,-2.4e-05,1,0.60171,0.60051,0.10664,0,PSF-00578_20260721162414_624,PFA-00612,PSA-00572,PSF-00578,RHS-0697,3.0.0,2026-06-15T15:17:51.144Z,DATA_DUMP_1785116825020_clean_2026-07-21.csv,21-Jul-2026,143,Pl16-R2-M1-H2-P08,21-Jul-2026 16:24:14,21-Jul-2026
28,16:24:27,21-Jul-2026,Rain_out,Climate_model,,Pl16-R2-M1-H2-P08,,,0.15602,2.9166,0.1481,4.8717,2.3508,2.2193,5.4372,3.0864,22.7118,24.0577,55.643,0.44179,7.5,PSF-00578_20260721162427_e45,0,0,0,92.32915,138.3494,0.33264,0.5,0.8,231.5834,1,44.24,41.77,33.9,34.31,34.31,97.72,156.1,154.6,0.9,1741,4.064,20,64,176,,,,,,,,21:18:38,21-Jul-2026,39.2084,-96.5939,332.6,15,0.71,16:14:26,21-Jul-2026,-0.85,1,0.002,0.004,-9999,-1.16,-3.375,-9999,1,150,0.005,2,0.058905,0,0.02923,0,0,-6.8e-05,standard,0,rectangular,7000,500,-9999,-9999,55537,55537,55537,0,-9999,0,0,0,0,2.4626,2.4523,1.6424,0.92893,0.19193,0.005196,0.25157,1.561,92.3291,0.000278,2.3977,-3e-05,1,2.3839,-2.4e-05,1,0.60171,0.60051,0.10664,0,PSF-00578_20260721162427_e45,PFA-00612,PSA-00572,PSF-00578,RHS-0697,3.0.0,2026-06-15T15:17:51.144Z,DATA_DUMP_1785116825020_clean_2026-07-21.csv,21-Jul-2026,144,Pl16-R2-M1-H2-P08,21-Jul-2026 16:24:27,21-Jul-2026
13,21:21:43,21-Jul-2026,Rain_out,Climate_model,,Pl16-R2-M1-H2-P08,,,0.007452,2.9151,0.007433,0.093349,1.9761,1.9735,3.1718,1.1958,20.1827,20.2086,32.4374,0.44179,7.5,PSF-00578_20260721212143_45b,0,0,0,78.85802,332.9716,0.76317,0.5,0.8,0.010891,1,56.08,56.01,26.73,24.96,24.96,97.78,155.9,155.6,0.2,0,3.947,-18,-22,81,,,,,,,,02:15:53,22-Jul-2026,39.2085,-96.5939,319.7,7,1.32,21:16:33,21-Jul-2026,-0.75,1,0.001,-0.002,-0.016,0.433,0.951,2.013,1,150,0.005,2,0.058905,0,0.02923,0,0,-6.8e-05,standard,0,rectangular,7000,500,-9999,-9999,55537,55537,55537,0,-9999,0,0,0,0,2.4824,2.4685,1.641,0.93134,0.25453,-0.019366,0.13357,0.10667,78.858,0.000284,2.3977,-3e-05,1,2.3839,-2.4e-05,1,0.60171,0.60051,0.10664,0,PSF-00578_20260721212143_45b,PFA-00612,PSA-00572,PSF-00578,RHS-0697,3.0.0,2026-06-15T15:17:51.144Z,DATA_DUMP_1785116825020_clean_2026-07-21.csv,21-Jul-2026,165,Pl16-R2-M1-H2-P08,21-Jul-2026 21:21:43,21-Jul-2026
14,21:21:58,21-Jul-2026,Rain_out,Climate_model,,Pl16-R2-M1-H2-P08,,,-0.001029,2.916,-0.001029,-0.013051,1.9834,1.9837,3.1907,1.2073,20.2877,20.2841,32.6313,0.44179,7.5,PSF-00578_20260721212158_acf,0,0,0,84.95593,364.0845,0.76666,0.5,0.8,0.010809,1,56.29,56.3,26.73,25.06,25.06,97.78,156,155.5,0.3,0,3.952,-18,-24,103,,,,,,,,02:16:09,22-Jul-2026,39.2085,-96.5939,319.9,8,1.15,21:16:33,21-Jul-2026,-0.75,1,-0.001,-0.003,-0.016,0.33,0.713,2.017,1,150,0.005,2,0.058905,0,0.02923,0,0,-6.8e-05,standard,0,rectangular,7000,500,-9999,-9999,55537,55537,55537,0,-9999,0,0,0,0,2.4828,2.4688,1.6419,0.93109,0.25454,-0.018251,0.13561,0.10667,84.9559,0.000296,2.3977,-3e-05,1,2.3839,-2.4e-05,1,0.60171,0.60051,0.10664,0,PSF-00578_20260721212158_acf,PFA-00612,PSA-00572,PSF-00578,RHS-0697,3.0.0,2026-06-15T15:17:51.144Z,DATA_DUMP_1785116825020_clean_2026-07-21.csv,21-Jul-2026,166,Pl16-R2-M1-H2-P08,21-Jul-2026 21:21:58,21-Jul-2026
15,21:22:12,21-Jul-2026,Rain_out,Climate_model,,Pl16-R2-M1-H2-P08,,,-0.004884,2.9159,-0.004892,-0.067185,1.9853,1.9871,3.2918,1.3065,20.323,20.3043,33.6663,0.44179,7.5,PSF-00578_20260721212212_b33,0,0,0,81.56955,343.0445,0.76222,0.5,0.8,0.01166,1,56.35,56.4,26.73,25.58,25.58,97.78,156,155.5,0.3,0,3.945,-8,-24,108,,,,,,,,02:16:21,22-Jul-2026,39.2085,-96.5939,320.1,8,1.15,21:16:33,21-Jul-2026,-0.75,1,0,-0.001,-0.013,0.217,0.798,2.21,1,150,0.005,2,0.058905,0,0.02923,0,0,-6.8e-05,standard,0,rectangular,7000,500,-9999,-9999,55537,55537,55537,0,-9999,0,0,0,0,2.4829,2.4689,1.6418,0.93119,0.25455,-0.012449,0.13751,0.10667,81.5696,0.000298,2.3977,-3e-05,1,2.3839,-2.4e-05,1,0.60171,0.60051,0.10664,0,PSF-00578_20260721212212_b33,PFA-00612,PSA-00572,PSF-00578,RHS-0697,3.0.0,2026-06-15T15:17:51.144Z,DATA_DUMP_1785116825020_clean_2026-07-21.csv,21-Jul-2026,167,Pl16-R2-M1-H2-P08,21-Jul-2026 21:22:12,21-Jul-2026
16,21:22:26,21-Jul-2026,Rain_out,Climate_model,,Pl16-R2-M1-H2-P08,,,-0.019358,2.9163,-0.019487,-0.2371,2.0481,2.0545,3.2058,1.1577,21.0111,20.9454,32.7851,0.44179,7.5,PSF-00578_20260721212226_ed4,0,0,0,80.45661,323.7984,0.75152,0.5,0.8,0.017672,1,58.12,58.3,26.74,25.14,25.14,97.78,156,155.4,0.4,0,3.916,-5,33,133,,,,,,,,02:16:37,22-Jul-2026,39.2085,-96.5939,320.1,8,1.15,21:16:33,21-Jul-2026,-0.75,1,0,0.003,-0.015,0.298,0.58,1.575,1,150,0.005,2,0.058905,0,0.02923,0,0,-6.8e-05,standard,0,rectangular,7000,500,-9999,-9999,55537,55537,55537,0,-9999,0,0,0,0,2.4853,2.4711,1.6422,0.93095,0.25452,-0.017403,0.13939,0.10669,80.4566,0.000284,2.3977,-3e-05,1,2.3839,-2.4e-05,1,0.60171,0.60051,0.10664,0,PSF-00578_20260721212226_ed4,PFA-00612,PSA-00572,PSF-00578,RHS-0697,3.0.0,2026-06-15T15:17:51.144Z,DATA_DUMP_1785116825020_clean_2026-07-21.csv,21-Jul-2026,168,Pl16-R2-M1-H2-P08,21-Jul-2026 21:22:26,21-Jul-2026
17,21:22:39,21-Jul-2026,Rain_out,Climate_model,,Pl16-R2-M1-H2-P08,,,0.001069,2.9156,0.001069,0.012785,2.0362,2.0358,3.1743,1.1381,20.821,20.8246,32.4648,0.44179,7.5,PSF-00578_20260721212239_29a,0,0,0,79.50819,330.7646,0.75962,0.5,0.8,0.019423,1,57.78,57.77,26.74,24.97,24.97,97.78,155.9,155.5,0.3,0,3.954,13,43,174,,,,,,,,02:16:50,22-Jul-2026,39.2084,-96.5939,319.5,9,1.11,21:16:33,21-Jul-2026,-0.75,1,-0.003,-0.003,-9999,0.3,0.94,-9999,1,150,0.005,2,0.058905,0,0.02923,0,0,-6.8e-05,standard,0,rectangular,7000,500,-9999,-9999,55537,55537,55537,0,-9999,0,0,0,0,2.4847,2.4707,1.6415,0.93102,0.25452,-0.019232,0.14104,0.10669,79.5082,0.000302,2.3977,-3e-05,1,2.3839,-2.4e-05,1,0.60171,0.60051,0.10664,0,PSF-00578_20260721212239_29a,PFA-00612,PSA-00572,PSF-00578,RHS-0697,3.0.0,2026-06-15T15:17:51.144Z,DATA_DUMP_1785116825020_clean_2026-07-21.csv,21-Jul-2026,169,Pl16-R2-M1-H2-P08,21-Jul-2026 21:22:39,21-Jul-2026
18,21:22:50,21-Jul-2026,Rain_out,Climate_model,,Pl16-R2-M1-H2-P08,,,-0.005332,2.9164,-0.005342,-0.060009,2.0234,2.025,3.0931,1.0697,20.7093,20.6926,31.6325,0.44179,7.5,PSF-00578_20260721212250_c4e,0,0,0,73.58051,332.7541,0.77887,0.5,0.8,0.014715,1,57.42,57.47,26.73,24.54,24.54,97.78,156.1,155.5,0.3,0,3.952,0,-50,118,,,,,,,,02:17:00,22-Jul-2026,39.2085,-96.5939,318.9,9,2.31,21:16:33,21-Jul-2026,-0.75,1,0,-0.002,-9999,0.154,0.469,-9999,1,150,0.005,2,0.058905,0,0.02923,0,0,-6.8e-05,standard,0,rectangular,7000,500,-9999,-9999,55537,55537,55537,0,-9999,0,0,0,0,2.4843,2.4702,1.6423,0.93126,0.25452,-0.023993,0.1424,0.10668,73.5805,0.000283,2.3977,-3e-05,1,2.3839,-2.4e-05,1,0.60171,0.60051,0.10664,0,PSF-00578_20260721212250_c4e,PFA-00612,PSA-00572,PSF-00578,RHS-0697,3.0.0,2026-06-15T15:17:51.144Z,DATA_DUMP_1785116825020_clean_2026-07-21.csv,21-Jul-2026,170,Pl16-R2-M1-H2-P08,21-Jul-2026 21:22:50,21-Jul-2026
19,21:23:02,21-Jul-2026,Rain_out,Climate_model,,Pl16-R2-M1-H2-P08,,,-0.001827,2.9158,-0.001828,-0.020704,2.0339,2.0345,3.1122,1.0783,20.8065,20.8007,31.8279,0.44179,7.5,PSF-00578_20260721212302_a63,0,0,0,80.37543,335.996,0.76079,0.5,0.8,0.011247,1,57.73,57.74,26.73,24.64,24.64,97.78,156,155.3,0.4,0,3.95,0,-58,90,,,,,,,,02:17:13,22-Jul-2026,39.2084,-96.5939,318.2,10,1.09,21:16:33,21-Jul-2026,-0.75,1,0.002,0,-9999,0.283,0.855,-9999,1,150,0.005,2,0.058905,0,0.02923,0,0,-6.8e-05,standard,0,rectangular,7000,500,-9999,-9999,55537,55537,55537,0,-9999,0,0,0,0,2.4846,2.4706,1.6417,0.93071,0.25455,-0.022833,0.14392,0.10667,80.3754,0.000295,2.3977,-3e-05,1,2.3839,-2.4e-05,1,0.60171,0.60051,0.10664,0,PSF-00578_20260721212302_a63,PFA-00612,PSA-00572,PSF-00578,RHS-0697,3.0.0,2026-06-15T15:17:51.144Z,DATA_DUMP_1785116825020_clean_2026-07-21.csv,21-Jul-2026,171,Pl16-R2-M1-H2-P08,21-Jul-2026 21:23:02,21-Jul-2026
20,21:23:19,21-Jul-2026,Rain_out,Climate_model,,Pl16-R2-M1-H2-P08,,,-0.022859,2.9152,-0.023039,-0.25247,2.0789,2.0857,3.1219,1.043,21.33,21.2599,31.9266,0.44179,7.5,PSF-00578_20260721212319_5d8,0,0,0,87.45146,342.227,0.74446,0.5,0.8,0.022477,1,59.01,59.2,26.73,24.69,24.69,97.78,155.9,155.7,0.2,0,3.951,33,60,182,,,,,,,,02:17:29,22-Jul-2026,39.2084,-96.5939,318,10,1.08,21:16:33,21-Jul-2026,-0.75,1,-0.002,-0.001,-0.014,0.438,1.413,4.428,1,150,0.005,2,0.058905,0,0.02923,0,0,-6.8e-05,standard,0,rectangular,7000,500,-9999,-9999,55537,55537,55537,0,-9999,0,0,0,0,2.4865,2.4722,1.6411,0.93153,0.25456,-0.022247,0.14614,0.1067,87.4515,0.00028,2.3977,-3e-05,1,2.3839,-2.4e-05,1,0.60171,0.60051,0.10664,0,PSF-00578_20260721212319_5d8,PFA-00612,PSA-00572,PSF-00578,RHS-0697,3.0.0,2026-06-15T15:17:51.144Z,DATA_DUMP_1785116825020_clean_2026-07-21.csv,21-Jul-2026,172,Pl16-R2-M1-H2-P08,21-Jul-2026 21:23:19,21-Jul-2026
21,21:23:36,21-Jul-2026,Rain_out,Climate_model,,Pl16-R2-M1-H2-P08,,,-0.01139,2.9155,-0.011435,-0.13865,2.0172,2.021,3.1712,1.154,20.6698,20.6313,32.4342,0.44179,7.5,PSF-00578_20260721212336_700,0,0,0,80.02567,349.4214,0.77098,0.5,0.8,0.010738,1,57.27,57.37,26.73,24.96,24.96,97.77,155.9,155.7,0.1,0,3.915,8,-75,130,,,,,,,,02:17:47,22-Jul-2026,39.2084,-96.5939,317.2,10,1.09,21:16:33,21-Jul-2026,-0.75,1,-0.003,-0.002,-0.009,0.176,0.273,0.796,1,150,0.005,2,0.058905,0,0.02923,0,0,-6.8e-05,standard,0,rectangular,7000,500,-9999,-9999,55537,55537,55537,0,-9999,0,0,0,0,2.4842,2.47,1.6413,0.93168,0.25459,-0.019334,0.14843,0.10667,80.0257,0.000277,2.3977,-3e-05,1,2.3839,-2.4e-05,1,0.60171,0.60051,0.10664,0,PSF-00578_20260721212336_700,PFA-00612,PSA-00572,PSF-00578,RHS-0697,3.0.0,2026-06-15T15:17:51.144Z,DATA_DUMP_1785116825020_clean_2026-07-21.csv,21-Jul-2026,173,Pl16-R2-M1-H2-P08,21-Jul-2026 21:23:36,21-Jul-2026
22,21:23:50,21-Jul-2026,Rain_out,Climate_model,,Pl16-R2-M1-H2-P08,,,-0.018117,2.9161,-0.01823,-0.25651,2.0648,2.0717,3.402,1.3373,21.1893,21.1182,34.7954,0.44179,7.5,PSF-00578_20260721212350_932,0,0,0,83.95278,322.5292,0.7397,0.5,0.8,0.020813,1,58.6,58.8,26.73,26.14,26.14,97.77,156,155.7,0.2,0,3.951,34,61,195,,,,,,,,02:18:01,22-Jul-2026,39.2084,-96.5939,316.5,10,1.09,21:16:33,21-Jul-2026,-0.75,1,-0.004,-0.001,-9999,0.767,1.708,-9999,1,150,0.005,2,0.058905,0,0.02923,0,0,-6.8e-05,standard,0,rectangular,7000,500,-9999,-9999,55537,55537,55537,0,-9999,0,0,0,0,2.486,2.4717,1.642,0.93163,0.25455,-0.006258,0.15019,0.1067,83.9528,0.000283,2.3977,-3e-05,1,2.3839,-2.4e-05,1,0.60171,0.60051,0.10664,0,PSF-00578_20260721212350_932,PFA-00612,PSA-00572,PSF-00578,RHS-0697,3.0.0,2026-06-15T15:17:51.144Z,DATA_DUMP_1785116825020_clean_2026-07-21.csv,21-Jul-2026,174,Pl16-R2-M1-H2-P08,21-Jul-2026 21:23:50,21-Jul-2026
23,21:24:07,21-Jul-2026,Rain_out,Climate_model,,Pl16-R2-M1-H2-P08,,,-0.005034,2.9174,-0.005043,-0.061142,2.0611,2.0628,3.2146,1.1535,21.0956,21.0787,32.8756,0.44179,7.5,PSF-00578_20260721212407_058,0,0,0,76.81775,335.0265,0.77071,0.5,0.8,0.011526,1,58.48,58.53,26.74,25.18,25.18,97.78,156.2,155.7,0.3,0,3.951,2,-53,104,,,,,,,,02:18:18,22-Jul-2026,39.2084,-96.5939,317.1,10,1.08,21:16:33,21-Jul-2026,-0.75,1,-0.001,-0.002,-0.011,0.149,0.355,1.225,1,150,0.005,2,0.058905,0,0.02923,0,0,-6.8e-05,standard,0,rectangular,7000,500,-9999,-9999,55537,55537,55537,0,-9999,0,0,0,0,2.4856,2.4716,1.6433,0.93154,0.25449,-0.016929,0.15235,0.10667,76.8177,0.000294,2.3977,-3e-05,1,2.3839,-2.4e-05,1,0.60171,0.60051,0.10664,0,PSF-00578_20260721212407_058,PFA-00612,PSA-00572,PSF-00578,RHS-0697,3.0.0,2026-06-15T15:17:51.144Z,DATA_DUMP_1785116825020_clean_2026-07-21.csv,21-Jul-2026,175,Pl16-R2-M1-H2-P08,21-Jul-2026 21:24:07,21-Jul-2026
24,21:24:24,21-Jul-2026,Rain_out,Climate_model,,Pl16-R2-M1-H2-P08,,,-0.011875,2.9169,-0.011923,-0.14962,2.0385,2.0426,3.2325,1.194,20.8882,20.8467,33.0566,0.44179,7.5,PSF-00578_20260721212424_d50,0,0,0,78.18854,314.7472,0.75158,0.5,0.8,0.013299,1,57.82,57.94,26.74,25.28,25.28,97.79,156.1,155.5,0.4,0,3.947,0,34,129,,,,,,,,02:18:35,22-Jul-2026,39.2084,-96.5939,318.5,11,0.96,21:16:33,21-Jul-2026,-0.75,1,-0.003,-0.002,-0.017,0.345,0.77,1.695,1,150,0.005,2,0.058905,0,0.02923,0,0,-6.8e-05,standard,0,rectangular,7000,500,-9999,-9999,55537,55537,55537,0,-9999,0,0,0,0,2.4849,2.4707,1.6428,0.93113,0.25444,-0.015957,0.15456,0.10668,78.1885,0.000287,2.3977,-3e-05,1,2.3839,-2.4e-05,1,0.60171,0.60051,0.10664,0,PSF-00578_20260721212424_d50,PFA-00612,PSA-00572,PSF-00578,RHS-0697,3.0.0,2026-06-15T15:17:51.144Z,DATA_DUMP_1785116825020_clean_2026-07-21.csv,21-Jul-2026,176,Pl16-R2-M1-H2-P08,21-Jul-2026 21:24:24,21-Jul-2026
64,13:11:48,20-Jul-2026,Rain_out,Climate_model,,Pl17-R2-M1-H1-P04,,,0.077722,2.9161,0.075704,3.3978,2.8048,2.7139,6.9537,4.1489,27.8867,28.8212,71.4539,0.44179,7.5,PSF-00578_20260720131148_4ea,0,0,0,92.63992,242.3851,0.6178,0.5,0.8,439.1024,1,38.66,37.41,39.59,38.81,38.81,97.32,156,154.1,1.3,1777,3.913,-12,24,357,,,,,,,,18:06:03,20-Jul-2026,39.2084,-96.5938,311.5,19,0.64,13:11:23,20-Jul-2026,-0.34,1,0,0,-9999,-0.072,-0.106,-9999,1,150,0.005,2,0.058905,0,0.02923,0,0,-6.8e-05,standard,0,rectangular,7000,500,-9999,-9999,55537,55537,55537,0,-9999,0,0,0,0,2.4559,2.4435,1.642,0.92753,0.15403,-0.009724,0.25056,1.5914,92.6399,0.000312,2.3977,-3e-05,1,2.3839,-2.4e-05,1,0.60171,0.60051,0.10664,0,PSF-00578_20260720131148_4ea,PFA-00612,PSA-00572,PSF-00578,RHS-0697,3.0.0,2026-06-15T15:17:51.144Z,DATA_DUMP_1785116825020_clean_2026-07-20.csv,20-Jul-2026,40,Pl17-R2-M1-H1-P04,20-Jul-2026 13:11:48,20-Jul-2026
65,13:12:00,20-Jul-2026,Rain_out,Climate_model,,Pl17-R2-M1-H1-P04,,,0.085266,2.9167,0.082844,3.8528,2.8349,2.7318,7.1294,4.2945,28.0693,29.128,73.254,0.44179,7.5,PSF-00578_20260720131200_d20,0,0,0,97.9439,195.6518,0.4994,0.5,0.8,363.0665,1,39.08,37.66,39.59,39.27,39.27,97.32,156.1,154,1.3,1818,3.911,-7,27,0,,,,,,,,18:06:15,20-Jul-2026,39.2084,-96.5938,311.8,19,0.64,13:11:23,20-Jul-2026,-0.34,1,-0.002,0,-9999,-0.028,-4.676,-9999,1,150,0.005,2,0.058905,0,0.02923,0,0,-6.8e-05,standard,0,rectangular,7000,500,-9999,-9999,55537,55537,55537,0,-9999,0,0,0,0,2.4563,2.4441,1.6426,0.92738,0.15403,-0.003831,0.25135,1.6253,97.9439,0.000309,2.3977,-3e-05,1,2.3839,-2.4e-05,1,0.60171,0.60051,0.10664,0,PSF-00578_20260720131200_d20,PFA-00612,PSA-00572,PSF-00578,RHS-0697,3.0.0,2026-06-15T15:17:51.144Z,DATA_DUMP_1785116825020_clean_2026-07-20.csv,20-Jul-2026,41,Pl17-R2-M1-H1-P04,20-Jul-2026 13:12:00,20-Jul-2026
66,13:12:18,20-Jul-2026,Rain_out,Climate_model,,Pl17-R2-M1-H1-P04,,,0.11387,2.9168,0.10959,5.4311,2.8596,2.7144,7.4275,4.5678,27.8925,29.3845,76.3217,0.44179,7.5,PSF-00578_20260720131218_b66,0,0,0,116.3667,178.2138,0.34704,0.5,0.8,258.365,1,39.43,37.42,39.59,40.03,40.03,97.32,156.1,154,1.3,1861,3.91,-4,30,2,,,,,,,,18:06:33,20-Jul-2026,39.2084,-96.5938,311.9,18,0.69,13:11:23,20-Jul-2026,-0.34,1,-0.001,0.001,0.01,-1.448,-2.252,-0.899,1,150,0.005,2,0.058905,0,0.02923,0,0,-6.8e-05,standard,0,rectangular,7000,500,-9999,-9999,55537,55537,55537,0,-9999,0,0,0,0,2.456,2.4445,1.6427,0.92735,0.15405,0.00599,0.25264,1.6618,116.3667,0.000322,2.3977,-3e-05,1,2.3839,-2.4e-05,1,0.60171,0.60051,0.10664,0,PSF-00578_20260720131218_b66,PFA-00612,PSA-00572,PSF-00578,RHS-0697,3.0.0,2026-06-15T15:17:51.144Z,DATA_DUMP_1785116825020_clean_2026-07-20.csv,20-Jul-2026,42,Pl17-R2-M1-H1-P04,20-Jul-2026 13:12:18,20-Jul-2026
67,13:12:31,20-Jul-2026,Rain_out,Climate_model,,Pl17-R2-M1-H1-P04,,,0.099014,2.9153,0.095761,4.8773,2.8848,2.7543,7.575,4.6902,28.3022,29.6432,77.8377,0.44179,7.5,PSF-00578_20260720131231_64f,0,0,0,115.9708,159.0407,0.27081,0.5,0.8,205.644,1,39.78,37.98,39.59,40.4,40.4,97.32,155.9,154.1,1.1,1898,3.91,0,30,4,,,,,,,,18:06:46,20-Jul-2026,39.2084,-96.5938,312.2,18,0.69,13:11:23,20-Jul-2026,-0.34,1,0,0.001,0.013,-1.3,-2.45,-5.19,1,150,0.005,2,0.058905,0,0.02923,0,0,-6.8e-05,standard,0,rectangular,7000,500,-9999,-9999,55537,55537,55537,0,-9999,0,0,0,0,2.4567,2.445,1.6412,0.9277,0.15407,0.010759,0.25353,1.6929,115.9708,0.000307,2.3977,-3e-05,1,2.3839,-2.4e-05,1,0.60171,0.60051,0.10664,0,PSF-00578_20260720131231_64f,PFA-00612,PSA-00572,PSF-00578,RHS-0697,3.0.0,2026-06-15T15:17:51.144Z,DATA_DUMP_1785116825020_clean_2026-07-20.csv,20-Jul-2026,43,Pl17-R2-M1-H1-P04,20-Jul-2026 13:12:31,20-Jul-2026
68,13:12:44,20-Jul-2026,Rain_out,Climate_model,,Pl17-R2-M1-H1-P04,,,0.19687,2.9161,0.18442,8.025,2.9409,2.7264,6.9596,4.0188,28.019,30.2229,71.5233,0.44179,7.5,PSF-00578_20260720131244_69f,0,0,0,98.3187,140.006,0.29775,0.5,0.8,218.9702,1,40.56,37.6,39.59,38.82,38.82,97.31,156,154.2,1.2,1839,3.906,3,35,6,,,,,,,,18:06:56,20-Jul-2026,39.2084,-96.5938,312.5,18,0.69,13:11:23,20-Jul-2026,-0.34,1,-0.004,-0.001,-9999,-0.882,-2.003,-9999,1,150,0.005,2,0.058905,0,0.02923,0,0,-6.8e-05,standard,0,rectangular,7000,500,-9999,-9999,55537,55537,55537,0,-9999,0,0,0,0,2.4562,2.446,1.642,0.92781,0.15409,-0.009405,0.25443,1.6429,98.3187,0.00032,2.3977,-3e-05,1,2.3839,-2.4e-05,1,0.60171,0.60051,0.10664,0,PSF-00578_20260720131244_69f,PFA-00612,PSA-00572,PSF-00578,RHS-0697,3.0.0,2026-06-15T15:17:51.144Z,DATA_DUMP_1785116825020_clean_2026-07-20.csv,20-Jul-2026,44,Pl17-R2-M1-H1-P04,20-Jul-2026 13:12:44,20-Jul-2026
69,13:12:56,20-Jul-2026,Rain_out,Climate_model,,Pl17-R2-M1-H1-P04,,,0.22153,2.9157,0.20589,9.2154,3.0108,2.7647,7.1393,4.1285,28.4104,30.9401,73.365,0.44179,7.5,PSF-00578_20260720131256_843,0,0,0,97.98575,141.9064,0.3095,0.5,0.8,225.874,1,41.53,38.14,39.58,39.3,39.3,97.31,156,154.3,1.1,1824,3.91,0,36,4,,,,,,,,18:07:11,20-Jul-2026,39.2084,-96.5938,313.3,19,0.64,13:11:23,20-Jul-2026,-0.34,1,-0.001,0.002,-9999,-0.455,-1.011,-9999,1,150,0.005,2,0.058905,0,0.02923,0,0,-6.8e-05,standard,0,rectangular,7000,500,-9999,-9999,55537,55537,55537,0,-9999,0,0,0,0,2.4569,2.4473,1.6416,0.92815,0.15411,-0.003332,0.25521,1.6311,97.9857,0.000315,2.3977,-3e-05,1,2.3839,-2.4e-05,1,0.60171,0.60051,0.10664,0,PSF-00578_20260720131256_843,PFA-00612,PSA-00572,PSF-00578,RHS-0697,3.0.0,2026-06-15T15:17:51.144Z,DATA_DUMP_1785116825020_clean_2026-07-20.csv,20-Jul-2026,45,Pl17-R2-M1-H1-P04,20-Jul-2026 13:12:56,20-Jul-2026
70,13:13:09,20-Jul-2026,Rain_out,Climate_model,,Pl17-R2-M1-H1-P04,,,0.12498,2.9159,0.11984,4.9198,2.8393,2.7077,6.6391,3.7997,27.8284,29.1811,68.2328,0.44179,7.5,PSF-00578_20260720131309_246,0,0,0,97.58985,172.171,0.43318,0.5,0.8,257.6501,1,39.17,37.35,39.58,37.95,37.95,97.3,156,153.9,1.3,1487,3.91,4,-38,358,,,,,,,,18:07:24,20-Jul-2026,39.2085,-96.5938,312.8,17,0.65,13:11:23,20-Jul-2026,-0.34,1,0.002,0.001,-9999,-1.605,-3.666,-9999,1,150,0.005,2,0.058905,0,0.02923,0,0,-6.8e-05,standard,0,rectangular,7000,500,-9999,-9999,55537,55537,55537,0,-9999,0,0,0,0,2.4559,2.4442,1.6418,0.92708,0.15412,-0.02035,0.25594,1.3491,97.5899,0.000309,2.3977,-3e-05,1,2.3839,-2.4e-05,1,0.60171,0.60051,0.10664,0,PSF-00578_20260720131309_246,PFA-00612,PSA-00572,PSF-00578,RHS-0697,3.0.0,2026-06-15T15:17:51.144Z,DATA_DUMP_1785116825020_clean_2026-07-20.csv,20-Jul-2026,46,Pl17-R2-M1-H1-P04,20-Jul-2026 13:13:09,20-Jul-2026
71,13:13:21,20-Jul-2026,Rain_out,Climate_model,,Pl17-R2-M1-H1-P04,,,0.051222,2.9179,0.050338,2.0697,2.8065,2.7511,6.6136,3.8071,28.2735,28.8419,67.9678,0.44179,7.5,PSF-00578_20260720131321_bd2,0,0,0,103.4882,210.543,0.50847,0.5,0.8,224.9535,1,38.72,37.95,39.58,37.88,37.88,97.3,156.2,153.8,1.6,1106,3.91,1,-48,6,,,,,,,,18:07:36,20-Jul-2026,39.2085,-96.5938,312.7,17,0.7,13:11:23,20-Jul-2026,-0.34,1,-0.002,0,-9999,0.339,1.764,-9999,1,150,0.005,2,0.058905,0,0.02923,0,0,-6.8e-05,standard,0,rectangular,7000,500,-9999,-9999,55537,55537,55537,0,-9999,0,0,0,0,2.4567,2.4436,1.6438,0.92687,0.15413,-0.021219,0.25674,1.0308,103.4882,0.00031,2.3977,-3e-05,1,2.3839,-2.4e-05,1,0.60171,0.60051,0.10664,0,PSF-00578_20260720131321_bd2,PFA-00612,PSA-00572,PSF-00578,RHS-0697,3.0.0,2026-06-15T15:17:51.144Z,DATA_DUMP_1785116825020_clean_2026-07-20.csv,20-Jul-2026,47,Pl17-R2-M1-H1-P04,20-Jul-2026 13:13:21,20-Jul-2026
72,13:13:31,20-Jul-2026,Rain_out,Climate_model,,Pl17-R2-M1-H1-P04,,,0.041604,2.9178,0.04102,1.6117,2.8445,2.8015,6.4846,3.64,28.7905,29.2329,66.641,0.44179,7.5,PSF-00578_20260720131331_fda,0,0,0,124.1988,247.4985,0.49818,0.5,0.8,201.7754,1,39.24,38.65,39.58,37.52,37.52,97.31,156.2,153.7,1.6,1013,3.909,0,-48,9,,,,,,,,18:07:46,20-Jul-2026,39.2085,-96.5938,313,19,0.66,13:11:23,20-Jul-2026,-0.34,1,0.001,0.003,-9999,1.768,7.008,-9999,1,150,0.005,2,0.058905,0,0.02923,0,0,-6.8e-05,standard,0,rectangular,7000,500,-9999,-9999,55537,55537,55537,0,-9999,0,0,0,0,2.4576,2.4443,1.6437,0.92655,0.15412,-0.025787,0.2574,0.95272,124.1988,0.00031,2.3977,-3e-05,1,2.3839,-2.4e-05,1,0.60171,0.60051,0.10664,0,PSF-00578_20260720131331_fda,PFA-00612,PSA-00572,PSF-00578,RHS-0697,3.0.0,2026-06-15T15:17:51.144Z,DATA_DUMP_1785116825020_clean_2026-07-20.csv,20-Jul-2026,48,Pl17-R2-M1-H1-P04,20-Jul-2026 13:13:31,20-Jul-2026
73,13:13:42,20-Jul-2026,Rain_out,Climate_model,,Pl17-R2-M1-H1-P04,,,0.040426,2.9169,0.039874,1.6713,2.8379,2.7932,6.7166,3.8787,28.7037,29.1629,69.0206,0.44179,7.5,PSF-00578_20260720131342_660,0,0,0,143.8201,252.2307,0.42981,0.5,0.8,196.1743,1,39.15,38.53,39.58,38.16,38.16,97.31,156.1,153.8,1.5,1141,3.902,-3,-43,8,,,,,,,,18:07:55,20-Jul-2026,39.2085,-96.5938,312.9,19,0.66,13:11:23,20-Jul-2026,-0.34,1,0.001,0.003,-9999,-0.699,-0.511,-9999,1,150,0.005,2,0.058905,0,0.02923,0,0,-6.8e-05,standard,0,rectangular,7000,500,-9999,-9999,55537,55537,55537,0,-9999,0,0,0,0,2.4574,2.4442,1.6428,0.92693,0.15411,-0.017668,0.2581,1.0601,143.8201,0.000316,2.3977,-3e-05,1,2.3839,-2.4e-05,1,0.60171,0.60051,0.10664,0,PSF-00578_20260720131342_660,PFA-00612,PSA-00572,PSF-00578,RHS-0697,3.0.0,2026-06-15T15:17:51.144Z,DATA_DUMP_1785116825020_clean_2026-07-20.csv,20-Jul-2026,49,Pl17-R2-M1-H1-P04,20-Jul-2026 13:13:42,20-Jul-2026
74,13:13:58,20-Jul-2026,Rain_out,Climate_model,,Pl17-R2-M1-H1-P04,,,0.2304,2.9174,0.21354,8.5451,2.9273,2.6991,6.6299,3.7027,27.7386,30.0832,68.1353,0.44179,7.5,PSF-00578_20260720131358_83a,0,0,0,93.00577,172.9749,0.46232,0.5,0.8,230.4079,1,40.37,37.22,39.59,37.92,37.92,97.31,156.2,154.3,1.2,1246,3.909,18,62,351,,,,,,,,18:08:13,20-Jul-2026,39.2085,-96.5938,313.9,19,0.66,13:11:23,20-Jul-2026,-0.34,1,-0.002,0.001,0.011,-1.786,0.991,0.696,1,150,0.005,2,0.058905,0,0.02923,0,0,-6.8e-05,standard,0,rectangular,7000,500,-9999,-9999,55537,55537,55537,0,-9999,0,0,0,0,2.4557,2.4458,1.6433,0.92805,0.15408,-0.020735,0.25909,1.1477,93.0058,0.000309,2.3977,-3e-05,1,2.3839,-2.4e-05,1,0.60171,0.60051,0.10664,0,PSF-00578_20260720131358_83a,PFA-00612,PSA-00572,PSF-00578,RHS-0697,3.0.0,2026-06-15T15:17:51.144Z,DATA_DUMP_1785116825020_clean_2026-07-20.csv,20-Jul-2026,50,Pl17-R2-M1-H1-P04,20-Jul-2026 13:13:58,20-Jul-2026
75,13:14:17,20-Jul-2026,Rain_out,Climate_model,,Pl17-R2-M1-H1-P04,,,0.070641,2.9167,0.06897,2.8484,2.9401,2.8641,6.7585,3.8183,29.4333,30.2151,69.4555,0.44179,7.5,PSF-00578_20260720131417_8ee,0,0,0,101.2259,193.1208,0.47584,0.5,0.8,243.7027,1,40.52,39.48,39.6,38.28,38.28,97.31,156.1,153.8,1.5,1280,3.909,20,61,352,,,,,,,,18:08:32,20-Jul-2026,39.2085,-96.5938,313.8,19,0.66,13:11:23,20-Jul-2026,-0.34,1,0.002,0,-9999,-3.559,-2.458,-9999,1,150,0.005,2,0.058905,0,0.02923,0,0,-6.8e-05,standard,0,rectangular,7000,500,-9999,-9999,55537,55537,55537,0,-9999,0,0,0,0,2.4587,2.446,1.6426,0.92691,0.15402,-0.01641,0.26031,1.1765,101.2259,0.000309,2.3977,-3e-05,1,2.3839,-2.4e-05,1,0.60171,0.60051,0.10664,0,PSF-00578_20260720131417_8ee,PFA-00612,PSA-00572,PSF-00578,RHS-0697,3.0.0,2026-06-15T15:17:51.144Z,DATA_DUMP_1785116825020_clean_2026-07-20.csv,20-Jul-2026,51,Pl17-R2-M1-H1-P04,20-Jul-2026 13:14:17,20-Jul-2026
76,13:14:30,20-Jul-2026,Rain_out,Climate_model,,Pl17-R2-M1-H1-P04,,,0.059926,2.9164,0.05872,2.313,2.8152,2.7533,6.4655,3.6503,28.2945,28.9304,66.4427,0.44179,7.5,PSF-00578_20260720131430_8de,0,0,0,86.15041,254.0882,0.66094,0.5,0.8,142.9762,1,38.78,37.93,39.61,37.46,37.46,97.31,156,153.6,1.5,541,3.908,2,-62,23,,,,,,,,18:08:45,20-Jul-2026,39.2085,-96.5938,313.9,18,0.66,13:11:23,20-Jul-2026,-0.34,1,0.001,0.002,-9999,0.222,2.136,-9999,1,150,0.005,2,0.058905,0,0.02923,0,0,-6.8e-05,standard,0,rectangular,7000,500,-9999,-9999,55537,55537,55537,0,-9999,0,0,0,0,2.4566,2.4437,1.6423,0.92648,0.15396,-0.02679,0.26117,0.55853,86.1504,0.000309,2.3977,-3e-05,1,2.3839,-2.4e-05,1,0.60171,0.60051,0.10664,0,PSF-00578_20260720131430_8de,PFA-00612,PSA-00572,PSF-00578,RHS-0697,3.0.0,2026-06-15T15:17:51.144Z,DATA_DUMP_1785116825020_clean_2026-07-20.csv,20-Jul-2026,52,Pl17-R2-M1-H1-P04,20-Jul-2026 13:14:30,20-Jul-2026
77,13:14:42,20-Jul-2026,Rain_out,Climate_model,,Pl17-R2-M1-H1-P04,,,0.09186,2.9166,0.089055,3.4983,2.7603,2.6667,6.4027,3.6424,27.4057,28.3678,65.801,0.44179,7.5,PSF-00578_20260720131442_c0f,0,0,0,86.09569,266.0004,0.67633,0.5,0.8,47.1922,1,38.01,36.72,39.61,37.28,37.28,97.3,156.1,154,1.3,174,3.907,6,-73,35,,,,,,,,18:08:57,20-Jul-2026,39.2084,-96.5938,314.4,20,0.62,13:11:23,20-Jul-2026,-0.34,1,0.002,0.001,-9999,-0.058,0.315,-9999,1,150,0.005,2,0.058905,0,0.02923,0,0,-6.8e-05,standard,0,rectangular,7000,500,-9999,-9999,55537,55537,55537,0,-9999,0,0,0,0,2.455,2.4427,1.6425,0.92735,0.15392,-0.029132,0.26183,0.2524,86.0957,0.000305,2.3977,-3e-05,1,2.3839,-2.4e-05,1,0.60171,0.60051,0.10664,0,PSF-00578_20260720131442_c0f,PFA-00612,PSA-00572,PSF-00578,RHS-0697,3.0.0,2026-06-15T15:17:51.144Z,DATA_DUMP_1785116825020_clean_2026-07-20.csv,20-Jul-2026,53,Pl17-R2-M1-H1-P04,20-Jul-2026 13:14:42,20-Jul-2026
78,13:14:54,20-Jul-2026,Rain_out,Climate_model,,Pl17-R2-M1-H1-P04,,,0.052633,2.9166,0.0517,2.0886,2.696,2.6401,6.4427,3.7466,27.1304,27.7053,66.2068,0.44179,7.5,PSF-00578_20260720131454_295,0,0,0,86.59959,258.5968,0.66512,0.5,0.8,100.5498,1,37.12,36.35,39.62,37.4,37.4,97.31,156.1,153.8,1.4,378,3.902,3,-71,28,,,,,,,,18:09:07,20-Jul-2026,39.2084,-96.5938,314.3,19,0.66,13:11:23,20-Jul-2026,-0.34,1,-0.001,-0.004,-9999,-0.048,0.007,-9999,1,150,0.005,2,0.058905,0,0.02923,0,0,-6.8e-05,standard,0,rectangular,7000,500,-9999,-9999,55537,55537,55537,0,-9999,0,0,0,0,2.4545,2.4415,1.6425,0.92696,0.15391,-0.02773,0.26255,0.42244,86.5996,0.00032,2.3977,-3e-05,1,2.3839,-2.4e-05,1,0.60171,0.60051,0.10664,0,PSF-00578_20260720131454_295,PFA-00612,PSA-00572,PSF-00578,RHS-0697,3.0.0,2026-06-15T15:17:51.144Z,DATA_DUMP_1785116825020_clean_2026-07-20.csv,20-Jul-2026,54,Pl17-R2-M1-H1-P04,20-Jul-2026 13:14:54,20-Jul-2026
79,13:15:05,20-Jul-2026,Rain_out,Climate_model,,Pl17-R2-M1-H1-P04,,,0.057744,2.9188,0.056623,2.1865,2.6749,2.6164,6.26,3.5851,26.8871,27.488,64.3293,0.44179,7.5,PSF-00578_20260720131505_ad6,0,0,0,88.65022,253.3225,0.65005,0.5,0.8,113.4663,1,36.82,36.01,39.62,36.87,36.87,97.31,156.3,153.7,1.7,436,3.872,4,-69,27,,,,,,,,18:09:20,20-Jul-2026,39.2084,-96.5938,314.9,18,0.68,13:11:23,20-Jul-2026,-0.34,1,0.002,-0.002,-9999,-0.111,1.03,-9999,1,150,0.005,2,0.058905,0,0.02923,0,0,-6.8e-05,standard,0,rectangular,7000,500,-9999,-9999,55537,55537,55537,0,-9999,0,0,0,0,2.4541,2.4411,1.6447,0.92675,0.15388,-0.034368,0.26315,0.47127,88.6502,0.000311,2.3977,-3e-05,1,2.3839,-2.4e-05,1,0.60171,0.60051,0.10664,0,PSF-00578_20260720131505_ad6,PFA-00612,PSA-00572,PSF-00578,RHS-0697,3.0.0,2026-06-15T15:17:51.144Z,DATA_DUMP_1785116825020_clean_2026-07-20.csv,20-Jul-2026,55,Pl17-R2-M1-H1-P04,20-Jul-2026 13:15:05,20-Jul-2026
80,13:15:19,20-Jul-2026,Rain_out,Climate_model,,Pl17-R2-M1-H1-P04,,,0.055905,2.9165,0.054853,2.1007,2.7659,2.7097,6.3191,3.5531,27.8436,28.4214,64.9314,0.44179,7.5,PSF-00578_20260720131519_962,0,0,0,84.31256,264.1468,0.68081,0.5,0.8,91.5133,1,38.05,37.28,39.63,37.04,37.04,97.32,156.1,153.7,1.5,336,3.868,4,-68,39,,,,,,,,18:09:34,20-Jul-2026,39.2084,-96.5938,315.1,19,0.66,13:11:23,20-Jul-2026,-0.34,1,0.001,0,-9999,-0.046,0.196,-9999,1,150,0.005,2,0.058905,0,0.02923,0,0,-6.8e-05,standard,0,rectangular,7000,500,-9999,-9999,55537,55537,55537,0,-9999,0,0,0,0,2.4558,2.4427,1.6424,0.92673,0.15382,-0.032351,0.26388,0.38743,84.3126,0.0003,2.3977,-3e-05,1,2.3839,-2.4e-05,1,0.60171,0.60051,0.10664,0,PSF-00578_20260720131519_962,PFA-00612,PSA-00572,PSF-00578,RHS-0697,3.0.0,2026-06-15T15:17:51.144Z,DATA_DUMP_1785116825020_clean_2026-07-20.csv,20-Jul-2026,56,Pl17-R2-M1-H1-P04,20-Jul-2026 13:15:19,20-Jul-2026
81,13:15:30,20-Jul-2026,Rain_out,Climate_model,,Pl17-R2-M1-H1-P04,,,0.030217,2.9186,0.029907,1.3351,2.6684,2.6327,6.8017,4.1333,27.0515,27.4185,69.8882,0.44179,7.5,PSF-00578_20260720131530_93a,0,0,0,120.4809,210.175,0.42676,0.5,0.8,199.9639,1,36.69,36.2,39.64,38.4,38.4,97.32,156.3,153.9,1.6,1171,3.905,26,63,346,,,,,,,,18:09:44,20-Jul-2026,39.2084,-96.5938,315.5,19,0.66,13:11:23,20-Jul-2026,-0.34,1,-0.001,0,-9999,-4.524,-10.668,-9999,1,150,0.005,2,0.058905,0,0.02923,0,0,-6.8e-05,standard,0,rectangular,7000,500,-9999,-9999,55537,55537,55537,0,-9999,0,0,0,0,2.4543,2.441,1.6445,0.92708,0.15376,-0.015492,0.26443,1.0855,120.4809,0.000313,2.3977,-3e-05,1,2.3839,-2.4e-05,1,0.60171,0.60051,0.10664,0,PSF-00578_20260720131530_93a,PFA-00612,PSA-00572,PSF-00578,RHS-0697,3.0.0,2026-06-15T15:17:51.144Z,DATA_DUMP_1785116825020_clean_2026-07-20.csv,20-Jul-2026,57,Pl17-R2-M1-H1-P04,20-Jul-2026 13:15:30,20-Jul-2026
82,13:15:55,20-Jul-2026,Rain_out,Climate_model,,Pl17-R2-M1-H1-P04,,,0.064708,2.9164,0.063303,2.6138,2.8231,2.7532,6.646,3.8228,28.291,29.0096,68.2916,0.44179,7.5,PSF-00578_20260720131555_872,0,0,0,123.5679,219.0725,0.43595,0.5,0.8,225.5283,1,38.78,37.82,39.66,37.97,37.97,97.32,156,154,1.3,1293,3.905,5,-43,1,,,,,,,,18:10:09,20-Jul-2026,39.2084,-96.5938,315.6,19,0.66,13:11:23,20-Jul-2026,-0.34,1,0,0.003,-9999,-2.549,-1.105,-9999,1,150,0.005,2,0.058905,0,0.02923,0,0,-6.8e-05,standard,0,rectangular,7000,500,-9999,-9999,55537,55537,55537,0,-9999,0,0,0,0,2.4565,2.4437,1.6423,0.92744,0.15364,-0.021142,0.26581,1.1873,123.5679,0.000312,2.3977,-3e-05,1,2.3839,-2.4e-05,1,0.60171,0.60051,0.10664,0,PSF-00578_20260720131555_872,PFA-00612,PSA-00572,PSF-00578,RHS-0697,3.0.0,2026-06-15T15:17:51.144Z,DATA_DUMP_1785116825020_clean_2026-07-20.csv,20-Jul-2026,58,Pl17-R2-M1-H1-P04,20-Jul-2026 13:15:55,20-Jul-2026
83,13:16:22,20-Jul-2026,Rain_out,Climate_model,,Pl17-R2-M1-H1-P04,,,0.1491,2.9163,0.14184,5.2693,2.7106,2.5694,6.1614,3.4508,26.4001,27.8505,63.3063,0.44179,7.5,PSF-00578_20260720131622_14f,0,0,0,71.17581,215.8696,0.67028,0.5,0.8,28.0418,1,37.18,35.25,39.68,36.58,36.58,97.33,156,154,1.3,105,3.904,-24,-55,308,,,,,,,,18:10:35,20-Jul-2026,39.2084,-96.5938,316,19,0.66,13:11:23,20-Jul-2026,-0.34,1,0.002,0.003,-9999,-0.25,-0.099,-9999,1,150,0.005,2,0.058905,0,0.02923,0,0,-6.8e-05,standard,0,rectangular,7000,500,-9999,-9999,55537,55537,55537,0,-9999,0,0,0,0,2.453,2.4416,1.6422,0.92735,0.1535,-0.038788,0.26719,0.19404,71.1758,0.000314,2.3977,-3e-05,1,2.3839,-2.4e-05,1,0.60171,0.60051,0.10664,0,PSF-00578_20260720131622_14f,PFA-00612,PSA-00572,PSF-00578,RHS-0697,3.0.0,2026-06-15T15:17:51.144Z,DATA_DUMP_1785116825020_clean_2026-07-20.csv,20-Jul-2026,59,Pl17-R2-M1-H1-P04,20-Jul-2026 13:16:22,20-Jul-2026
84,13:16:35,20-Jul-2026,Rain_out,Climate_model,,Pl17-R2-M1-H1-P04,,,0.071576,2.9159,0.069861,2.7036,2.5682,2.4957,6.1655,3.5973,25.6435,26.389,63.3524,0.44179,7.5,PSF-00578_20260720131635_bfe,0,0,0,87.81802,268.0246,0.67235,0.5,0.8,37.8541,1,35.25,34.26,39.67,36.59,36.59,97.32,156,153.9,1.4,141,3.903,-28,-57,308,,,,,,,,18:10:50,20-Jul-2026,39.2084,-96.5938,316.3,19,0.66,13:11:23,20-Jul-2026,-0.34,1,0,0.001,-9999,-0.131,0.014,-9999,1,150,0.005,2,0.058905,0,0.02923,0,0,-6.8e-05,standard,0,rectangular,7000,500,-9999,-9999,55537,55537,55537,0,-9999,0,0,0,0,2.4517,2.4391,1.6418,0.92702,0.15357,-0.038487,0.26782,0.22425,87.818,0.000308,2.3977,-3e-05,1,2.3839,-2.4e-05,1,0.60171,0.60051,0.10664,0,PSF-00578_20260720131635_bfe,PFA-00612,PSA-00572,PSF-00578,RHS-0697,3.0.0,2026-06-15T15:17:51.144Z,DATA_DUMP_1785116825020_clean_2026-07-20.csv,20-Jul-2026,60,Pl17-R2-M1-H1-P04,20-Jul-2026 13:16:35,20-Jul-2026
85,13:16:50,20-Jul-2026,Rain_out,Climate_model,,Pl17-R2-M1-H1-P04,,,0.073446,2.9163,0.071641,2.7391,2.5888,2.5153,6.1428,3.554,25.8458,26.6007,63.1187,0.44179,7.5,PSF-00578_20260720131650_500,0,0,0,90.8761,283.3439,0.67927,0.5,0.8,40.0841,1,35.56,34.55,39.66,36.52,36.52,97.32,156,153.7,1.5,148,3.903,-30,-53,313,,,,,,,,18:11:04,20-Jul-2026,39.2084,-96.5938,316.3,19,0.66,13:11:23,20-Jul-2026,-0.34,1,-0.004,-0.001,-9999,-0.026,0.318,-9999,1,150,0.005,2,0.058905,0,0.02923,0,0,-6.8e-05,standard,0,rectangular,7000,500,-9999,-9999,55537,55537,55537,0,-9999,0,0,0,0,2.4521,2.4395,1.6422,0.92671,0.15365,-0.039152,0.26838,0.22991,90.8761,0.00032,2.3977,-3e-05,1,2.3839,-2.4e-05,1,0.60171,0.60051,0.10664,0,PSF-00578_20260720131650_500,PFA-00612,PSA-00572,PSF-00578,RHS-0697,3.0.0,2026-06-15T15:17:51.144Z,DATA_DUMP_1785116825020_clean_2026-07-20.csv,20-Jul-2026,61,Pl17-R2-M1-H1-P04,20-Jul-2026 13:16:50,20-Jul-2026
86,13:17:10,20-Jul-2026,Rain_out,Climate_model,,Pl17-R2-M1-H1-P04,,,0.07263,2.9148,0.070864,2.8889,2.6582,2.5807,6.4403,3.7821,26.5169,27.3134,66.1741,0.44179,7.5,PSF-00578_20260720131710_f1a,0,0,0,106.7215,205.0327,0.47949,0.5,0.8,293.0985,1,36.55,35.48,39.64,37.39,37.39,97.32,155.9,153.8,1.3,1528,3.904,-6,-29,6,,,,,,,,18:11:24,20-Jul-2026,39.2084,-96.5938,316.8,19,0.66,13:11:23,20-Jul-2026,-0.34,1,-0.001,-0.003,-9999,-0.684,-2.978,-9999,1,150,0.005,2,0.058905,0,0.02923,0,0,-6.8e-05,standard,0,rectangular,7000,500,-9999,-9999,55537,55537,55537,0,-9999,0,0,0,0,2.4533,2.4408,1.6407,0.92684,0.15375,-0.028162,0.26956,1.3836,106.7215,0.000308,2.3977,-3e-05,1,2.3839,-2.4e-05,1,0.60171,0.60051,0.10664,0,PSF-00578_20260720131710_f1a,PFA-00612,PSA-00572,PSF-00578,RHS-0697,3.0.0,2026-06-15T15:17:51.144Z,DATA_DUMP_1785116825020_clean_2026-07-20.csv,20-Jul-2026,62,Pl17-R2-M1-H1-P04,20-Jul-2026 13:17:10,20-Jul-2026
87,13:17:29,20-Jul-2026,Rain_out,Climate_model,,Pl17-R2-M1-H1-P04,,,0.15867,2.9161,0.15048,6.0909,2.7409,2.5778,6.4932,3.7523,26.4877,28.164,66.7205,0.44179,7.5,PSF-00578_20260720131729_527,0,0,0,103.0333,182.4002,0.43512,0.5,0.8,336.0969,1,37.69,35.45,39.64,37.54,37.54,97.32,156,153.8,1.4,1931,3.904,-7,14,2,,,,,,,,18:11:44,20-Jul-2026,39.2085,-96.5938,317.2,19,0.66,13:11:23,20-Jul-2026,-0.34,1,-0.001,-0.001,0.009,0.548,0.363,-1.264,1,150,0.005,2,0.058905,0,0.02923,0,0,-6.8e-05,standard,0,rectangular,7000,500,-9999,-9999,55537,55537,55537,0,-9999,0,0,0,0,2.4533,2.4423,1.642,0.927,0.15377,-0.02623,0.27051,1.7202,103.0333,0.000308,2.3977,-3e-05,1,2.3839,-2.4e-05,1,0.60171,0.60051,0.10664,0,PSF-00578_20260720131729_527,PFA-00612,PSA-00572,PSF-00578,RHS-0697,3.0.0,2026-06-15T15:17:51.144Z,DATA_DUMP_1785116825020_clean_2026-07-20.csv,20-Jul-2026,63,Pl17-R2-M1-H1-P04,20-Jul-2026 13:17:29,20-Jul-2026
88,13:17:49,20-Jul-2026,Rain_out,Climate_model,,Pl17-R2-M1-H1-P04,,,0.020716,2.918,0.02057,0.87406,2.6389,2.6155,6.579,3.9401,26.8718,27.1123,67.5927,0.44179,7.5,PSF-00578_20260720131749_0b5,0,0,0,88.05871,287.6329,0.69385,0.5,0.8,17.2677,1,36.31,35.99,39.63,37.78,37.78,97.33,156.2,153.9,1.5,62,3.895,-27,-26,242,,,,,,,,18:12:01,20-Jul-2026,39.2085,-96.5938,317.6,19,0.66,13:11:23,20-Jul-2026,-0.34,1,0.001,0,-9999,0.078,0.232,-9999,1,150,0.005,2,0.058905,0,0.02923,0,0,-6.8e-05,standard,0,rectangular,7000,500,-9999,-9999,55537,55537,55537,0,-9999,0,0,0,0,2.454,2.4405,1.6439,0.92709,0.15384,-0.023044,0.27168,0.15863,88.0587,0.000314,2.3977,-3e-05,1,2.3839,-2.4e-05,1,0.60171,0.60051,0.10664,0,PSF-00578_20260720131749_0b5,PFA-00612,PSA-00572,PSF-00578,RHS-0697,3.0.0,2026-06-15T15:17:51.144Z,DATA_DUMP_1785116825020_clean_2026-07-20.csv,20-Jul-2026,64,Pl17-R2-M1-H1-P04,20-Jul-2026 13:17:49,20-Jul-2026
89,13:18:01,20-Jul-2026,Rain_out,Climate_model,,Pl17-R2-M1-H1-P04,,,0.033549,2.9171,0.033167,1.3724,2.6464,2.6096,6.4848,3.8384,26.8118,27.1895,66.6267,0.44179,7.5,PSF-00578_20260720131801_5dc,0,0,0,84.17273,279.4171,0.69876,0.5,0.8,18.0266,1,36.43,35.92,39.62,37.52,37.52,97.33,156.1,153.8,1.5,64,3.902,-20,-19,233,,,,,,,,18:12:16,20-Jul-2026,39.2085,-96.5938,317.8,18,0.69,13:11:23,20-Jul-2026,-0.34,1,0,0.001,-9999,-0.058,-0.052,-9999,1,150,0.005,2,0.058905,0,0.02923,0,0,-6.8e-05,standard,0,rectangular,7000,500,-9999,-9999,55537,55537,55537,0,-9999,0,0,0,0,2.4539,2.4406,1.643,0.92682,0.15389,-0.026276,0.27225,0.16053,84.1727,0.0003,2.3977,-3e-05,1,2.3839,-2.4e-05,1,0.60171,0.60051,0.10664,0,PSF-00578_20260720131801_5dc,PFA-00612,PSA-00572,PSF-00578,RHS-0697,3.0.0,2026-06-15T15:17:51.144Z,DATA_DUMP_1785116825020_clean_2026-07-20.csv,20-Jul-2026,65,Pl17-R2-M1-H1-P04,20-Jul-2026 13:18:01,20-Jul-2026
90,13:18:14,20-Jul-2026,Rain_out,Climate_model,,Pl17-R2-M1-H1-P04,,,0.023316,2.9173,0.023131,0.91711,2.6642,2.6396,6.3445,3.6803,27.1208,27.3732,65.1865,0.44179,7.5,PSF-00578_20260720131814_125,0,0,0,89.22636,295.7032,0.69826,0.5,0.8,3.7869,1,36.69,36.35,39.61,37.11,37.11,97.33,156.2,153.8,1.5,14,3.897,-17,-33,235,,,,,,,,18:12:29,20-Jul-2026,39.2085,-96.5938,317.7,18,0.69,13:11:23,20-Jul-2026,-0.34,1,0.001,0,-9999,0.2,0.671,-9999,1,150,0.005,2,0.058905,0,0.02923,0,0,-6.8e-05,standard,0,rectangular,7000,500,-9999,-9999,55537,55537,55537,0,-9999,0,0,0,0,2.4545,2.441,1.6432,0.92684,0.15394,-0.031178,0.27282,0.11797,89.2264,0.000319,2.3977,-3e-05,1,2.3839,-2.4e-05,1,0.60171,0.60051,0.10664,0,PSF-00578_20260720131814_125,PFA-00612,PSA-00572,PSF-00578,RHS-0697,3.0.0,2026-06-15T15:17:51.144Z,DATA_DUMP_1785116825020_clean_2026-07-20.csv,20-Jul-2026,66,Pl17-R2-M1-H1-P04,20-Jul-2026 13:18:14,20-Jul-2026
91,13:18:27,20-Jul-2026,Rain_out,Climate_model,,Pl17-R2-M1-H1-P04,,,0.034132,2.9172,0.033737,1.3223,2.6625,2.6271,6.3015,3.639,26.9913,27.3551,64.7435,0.44179,7.5,PSF-00578_20260720131827_219,0,0,0,106.7305,343.9375,0.68968,0.5,0.8,14.2055,1,36.69,36.2,39.6,36.99,36.99,97.33,156.2,153.8,1.5,51,3.901,-20,-50,242,,,,,,,,18:12:42,20-Jul-2026,39.2085,-96.5938,317.8,18,0.68,13:11:23,20-Jul-2026,-0.34,1,-0.001,-0.003,-9999,0.681,1.502,-9999,1,150,0.005,2,0.058905,0,0.02923,0,0,-6.8e-05,standard,0,rectangular,7000,500,-9999,-9999,55537,55537,55537,0,-9999,0,0,0,0,2.4543,2.441,1.6432,0.92697,0.15399,-0.032609,0.27346,0.14967,106.7305,0.000322,2.3977,-3e-05,1,2.3839,-2.4e-05,1,0.60171,0.60051,0.10664,0,PSF-00578_20260720131827_219,PFA-00612,PSA-00572,PSF-00578,RHS-0697,3.0.0,2026-06-15T15:17:51.144Z,DATA_DUMP_1785116825020_clean_2026-07-20.csv,20-Jul-2026,67,Pl17-R2-M1-H1-P04,20-Jul-2026 13:18:27,20-Jul-2026
92,13:18:39,20-Jul-2026,Rain_out,Climate_model,,Pl17-R2-M1-H1-P04,,,0.015768,2.9175,0.015683,0.64461,2.6728,2.6556,6.485,3.8122,27.2844,27.4617,66.6292,0.44179,7.5,PSF-00578_20260720131839_488,0,0,0,104.7539,336.7817,0.68896,0.5,0.8,13.6562,1,36.85,36.61,39.59,37.52,37.52,97.33,156.2,153.9,1.5,50,3.9,-20,-33,232,,,,,,,,18:12:54,20-Jul-2026,39.2084,-96.5938,318.9,18,0.67,13:11:23,20-Jul-2026,-0.34,1,0.001,0.004,-9999,0.307,0.814,-9999,1,150,0.005,2,0.058905,0,0.02923,0,0,-6.8e-05,standard,0,rectangular,7000,500,-9999,-9999,55537,55537,55537,0,-9999,0,0,0,0,2.4549,2.4412,1.6434,0.92708,0.15404,-0.02593,0.27396,0.14805,104.7539,0.000311,2.3977,-3e-05,1,2.3839,-2.4e-05,1,0.60171,0.60051,0.10664,0,PSF-00578_20260720131839_488,PFA-00612,PSA-00572,PSF-00578,RHS-0697,3.0.0,2026-06-15T15:17:51.144Z,DATA_DUMP_1785116825020_clean_2026-07-20.csv,20-Jul-2026,68,Pl17-R2-M1-H1-P04,20-Jul-2026 13:18:39,20-Jul-2026
93,13:19:04,20-Jul-2026,Rain_out,Climate_model,,Pl17-R2-M1-H1-P04,,,0.13414,2.9164,0.12825,5.2197,2.7531,2.6134,6.5254,3.7722,26.8532,28.2891,67.0497,0.44179,7.5,PSF-00578_20260720131904_a17,0,0,0,105.2184,204.9336,0.48657,0.5,0.8,32.8268,1,37.96,36.03,39.59,37.63,37.63,97.32,156.1,153.8,1.4,169,3.896,1,-64,182,,,,,,,,18:13:15,20-Jul-2026,39.2084,-96.5938,319.3,18,0.69,13:11:23,20-Jul-2026,-0.34,1,-0.004,-0.003,-9999,4.577,-3.377,-9999,1,150,0.005,2,0.058905,0,0.02923,0,0,-6.8e-05,standard,0,rectangular,7000,500,-9999,-9999,55537,55537,55537,0,-9999,0,0,0,0,2.4541,2.4426,1.6423,0.92692,0.15406,-0.024465,0.27501,0.24757,105.2184,0.000316,2.3977,-3e-05,1,2.3839,-2.4e-05,1,0.60171,0.60051,0.10664,0,PSF-00578_20260720131904_a17,PFA-00612,PSA-00572,PSF-00578,RHS-0697,3.0.0,2026-06-15T15:17:51.144Z,DATA_DUMP_1785116825020_clean_2026-07-20.csv,20-Jul-2026,69,Pl17-R2-M1-H1-P04,20-Jul-2026 13:19:04,20-Jul-2026
94,13:19:20,20-Jul-2026,Rain_out,Climate_model,,Pl17-R2-M1-H1-P04,,,0.077979,2.9167,0.075949,3.0835,2.692,2.6095,6.4575,3.7654,26.8134,27.662,66.3534,0.44179,7.5,PSF-00578_20260720131920_9e5,0,0,0,113.211,216.7093,0.47759,0.5,0.8,93.5972,1,37.1,35.97,39.6,37.44,37.44,97.32,156.1,153.8,1.5,490,3.902,1,-64,188,,,,,,,,18:13:34,20-Jul-2026,39.2084,-96.5937,320,19,0.66,13:11:23,20-Jul-2026,-0.34,1,0,0.003,-9999,-2.788,0.767,-9999,1,150,0.005,2,0.058905,0,0.02923,0,0,-6.8e-05,standard,0,rectangular,7000,500,-9999,-9999,55537,55537,55537,0,-9999,0,0,0,0,2.454,2.4415,1.6426,0.92686,0.15402,-0.026953,0.27569,0.51603,113.211,0.000319,2.3977,-3e-05,1,2.3839,-2.4e-05,1,0.60171,0.60051,0.10664,0,PSF-00578_20260720131920_9e5,PFA-00612,PSA-00572,PSF-00578,RHS-0697,3.0.0,2026-06-15T15:17:51.144Z,DATA_DUMP_1785116825020_clean_2026-07-20.csv,20-Jul-2026,70,Pl17-R2-M1-H1-P04,20-Jul-2026 13:19:20,20-Jul-2026
107,17:44:23,20-Jul-2026,Rain_out,Climate_model,,Pl17-R2-M1-H1-P04,,,0.069982,2.9171,0.068342,2.9982,2.6765,2.5964,6.7309,4.0543,26.7339,27.5589,69.3045,0.44179,7.5,PSF-00578_20260720174423_ae2,0,0,0,94.37263,220.0981,0.57122,0.5,0.8,79.2144,1,34.78,33.74,40.7,38.2,38.2,97.12,156.1,153.8,1.5,347,3.798,-15,-3,237,,,,,,,,22:38:36,20-Jul-2026,39.2084,-96.5939,335.4,20,0.58,17:43:39,20-Jul-2026,-0.28,1,0.001,-0.001,-9999,8.46,0.79,-9999,1,150,0.005,2,0.058905,0,0.02923,0,0,-6.8e-05,standard,0,rectangular,7000,500,-9999,-9999,55537,55537,55537,0,-9999,0,0,0,0,2.4508,2.4382,1.643,0.92696,0.14766,-0.031552,0.41804,0.39633,94.3726,0.000315,2.3977,-3e-05,1,2.3839,-2.4e-05,1,0.60171,0.60051,0.10664,0,PSF-00578_20260720174423_ae2,PFA-00612,PSA-00572,PSF-00578,RHS-0697,3.0.0,2026-06-15T15:17:51.144Z,DATA_DUMP_1785116825020_clean_2026-07-20.csv,20-Jul-2026,160,Pl17-R2-M1-H1-P04,20-Jul-2026 17:44:23,20-Jul-2026
108,17:44:36,20-Jul-2026,Rain_out,Climate_model,,Pl17-R2-M1-H1-P04,,,0.15362,2.9162,0.14593,6.4647,2.6682,2.4953,6.7617,4.0934,25.6931,27.4734,69.6215,0.44179,7.5,PSF-00578_20260720174436_ecf,0,0,0,93.96136,165.061,0.43075,0.5,0.8,215.0602,1,34.68,32.43,40.7,38.29,38.29,97.12,156,153.9,1.4,1248,3.797,-35,-35,305,,,,,,,,22:38:50,20-Jul-2026,39.2084,-96.5939,335.5,20,0.58,17:43:39,20-Jul-2026,-0.28,1,0,-0.001,-9999,0.062,0.426,-9999,1,150,0.005,2,0.058905,0,0.02923,0,0,-6.8e-05,standard,0,rectangular,7000,500,-9999,-9999,55537,55537,55537,0,-9999,0,0,0,0,2.4491,2.4381,1.6421,0.92708,0.14769,-0.030424,0.41818,1.1496,93.9614,0.000313,2.3977,-3e-05,1,2.3839,-2.4e-05,1,0.60171,0.60051,0.10664,0,PSF-00578_20260720174436_ecf,PFA-00612,PSA-00572,PSF-00578,RHS-0697,3.0.0,2026-06-15T15:17:51.144Z,DATA_DUMP_1785116825020_clean_2026-07-20.csv,20-Jul-2026,161,Pl17-R2-M1-H1-P04,20-Jul-2026 17:44:36,20-Jul-2026
109,17:44:50,20-Jul-2026,Rain_out,Climate_model,,Pl17-R2-M1-H1-P04,,,0.21202,2.9162,0.19765,8.2893,2.732,2.5105,6.6092,3.8772,25.8502,28.1314,68.0538,0.44179,7.5,PSF-00578_20260720174450_7cc,0,0,0,102.312,170.3042,0.39924,0.5,0.8,208.3078,1,35.51,32.63,40.69,37.87,37.87,97.12,156,154.1,1.2,1304,3.764,-28,-21,300,,,,,,,,22:39:05,20-Jul-2026,39.2084,-96.5939,335.4,19,0.61,17:43:39,20-Jul-2026,-0.28,1,-0.001,-0.003,-9999,0.403,1.108,-9999,1,150,0.005,2,0.058905,0,0.02923,0,0,-6.8e-05,standard,0,rectangular,7000,500,-9999,-9999,55537,55537,55537,0,-9999,0,0,0,0,2.4494,2.4392,1.6421,0.92763,0.14771,-0.035682,0.41837,1.1966,102.312,0.000305,2.3977,-3e-05,1,2.3839,-2.4e-05,1,0.60171,0.60051,0.10664,0,PSF-00578_20260720174450_7cc,PFA-00612,PSA-00572,PSF-00578,RHS-0697,3.0.0,2026-06-15T15:17:51.144Z,DATA_DUMP_1785116825020_clean_2026-07-20.csv,20-Jul-2026,162,Pl17-R2-M1-H1-P04,20-Jul-2026 17:44:50,20-Jul-2026
110,17:45:02,20-Jul-2026,Rain_out,Climate_model,,Pl17-R2-M1-H1-P04,,,0.11589,2.9164,0.11146,4.8525,2.7025,2.5727,6.7254,4.023,26.4908,27.8265,69.2499,0.44179,7.5,PSF-00578_20260720174502_fad,0,0,0,99.32471,175.8285,0.4351,0.5,0.8,215.8784,1,35.14,33.45,40.69,38.19,38.19,97.12,156,153.5,1.6,1240,3.796,-30,-27,299,,,,,,,,22:39:12,20-Jul-2026,39.2084,-96.5939,335.4,20,0.58,17:43:39,20-Jul-2026,-0.28,1,0,0.003,-9999,0.638,1.765,-9999,1,150,0.005,2,0.058905,0,0.02923,0,0,-6.8e-05,standard,0,rectangular,7000,500,-9999,-9999,55537,55537,55537,0,-9999,0,0,0,0,2.4505,2.4387,1.6422,0.9261,0.14773,-0.031574,0.41852,1.1431,99.3247,0.000311,2.3977,-3e-05,1,2.3839,-2.4e-05,1,0.60171,0.60051,0.10664,0,PSF-00578_20260720174502_fad,PFA-00612,PSA-00572,PSF-00578,RHS-0697,3.0.0,2026-06-15T15:17:51.144Z,DATA_DUMP_1785116825020_clean_2026-07-20.csv,20-Jul-2026,163,Pl17-R2-M1-H1-P04,20-Jul-2026 17:45:02,20-Jul-2026
111,17:45:14,20-Jul-2026,Rain_out,Climate_model,,Pl17-R2-M1-H1-P04,,,0.1095,2.9168,0.10554,4.5078,2.6753,2.5549,6.6247,3.9494,26.3069,27.5476,68.2139,0.44179,7.5,PSF-00578_20260720174514_6ab,0,0,0,92.78584,206.185,0.54999,0.5,0.8,175.9666,1,34.81,33.24,40.68,37.91,37.91,97.12,156.1,153.7,1.5,800,3.758,-22,-40,296,,,,,,,,22:39:28,20-Jul-2026,39.2084,-96.5939,335.3,20,0.58,17:43:39,20-Jul-2026,-0.28,1,0.002,0.004,-9999,-0.163,0.37,-9999,1,150,0.005,2,0.058905,0,0.02923,0,0,-6.8e-05,standard,0,rectangular,7000,500,-9999,-9999,55537,55537,55537,0,-9999,0,0,0,0,2.4502,2.4382,1.6427,0.92668,0.14779,-0.034946,0.41875,0.775,92.7858,0.000315,2.3977,-3e-05,1,2.3839,-2.4e-05,1,0.60171,0.60051,0.10664,0,PSF-00578_20260720174514_6ab,PFA-00612,PSA-00572,PSF-00578,RHS-0697,3.0.0,2026-06-15T15:17:51.144Z,DATA_DUMP_1785116825020_clean_2026-07-20.csv,20-Jul-2026,164,Pl17-R2-M1-H1-P04,20-Jul-2026 17:45:14,20-Jul-2026
112,17:45:25,20-Jul-2026,Rain_out,Climate_model,,Pl17-R2-M1-H1-P04,,,0.042084,2.9178,0.041486,1.9897,2.5646,2.5114,6.9934,4.4288,25.8586,26.4064,72.007,0.44179,7.5,PSF-00578_20260720174525_fe8,0,0,0,80.81531,228.7266,0.64667,0.5,0.8,209.502,1,33.37,32.68,40.67,38.91,38.91,97.12,156.2,154,1.4,810,3.796,-21,-35,297,,,,,,,,22:39:40,20-Jul-2026,39.2084,-96.5939,335.3,20,0.58,17:43:39,20-Jul-2026,-0.28,1,-0.002,0,-9999,-11.305,4.018,-9999,1,150,0.005,2,0.058905,0,0.02923,0,0,-6.8e-05,standard,0,rectangular,7000,500,-9999,-9999,55537,55537,55537,0,-9999,0,0,0,0,2.4494,2.4363,1.6438,0.92743,0.14782,-0.022212,0.41886,0.7834,80.8153,0.000309,2.3977,-3e-05,1,2.3839,-2.4e-05,1,0.60171,0.60051,0.10664,0,PSF-00578_20260720174525_fe8,PFA-00612,PSA-00572,PSF-00578,RHS-0697,3.0.0,2026-06-15T15:17:51.144Z,DATA_DUMP_1785116825020_clean_2026-07-20.csv,20-Jul-2026,165,Pl17-R2-M1-H1-P04,20-Jul-2026 17:45:25,20-Jul-2026
113,17:45:37,20-Jul-2026,Rain_out,Climate_model,,Pl17-R2-M1-H1-P04,,,0.046777,2.9168,0.046038,2.3353,2.5449,2.4824,7.2237,4.6789,25.5589,26.2025,74.3771,0.44179,7.5,PSF-00578_20260720174537_462,0,0,0,107.9428,210.1843,0.48644,0.5,0.8,190.0418,1,33.13,32.31,40.67,39.52,39.52,97.12,156.1,153.8,1.5,977,3.795,-21,-29,297,,,,,,,,22:39:50,20-Jul-2026,39.2084,-96.5939,335.1,20,0.58,17:43:39,20-Jul-2026,-0.28,1,0.001,0.001,-9999,1.853,8.589,-9999,1,150,0.005,2,0.058905,0,0.02923,0,0,-6.8e-05,standard,0,rectangular,7000,500,-9999,-9999,55537,55537,55537,0,-9999,0,0,0,0,2.4489,2.436,1.6427,0.92691,0.14785,-0.014457,0.41899,0.92276,107.9428,0.000314,2.3977,-3e-05,1,2.3839,-2.4e-05,1,0.60171,0.60051,0.10664,0,PSF-00578_20260720174537_462,PFA-00612,PSA-00572,PSF-00578,RHS-0697,3.0.0,2026-06-15T15:17:51.144Z,DATA_DUMP_1785116825020_clean_2026-07-20.csv,20-Jul-2026,166,Pl17-R2-M1-H1-P04,20-Jul-2026 17:45:37,20-Jul-2026
114,17:45:48,20-Jul-2026,Rain_out,Climate_model,,Pl17-R2-M1-H1-P04,,,0.090203,2.9163,0.087497,3.9767,2.5441,2.4376,6.7469,4.2028,25.0999,26.1963,69.472,0.44179,7.5,PSF-00578_20260720174548_240,0,0,0,88.35697,177.1699,0.50129,0.5,0.8,223.1669,1,33.12,31.73,40.67,38.25,38.25,97.12,156,153.7,1.5,1113,3.795,-24,-22,294,,,,,,,,22:40:02,20-Jul-2026,39.2084,-96.5939,334.8,20,0.58,17:43:39,20-Jul-2026,-0.28,1,-0.001,0,-9999,-1.699,-2.087,-9999,1,150,0.005,2,0.058905,0,0.02923,0,0,-6.8e-05,standard,0,rectangular,7000,500,-9999,-9999,55537,55537,55537,0,-9999,0,0,0,0,2.4481,2.436,1.6422,0.92671,0.14786,-0.030539,0.41913,1.0366,88.357,0.000319,2.3977,-3e-05,1,2.3839,-2.4e-05,1,0.60171,0.60051,0.10664,0,PSF-00578_20260720174548_240,PFA-00612,PSA-00572,PSF-00578,RHS-0697,3.0.0,2026-06-15T15:17:51.144Z,DATA_DUMP_1785116825020_clean_2026-07-20.csv,20-Jul-2026,167,Pl17-R2-M1-H1-P04,20-Jul-2026 17:45:48,20-Jul-2026
115,17:46:02,20-Jul-2026,Rain_out,Climate_model,,Pl17-R2-M1-H1-P04,,,0.06559,2.9169,0.064148,3.1797,2.6448,2.5598,7.2144,4.5695,26.3586,27.234,74.2864,0.44179,7.5,PSF-00578_20260720174602_1f0,0,0,0,95.57533,164.7542,0.41989,0.5,0.8,215.4209,1,34.45,33.34,40.66,39.49,39.49,97.12,156.1,153.6,1.6,1283,3.795,-32,-22,297,,,,,,,,22:40:15,20-Jul-2026,39.2084,-96.5939,334.7,20,0.58,17:43:39,20-Jul-2026,-0.28,1,0.001,0.002,-9999,-0.254,-0.326,-9999,1,150,0.005,2,0.058905,0,0.02923,0,0,-6.8e-05,standard,0,rectangular,7000,500,-9999,-9999,55537,55537,55537,0,-9999,0,0,0,0,2.4503,2.4378,1.6428,0.92639,0.14792,-0.014603,0.41933,1.1784,95.5753,0.00029,2.3977,-3e-05,1,2.3839,-2.4e-05,1,0.60171,0.60051,0.10664,0,PSF-00578_20260720174602_1f0,PFA-00612,PSA-00572,PSF-00578,RHS-0697,3.0.0,2026-06-15T15:17:51.144Z,DATA_DUMP_1785116825020_clean_2026-07-20.csv,20-Jul-2026,168,Pl17-R2-M1-H1-P04,20-Jul-2026 17:46:02,20-Jul-2026
116,17:46:13,20-Jul-2026,Rain_out,Climate_model,,Pl17-R2-M1-H1-P04,,,0.036188,2.9163,0.035745,1.7693,2.5609,2.5135,7.1282,4.5674,25.8806,26.3683,73.397,0.44179,7.5,PSF-00578_20260720174613_719,0,0,0,108.8215,208.236,0.47741,0.5,0.8,100.982,1,33.36,32.74,40.65,39.27,39.27,97.12,156,153.8,1.4,529,3.756,-25,-35,300,,,,,,,,22:40:28,20-Jul-2026,39.2084,-96.5939,334.4,20,0.58,17:43:39,20-Jul-2026,-0.28,1,0.002,0.001,-9999,-15.548,3.237,-9999,1,150,0.005,2,0.058905,0,0.02923,0,0,-6.8e-05,standard,0,rectangular,7000,500,-9999,-9999,55537,55537,55537,0,-9999,0,0,0,0,2.4495,2.4363,1.6422,0.92682,0.14794,-0.01742,0.41946,0.5485,108.8215,0.000311,2.3977,-3e-05,1,2.3839,-2.4e-05,1,0.60171,0.60051,0.10664,0,PSF-00578_20260720174613_719,PFA-00612,PSA-00572,PSF-00578,RHS-0697,3.0.0,2026-06-15T15:17:51.144Z,DATA_DUMP_1785116825020_clean_2026-07-20.csv,20-Jul-2026,169,Pl17-R2-M1-H1-P04,20-Jul-2026 17:46:13,20-Jul-2026
117,17:46:27,20-Jul-2026,Rain_out,Climate_model,,Pl17-R2-M1-H1-P04,,,0.031504,2.9177,0.031168,1.5989,2.4804,2.4376,7.2137,4.7333,25.1,25.5406,74.2792,0.44179,7.5,PSF-00578_20260720174627_eb4,0,0,0,86.61425,212.6867,0.59276,0.5,0.8,189.2316,1,32.32,31.76,40.65,39.49,39.49,97.12,156.2,154,1.4,798,3.794,-22,-29,300,,,,,,,,22:40:41,20-Jul-2026,39.2084,-96.5939,334.3,20,0.58,17:43:39,20-Jul-2026,-0.28,1,0,0.001,-9999,2.731,-5.278,-9999,1,150,0.005,2,0.058905,0,0.02923,0,0,-6.8e-05,standard,0,rectangular,7000,500,-9999,-9999,55537,55537,55537,0,-9999,0,0,0,0,2.4482,2.4349,1.6436,0.92736,0.14796,-0.01454,0.41958,0.77351,86.6142,0.000319,2.3977,-3e-05,1,2.3839,-2.4e-05,1,0.60171,0.60051,0.10664,0,PSF-00578_20260720174627_eb4,PFA-00612,PSA-00572,PSF-00578,RHS-0697,3.0.0,2026-06-15T15:17:51.144Z,DATA_DUMP_1785116825020_clean_2026-07-20.csv,20-Jul-2026,170,Pl17-R2-M1-H1-P04,20-Jul-2026 17:46:27,20-Jul-2026
118,17:46:38,20-Jul-2026,Rain_out,Climate_model,,Pl17-R2-M1-H1-P04,,,0.040988,2.9175,0.04042,1.9501,2.4738,2.4215,6.9325,4.4587,24.9337,25.4713,71.381,0.44179,7.5,PSF-00578_20260720174638_1b8,0,0,0,86.02345,242.4592,0.6452,0.5,0.8,220.9745,1,32.24,31.56,40.65,38.75,38.75,97.12,156.2,153.8,1.5,856,3.794,-21,-34,297,,,,,,,,22:40:52,20-Jul-2026,39.2084,-96.5939,334.2,20,0.58,17:43:39,20-Jul-2026,-0.28,1,0.001,0.004,-9999,5.826,1.427,-9999,1,150,0.005,2,0.058905,0,0.02923,0,0,-6.8e-05,standard,0,rectangular,7000,500,-9999,-9999,55537,55537,55537,0,-9999,0,0,0,0,2.4479,2.4348,1.6434,0.92696,0.14798,-0.023906,0.41962,0.82208,86.0235,0.000314,2.3977,-3e-05,1,2.3839,-2.4e-05,1,0.60171,0.60051,0.10664,0,PSF-00578_20260720174638_1b8,PFA-00612,PSA-00572,PSF-00578,RHS-0697,3.0.0,2026-06-15T15:17:51.144Z,DATA_DUMP_1785116825020_clean_2026-07-20.csv,20-Jul-2026,171,Pl17-R2-M1-H1-P04,20-Jul-2026 17:46:38,20-Jul-2026
119,17:46:49,20-Jul-2026,Rain_out,Climate_model,,Pl17-R2-M1-H1-P04,,,0.040249,2.9167,0.039701,1.8025,2.4344,2.3861,6.6376,4.2032,24.5701,25.0675,68.3487,0.44179,7.5,PSF-00578_20260720174649_9e6,0,0,0,79.33259,250.2873,0.68303,0.5,0.8,39.4536,1,31.74,31.11,40.64,37.95,37.95,97.11,156.1,153.9,1.4,144,3.794,8,-25,255,,,,,,,,22:41:03,20-Jul-2026,39.2084,-96.5939,334.2,20,0.58,17:43:39,20-Jul-2026,-0.28,1,0,0,-9999,0.046,0.415,-9999,1,150,0.005,2,0.058905,0,0.02923,0,0,-6.8e-05,standard,0,rectangular,7000,500,-9999,-9999,55537,55537,55537,0,-9999,0,0,0,0,2.4473,2.4342,1.6426,0.92716,0.14801,-0.033995,0.41956,0.22731,79.3326,0.000313,2.3977,-3e-05,1,2.3839,-2.4e-05,1,0.60171,0.60051,0.10664,0,PSF-00578_20260720174649_9e6,PFA-00612,PSA-00572,PSF-00578,RHS-0697,3.0.0,2026-06-15T15:17:51.144Z,DATA_DUMP_1785116825020_clean_2026-07-20.csv,20-Jul-2026,172,Pl17-R2-M1-H1-P04,20-Jul-2026 17:46:49,20-Jul-2026
120,17:47:06,20-Jul-2026,Rain_out,Climate_model,,Pl17-R2-M1-H1-P04,,,0.072824,2.9175,0.071051,3.1349,2.526,2.4422,6.6092,4.0832,25.1479,26.0116,68.0576,0.44179,7.5,PSF-00578_20260720174706_448,0,0,0,88.4378,186.371,0.52547,0.5,0.8,333.2841,1,32.94,31.85,40.63,37.87,37.87,97.11,156.2,154,1.4,1586,3.788,2,-77,25,,,,,,,,22:41:20,20-Jul-2026,39.2084,-96.5939,334.3,19,0.59,17:43:39,20-Jul-2026,-0.28,1,-0.001,0,-9999,0.538,0.286,-9999,1,150,0.005,2,0.058905,0,0.02923,0,0,-6.8e-05,standard,0,rectangular,7000,500,-9999,-9999,55537,55537,55537,0,-9999,0,0,0,0,2.4483,2.4358,1.6434,0.92729,0.14804,-0.034923,0.41987,1.4316,88.4378,0.000314,2.3977,-3e-05,1,2.3839,-2.4e-05,1,0.60171,0.60051,0.10664,0,PSF-00578_20260720174706_448,PFA-00612,PSA-00572,PSF-00578,RHS-0697,3.0.0,2026-06-15T15:17:51.144Z,DATA_DUMP_1785116825020_clean_2026-07-20.csv,20-Jul-2026,173,Pl17-R2-M1-H1-P04,20-Jul-2026 17:47:06,20-Jul-2026
121,17:47:22,20-Jul-2026,Rain_out,Climate_model,,Pl17-R2-M1-H1-P04,,,0.087541,2.9168,0.08499,3.4398,2.5305,2.4384,6.2826,3.7521,25.109,26.0572,64.6943,0.44179,7.5,PSF-00578_20260720174722_613,0,0,0,87.52227,191.1882,0.54222,0.5,0.8,225.6697,1,33.02,31.82,40.62,36.94,36.94,97.11,156.1,153.7,1.5,1040,3.793,1,-70,32,,,,,,,,22:41:36,20-Jul-2026,39.2084,-96.5939,334.1,19,0.63,17:43:39,20-Jul-2026,-0.28,1,0.001,0.004,-9999,0.847,2.167,-9999,1,150,0.005,2,0.058905,0,0.02923,0,0,-6.8e-05,standard,0,rectangular,7000,500,-9999,-9999,55537,55537,55537,0,-9999,0,0,0,0,2.4483,2.4359,1.6427,0.92658,0.14812,-0.046401,0.42009,0.97606,87.5223,0.000316,2.3977,-3e-05,1,2.3839,-2.4e-05,1,0.60171,0.60051,0.10664,0,PSF-00578_20260720174722_613,PFA-00612,PSA-00572,PSF-00578,RHS-0697,3.0.0,2026-06-15T15:17:51.144Z,DATA_DUMP_1785116825020_clean_2026-07-20.csv,20-Jul-2026,174,Pl17-R2-M1-H1-P04,20-Jul-2026 17:47:22,20-Jul-2026
122,17:47:36,20-Jul-2026,Rain_out,Climate_model,,Pl17-R2-M1-H1-P04,,,0.078913,2.9151,0.076834,3.0945,2.5475,2.4646,6.2808,3.7333,25.3796,26.2336,64.6788,0.44179,7.5,PSF-00578_20260720174736_37f,0,0,0,86.45117,188.6358,0.5417,0.5,0.8,274.2617,1,33.27,32.19,40.61,36.93,36.93,97.11,155.9,153.8,1.4,1266,3.756,0,-76,34,,,,,,,,22:41:50,20-Jul-2026,39.2084,-96.5939,333.8,20,0.58,17:43:39,20-Jul-2026,-0.28,1,0.002,0.005,-9999,0.847,2.281,-9999,1,150,0.005,2,0.058905,0,0.02923,0,0,-6.8e-05,standard,0,rectangular,7000,500,-9999,-9999,55537,55537,55537,0,-9999,0,0,0,0,2.4488,2.4362,1.6409,0.9268,0.1482,-0.04628,0.42028,1.1643,86.4512,0.000306,2.3977,-3e-05,1,2.3839,-2.4e-05,1,0.60171,0.60051,0.10664,0,PSF-00578_20260720174736_37f,PFA-00612,PSA-00572,PSF-00578,RHS-0697,3.0.0,2026-06-15T15:17:51.144Z,DATA_DUMP_1785116825020_clean_2026-07-20.csv,20-Jul-2026,175,Pl17-R2-M1-H1-P04,20-Jul-2026 17:47:36,20-Jul-2026
123,17:47:54,20-Jul-2026,Rain_out,Climate_model,,Pl17-R2-M1-H1-P04,,,0.073761,2.916,0.071942,3.0668,2.5725,2.4903,6.5183,3.9458,25.6451,26.4906,67.1239,0.44179,7.5,PSF-00578_20260720174754_4d2,0,0,0,90.36613,258.1515,0.64995,0.5,0.8,64.05,1,33.62,32.55,40.59,37.61,37.61,97.11,156,153.9,1.3,246,3.791,0,-70,33,,,,,,,,22:41:57,20-Jul-2026,39.2084,-96.5939,333.8,19,0.59,17:43:39,20-Jul-2026,-0.28,1,0.001,0,-9999,-0.325,0.064,-9999,1,150,0.005,2,0.058905,0,0.02923,0,0,-6.8e-05,standard,0,rectangular,7000,500,-9999,-9999,55537,55537,55537,0,-9999,0,0,0,0,2.4493,2.4367,1.6419,0.9272,0.14829,-0.037559,0.42057,0.3125,90.3661,0.000317,2.3977,-3e-05,1,2.3839,-2.4e-05,1,0.60171,0.60051,0.10664,0,PSF-00578_20260720174754_4d2,PFA-00612,PSA-00572,PSF-00578,RHS-0697,3.0.0,2026-06-15T15:17:51.144Z,DATA_DUMP_1785116825020_clean_2026-07-20.csv,20-Jul-2026,176,Pl17-R2-M1-H1-P04,20-Jul-2026 17:47:54,20-Jul-2026
124,17:48:11,20-Jul-2026,Rain_out,Climate_model,,Pl17-R2-M1-H1-P04,,,0.06008,2.9171,0.058867,2.5196,2.5986,2.5313,6.5591,3.9604,26.0659,26.7598,67.5425,0.44179,7.5,PSF-00578_20260720174811_3db,0,0,0,83.91845,211.6452,0.6035,0.5,0.8,35.5261,1,33.99,33.11,40.57,37.73,37.73,97.11,156.1,153.9,1.4,147,3.79,-7,-73,34,,,,,,,,22:42:25,20-Jul-2026,39.2084,-96.5939,333.8,20,0.58,17:43:39,20-Jul-2026,-0.28,1,0.003,0.002,-9999,-0.715,-0.253,-9999,1,150,0.005,2,0.058905,0,0.02923,0,0,-6.8e-05,standard,0,rectangular,7000,500,-9999,-9999,55537,55537,55537,0,-9999,0,0,0,0,2.45,2.4372,1.643,0.92707,0.14838,-0.035911,0.42078,0.22961,83.9184,0.000314,2.3977,-3e-05,1,2.3839,-2.4e-05,1,0.60171,0.60051,0.10664,0,PSF-00578_20260720174811_3db,PFA-00612,PSA-00572,PSF-00578,RHS-0697,3.0.0,2026-06-15T15:17:51.144Z,DATA_DUMP_1785116825020_clean_2026-07-20.csv,20-Jul-2026,177,Pl17-R2-M1-H1-P04,20-Jul-2026 17:48:11,20-Jul-2026
125,17:48:29,20-Jul-2026,Rain_out,Climate_model,,Pl17-R2-M1-H1-P04,,,0.05032,2.916,0.049466,2.259,2.4851,2.4245,6.7099,4.2248,24.9675,25.5909,69.0974,0.44179,7.5,PSF-00578_20260720174829_a9e,0,0,0,79.78999,266.6266,0.70074,0.5,0.8,25.3193,1,32.53,31.74,40.56,38.15,38.15,97.11,156,154.1,1.3,90,3.784,16,59,345,,,,,,,,22:42:44,20-Jul-2026,39.2084,-96.5939,333.4,18,0.6,17:43:39,20-Jul-2026,-0.28,1,-0.001,0,-9999,0.008,0.187,-9999,1,150,0.005,2,0.058905,0,0.02923,0,0,-6.8e-05,standard,0,rectangular,7000,500,-9999,-9999,55537,55537,55537,0,-9999,0,0,0,0,2.4482,2.4352,1.6419,0.9275,0.14845,-0.030464,0.42088,0.18212,79.79,0.000315,2.3977,-3e-05,1,2.3839,-2.4e-05,1,0.60171,0.60051,0.10664,0,PSF-00578_20260720174829_a9e,PFA-00612,PSA-00572,PSF-00578,RHS-0697,3.0.0,2026-06-15T15:17:51.144Z,DATA_DUMP_1785116825020_clean_2026-07-20.csv,20-Jul-2026,178,Pl17-R2-M1-H1-P04,20-Jul-2026 17:48:29,20-Jul-2026
126,17:48:41,20-Jul-2026,Rain_out,Climate_model,,Pl17-R2-M1-H1-P04,,,0.029271,2.9163,0.02898,1.3083,2.5963,2.5613,6.769,4.1727,26.3747,26.7352,69.7034,0.44179,7.5,PSF-00578_20260720174841_e2b,0,0,0,90.19875,294.7133,0.69394,0.5,0.8,26.0449,1,34.01,33.55,40.55,38.31,38.31,97.11,156,153.7,1.5,94,3.784,23,60,351,,,,,,,,22:42:55,20-Jul-2026,39.2084,-96.5939,333.5,20,0.58,17:43:39,20-Jul-2026,-0.28,1,-0.003,-0.004,-9999,0.068,0.309,-9999,1,150,0.005,2,0.058905,0,0.02923,0,0,-6.8e-05,standard,0,rectangular,7000,500,-9999,-9999,55537,55537,55537,0,-9999,0,0,0,0,2.4506,2.4372,1.6422,0.92654,0.14852,-0.028258,0.42092,0.18504,90.1988,0.000313,2.3977,-3e-05,1,2.3839,-2.4e-05,1,0.60171,0.60051,0.10664,0,PSF-00578_20260720174841_e2b,PFA-00612,PSA-00572,PSF-00578,RHS-0697,3.0.0,2026-06-15T15:17:51.144Z,DATA_DUMP_1785116825020_clean_2026-07-20.csv,20-Jul-2026,179,Pl17-R2-M1-H1-P04,20-Jul-2026 17:48:41,20-Jul-2026
127,17:48:52,20-Jul-2026,Rain_out,Climate_model,,Pl17-R2-M1-H1-P04,,,0.030648,2.9169,0.030329,1.3293,2.5949,2.5594,6.6487,4.0538,26.3544,26.7205,68.463,0.44179,7.5,PSF-00578_20260720174852_997,0,0,0,79.61833,266.9166,0.70171,0.5,0.8,24.9362,1,34.01,33.54,40.54,37.98,37.98,97.11,156.1,153.8,1.5,89,3.789,12,55,346,,,,,,,,22:43:07,20-Jul-2026,39.2084,-96.5939,333.9,20,0.58,17:43:39,20-Jul-2026,-0.28,1,0.003,0.001,-9999,0.044,0.159,-9999,1,150,0.005,2,0.058905,0,0.02923,0,0,-6.8e-05,standard,0,rectangular,7000,500,-9999,-9999,55537,55537,55537,0,-9999,0,0,0,0,2.4506,2.4372,1.6428,0.92677,0.14858,-0.032305,0.42099,0.18088,79.6183,0.000321,2.3977,-3e-05,1,2.3839,-2.4e-05,1,0.60171,0.60051,0.10664,0,PSF-00578_20260720174852_997,PFA-00612,PSA-00572,PSF-00578,RHS-0697,3.0.0,2026-06-15T15:17:51.144Z,DATA_DUMP_1785116825020_clean_2026-07-20.csv,20-Jul-2026,180,Pl17-R2-M1-H1-P04,20-Jul-2026 17:48:52,20-Jul-2026
128,17:49:05,20-Jul-2026,Rain_out,Climate_model,,Pl17-R2-M1-H1-P04,,,0.086746,2.9166,0.08424,3.4126,2.7208,2.6296,6.4687,3.7479,27.0782,28.0171,66.6107,0.44179,7.5,PSF-00578_20260720174905_4d7,0,0,0,85.31857,282.3933,0.69787,0.5,0.8,35.4351,1,35.68,34.49,40.53,37.47,37.47,97.11,156.1,154,1.3,127,3.789,27,61,337,,,,,,,,22:43:20,20-Jul-2026,39.2084,-96.5939,333.7,20,0.58,17:43:39,20-Jul-2026,-0.28,1,0.004,0.002,-9999,-0.112,0.12,-9999,1,150,0.005,2,0.058905,0,0.02923,0,0,-6.8e-05,standard,0,rectangular,7000,500,-9999,-9999,55537,55537,55537,0,-9999,0,0,0,0,2.4519,2.4394,1.6425,0.92739,0.14865,-0.038493,0.42101,0.21271,85.3186,0.000329,2.3977,-3e-05,1,2.3839,-2.4e-05,1,0.60171,0.60051,0.10664,0,PSF-00578_20260720174905_4d7,PFA-00612,PSA-00572,PSF-00578,RHS-0697,3.0.0,2026-06-15T15:17:51.144Z,DATA_DUMP_1785116825020_clean_2026-07-20.csv,20-Jul-2026,181,Pl17-R2-M1-H1-P04,20-Jul-2026 17:49:05,20-Jul-2026
129,17:49:20,20-Jul-2026,Rain_out,Climate_model,,Pl17-R2-M1-H1-P04,,,0.034129,2.9171,0.033734,1.4838,2.4832,2.4435,6.5562,4.073,25.1601,25.5693,67.5081,0.44179,7.5,PSF-00578_20260720174920_50e,0,0,0,83.59659,255.98,0.67343,0.5,0.8,45.2116,1,32.6,32.07,40.51,37.72,37.72,97.12,156.1,153.9,1.5,168,3.754,-8,-41,6,,,,,,,,22:43:35,20-Jul-2026,39.2084,-96.5939,333.9,20,0.58,17:43:39,20-Jul-2026,-0.28,1,0.001,0.001,-9999,0.006,0.118,-9999,1,150,0.005,2,0.058905,0,0.02923,0,0,-6.8e-05,standard,0,rectangular,7000,500,-9999,-9999,55537,55537,55537,0,-9999,0,0,0,0,2.4486,2.4353,1.643,0.92705,0.14874,-0.035179,0.42108,0.24689,83.5966,0.000311,2.3977,-3e-05,1,2.3839,-2.4e-05,1,0.60171,0.60051,0.10664,0,PSF-00578_20260720174920_50e,PFA-00612,PSA-00572,PSF-00578,RHS-0697,3.0.0,2026-06-15T15:17:51.144Z,DATA_DUMP_1785116825020_clean_2026-07-20.csv,20-Jul-2026,182,Pl17-R2-M1-H1-P04,20-Jul-2026 17:49:20,20-Jul-2026
130,17:49:33,20-Jul-2026,Rain_out,Climate_model,,Pl17-R2-M1-H1-P04,,,0.029525,2.9156,0.029229,1.2813,2.5943,2.56,6.6489,4.0546,26.3605,26.7138,68.465,0.44179,7.5,PSF-00578_20260720174933_742,0,0,0,90.36827,256.7368,0.64801,0.5,0.8,47.3692,1,34.08,33.63,40.5,37.98,37.98,97.11,156,153.7,1.4,183,3.788,-7,-38,5,,,,,,,,22:43:48,20-Jul-2026,39.2084,-96.5939,333.9,20,0.58,17:43:39,20-Jul-2026,-0.28,1,0.002,0.002,-9999,0.128,-0.053,-9999,1,150,0.005,2,0.058905,0,0.02923,0,0,-6.8e-05,standard,0,rectangular,7000,500,-9999,-9999,55537,55537,55537,0,-9999,0,0,0,0,2.4507,2.4373,1.6415,0.92661,0.14881,-0.031761,0.4211,0.25934,90.3683,0.000314,2.3977,-3e-05,1,2.3839,-2.4e-05,1,0.60171,0.60051,0.10664,0,PSF-00578_20260720174933_742,PFA-00612,PSA-00572,PSF-00578,RHS-0697,3.0.0,2026-06-15T15:17:51.144Z,DATA_DUMP_1785116825020_clean_2026-07-20.csv,20-Jul-2026,183,Pl17-R2-M1-H1-P04,20-Jul-2026 17:49:33,20-Jul-2026
131,17:49:45,20-Jul-2026,Rain_out,Climate_model,,Pl17-R2-M1-H1-P04,,,0.037662,2.9167,0.037182,1.6048,2.4916,2.4486,6.4891,3.9975,25.2153,25.6579,66.8231,0.44179,7.5,PSF-00578_20260720174945_798,0,0,0,75.82319,210.3267,0.6395,0.5,0.8,55.8052,1,32.75,32.19,40.48,37.53,37.53,97.11,156.1,153.7,1.5,218,3.749,-2,-46,8,,,,,,,,22:43:57,20-Jul-2026,39.2084,-96.5939,333.7,19,0.59,17:43:39,20-Jul-2026,-0.28,1,-0.002,0,-9999,2.071,2.375,-9999,1,150,0.005,2,0.058905,0,0.02923,0,0,-6.8e-05,standard,0,rectangular,7000,500,-9999,-9999,55537,55537,55537,0,-9999,0,0,0,0,2.4488,2.4355,1.6426,0.92667,0.14888,-0.037227,0.42105,0.28893,75.8232,0.000311,2.3977,-3e-05,1,2.3839,-2.4e-05,1,0.60171,0.60051,0.10664,0,PSF-00578_20260720174945_798,PFA-00612,PSA-00572,PSF-00578,RHS-0697,3.0.0,2026-06-15T15:17:51.144Z,DATA_DUMP_1785116825020_clean_2026-07-20.csv,20-Jul-2026,184,Pl17-R2-M1-H1-P04,20-Jul-2026 17:49:45,20-Jul-2026
132,17:50:06,20-Jul-2026,Rain_out,Climate_model,,Pl17-R2-M1-H1-P04,,,0.098674,2.9165,0.095445,4.2157,2.7546,2.642,6.832,4.0774,27.207,28.3666,70.3552,0.44179,7.5,PSF-00578_20260720175006_8b2,0,0,0,96.16935,165.8814,0.42025,0.5,0.8,84.2347,1,36.26,34.78,40.46,38.48,38.48,97.11,156.1,153.8,1.4,501,3.776,4,-48,7,,,,,,,,22:44:20,20-Jul-2026,39.2084,-96.5939,333.9,18,0.62,17:43:39,20-Jul-2026,-0.28,1,0,0.003,0.014,-0.17,-1.547,0.85,1,150,0.005,2,0.058905,0,0.02923,0,0,-6.8e-05,standard,0,rectangular,7000,500,-9999,-9999,55537,55537,55537,0,-9999,0,0,0,0,2.4523,2.4402,1.6423,0.92695,0.14904,-0.024923,0.42136,0.52535,96.1693,0.000314,2.3977,-3e-05,1,2.3839,-2.4e-05,1,0.60171,0.60051,0.10664,0,PSF-00578_20260720175006_8b2,PFA-00612,PSA-00572,PSF-00578,RHS-0697,3.0.0,2026-06-15T15:17:51.144Z,DATA_DUMP_1785116825020_clean_2026-07-20.csv,20-Jul-2026,185,Pl17-R2-M1-H1-P04,20-Jul-2026 17:50:06,20-Jul-2026
133,17:50:26,20-Jul-2026,Rain_out,Climate_model,,Pl17-R2-M1-H1-P04,,,0.101,2.9184,0.097624,3.9168,2.7029,2.5983,6.4159,3.713,26.7579,27.8342,66.0713,0.44179,7.5,PSF-00578_20260720175026_94c,0,0,0,81.51519,198.1083,0.58853,0.5,0.8,227.8468,1,35.61,34.23,40.44,37.32,37.32,97.11,156.3,154,1.5,968,3.787,-2,-48,9,,,,,,,,22:44:40,20-Jul-2026,39.2084,-96.5939,333.6,20,0.58,17:43:39,20-Jul-2026,-0.28,1,0.001,0.004,-9999,-0.261,-14.942,-9999,1,150,0.005,2,0.058905,0,0.02923,0,0,-6.8e-05,standard,0,rectangular,7000,500,-9999,-9999,55537,55537,55537,0,-9999,0,0,0,0,2.4516,2.4393,1.6443,0.92739,0.14913,-0.039284,0.42154,0.91537,81.5152,0.00032,2.3977,-3e-05,1,2.3839,-2.4e-05,1,0.60171,0.60051,0.10664,0,PSF-00578_20260720175026_94c,PFA-00612,PSA-00572,PSF-00578,RHS-0697,3.0.0,2026-06-15T15:17:51.144Z,DATA_DUMP_1785116825020_clean_2026-07-20.csv,20-Jul-2026,186,Pl17-R2-M1-H1-P04,20-Jul-2026 17:50:26,20-Jul-2026
134,17:50:44,20-Jul-2026,Rain_out,Climate_model,,Pl17-R2-M1-H1-P04,,,0.025263,2.9179,0.025046,1.0919,2.6569,2.6278,6.6867,4.0298,27.0594,27.3597,68.8566,0.44179,7.5,PSF-00578_20260720175044_43b,0,0,0,86.9683,295.1417,0.70533,0.5,0.8,29.7984,1,35.03,34.65,40.43,38.08,38.08,97.11,156.2,153.9,1.5,106,3.788,-10,30,357,,,,,,,,22:44:58,20-Jul-2026,39.2084,-96.5939,334,18,0.65,17:43:39,20-Jul-2026,-0.28,1,-0.004,-0.004,-9999,0.202,0.399,-9999,1,150,0.005,2,0.058905,0,0.02923,0,0,-6.8e-05,standard,0,rectangular,7000,500,-9999,-9999,55537,55537,55537,0,-9999,0,0,0,0,2.4521,2.4386,1.6438,0.92711,0.14921,-0.029538,0.42164,0.1949,86.9683,0.000319,2.3977,-3e-05,1,2.3839,-2.4e-05,1,0.60171,0.60051,0.10664,0,PSF-00578_20260720175044_43b,PFA-00612,PSA-00572,PSF-00578,RHS-0697,3.0.0,2026-06-15T15:17:51.144Z,DATA_DUMP_1785116825020_clean_2026-07-20.csv,20-Jul-2026,187,Pl17-R2-M1-H1-P04,20-Jul-2026 17:50:44,20-Jul-2026
16,21:31:51,20-Jul-2026,Rain_out,Climate_model,,Pl17-R2-M1-H1-P04,,,-0.002063,2.9167,-0.002064,-0.036632,2.6564,2.6573,4.3171,1.6608,27.3781,27.3681,44.4787,0.44179,7.5,PSF-00578_20260720213151_015,0,0,0,103.1109,350.9406,0.70619,0.5,0.8,0.00101,1,62.07,62.09,30.08,30.23,30.23,97.06,156.1,155.1,0.7,0,3.744,-16,39,350,,,,,,,,02:26:05,21-Jul-2026,39.2083,-96.5937,355.9,5,1.94,21:27:51,20-Jul-2026,-0.82,1,0,0.001,-9999,2.408,6.657,-9999,1,150,0.005,2,0.058905,0,0.02923,0,0,-6.8e-05,standard,0,rectangular,7000,500,-9999,-9999,55537,55537,55537,0,-9999,0,0,0,0,2.4896,2.4756,1.6426,0.93003,0.22296,0.002032,0.29443,0.10665,103.1109,0.000296,2.3977,-3e-05,1,2.3839,-2.4e-05,1,0.60171,0.60051,0.10664,0,PSF-00578_20260720213151_015,PFA-00612,PSA-00572,PSF-00578,RHS-0697,3.0.0,2026-06-15T15:17:51.144Z,DATA_DUMP_1785116825020_clean_2026-07-20.csv,20-Jul-2026,218,Pl17-R2-M1-H1-P04,20-Jul-2026 21:31:51,20-Jul-2026
17,21:32:09,20-Jul-2026,Rain_out,Climate_model,,Pl17-R2-M1-H1-P04,,,-0.017587,2.9164,-0.017693,-0.35808,2.5673,2.5769,4.4604,1.8931,26.5503,26.4516,45.9571,0.44179,7.5,PSF-00578_20260720213209_0b1,0,0,0,92.32771,341.9952,0.73003,0.5,0.8,0.001169,1,59.67,59.9,30.17,30.8,30.8,97.06,156,155,0.7,0,3.77,-15,31,349,,,,,,,,02:26:23,21-Jul-2026,39.2084,-96.5938,347.7,7,1.1,21:27:51,20-Jul-2026,-0.82,1,-0.001,-0.003,-9999,1.415,3.75,-9999,1,150,0.005,2,0.058905,0,0.02923,0,0,-6.8e-05,standard,0,rectangular,7000,500,-9999,-9999,55537,55537,55537,0,-9999,0,0,0,0,2.4868,2.4725,1.6423,0.92995,0.22216,0.007616,0.29626,0.10665,92.3277,0.000308,2.3977,-3e-05,1,2.3839,-2.4e-05,1,0.60171,0.60051,0.10664,0,PSF-00578_20260720213209_0b1,PFA-00612,PSA-00572,PSF-00578,RHS-0697,3.0.0,2026-06-15T15:17:51.144Z,DATA_DUMP_1785116825020_clean_2026-07-20.csv,20-Jul-2026,219,Pl17-R2-M1-H1-P04,20-Jul-2026 21:32:09,20-Jul-2026
18,21:32:26,20-Jul-2026,Rain_out,Climate_model,,Pl17-R2-M1-H1-P04,,,-0.012051,2.9156,-0.012101,-0.2251,2.599,2.605,4.3401,1.7411,26.8383,26.7762,44.7138,0.44179,7.5,PSF-00578_20260720213226_3eb,0,0,0,92.66531,342.605,0.72953,0.5,0.8,0.001168,1,60.11,60.25,30.26,30.32,30.32,97.06,155.9,155.2,0.5,0,3.77,-14,38,349,,,,,,,,02:26:36,21-Jul-2026,39.2084,-96.5938,345.9,7,1.1,21:27:51,20-Jul-2026,-0.82,1,-0.001,-0.001,-9999,2.104,4.291,-9999,1,150,0.005,2,0.058905,0,0.02923,0,0,-6.8e-05,standard,0,rectangular,7000,500,-9999,-9999,55537,55537,55537,0,-9999,0,0,0,0,2.4872,2.4731,1.6414,0.93047,0.2214,0.001034,0.29801,0.10665,92.6653,0.00031,2.3977,-3e-05,1,2.3839,-2.4e-05,1,0.60171,0.60051,0.10664,0,PSF-00578_20260720213226_3eb,PFA-00612,PSA-00572,PSF-00578,RHS-0697,3.0.0,2026-06-15T15:17:51.144Z,DATA_DUMP_1785116825020_clean_2026-07-20.csv,20-Jul-2026,220,Pl17-R2-M1-H1-P04,20-Jul-2026 21:32:26,20-Jul-2026
19,21:32:41,20-Jul-2026,Rain_out,Climate_model,,Pl17-R2-M1-H1-P04,,,-0.005838,2.9146,-0.00585,-0.11001,2.6098,2.6127,4.3694,1.7597,26.9177,26.8874,45.0165,0.44179,7.5,PSF-00578_20260720213241_877,0,0,0,104.2753,353.8635,0.70532,0.5,0.8,0.000647,1,60.1,60.17,30.33,30.44,30.44,97.06,155.8,155.1,0.5,0,3.771,-11,35,349,,,,,,,,02:26:55,21-Jul-2026,39.2084,-96.5938,345.1,7,1.11,21:27:51,20-Jul-2026,-0.82,1,-0.002,-0.001,0.007,0.426,2.148,10.256,1,150,0.005,2,0.058905,0,0.02923,0,0,-6.8e-05,standard,0,rectangular,7000,500,-9999,-9999,55537,55537,55537,0,-9999,0,0,0,0,2.4871,2.4731,1.6405,0.93012,0.22076,0.001535,0.29951,0.10664,104.2753,0.000296,2.3977,-3e-05,1,2.3839,-2.4e-05,1,0.60171,0.60051,0.10664,0,PSF-00578_20260720213241_877,PFA-00612,PSA-00572,PSF-00578,RHS-0697,3.0.0,2026-06-15T15:17:51.144Z,DATA_DUMP_1785116825020_clean_2026-07-20.csv,20-Jul-2026,221,Pl17-R2-M1-H1-P04,20-Jul-2026 21:32:41,20-Jul-2026
20,21:33:04,20-Jul-2026,Rain_out,Climate_model,,Pl17-R2-M1-H1-P04,,,-0.009219,2.9166,-0.009248,-0.17724,2.5827,2.5874,4.3763,1.7936,26.6549,26.6061,45.0831,0.44179,7.5,PSF-00578_20260720213304_a2c,0,0,0,96.26984,350.6566,0.72546,0.5,0.8,0.00141,1,59.1,59.2,30.44,30.47,30.47,97.07,156.1,155.1,0.6,0,3.771,-8,26,348,,,,,,,,02:27:16,21-Jul-2026,39.2084,-96.5938,345.2,7,1.11,21:27:51,20-Jul-2026,-0.82,1,0.001,0,-9999,0.29,1.018,-9999,1,150,0.005,2,0.058905,0,0.02923,0,0,-6.8e-05,standard,0,rectangular,7000,500,-9999,-9999,55537,55537,55537,0,-9999,0,0,0,0,2.4858,2.4718,1.6425,0.93005,0.21977,0.000536,0.30193,0.10665,96.2698,0.000305,2.3977,-3e-05,1,2.3839,-2.4e-05,1,0.60171,0.60051,0.10664,0,PSF-00578_20260720213304_a2c,PFA-00612,PSA-00572,PSF-00578,RHS-0697,3.0.0,2026-06-15T15:17:51.144Z,DATA_DUMP_1785116825020_clean_2026-07-20.csv,20-Jul-2026,222,Pl17-R2-M1-H1-P04,20-Jul-2026 21:33:04,20-Jul-2026
21,21:33:24,20-Jul-2026,Rain_out,Climate_model,,Pl17-R2-M1-H1-P04,,,-0.016064,2.9162,-0.016153,-0.35665,2.5561,2.5656,4.6197,2.0637,26.4341,26.3358,47.5984,0.44179,7.5,PSF-00578_20260720213324_aaa,0,0,0,94.19918,329.5999,0.7142,0.5,0.8,0.004445,1,58.16,58.37,30.54,31.42,31.42,97.06,156,155.1,0.6,0,3.771,14,-62,7,,,,,,,,02:27:38,21-Jul-2026,39.2084,-96.5939,343.8,7,1.11,21:27:51,20-Jul-2026,-0.82,1,0,-0.001,-9999,1.68,3.631,-9999,1,150,0.005,2,0.058905,0,0.02923,0,0,-6.8e-05,standard,0,rectangular,7000,500,-9999,-9999,55537,55537,55537,0,-9999,0,0,0,0,2.4847,2.4706,1.642,0.9301,0.21892,0.010494,0.30393,0.10665,94.1992,0.000304,2.3977,-3e-05,1,2.3839,-2.4e-05,1,0.60171,0.60051,0.10664,0,PSF-00578_20260720213324_aaa,PFA-00612,PSA-00572,PSF-00578,RHS-0697,3.0.0,2026-06-15T15:17:51.144Z,DATA_DUMP_1785116825020_clean_2026-07-20.csv,20-Jul-2026,223,Pl17-R2-M1-H1-P04,20-Jul-2026 21:33:24,20-Jul-2026
22,21:33:44,20-Jul-2026,Rain_out,Climate_model,,Pl17-R2-M1-H1-P04,,,-0.00693,2.9159,-0.006946,-0.14147,2.5745,2.5783,4.4795,1.9049,26.5643,26.5253,46.1515,0.44179,7.5,PSF-00578_20260720213344_0f9,0,0,0,96.20976,343.1933,0.71966,0.5,0.8,0.002754,1,58.24,58.32,30.64,30.88,30.88,97.06,156,154,1.3,0,3.763,9,-57,6,,,,,,,,02:27:58,21-Jul-2026,39.2084,-96.5939,344,7,1.16,21:27:51,20-Jul-2026,-0.82,1,-0.001,0,-9999,0.034,0.274,-9999,1,150,0.005,2,0.058905,0,0.02923,0,0,-6.8e-05,standard,0,rectangular,7000,500,-9999,-9999,55537,55537,55537,0,-9999,0,0,0,0,2.4847,2.4707,1.6417,0.92728,0.21805,0.002956,0.30591,0.10665,96.2098,0.000295,2.3977,-3e-05,1,2.3839,-2.4e-05,1,0.60171,0.60051,0.10664,0,PSF-00578_20260720213344_0f9,PFA-00612,PSA-00572,PSF-00578,RHS-0697,3.0.0,2026-06-15T15:17:51.144Z,DATA_DUMP_1785116825020_clean_2026-07-20.csv,20-Jul-2026,224,Pl17-R2-M1-H1-P04,20-Jul-2026 21:33:44,20-Jul-2026
23,21:33:55,20-Jul-2026,Rain_out,Climate_model,,Pl17-R2-M1-H1-P04,,,-0.011318,2.9159,-0.011362,-0.23096,2.5839,2.5901,4.485,1.9011,26.6865,26.6229,46.21,0.44179,7.5,PSF-00578_20260720213355_59f,0,0,0,91.5302,342.7967,0.73299,0.5,0.8,0.001048,1,58.27,58.41,30.7,30.9,30.9,97.06,156,155,0.6,0,3.768,27,44,350,,,,,,,,02:28:09,21-Jul-2026,39.2084,-96.5939,344,8,1.05,21:27:51,20-Jul-2026,-0.82,1,0.002,-0.001,-9999,2.188,4.832,-9999,1,150,0.005,2,0.058905,0,0.02923,0,0,-6.8e-05,standard,0,rectangular,7000,500,-9999,-9999,55537,55537,55537,0,-9999,0,0,0,0,2.4848,2.4707,1.6417,0.92989,0.21758,0.002567,0.30702,0.10665,91.5302,0.000291,2.3977,-3e-05,1,2.3839,-2.4e-05,1,0.60171,0.60051,0.10664,0,PSF-00578_20260720213355_59f,PFA-00612,PSA-00572,PSF-00578,RHS-0697,3.0.0,2026-06-15T15:17:51.144Z,DATA_DUMP_1785116825020_clean_2026-07-20.csv,20-Jul-2026,225,Pl17-R2-M1-H1-P04,20-Jul-2026 21:33:55,20-Jul-2026
24,21:34:08,20-Jul-2026,Rain_out,Climate_model,,Pl17-R2-M1-H1-P04,,,-0.020707,2.9149,-0.020855,-0.41811,2.605,2.6162,4.4799,1.8749,26.9543,26.8389,46.1554,0.44179,7.5,PSF-00578_20260720213408_0ce,0,0,0,89.07437,341.3705,0.73907,0.5,0.8,0.001184,1,58.54,58.79,30.76,30.88,30.88,97.06,155.9,155.1,0.5,0,3.77,29,55,348,,,,,,,,02:28:22,21-Jul-2026,39.2084,-96.5939,344.5,9,1.03,21:27:51,20-Jul-2026,-0.82,1,-0.004,-0.001,-9999,2.739,4.452,-9999,1,150,0.005,2,0.058905,0,0.02923,0,0,-6.8e-05,standard,0,rectangular,7000,500,-9999,-9999,55537,55537,55537,0,-9999,0,0,0,0,2.4852,2.471,1.6408,0.9302,0.21705,0.001609,0.3083,0.10665,89.0744,0.000306,2.3977,-3e-05,1,2.3839,-2.4e-05,1,0.60171,0.60051,0.10664,0,PSF-00578_20260720213408_0ce,PFA-00612,PSA-00572,PSF-00578,RHS-0697,3.0.0,2026-06-15T15:17:51.144Z,DATA_DUMP_1785116825020_clean_2026-07-20.csv,20-Jul-2026,226,Pl17-R2-M1-H1-P04,20-Jul-2026 21:34:08,20-Jul-2026
25,21:34:20,20-Jul-2026,Rain_out,Climate_model,,Pl17-R2-M1-H1-P04,,,-0.020365,2.9153,-0.020509,-0.40469,2.5964,2.6073,4.4423,1.8459,26.8619,26.7503,45.7676,0.44179,7.5,PSF-00578_20260720213420_a47,0,0,0,81.2763,324.6789,0.74967,0.5,0.8,0.003126,1,58.14,58.38,30.82,30.73,30.73,97.06,155.9,154.9,0.6,0,3.767,3,-44,4,,,,,,,,02:28:35,21-Jul-2026,39.2084,-96.5939,343.2,8,1.11,21:27:51,20-Jul-2026,-0.82,1,-0.003,-0.004,-9999,1.246,2.36,-9999,1,150,0.005,2,0.058905,0,0.02923,0,0,-6.8e-05,standard,0,rectangular,7000,500,-9999,-9999,55537,55537,55537,0,-9999,0,0,0,0,2.4847,2.4705,1.6412,0.9297,0.21653,-0.000824,0.30952,0.10665,81.2763,0.000294,2.3977,-3e-05,1,2.3839,-2.4e-05,1,0.60171,0.60051,0.10664,0,PSF-00578_20260720213420_a47,PFA-00612,PSA-00572,PSF-00578,RHS-0697,3.0.0,2026-06-15T15:17:51.144Z,DATA_DUMP_1785116825020_clean_2026-07-20.csv,20-Jul-2026,227,Pl17-R2-M1-H1-P04,20-Jul-2026 21:34:20,20-Jul-2026
26,21:34:41,20-Jul-2026,Rain_out,Climate_model,,Pl17-R2-M1-H1-P04,,,-0.02362,2.9164,-0.023812,-0.47685,2.6172,2.63,4.4899,1.8727,27.0941,26.9628,46.255,0.44179,7.5,PSF-00578_20260720213441_e89,0,0,0,89.25605,329.9768,0.72951,0.5,0.8,0.001293,1,58.29,58.57,30.92,30.92,30.92,97.07,156,155,0.7,0,3.766,-1,-37,359,,,,,,,,02:28:55,21-Jul-2026,39.2084,-96.5939,342.4,9,1.04,21:27:51,20-Jul-2026,-0.82,1,0,0.001,-9999,0.006,0.162,-9999,1,150,0.005,2,0.058905,0,0.02923,0,0,-6.8e-05,standard,0,rectangular,7000,500,-9999,-9999,55537,55537,55537,0,-9999,0,0,0,0,2.4849,2.4707,1.6422,0.92992,0.21572,0.000239,0.31157,0.10665,89.2561,0.000311,2.3977,-3e-05,1,2.3839,-2.4e-05,1,0.60171,0.60051,0.10664,0,PSF-00578_20260720213441_e89,PFA-00612,PSA-00572,PSF-00578,RHS-0697,3.0.0,2026-06-15T15:17:51.144Z,DATA_DUMP_1785116825020_clean_2026-07-20.csv,20-Jul-2026,228,Pl17-R2-M1-H1-P04,20-Jul-2026 21:34:41,20-Jul-2026
27,21:34:52,20-Jul-2026,Rain_out,Climate_model,,Pl17-R2-M1-H1-P04,,,-0.026234,2.9157,-0.026472,-0.55514,2.6237,2.6385,4.5837,1.96,27.1826,27.0296,47.2222,0.44179,7.5,PSF-00578_20260720213452_f96,0,0,0,83.7897,327.7277,0.74433,0.5,0.8,0.002849,1,58.27,58.6,30.97,31.28,31.28,97.07,156,155.2,0.5,0,3.768,-1,-40,0,,,,,,,,02:29:05,21-Jul-2026,39.2084,-96.5939,342.7,9,1.04,21:27:51,20-Jul-2026,-0.82,1,-0.002,-0.004,-9999,1.655,3.003,-9999,1,150,0.005,2,0.058905,0,0.02923,0,0,-6.8e-05,standard,0,rectangular,7000,500,-9999,-9999,55537,55537,55537,0,-9999,0,0,0,0,2.4849,2.4706,1.6416,0.93027,0.2153,0.003905,0.31253,0.10665,83.7897,0.000301,2.3977,-3e-05,1,2.3839,-2.4e-05,1,0.60171,0.60051,0.10664,0,PSF-00578_20260720213452_f96,PFA-00612,PSA-00572,PSF-00578,RHS-0697,3.0.0,2026-06-15T15:17:51.144Z,DATA_DUMP_1785116825020_clean_2026-07-20.csv,20-Jul-2026,229,Pl17-R2-M1-H1-P04,20-Jul-2026 21:34:52,20-Jul-2026
28,21:35:03,20-Jul-2026,Rain_out,Climate_model,,Pl17-R2-M1-H1-P04,,,-0.014215,2.9164,-0.014284,-0.28609,2.6309,2.6385,4.5035,1.8726,27.1822,27.1034,46.3953,0.44179,7.5,PSF-00578_20260720213503_250,0,0,0,90.46983,326.4531,0.72287,0.5,0.8,0.002766,1,58.25,58.42,31.02,30.97,30.97,97.07,156.1,155,0.7,0,3.763,-5,-39,2,,,,,,,,02:29:17,21-Jul-2026,39.2084,-96.5939,343.9,9,1.04,21:27:51,20-Jul-2026,-0.82,1,0.001,0,-9999,2.044,3.528,-9999,1,150,0.005,2,0.058905,0,0.02923,0,0,-6.8e-05,standard,0,rectangular,7000,500,-9999,-9999,55537,55537,55537,0,-9999,0,0,0,0,2.4847,2.4706,1.6423,0.9299,0.21486,-0.000333,0.31359,0.10665,90.4698,0.000298,2.3977,-3e-05,1,2.3839,-2.4e-05,1,0.60171,0.60051,0.10664,0,PSF-00578_20260720213503_250,PFA-00612,PSA-00572,PSF-00578,RHS-0697,3.0.0,2026-06-15T15:17:51.144Z,DATA_DUMP_1785116825020_clean_2026-07-20.csv,20-Jul-2026,230,Pl17-R2-M1-H1-P04,20-Jul-2026 21:35:03,20-Jul-2026
29,21:35:17,20-Jul-2026,Rain_out,Climate_model,,Pl17-R2-M1-H1-P04,,,-0.014241,2.9176,-0.014311,-0.28047,2.618,2.6255,4.4511,1.8331,27.0492,26.972,45.8572,0.44179,7.5,PSF-00578_20260720213517_778,0,0,0,81.7287,318.0982,0.74307,0.5,0.8,0.000936,1,57.76,57.93,31.08,30.76,30.76,97.06,156.2,154.9,0.8,0,3.728,-6,-27,355,,,,,,,,02:29:31,21-Jul-2026,39.2084,-96.5939,343.9,9,1.04,21:27:51,20-Jul-2026,-0.82,1,-0.004,-0.004,-9999,1.101,2.064,-9999,1,150,0.005,2,0.058905,0,0.02923,0,0,-6.8e-05,standard,0,rectangular,7000,500,-9999,-9999,55537,55537,55537,0,-9999,0,0,0,0,2.4841,2.47,1.6436,0.92966,0.21433,-0.003463,0.31492,0.10665,81.7287,0.000304,2.3977,-3e-05,1,2.3839,-2.4e-05,1,0.60171,0.60051,0.10664,0,PSF-00578_20260720213517_778,PFA-00612,PSA-00572,PSF-00578,RHS-0697,3.0.0,2026-06-15T15:17:51.144Z,DATA_DUMP_1785116825020_clean_2026-07-20.csv,20-Jul-2026,231,Pl17-R2-M1-H1-P04,20-Jul-2026 21:35:17,20-Jul-2026
30,21:35:29,20-Jul-2026,Rain_out,Climate_model,,Pl17-R2-M1-H1-P04,,,-0.018695,2.9165,-0.018816,-0.39546,2.59,2.6006,4.5551,1.9651,26.7908,26.6819,46.926,0.44179,7.5,PSF-00578_20260720213529_9f7,0,0,0,86.8324,329.8287,0.73674,0.5,0.8,0.000423,1,56.98,57.21,31.13,31.17,31.17,97.07,156.1,155.1,0.6,0,3.767,-6,-36,355,,,,,,,,02:29:43,21-Jul-2026,39.2084,-96.5939,343.7,9,1.04,21:27:51,20-Jul-2026,-0.82,1,0,-0.002,-9999,1.443,2.42,-9999,1,150,0.005,2,0.058905,0,0.02923,0,0,-6.8e-05,standard,0,rectangular,7000,500,-9999,-9999,55537,55537,55537,0,-9999,0,0,0,0,2.4832,2.469,1.6424,0.93002,0.2139,0.000678,0.31603,0.10664,86.8324,0.000303,2.3977,-3e-05,1,2.3839,-2.4e-05,1,0.60171,0.60051,0.10664,0,PSF-00578_20260720213529_9f7,PFA-00612,PSA-00572,PSF-00578,RHS-0697,3.0.0,2026-06-15T15:17:51.144Z,DATA_DUMP_1785116825020_clean_2026-07-20.csv,20-Jul-2026,232,Pl17-R2-M1-H1-P04,20-Jul-2026 21:35:29,20-Jul-2026
166,10:20:34,22-Jul-2026,Rain_out,Climate_model,,Pl23-R3-M3-H2-P03,,,0.069456,2.9159,0.06784,1.0731,1.9058,1.8765,3.4176,1.5119,19.1007,19.3987,34.7881,0.44179,7.5,PSF-00578_20260722102034_b87,0,0,0,152.1921,372.4594,0.591386,0.5,0.8,58.2837,1,50.05,49.28,28.06,26.22,26.22,98.24,156,155.5,0.3,246,3.951,-12,7,350,,,,,,,,15:14:42,22-Jul-2026,39.2085,-96.5938,335.3,20,0.58,10:18:08,22-Jul-2026,-0.52,1,0.004,0.005,-9999,-1.011,3.645,-9999,1,150,0.005,2,0.058905,0,0.02923,0,0,-6.8e-05,standard,0,rectangular,7000,500,-9999,-9999,55537,55537,55537,0,-9999,0,0,0,0,2.4735,2.4604,1.6418,0.93124,0.2415,-0.020408,0.67808,0.31252,152.1921,0.000293,2.3977,-3e-05,1,2.3839,-2.4e-05,1,0.60171,0.60051,0.10664,0,PSF-00578_20260722102034_b87,PFA-00612,PSA-00572,PSF-00578,RHS-0697,3.0.0,2026-06-15T15:17:51.144Z,DATA_DUMP_1785116825020_clean_2026-07-22.csv,22-Jul-2026,51,Pl23-R3-M3-H2-P03,22-Jul-2026 10:20:34,22-Jul-2026
49,16:23:10,22-Jul-2026,Rain_out,Climate_model,,Pl23-R3-M3-H2-P03,,,0.118,2.9166,0.11341,3.6609,1.6889,1.5891,4.7502,3.0613,16.2064,17.2248,48.4456,0.44179,7.5,PSF-00578_20260722162310_099,0,0,0,91.71617,131.817,0.304216,0.5,0.8,213.5498,1,37.33,35.13,31.05,31.91,31.91,98.05,156.1,155.2,0.6,1755,4.065,9,-59,7,,,,,,,,00:00:00,0000-00-00,NaN,NaN,NaN,0,NaN,16:23:02,22-Jul-2026,-0.79,1,-0.002,-0.001,0.012,-0.48,0.01,-0.921,1,150,0.005,2,0.058905,0,0.02923,0,0,-6.8e-05,standard,0,rectangular,7000,500,-9999,-9999,55537,55537,55537,0,-9999,0,0,0,0,2.4542,2.4437,1.6425,0.93035,0.21461,0.010355,0.34843,1.573,91.7162,0.00029,2.3977,-3e-05,1,2.3839,-2.4e-05,1,0.60171,0.60051,0.10664,0,PSF-00578_20260722162310_099,PFA-00612,PSA-00572,PSF-00578,RHS-0697,3.0.0,2026-06-15T15:17:51.144Z,DATA_DUMP_1785116825020_clean_2026-07-22.csv,22-Jul-2026,126,Pl23-R3-M3-H2-P03,22-Jul-2026 16:23:10,22-Jul-2026
50,16:23:25,22-Jul-2026,Rain_out,Climate_model,,Pl23-R3-M3-H2-P03,,,0.08878,2.9164,0.086157,2.8184,1.6973,1.6204,4.7983,3.101,16.5273,17.3114,48.9395,0.44179,7.5,PSF-00578_20260722162325_95e,0,0,0,104.5618,147.7876,0.292486,0.5,0.8,208.808,1,37.48,35.78,31.07,32.09,32.09,98.05,156,155.1,0.6,1785,4.033,12,-65,5,,,,,,,,00:00:00,0000-00-00,NaN,NaN,NaN,0,NaN,16:23:02,22-Jul-2026,-0.79,1,0,-0.001,0.008,-0.501,-1.593,-4.02,1,150,0.005,2,0.058905,0,0.02923,0,0,-6.8e-05,standard,0,rectangular,7000,500,-9999,-9999,55537,55537,55537,0,-9999,0,0,0,0,2.455,2.4439,1.6423,0.93016,0.21444,0.012232,0.34992,1.598,104.5618,0.000291,2.3977,-3e-05,1,2.3839,-2.4e-05,1,0.60171,0.60051,0.10664,0,PSF-00578_20260722162325_95e,PFA-00612,PSA-00572,PSF-00578,RHS-0697,3.0.0,2026-06-15T15:17:51.144Z,DATA_DUMP_1785116825020_clean_2026-07-22.csv,22-Jul-2026,127,Pl23-R3-M3-H2-P03,22-Jul-2026 16:23:25,22-Jul-2026
51,16:23:43,22-Jul-2026,Rain_out,Climate_model,,Pl23-R3-M3-H2-P03,,,0.096617,2.9164,0.093519,2.9753,1.6857,1.6045,4.7037,3.018,16.364,17.1919,47.9707,0.44179,7.5,PSF-00578_20260722162343_7ee,0,0,0,91.96114,132.2705,0.304749,0.5,0.8,206.9984,1,37.18,35.39,31.09,31.73,31.73,98.05,156,155.3,0.5,1698,4.064,7,-62,9,,,,,,,,00:00:00,0000-00-00,NaN,NaN,NaN,0,NaN,16:23:02,22-Jul-2026,-0.79,1,0.002,0.001,-9999,-0.449,-0.957,-9999,1,150,0.005,2,0.058905,0,0.02923,0,0,-6.8e-05,standard,0,rectangular,7000,500,-9999,-9999,55537,55537,55537,0,-9999,0,0,0,0,2.4545,2.4435,1.6423,0.93055,0.21426,0.007821,0.35189,1.5255,91.9611,0.000289,2.3977,-3e-05,1,2.3839,-2.4e-05,1,0.60171,0.60051,0.10664,0,PSF-00578_20260722162343_7ee,PFA-00612,PSA-00572,PSF-00578,RHS-0697,3.0.0,2026-06-15T15:17:51.144Z,DATA_DUMP_1785116825020_clean_2026-07-22.csv,22-Jul-2026,128,Pl23-R3-M3-H2-P03,22-Jul-2026 16:23:43,22-Jul-2026
52,16:23:57,22-Jul-2026,Rain_out,Climate_model,,Pl23-R3-M3-H2-P03,,,0.043555,2.9164,0.042915,1.1088,1.5971,1.5668,4.0576,2.4605,15.979,16.2878,41.3807,0.44179,7.5,PSF-00578_20260722162357_af9,0,0,0,88.48464,224.8346,0.606446,0.5,0.8,126.3421,1,35.18,34.51,31.11,29.15,29.15,98.05,156,155.3,0.5,521,4.063,9,43,1,,,,,,,,00:00:00,0000-00-00,NaN,NaN,NaN,0,NaN,16:23:02,22-Jul-2026,-0.79,1,0.001,0.002,-9999,0.532,-1.441,-9999,1,150,0.005,2,0.058905,0,0.02923,0,0,-6.8e-05,standard,0,rectangular,7000,500,-9999,-9999,55537,55537,55537,0,-9999,0,0,0,0,2.4533,2.4408,1.6422,0.93056,0.21407,-0.022452,0.35335,0.54184,88.4846,0.00028,2.3977,-3e-05,1,2.3839,-2.4e-05,1,0.60171,0.60051,0.10664,0,PSF-00578_20260722162357_af9,PFA-00612,PSA-00572,PSF-00578,RHS-0697,3.0.0,2026-06-15T15:17:51.144Z,DATA_DUMP_1785116825020_clean_2026-07-22.csv,22-Jul-2026,129,Pl23-R3-M3-H2-P03,22-Jul-2026 16:23:57,22-Jul-2026
53,16:24:11,22-Jul-2026,Rain_out,Climate_model,,Pl23-R3-M3-H2-P03,,,0.015637,2.9155,0.015554,0.40189,1.6082,1.5973,4.0684,2.4601,16.2903,16.4023,41.4927,0.44179,7.5,PSF-00578_20260722162411_676,0,0,0,90.02423,223.8092,0.597764,0.5,0.8,338.165,1,35.42,35.17,31.11,29.2,29.2,98.05,155.9,155.2,0.5,1414,4.063,7,-48,28,,,,,,,,00:00:00,0000-00-00,NaN,NaN,NaN,0,NaN,16:23:02,22-Jul-2026,-0.79,1,0.002,0.004,-9999,-0.02,0.076,-9999,1,150,0.005,2,0.058905,0,0.02923,0,0,-6.8e-05,standard,0,rectangular,7000,500,-9999,-9999,55537,55537,55537,0,-9999,0,0,0,0,2.4542,2.4411,1.6413,0.93037,0.21405,-0.021953,0.35478,1.2884,90.0242,0.000301,2.3977,-3e-05,1,2.3839,-2.4e-05,1,0.60171,0.60051,0.10664,0,PSF-00578_20260722162411_676,PFA-00612,PSA-00572,PSF-00578,RHS-0697,3.0.0,2026-06-15T15:17:51.144Z,DATA_DUMP_1785116825020_clean_2026-07-22.csv,22-Jul-2026,130,Pl23-R3-M3-H2-P03,22-Jul-2026 16:24:11,22-Jul-2026
55,16:24:39,22-Jul-2026,Rain_out,Climate_model,,Pl23-R3-M3-H2-P03,,,0.050223,2.9169,0.049373,1.3046,1.6152,1.5796,4.1301,2.5149,16.1111,16.4742,42.1242,0.44179,7.5,PSF-00578_20260722162439_c60,0,0,0,80.84643,247.5818,0.673456,0.5,0.8,143.5217,1,35.55,34.76,31.13,29.46,29.46,98.05,156.1,155.4,0.5,533,4.061,-10,52,316,,,,,,,,00:00:00,0000-00-00,NaN,NaN,NaN,0,NaN,16:23:02,22-Jul-2026,-0.79,1,-0.001,0,0.013,-0.129,-0.166,0.099,1,150,0.005,2,0.058905,0,0.02923,0,0,-6.8e-05,standard,0,rectangular,7000,500,-9999,-9999,55537,55537,55537,0,-9999,0,0,0,0,2.4537,2.4413,1.6428,0.93082,0.21396,-0.019084,0.35751,0.55182,80.8464,0.000303,2.3977,-3e-05,1,2.3839,-2.4e-05,1,0.60171,0.60051,0.10664,0,PSF-00578_20260722162439_c60,PFA-00612,PSA-00572,PSF-00578,RHS-0697,3.0.0,2026-06-15T15:17:51.144Z,DATA_DUMP_1785116825020_clean_2026-07-22.csv,22-Jul-2026,131,Pl23-R3-M3-H2-P03,22-Jul-2026 16:24:39,22-Jul-2026
56,16:24:54,22-Jul-2026,Rain_out,Climate_model,,Pl23-R3-M3-H2-P03,,,0.041821,2.9155,0.04123,1.0753,1.6173,1.5879,4.0998,2.4825,16.1952,16.4948,41.8146,0.44179,7.5,PSF-00578_20260722162454_38e,0,0,0,81.38609,255.5566,0.681534,0.5,0.8,82.7682,1,35.57,34.92,31.14,29.33,29.33,98.05,155.9,155.2,0.5,304,4.058,8,52,324,,,,,,,,00:00:00,0000-00-00,NaN,NaN,NaN,0,NaN,16:23:02,22-Jul-2026,-0.79,1,-0.003,-0.002,0.01,-0.161,-0.223,-0.117,1,150,0.005,2,0.058905,0,0.02923,0,0,-6.8e-05,standard,0,rectangular,7000,500,-9999,-9999,55537,55537,55537,0,-9999,0,0,0,0,2.4539,2.4413,1.6414,0.9304,0.21387,-0.020678,0.35901,0.36033,81.3861,0.000299,2.3977,-3e-05,1,2.3839,-2.4e-05,1,0.60171,0.60051,0.10664,0,PSF-00578_20260722162454_38e,PFA-00612,PSA-00572,PSF-00578,RHS-0697,3.0.0,2026-06-15T15:17:51.144Z,DATA_DUMP_1785116825020_clean_2026-07-22.csv,22-Jul-2026,132,Pl23-R3-M3-H2-P03,22-Jul-2026 16:24:54,22-Jul-2026
57,16:25:08,22-Jul-2026,Rain_out,Climate_model,,Pl23-R3-M3-H2-P03,,,0.049848,2.9153,0.04901,1.2628,1.6308,1.5963,4.0834,2.4526,16.2813,16.6331,41.648,0.44179,7.5,PSF-00578_20260722162508_5d3,0,0,0,81.53487,248.1569,0.671438,0.5,0.8,129.5103,1,35.84,35.09,31.15,29.26,29.26,98.05,155.9,155.2,0.5,482,4.061,-8,47,327,,,,,,,,00:00:00,0000-00-00,NaN,NaN,NaN,0,NaN,16:23:02,22-Jul-2026,-0.79,1,0.001,0.003,-9999,-0.021,-0.12,-9999,1,150,0.005,2,0.058905,0,0.02923,0,0,-6.8e-05,standard,0,rectangular,7000,500,-9999,-9999,55537,55537,55537,0,-9999,0,0,0,0,2.4541,2.4417,1.6412,0.93029,0.21377,-0.021617,0.36029,0.50957,81.5349,0.000301,2.3977,-3e-05,1,2.3839,-2.4e-05,1,0.60171,0.60051,0.10664,0,PSF-00578_20260722162508_5d3,PFA-00612,PSA-00572,PSF-00578,RHS-0697,3.0.0,2026-06-15T15:17:51.144Z,DATA_DUMP_1785116825020_clean_2026-07-22.csv,22-Jul-2026,133,Pl23-R3-M3-H2-P03,22-Jul-2026 16:25:08,22-Jul-2026
58,16:25:22,22-Jul-2026,Rain_out,Climate_model,,Pl23-R3-M3-H2-P03,,,0.017947,2.9181,0.017838,0.45451,1.6291,1.6167,4.055,2.4259,16.4883,16.6147,41.3564,0.44179,7.5,PSF-00578_20260722162522_686,0,0,0,89.9427,221.9095,0.594688,0.5,0.8,73.1853,1,35.75,35.48,31.18,29.14,29.14,98.05,156.3,155.1,0.8,308,4.061,2,50,359,,,,,,,,00:00:00,0000-00-00,NaN,NaN,NaN,0,NaN,16:23:02,22-Jul-2026,-0.79,1,0.001,0.002,-9999,-0.285,-0.121,-9999,1,150,0.005,2,0.058905,0,0.02923,0,0,-6.8e-05,standard,0,rectangular,7000,500,-9999,-9999,55537,55537,55537,0,-9999,0,0,0,0,2.4546,2.4415,1.6441,0.93003,0.21354,-0.023314,0.36165,0.36372,89.9427,0.000292,2.3977,-3e-05,1,2.3839,-2.4e-05,1,0.60171,0.60051,0.10664,0,PSF-00578_20260722162522_686,PFA-00612,PSA-00572,PSF-00578,RHS-0697,3.0.0,2026-06-15T15:17:51.144Z,DATA_DUMP_1785116825020_clean_2026-07-22.csv,22-Jul-2026,134,Pl23-R3-M3-H2-P03,22-Jul-2026 16:25:22,22-Jul-2026
60,16:25:46,22-Jul-2026,Rain_out,Climate_model,,Pl23-R3-M3-H2-P03,,,0.036849,2.9163,0.036389,0.93008,1.647,1.6216,4.0799,2.4329,16.5385,16.7974,41.6103,0.44179,7.5,PSF-00578_20260722162546_e0a,0,0,0,87.14104,220.9514,0.60561,0.5,0.8,103.5498,1,36.06,35.51,31.21,29.25,29.25,98.05,156,155.1,0.6,427,4.055,6,45,0,,,,,,,,00:00:00,0000-00-00,NaN,NaN,NaN,0,NaN,16:23:02,22-Jul-2026,-0.79,1,0.002,0,0.014,-0.152,-0.43,-0.217,1,150,0.005,2,0.058905,0,0.02923,0,0,-6.8e-05,standard,0,rectangular,7000,500,-9999,-9999,55537,55537,55537,0,-9999,0,0,0,0,2.4547,2.442,1.6422,0.93009,0.21321,-0.022559,0.36381,0.46382,87.141,0.000288,2.3977,-3e-05,1,2.3839,-2.4e-05,1,0.60171,0.60051,0.10664,0,PSF-00578_20260722162546_e0a,PFA-00612,PSA-00572,PSF-00578,RHS-0697,3.0.0,2026-06-15T15:17:51.144Z,DATA_DUMP_1785116825020_clean_2026-07-22.csv,22-Jul-2026,135,Pl23-R3-M3-H2-P03,22-Jul-2026 16:25:46,22-Jul-2026
61,16:25:58,22-Jul-2026,Rain_out,Climate_model,,Pl23-R3-M3-H2-P03,,,0.029153,2.9163,0.028864,0.75322,1.6926,1.6721,4.1746,2.482,17.0543,17.2639,42.5786,0.44179,7.5,PSF-00578_20260722162558_1ab,0,0,0,90.55602,213.8007,0.576447,0.5,0.8,273.3828,1,37.03,36.58,31.23,29.65,29.65,98.05,156,155.1,0.6,1186,4.06,3,-57,22,,,,,,,,00:00:00,0000-00-00,NaN,NaN,NaN,0,NaN,16:23:02,22-Jul-2026,-0.79,1,-0.002,0.002,-9999,0.793,1.983,-9999,1,150,0.005,2,0.058905,0,0.02923,0,0,-6.8e-05,standard,0,rectangular,7000,500,-9999,-9999,55537,55537,55537,0,-9999,0,0,0,0,2.4561,2.4432,1.6422,0.93013,0.21308,-0.018176,0.36493,1.0973,90.556,0.000302,2.3977,-3e-05,1,2.3839,-2.4e-05,1,0.60171,0.60051,0.10664,0,PSF-00578_20260722162558_1ab,PFA-00612,PSA-00572,PSF-00578,RHS-0697,3.0.0,2026-06-15T15:17:51.144Z,DATA_DUMP_1785116825020_clean_2026-07-22.csv,22-Jul-2026,136,Pl23-R3-M3-H2-P03,22-Jul-2026 16:25:58,22-Jul-2026
62,16:26:12,22-Jul-2026,Rain_out,Climate_model,,Pl23-R3-M3-H2-P03,,,0.061269,2.9164,0.060009,1.5013,1.6897,1.6488,4.0706,2.3809,16.816,17.2337,41.5169,0.44179,7.5,PSF-00578_20260722162612_e16,0,0,0,88.07373,210.386,0.581371,0.5,0.8,240.9245,1,36.93,36.04,31.25,29.21,29.21,98.05,156,155.3,0.5,1036,4.059,5,-59,21,,,,,,,,00:00:00,0000-00-00,NaN,NaN,NaN,0,NaN,16:23:02,22-Jul-2026,-0.79,1,-0.001,-0.001,-9999,-0.495,0.034,-9999,1,150,0.005,2,0.058905,0,0.02923,0,0,-6.8e-05,standard,0,rectangular,7000,500,-9999,-9999,55537,55537,55537,0,-9999,0,0,0,0,2.4554,2.4431,1.6423,0.93059,0.21294,-0.02339,0.36626,0.97232,88.0737,0.000295,2.3977,-3e-05,1,2.3839,-2.4e-05,1,0.60171,0.60051,0.10664,0,PSF-00578_20260722162612_e16,PFA-00612,PSA-00572,PSF-00578,RHS-0697,3.0.0,2026-06-15T15:17:51.144Z,DATA_DUMP_1785116825020_clean_2026-07-22.csv,22-Jul-2026,137,Pl23-R3-M3-H2-P03,22-Jul-2026 16:26:12,22-Jul-2026
63,16:26:25,22-Jul-2026,Rain_out,Climate_model,,Pl23-R3-M3-H2-P03,,,0.059277,2.9172,0.058097,1.4476,1.6501,1.6106,4.0225,2.3725,16.4261,16.8288,41.0252,0.44179,7.5,PSF-00578_20260722162625_d69,0,0,0,89.74921,215.1117,0.582779,0.5,0.8,257.0425,1,36.04,35.18,31.26,29,29,98.05,156.1,155.2,0.6,1103,4.059,5,-60,25,,,,,,,,00:00:00,0000-00-00,NaN,NaN,NaN,0,NaN,16:23:02,22-Jul-2026,-0.79,1,0.001,0.002,-9999,0.165,-0.047,-9999,1,150,0.005,2,0.058905,0,0.02923,0,0,-6.8e-05,standard,0,rectangular,7000,500,-9999,-9999,55537,55537,55537,0,-9999,0,0,0,0,2.4542,2.4419,1.6431,0.9303,0.21284,-0.025881,0.36738,1.028,89.7492,0.000298,2.3977,-3e-05,1,2.3839,-2.4e-05,1,0.60171,0.60051,0.10664,0,PSF-00578_20260722162625_d69,PFA-00612,PSA-00572,PSF-00578,RHS-0697,3.0.0,2026-06-15T15:17:51.144Z,DATA_DUMP_1785116825020_clean_2026-07-22.csv,22-Jul-2026,138,Pl23-R3-M3-H2-P03,22-Jul-2026 16:26:25,22-Jul-2026
64,16:26:36,22-Jul-2026,Rain_out,Climate_model,,Pl23-R3-M3-H2-P03,,,0.048773,2.9174,0.047971,1.2095,1.6349,1.6019,4.0356,2.4007,16.3369,16.6733,41.1575,0.44179,7.5,PSF-00578_20260722162636_2aa,0,0,0,87.92031,217.3136,0.595422,0.5,0.8,283.1599,1,35.7,34.98,31.26,29.06,29.06,98.05,156.2,155.1,0.7,1189,4.057,4,-56,21,,,,,,,,00:00:00,0000-00-00,NaN,NaN,NaN,0,NaN,16:23:02,22-Jul-2026,-0.79,1,0.001,0.002,-9999,-0.603,0.852,-9999,1,150,0.005,2,0.058905,0,0.02923,0,0,-6.8e-05,standard,0,rectangular,7000,500,-9999,-9999,55537,55537,55537,0,-9999,0,0,0,0,2.4539,2.4415,1.6433,0.93023,0.2128,-0.025306,0.36839,1.1001,87.9203,0.000312,2.3977,-3e-05,1,2.3839,-2.4e-05,1,0.60171,0.60051,0.10664,0,PSF-00578_20260722162636_2aa,PFA-00612,PSA-00572,PSF-00578,RHS-0697,3.0.0,2026-06-15T15:17:51.144Z,DATA_DUMP_1785116825020_clean_2026-07-22.csv,22-Jul-2026,139,Pl23-R3-M3-H2-P03,22-Jul-2026 16:26:36,22-Jul-2026
1,18:02:22,22-Jul-2026,Rain_out,Climate_model,,Pl23-R3-M3-H2-P03,,,0.033949,2.9158,0.033558,0.79016,1.4682,1.4466,3.7155,2.2473,14.7556,14.976,37.8995,0.44179,7.5,PSF-00578_20260722180222_46d,0,0,0,89.15949,222.2468,0.598827,0.5,0.8,98.2437,1,35.55,35.02,29.46,27.64,27.64,98.04,156,155.3,0.4,410,3.965,3,-31,21,,,,,,,,22:56:30,22-Jul-2026,39.2084,-96.5939,341.6,8,0.97,18:01:38,22-Jul-2026,-0.45,1,0.002,0.005,-9999,-0.186,-0.035,-9999,1,150,0.005,2,0.058905,0,0.02923,0,0,-6.8e-05,standard,0,rectangular,7000,500,-9999,-9999,55537,55537,55537,0,-9999,0,0,0,0,2.4543,2.4411,1.6417,0.93067,0.22846,-0.020513,0.097544,0.44936,89.1595,0.000296,2.3977,-3e-05,1,2.3839,-2.4e-05,1,0.60171,0.60051,0.10664,0,PSF-00578_20260722180222_46d,PFA-00612,PSA-00572,PSF-00578,RHS-0697,3.0.0,2026-06-15T15:17:51.144Z,DATA_DUMP_1785116825020_clean_2026-07-22.csv,22-Jul-2026,140,Pl23-R3-M3-H2-P03,22-Jul-2026 18:02:22,22-Jul-2026
2,18:02:33,22-Jul-2026,Rain_out,Climate_model,,Pl23-R3-M3-H2-P03,,,0.054277,2.9167,0.053286,1.2729,1.4643,1.4295,3.7442,2.2799,14.5806,14.9355,38.1896,0.44179,7.5,PSF-00578_20260722180233_9f0,0,0,0,134.6673,263.1848,0.488317,0.5,0.8,72.6268,1,35.5,34.66,29.44,27.77,27.77,98.04,156.1,155.5,0.4,372,3.928,-14,-37,337,,,,,,,,22:56:41,22-Jul-2026,39.2084,-96.5939,338.9,9,0.89,18:01:38,22-Jul-2026,-0.45,1,0.003,0.005,-9999,5.226,-1.073,-9999,1,150,0.005,2,0.058905,0,0.02923,0,0,-6.8e-05,standard,0,rectangular,7000,500,-9999,-9999,55537,55537,55537,0,-9999,0,0,0,0,2.4538,2.441,1.6426,0.93124,0.22869,-0.018737,0.099387,0.41733,134.6673,0.000293,2.3977,-3e-05,1,2.3839,-2.4e-05,1,0.60171,0.60051,0.10664,0,PSF-00578_20260722180233_9f0,PFA-00612,PSA-00572,PSF-00578,RHS-0697,3.0.0,2026-06-15T15:17:51.144Z,DATA_DUMP_1785116825020_clean_2026-07-22.csv,22-Jul-2026,141,Pl23-R3-M3-H2-P03,22-Jul-2026 18:02:33,22-Jul-2026
3,18:02:48,22-Jul-2026,Rain_out,Climate_model,,Pl23-R3-M3-H2-P03,,,0.11311,2.916,0.10889,2.4423,1.5103,1.4436,3.6513,2.141,14.7249,15.406,37.245,0.44179,7.5,PSF-00578_20260722180248_618,0,0,0,86.96794,281.7596,0.69134,0.5,0.8,58.4653,1,36.68,35.06,29.41,27.34,27.34,98.04,156,155.5,0.3,211,3.956,3,41,2,,,,,,,,22:56:56,22-Jul-2026,39.2084,-96.5939,339.1,8,1.01,18:01:38,22-Jul-2026,-0.45,1,0.005,0.005,-9999,0.016,0.107,-9999,1,150,0.005,2,0.058905,0,0.02923,0,0,-6.8e-05,standard,0,rectangular,7000,500,-9999,-9999,55537,55537,55537,0,-9999,0,0,0,0,2.4543,2.4426,1.6418,0.93126,0.22894,-0.023268,0.10182,0.2833,86.9679,0.000285,2.3977,-3e-05,1,2.3839,-2.4e-05,1,0.60171,0.60051,0.10664,0,PSF-00578_20260722180248_618,PFA-00612,PSA-00572,PSF-00578,RHS-0697,3.0.0,2026-06-15T15:17:51.144Z,DATA_DUMP_1785116825020_clean_2026-07-22.csv,22-Jul-2026,142,Pl23-R3-M3-H2-P03,22-Jul-2026 18:02:48,22-Jul-2026
4,18:03:01,22-Jul-2026,Rain_out,Climate_model,,Pl23-R3-M3-H2-P03,,,0.034823,2.9165,0.034412,0.82003,1.4623,1.4398,3.7362,2.274,14.6884,14.9171,38.1148,0.44179,7.5,PSF-00578_20260722180301_39c,0,0,0,93.01829,230.9518,0.597239,0.5,0.8,186.9036,1,35.56,35.01,29.38,27.73,27.73,98.03,156.1,155.5,0.3,782,3.96,4,-42,23,,,,,,,,22:57:09,22-Jul-2026,39.2084,-96.5939,339.1,9,0.96,18:01:38,22-Jul-2026,-0.45,1,0.003,0,-9999,0.154,-0.083,-9999,1,150,0.005,2,0.058905,0,0.02923,0,0,-6.8e-05,standard,0,rectangular,7000,500,-9999,-9999,55537,55537,55537,0,-9999,0,0,0,0,2.4543,2.4411,1.6424,0.93126,0.22915,-0.018561,0.10393,0.76037,93.0183,0.000287,2.3977,-3e-05,1,2.3839,-2.4e-05,1,0.60171,0.60051,0.10664,0,PSF-00578_20260722180301_39c,PFA-00612,PSA-00572,PSF-00578,RHS-0697,3.0.0,2026-06-15T15:17:51.144Z,DATA_DUMP_1785116825020_clean_2026-07-22.csv,22-Jul-2026,143,Pl23-R3-M3-H2-P03,22-Jul-2026 18:03:01,22-Jul-2026
22,21:29:50,22-Jul-2026,Rain_out,Climate_model,,Pl23-R3-M3-H2-P03,,,-0.000901,2.9167,-0.000901,-0.011701,1.4886,1.4889,2.7346,1.246,15.1823,15.179,27.8846,0.44179,7.5,PSF-00578_20260722212950_a73,0,0,0,82.94892,350.9363,0.763635,0.5,0.8,0.002792,1,48.87,48.88,24.28,22.49,22.49,98.07,156.1,156.2,0,0,3.939,16,49,8,,,,,,,,00:00:00,0000-00-00,NaN,NaN,NaN,0,NaN,21:21:58,22-Jul-2026,-0.64,1,-0.002,-0.003,-9999,0.067,0.193,-9999,1,150,0.005,2,0.058905,0,0.02923,0,0,-6.8e-05,standard,0,rectangular,7000,500,-9999,-9999,55537,55537,55537,0,-9999,0,0,0,0,2.4737,2.4596,1.6426,0.93279,0.28065,-0.01893,0.17033,0.10665,82.9489,0.000286,2.3977,-3e-05,1,2.3839,-2.4e-05,1,0.60171,0.60051,0.10664,0,PSF-00578_20260722212950_a73,PFA-00612,PSA-00572,PSF-00578,RHS-0697,3.0.0,2026-06-15T15:17:51.144Z,DATA_DUMP_1785116825020_clean_2026-07-22.csv,22-Jul-2026,144,Pl23-R3-M3-H2-P03,22-Jul-2026 21:29:50,22-Jul-2026
23,21:30:33,22-Jul-2026,Rain_out,Climate_model,,Pl23-R3-M3-H2-P03,,,-0.003054,2.9158,-0.003058,-0.039384,1.5074,1.5085,2.7433,1.2358,15.3821,15.3711,27.9725,0.44179,7.5,PSF-00578_20260722213033_c35,0,0,0,83.61482,339.6245,0.753802,0.5,0.8,0.00224,1,49.61,49.64,24.24,22.55,22.55,98.07,156,156,0,0,3.938,-1,-28,332,,,,,,,,00:00:00,0000-00-00,NaN,NaN,NaN,0,NaN,21:21:58,22-Jul-2026,-0.64,1,-0.001,-0.003,-9999,0.235,0.523,-9999,1,150,0.005,2,0.058905,0,0.02923,0,0,-6.8e-05,standard,0,rectangular,7000,500,-9999,-9999,55537,55537,55537,0,-9999,0,0,0,0,2.4747,2.4606,1.6417,0.93232,0.28111,-0.01792,0.17604,0.10665,83.6148,0.000269,2.3977,-3e-05,1,2.3839,-2.4e-05,1,0.60171,0.60051,0.10664,0,PSF-00578_20260722213033_c35,PFA-00612,PSA-00572,PSF-00578,RHS-0697,3.0.0,2026-06-15T15:17:51.144Z,DATA_DUMP_1785116825020_clean_2026-07-22.csv,22-Jul-2026,145,Pl23-R3-M3-H2-P03,22-Jul-2026 21:30:33,22-Jul-2026
24,21:30:45,22-Jul-2026,Rain_out,Climate_model,,Pl23-R3-M3-H2-P03,,,-0.006969,2.9162,-0.006986,-0.088489,1.5108,1.5132,2.7261,1.2153,15.4306,15.406,27.7988,0.44179,7.5,PSF-00578_20260722213045_92c,0,0,0,82.58307,311.3727,0.734777,0.5,0.8,0.003944,1,49.76,49.84,24.23,22.44,22.44,98.07,156,156,0,0,3.938,-7,-27,335,,,,,,,,00:00:00,0000-00-00,NaN,NaN,NaN,0,NaN,21:21:58,22-Jul-2026,-0.64,1,-0.001,-0.002,-9999,0.191,0.397,-9999,1,150,0.005,2,0.058905,0,0.02923,0,0,-6.8e-05,standard,0,rectangular,7000,500,-9999,-9999,55537,55537,55537,0,-9999,0,0,0,0,2.4749,2.4608,1.6421,0.93246,0.28127,-0.018866,0.17758,0.10665,82.5831,0.000294,2.3977,-3e-05,1,2.3839,-2.4e-05,1,0.60171,0.60051,0.10664,0,PSF-00578_20260722213045_92c,PFA-00612,PSA-00572,PSF-00578,RHS-0697,3.0.0,2026-06-15T15:17:51.144Z,DATA_DUMP_1785116825020_clean_2026-07-22.csv,22-Jul-2026,146,Pl23-R3-M3-H2-P03,22-Jul-2026 21:30:45,22-Jul-2026
25,21:30:57,22-Jul-2026,Rain_out,Climate_model,,Pl23-R3-M3-H2-P03,,,-0.004725,2.9175,-0.004733,-0.057859,1.5053,1.5069,2.6786,1.1733,15.366,15.3498,27.3137,0.44179,7.5,PSF-00578_20260722213057_805,0,0,0,88.47177,353.6754,0.74985,0.5,0.8,0.003126,1,49.63,49.68,24.21,22.15,22.15,98.07,156.2,155.6,0.3,0,3.937,-12,-14,342,,,,,,,,00:00:00,0000-00-00,NaN,NaN,NaN,0,NaN,21:21:58,22-Jul-2026,-0.64,1,-0.001,-0.004,-9999,1.114,2.228,-9999,1,150,0.005,2,0.058905,0,0.02923,0,0,-6.8e-05,standard,0,rectangular,7000,500,-9999,-9999,55537,55537,55537,0,-9999,0,0,0,0,2.4747,2.4606,1.6434,0.93152,0.28145,-0.021802,0.17905,0.10665,88.4718,0.000278,2.3977,-3e-05,1,2.3839,-2.4e-05,1,0.60171,0.60051,0.10664,0,PSF-00578_20260722213057_805,PFA-00612,PSA-00572,PSF-00578,RHS-0697,3.0.0,2026-06-15T15:17:51.144Z,DATA_DUMP_1785116825020_clean_2026-07-22.csv,22-Jul-2026,147,Pl23-R3-M3-H2-P03,22-Jul-2026 21:30:57,22-Jul-2026
27,21:31:39,22-Jul-2026,Rain_out,Climate_model,,Pl23-R3-M3-H2-P03,,,-0.005135,2.9163,-0.005144,-0.071897,1.5019,1.5039,2.8424,1.3405,15.3346,15.3146,28.9828,0.44179,7.5,PSF-00578_20260722213139_3d3,0,0,0,100.119,357.6972,0.720101,0.5,0.8,0.004728,1,49.66,49.73,24.16,23.13,23.13,98.07,156,156,0,0,3.937,-17,-21,341,,,,,,,,00:00:00,0000-00-00,NaN,NaN,NaN,0,NaN,21:21:58,22-Jul-2026,-0.64,1,-0.001,-0.002,-9999,-0.19,0.048,-9999,1,150,0.005,2,0.058905,0,0.02923,0,0,-6.8e-05,standard,0,rectangular,7000,500,-9999,-9999,55537,55537,55537,0,-9999,0,0,0,0,2.4748,2.4607,1.6422,0.93237,0.28201,-0.01071,0.18439,0.10666,100.119,0.000276,2.3977,-3e-05,1,2.3839,-2.4e-05,1,0.60171,0.60051,0.10664,0,PSF-00578_20260722213139_3d3,PFA-00612,PSA-00572,PSF-00578,RHS-0697,3.0.0,2026-06-15T15:17:51.144Z,DATA_DUMP_1785116825020_clean_2026-07-22.csv,22-Jul-2026,148,Pl23-R3-M3-H2-P03,22-Jul-2026 21:31:39,22-Jul-2026
28,21:31:54,22-Jul-2026,Rain_out,Climate_model,,Pl23-R3-M3-H2-P03,,,-0.009426,2.9154,-0.009457,-0.12096,1.5074,1.5107,2.7345,1.2272,15.4054,15.3716,27.8861,0.44179,7.5,PSF-00578_20260722213154_9b4,0,0,0,76.81346,327.4584,0.765425,0.5,0.8,0.003453,1,49.9,50.01,24.14,22.49,22.49,98.06,155.9,156.1,-0.1,0,3.935,25,59,311,,,,,,,,00:00:00,0000-00-00,NaN,NaN,NaN,0,NaN,21:21:58,22-Jul-2026,-0.64,1,0,-0.001,-9999,-0.026,-0.128,-9999,1,150,0.005,2,0.058905,0,0.02923,0,0,-6.8e-05,standard,0,rectangular,7000,500,-9999,-9999,55537,55537,55537,0,-9999,0,0,0,0,2.4752,2.461,1.6412,0.93268,0.28221,-0.017412,0.18634,0.10665,76.8135,0.000293,2.3977,-3e-05,1,2.3839,-2.4e-05,1,0.60171,0.60051,0.10664,0,PSF-00578_20260722213154_9b4,PFA-00612,PSA-00572,PSF-00578,RHS-0697,3.0.0,2026-06-15T15:17:51.144Z,DATA_DUMP_1785116825020_clean_2026-07-22.csv,22-Jul-2026,149,Pl23-R3-M3-H2-P03,22-Jul-2026 21:31:54,22-Jul-2026
29,21:32:29,22-Jul-2026,Rain_out,Climate_model,,Pl23-R3-M3-H2-P03,,,-6e-06,2.9167,-6e-06,-7.7e-05,1.5279,1.5279,2.8207,1.2928,15.5801,15.5801,28.7627,0.44179,7.5,PSF-00578_20260722213229_9fd,0,0,0,85.24596,311.9008,0.726689,0.5,0.8,0.002283,1,50.64,50.64,24.12,23.01,23.01,98.07,156.1,156,0.1,0,3.935,20,-55,344,,,,,,,,00:00:00,0000-00-00,NaN,NaN,NaN,0,NaN,21:32:20,22-Jul-2026,-0.58,1,-0.002,-0.001,-0.006,0.256,0.746,1.176,1,150,0.005,2,0.058905,0,0.02923,0,0,-6.8e-05,standard,0,rectangular,7000,500,-9999,-9999,55537,55537,55537,0,-9999,0,0,0,0,2.476,2.4619,1.6426,0.93231,0.28242,-0.011677,0.19079,0.10665,85.246,0.000291,2.3977,-3e-05,1,2.3839,-2.4e-05,1,0.60171,0.60051,0.10664,0,PSF-00578_20260722213229_9fd,PFA-00612,PSA-00572,PSF-00578,RHS-0697,3.0.0,2026-06-15T15:17:51.144Z,DATA_DUMP_1785116825020_clean_2026-07-22.csv,22-Jul-2026,150,Pl23-R3-M3-H2-P03,22-Jul-2026 21:32:29,22-Jul-2026
30,21:32:51,22-Jul-2026,Rain_out,Climate_model,,Pl23-R3-M3-H2-P03,,,0.000134,2.9153,0.000134,0.001722,1.5123,1.5123,2.7444,1.2321,15.4207,15.4211,27.9853,0.44179,7.5,PSF-00578_20260722213251_4e0,0,0,0,80.82855,312.664,0.741484,0.5,0.8,0.003092,1,50.14,50.14,24.12,22.55,22.55,98.07,155.9,156,-0.1,0,3.928,7,-27,21,,,,,,,,00:00:00,0000-00-00,NaN,NaN,NaN,0,NaN,21:32:20,22-Jul-2026,-0.58,1,-0.001,-0.001,-9999,0.207,0.19,-9999,1,150,0.005,2,0.058905,0,0.02923,0,0,-6.8e-05,standard,0,rectangular,7000,500,-9999,-9999,55537,55537,55537,0,-9999,0,0,0,0,2.4753,2.4612,1.6411,0.93239,0.28251,-0.016481,0.19364,0.10665,80.8285,0.000282,2.3977,-3e-05,1,2.3839,-2.4e-05,1,0.60171,0.60051,0.10664,0,PSF-00578_20260722213251_4e0,PFA-00612,PSA-00572,PSF-00578,RHS-0697,3.0.0,2026-06-15T15:17:51.144Z,DATA_DUMP_1785116825020_clean_2026-07-22.csv,22-Jul-2026,151,Pl23-R3-M3-H2-P03,22-Jul-2026 21:32:51,22-Jul-2026
31,21:33:18,22-Jul-2026,Rain_out,Climate_model,,Pl23-R3-M3-H2-P03,,,0.001514,2.9163,0.001513,0.019519,1.502,1.5014,2.7397,1.2377,15.3097,15.3151,27.936,0.44179,7.5,PSF-00578_20260722213318_b46,0,0,0,82.38852,330.9352,0.751043,0.5,0.8,0.003774,1,49.86,49.84,24.1,22.53,22.53,98.07,156,156,0,0,3.933,10,-13,12,,,,,,,,00:00:00,0000-00-00,NaN,NaN,NaN,0,NaN,21:32:20,22-Jul-2026,-0.58,1,-0.003,-0.001,-9999,0.294,0.78,-9999,1,150,0.005,2,0.058905,0,0.02923,0,0,-6.8e-05,standard,0,rectangular,7000,500,-9999,-9999,55537,55537,55537,0,-9999,0,0,0,0,2.4749,2.4609,1.6422,0.93239,0.28274,-0.016559,0.19697,0.10665,82.3885,0.000284,2.3977,-3e-05,1,2.3839,-2.4e-05,1,0.60171,0.60051,0.10664,0,PSF-00578_20260722213318_b46,PFA-00612,PSA-00572,PSF-00578,RHS-0697,3.0.0,2026-06-15T15:17:51.144Z,DATA_DUMP_1785116825020_clean_2026-07-22.csv,22-Jul-2026,152,Pl23-R3-M3-H2-P03,22-Jul-2026 21:33:18,22-Jul-2026
32,21:33:30,22-Jul-2026,Rain_out,Climate_model,,Pl23-R3-M3-H2-P03,,,-0.003678,2.9171,-0.003683,-0.046611,1.5121,1.5134,2.7266,1.2144,15.4318,15.4189,27.8021,0.44179,7.5,PSF-00578_20260722213330_81b,0,0,0,79.54681,335.6413,0.763,0.5,0.8,0.004357,1,50.23,50.27,24.09,22.45,22.45,98.07,156.1,156.1,0,0,3.897,13,57,3,,,,,,,,00:00:00,0000-00-00,NaN,NaN,NaN,0,NaN,21:32:20,22-Jul-2026,-0.58,1,-0.001,-0.002,-9999,-0.052,-0.175,-9999,1,150,0.005,2,0.058905,0,0.02923,0,0,-6.8e-05,standard,0,rectangular,7000,500,-9999,-9999,55537,55537,55537,0,-9999,0,0,0,0,2.4755,2.4614,1.643,0.93266,0.28286,-0.017295,0.19834,0.10665,79.5468,0.000299,2.3977,-3e-05,1,2.3839,-2.4e-05,1,0.60171,0.60051,0.10664,0,PSF-00578_20260722213330_81b,PFA-00612,PSA-00572,PSF-00578,RHS-0697,3.0.0,2026-06-15T15:17:51.144Z,DATA_DUMP_1785116825020_clean_2026-07-22.csv,22-Jul-2026,153,Pl23-R3-M3-H2-P03,22-Jul-2026 21:33:30,22-Jul-2026
33,21:33:42,22-Jul-2026,Rain_out,Climate_model,,Pl23-R3-M3-H2-P03,,,-0.000518,2.9169,-0.000518,-0.007029,1.5116,1.5118,2.8128,1.3012,15.4157,15.4138,28.6824,0.44179,7.5,PSF-00578_20260722213342_91e,0,0,0,84.57005,360.839,0.765629,0.5,0.8,0.003585,1,50.24,50.24,24.08,22.96,22.96,98.07,156.1,156,0.1,0,3.932,15,57,1,,,,,,,,00:00:00,0000-00-00,NaN,NaN,NaN,0,NaN,21:32:20,22-Jul-2026,-0.58,1,0,-0.001,-9999,0.367,0.876,-9999,1,150,0.005,2,0.058905,0,0.02923,0,0,-6.8e-05,standard,0,rectangular,7000,500,-9999,-9999,55537,55537,55537,0,-9999,0,0,0,0,2.4755,2.4614,1.6428,0.93236,0.28296,-0.011658,0.19984,0.10665,84.5701,0.000295,2.3977,-3e-05,1,2.3839,-2.4e-05,1,0.60171,0.60051,0.10664,0,PSF-00578_20260722213342_91e,PFA-00612,PSA-00572,PSF-00578,RHS-0697,3.0.0,2026-06-15T15:17:51.144Z,DATA_DUMP_1785116825020_clean_2026-07-22.csv,22-Jul-2026,154,Pl23-R3-M3-H2-P03,22-Jul-2026 21:33:42,22-Jul-2026
34,21:34:02,22-Jul-2026,Rain_out,Climate_model,,Pl23-R3-M3-H2-P03,,,-0.001796,2.9157,-0.001797,-0.025413,1.5072,1.5079,2.8634,1.3562,15.3756,15.3685,29.1973,0.44179,7.5,PSF-00578_20260722213402_99d,0,0,0,81.48658,335.2615,0.756946,0.5,0.8,0.003934,1,50.14,50.16,24.06,23.25,23.25,98.07,156,156.1,-0.1,0,3.932,15,41,2,,,,,,,,00:00:00,0000-00-00,NaN,NaN,NaN,0,NaN,21:32:20,22-Jul-2026,-0.58,1,-0.001,0,-9999,0.132,0.021,-9999,1,150,0.005,2,0.058905,0,0.02923,0,0,-6.8e-05,standard,0,rectangular,7000,500,-9999,-9999,55537,55537,55537,0,-9999,0,0,0,0,2.4754,2.4612,1.6416,0.93269,0.28313,-0.00829,0.20236,0.10665,81.4866,0.00029,2.3977,-3e-05,1,2.3839,-2.4e-05,1,0.60171,0.60051,0.10664,0,PSF-00578_20260722213402_99d,PFA-00612,PSA-00572,PSF-00578,RHS-0697,3.0.0,2026-06-15T15:17:51.144Z,DATA_DUMP_1785116825020_clean_2026-07-22.csv,22-Jul-2026,155,Pl23-R3-M3-H2-P03,22-Jul-2026 21:34:02,22-Jul-2026
65,12:49:36,22-Jul-2026,Rain_out,Climate_model,,Pl27-R3-M3-H3-P02,,,0.11721,2.9163,0.11268,2.5478,1.73,1.6605,3.8847,2.1547,16.9256,17.6342,39.5979,0.44179,7.5,PSF-00578_20260722124936_28a,0,0,0,88.8716,249.2791,0.643486,0.5,0.8,120.7274,1,38.65,37.1,30.86,28.4,28.4,98.1,156,155.2,0.6,469,3.703,0,-44,329,,,,,,,,17:43:44,22-Jul-2026,39.2084,-96.5939,339.7,19,0.66,12:43:00,22-Jul-2026,-0.43,1,0.002,0.004,-9999,-0.142,-0.112,-9999,1,150,0.005,2,0.058905,0,0.02923,0,0,-6.8e-05,standard,0,rectangular,7000,500,-9999,-9999,55537,55537,55537,0,-9999,0,0,0,0,2.4569,2.445,1.6422,0.9303,0.2162,-0.02809,0.44949,0.49856,88.8716,0.000308,2.3977,-3e-05,1,2.3839,-2.4e-05,1,0.60171,0.60051,0.10664,0,PSF-00578_20260722124936_28a,PFA-00612,PSA-00572,PSF-00578,RHS-0697,3.0.0,2026-06-15T15:17:51.144Z,DATA_DUMP_1785116825020_clean_2026-07-22.csv,22-Jul-2026,62,Pl27-R3-M3-H3-P02,22-Jul-2026 12:49:36,22-Jul-2026
1,12:50:43,22-Jul-2026,Rain_out,Climate_model,,Pl27-R3-M3-H3-P02,,,0.12033,2.9166,0.11556,2.5813,1.8209,1.7506,3.9479,2.1269,17.8447,18.5618,40.2427,0.44179,7.5,PSF-00578_20260722125043_a96,0,0,0,86.26735,240.1532,0.640782,0.5,0.8,128.9501,1,40.67,39.1,30.87,28.68,28.68,98.1,156.1,155.1,0.6,503,3.735,3,-44,326,,,,,,,,17:44:52,22-Jul-2026,39.2085,-96.5939,333.4,7,1,12:50:36,22-Jul-2026,-0.39,1,-0.002,-0.002,-9999,-0.245,-0.122,-9999,1,150,0.005,2,0.058905,0,0.02923,0,0,-6.8e-05,standard,0,rectangular,7000,500,-9999,-9999,55537,55537,55537,0,-9999,0,0,0,0,2.4596,2.4476,1.6425,0.9301,0.21614,-0.025006,0.29436,0.52702,86.2673,0.000295,2.3977,-3e-05,1,2.3839,-2.4e-05,1,0.60171,0.60051,0.10664,0,PSF-00578_20260722125043_a96,PFA-00612,PSA-00572,PSF-00578,RHS-0697,3.0.0,2026-06-15T15:17:51.144Z,DATA_DUMP_1785116825020_clean_2026-07-22.csv,22-Jul-2026,63,Pl27-R3-M3-H3-P02,22-Jul-2026 12:50:43,22-Jul-2026
2,12:50:57,22-Jul-2026,Rain_out,Climate_model,,Pl27-R3-M3-H3-P02,,,0.098069,2.9162,0.094878,2.3566,1.8028,1.7385,4.1654,2.3626,17.7214,18.3764,42.4594,0.44179,7.5,PSF-00578_20260722125057_db9,0,0,0,86.66647,240.6263,0.63983,0.5,0.8,134.4167,1,40.24,38.81,30.88,29.61,29.61,98.1,156,155.2,0.6,525,3.729,0,-45,325,,,,,,,,17:45:05,22-Jul-2026,39.2085,-96.5939,332.9,3,2.4,12:50:36,22-Jul-2026,-0.39,1,-0.003,-0.005,-9999,-0.103,-0.121,-9999,1,150,0.005,2,0.058905,0,0.02923,0,0,-6.8e-05,standard,0,rectangular,7000,500,-9999,-9999,55537,55537,55537,0,-9999,0,0,0,0,2.4592,2.447,1.6421,0.93029,0.21607,-0.01447,0.29719,0.54549,86.6665,0.000288,2.3977,-3e-05,1,2.3839,-2.4e-05,1,0.60171,0.60051,0.10664,0,PSF-00578_20260722125057_db9,PFA-00612,PSA-00572,PSF-00578,RHS-0697,3.0.0,2026-06-15T15:17:51.144Z,DATA_DUMP_1785116825020_clean_2026-07-22.csv,22-Jul-2026,64,Pl27-R3-M3-H3-P02,22-Jul-2026 12:50:57,22-Jul-2026
3,12:51:09,22-Jul-2026,Rain_out,Climate_model,,Pl27-R3-M3-H3-P02,,,0.093975,2.9173,0.091042,2.2424,1.7741,1.713,4.118,2.344,17.4599,18.0828,41.9741,0.44179,7.5,PSF-00578_20260722125109_fd6,0,0,0,144.0754,292.5332,0.50749,0.5,0.8,132.5583,1,39.6,38.24,30.88,29.41,29.41,98.11,156.2,155.2,0.6,653,3.734,0,-49,326,,,,,,,,17:45:18,22-Jul-2026,39.2084,-96.5939,337,8,0.95,12:50:36,22-Jul-2026,-0.39,1,-0.001,-0.001,-9999,0.433,1.795,-9999,1,150,0.005,2,0.058905,0,0.02923,0,0,-6.8e-05,standard,0,rectangular,7000,500,-9999,-9999,55537,55537,55537,0,-9999,0,0,0,0,2.4584,2.4462,1.6432,0.93044,0.21605,-0.016771,0.29951,0.65229,144.0754,0.00029,2.3977,-3e-05,1,2.3839,-2.4e-05,1,0.60171,0.60051,0.10664,0,PSF-00578_20260722125109_fd6,PFA-00612,PSA-00572,PSF-00578,RHS-0697,3.0.0,2026-06-15T15:17:51.144Z,DATA_DUMP_1785116825020_clean_2026-07-22.csv,22-Jul-2026,65,Pl27-R3-M3-H3-P02,22-Jul-2026 12:51:09,22-Jul-2026
4,12:51:53,22-Jul-2026,Rain_out,Climate_model,,Pl27-R3-M3-H3-P02,,,0.074151,2.9158,0.072312,1.7159,1.7791,1.7322,4.038,2.259,17.6565,18.1337,41.159,0.44179,7.5,PSF-00578_20260722125153_ca8,0,0,0,86.4855,238.2367,0.636977,0.5,0.8,114.2612,1,39.69,38.65,30.89,29.07,29.07,98.11,156,155,0.6,448,3.734,0,-50,325,,,,,,,,17:46:00,22-Jul-2026,39.2084,-96.5939,337,8,0.95,12:50:36,22-Jul-2026,-0.39,1,-0.001,0.003,-9999,-0.103,-0.567,-9999,1,150,0.005,2,0.058905,0,0.02923,0,0,-6.8e-05,standard,0,rectangular,7000,500,-9999,-9999,55537,55537,55537,0,-9999,0,0,0,0,2.459,2.4463,1.6417,0.9298,0.21598,-0.020769,0.30697,0.48136,86.4855,0.000306,2.3977,-3e-05,1,2.3839,-2.4e-05,1,0.60171,0.60051,0.10664,0,PSF-00578_20260722125153_ca8,PFA-00612,PSA-00572,PSF-00578,RHS-0697,3.0.0,2026-06-15T15:17:51.144Z,DATA_DUMP_1785116825020_clean_2026-07-22.csv,22-Jul-2026,66,Pl27-R3-M3-H3-P02,22-Jul-2026 12:51:53,22-Jul-2026
5,12:52:04,22-Jul-2026,Rain_out,Climate_model,,Pl27-R3-M3-H3-P02,,,0.084517,2.9164,0.082137,1.9741,1.8102,1.7564,4.0972,2.2871,17.9015,18.4501,41.7608,0.44179,7.5,PSF-00578_20260722125204_598,0,0,0,82.48115,195.4311,0.577953,0.5,0.8,101.7162,1,40.39,39.19,30.89,29.32,29.32,98.11,156,155.1,0.6,440,3.732,-1,-52,326,,,,,,,,17:46:13,22-Jul-2026,39.2084,-96.5939,337,8,0.95,12:50:36,22-Jul-2026,-0.39,1,0.003,0.004,-9999,-0.071,0.081,-9999,1,150,0.005,2,0.058905,0,0.02923,0,0,-6.8e-05,standard,0,rectangular,7000,500,-9999,-9999,55537,55537,55537,0,-9999,0,0,0,0,2.4597,2.4472,1.6423,0.93021,0.21598,-0.017877,0.30859,0.47429,82.4811,0.000301,2.3977,-3e-05,1,2.3839,-2.4e-05,1,0.60171,0.60051,0.10664,0,PSF-00578_20260722125204_598,PFA-00612,PSA-00572,PSF-00578,RHS-0697,3.0.0,2026-06-15T15:17:51.144Z,DATA_DUMP_1785116825020_clean_2026-07-22.csv,22-Jul-2026,67,Pl27-R3-M3-H3-P02,22-Jul-2026 12:52:04,22-Jul-2026
6,12:52:18,22-Jul-2026,Rain_out,Climate_model,,Pl27-R3-M3-H3-P02,,,0.10743,2.9163,0.10361,2.4986,1.8998,1.8317,4.1924,2.2926,18.6696,19.3633,42.7303,0.44179,7.5,PSF-00578_20260722125218_b8a,0,0,0,83.46999,214.6876,0.611203,0.5,0.8,117.2213,1,42.38,40.86,30.89,29.72,29.72,98.11,156,155.1,0.6,479,3.732,-3,-47,328,,,,,,,,17:46:27,22-Jul-2026,39.2084,-96.5939,336.9,8,0.95,12:50:36,22-Jul-2026,-0.39,1,0.001,0.002,0.009,-0.485,-0.892,-0.968,1,150,0.005,2,0.058905,0,0.02923,0,0,-6.8e-05,standard,0,rectangular,7000,500,-9999,-9999,55537,55537,55537,0,-9999,0,0,0,0,2.4619,2.4498,1.6422,0.93013,0.21596,-0.013318,0.31067,0.50728,83.47,0.0003,2.3977,-3e-05,1,2.3839,-2.4e-05,1,0.60171,0.60051,0.10664,0,PSF-00578_20260722125218_b8a,PFA-00612,PSA-00572,PSF-00578,RHS-0697,3.0.0,2026-06-15T15:17:51.144Z,DATA_DUMP_1785116825020_clean_2026-07-22.csv,22-Jul-2026,68,Pl27-R3-M3-H3-P02,22-Jul-2026 12:52:18,22-Jul-2026
7,12:52:31,22-Jul-2026,Rain_out,Climate_model,,Pl27-R3-M3-H3-P02,,,0.15398,2.916,0.14626,3.4381,1.8641,1.7704,4.1004,2.2362,18.0444,18.9996,41.7917,0.44179,7.5,PSF-00578_20260722125231_027,0,0,0,78.91023,204.905,0.614894,0.5,0.8,119.7277,1,41.58,39.49,30.89,29.33,29.33,98.11,156,155.3,0.5,487,3.732,1,-44,327,,,,,,,,17:46:39,22-Jul-2026,39.2085,-96.5938,336.8,8,0.95,12:50:36,22-Jul-2026,-0.39,1,0.002,0.002,0.013,-0.137,-0.212,-0.565,1,150,0.005,2,0.058905,0,0.02923,0,0,-6.8e-05,standard,0,rectangular,7000,500,-9999,-9999,55537,55537,55537,0,-9999,0,0,0,0,2.4601,2.4488,1.6419,0.93055,0.21595,-0.017774,0.31245,0.51339,78.9102,0.000285,2.3977,-3e-05,1,2.3839,-2.4e-05,1,0.60171,0.60051,0.10664,0,PSF-00578_20260722125231_027,PFA-00612,PSA-00572,PSF-00578,RHS-0697,3.0.0,2026-06-15T15:17:51.144Z,DATA_DUMP_1785116825020_clean_2026-07-22.csv,22-Jul-2026,69,Pl27-R3-M3-H3-P02,22-Jul-2026 12:52:31,22-Jul-2026
8,12:52:41,22-Jul-2026,Rain_out,Climate_model,,Pl27-R3-M3-H3-P02,,,0.10571,2.9161,0.10201,2.3419,1.8496,1.7858,4.0346,2.185,18.1997,18.8504,41.1186,0.44179,7.5,PSF-00578_20260722125241_147,0,0,0,81.92969,204.0027,0.598389,0.5,0.8,163.4429,1,41.26,39.83,30.89,29.05,29.05,98.12,156,155,0.6,683,3.731,-2,-34,330,,,,,,,,17:46:49,22-Jul-2026,39.2084,-96.5938,336.8,8,1.07,12:50:36,22-Jul-2026,-0.39,1,-0.001,0,-9999,-0.049,-0.28,-9999,1,150,0.005,2,0.058905,0,0.02923,0,0,-6.8e-05,standard,0,rectangular,7000,500,-9999,-9999,55537,55537,55537,0,-9999,0,0,0,0,2.4606,2.4484,1.642,0.93001,0.21596,-0.020971,0.31381,0.67722,81.9297,0.00029,2.3977,-3e-05,1,2.3839,-2.4e-05,1,0.60171,0.60051,0.10664,0,PSF-00578_20260722125241_147,PFA-00612,PSA-00572,PSF-00578,RHS-0697,3.0.0,2026-06-15T15:17:51.144Z,DATA_DUMP_1785116825020_clean_2026-07-22.csv,22-Jul-2026,70,Pl27-R3-M3-H3-P02,22-Jul-2026 12:52:41,22-Jul-2026
9,12:52:50,22-Jul-2026,Rain_out,Climate_model,,Pl27-R3-M3-H3-P02,,,0.12068,2.9155,0.11588,2.7016,1.9,1.8263,4.1174,2.2174,18.6128,19.3634,41.9617,0.44179,7.5,PSF-00578_20260722125250_9ea,0,0,0,78.8337,200.6943,0.607195,0.5,0.8,170.584,1,42.38,40.74,30.89,29.41,29.41,98.12,155.9,155.2,0.5,702,3.734,-4,-30,331,,,,,,,,17:46:59,22-Jul-2026,39.2084,-96.5938,337.1,9,0.93,12:50:36,22-Jul-2026,-0.39,1,0.004,0.003,-9999,0.082,-0.031,-9999,1,150,0.005,2,0.058905,0,0.02923,0,0,-6.8e-05,standard,0,rectangular,7000,500,-9999,-9999,55537,55537,55537,0,-9999,0,0,0,0,2.4618,2.4498,1.6413,0.9304,0.21595,-0.016945,0.31513,0.69351,78.8337,0.0003,2.3977,-3e-05,1,2.3839,-2.4e-05,1,0.60171,0.60051,0.10664,0,PSF-00578_20260722125250_9ea,PFA-00612,PSA-00572,PSF-00578,RHS-0697,3.0.0,2026-06-15T15:17:51.144Z,DATA_DUMP_1785116825020_clean_2026-07-22.csv,22-Jul-2026,71,Pl27-R3-M3-H3-P02,22-Jul-2026 12:52:50,22-Jul-2026
10,12:53:10,22-Jul-2026,Rain_out,Climate_model,,Pl27-R3-M3-H3-P02,,,0.099014,2.9166,0.095763,2.1182,1.8096,1.7519,3.9167,2.1071,17.8538,18.4423,39.9161,0.44179,7.5,PSF-00578_20260722125310_514,0,0,0,83.49252,225.5212,0.62978,0.5,0.8,125.4897,1,40.35,39.06,30.9,28.54,28.54,98.12,156.1,155.2,0.5,498,3.732,8,43,83,,,,,,,,17:47:19,22-Jul-2026,39.2084,-96.5938,337,9,0.93,12:50:36,22-Jul-2026,-0.39,1,0.001,0.003,-9999,-0.088,-0.297,-9999,1,150,0.005,2,0.058905,0,0.02923,0,0,-6.8e-05,standard,0,rectangular,7000,500,-9999,-9999,55537,55537,55537,0,-9999,0,0,0,0,2.4595,2.4472,1.6425,0.93045,0.21589,-0.026906,0.31795,0.52289,83.4925,0.000293,2.3977,-3e-05,1,2.3839,-2.4e-05,1,0.60171,0.60051,0.10664,0,PSF-00578_20260722125310_514,PFA-00612,PSA-00572,PSF-00578,RHS-0697,3.0.0,2026-06-15T15:17:51.144Z,DATA_DUMP_1785116825020_clean_2026-07-22.csv,22-Jul-2026,72,Pl27-R3-M3-H3-P02,22-Jul-2026 12:53:10,22-Jul-2026
11,12:53:26,22-Jul-2026,Rain_out,Climate_model,,Pl27-R3-M3-H3-P02,,,0.20009,2.9143,0.18723,4.048,1.87,1.7595,3.9287,2.0587,17.9316,19.0576,40.0389,0.44179,7.5,PSF-00578_20260722125326_01c,0,0,0,84.31399,206.4947,0.591689,0.5,0.8,172.4471,1,41.7,39.23,30.9,28.6,28.6,98.12,155.8,155.3,0.3,729,3.731,19,16,71,,,,,,,,17:47:34,22-Jul-2026,39.2085,-96.5938,337.2,9,0.93,12:50:36,22-Jul-2026,-0.39,1,0.001,-0.002,0.011,0.067,0.065,0.073,1,150,0.005,2,0.058905,0,0.02923,0,0,-6.8e-05,standard,0,rectangular,7000,500,-9999,-9999,55537,55537,55537,0,-9999,0,0,0,0,2.4597,2.4489,1.6401,0.93068,0.21591,-0.026284,0.32008,0.71547,84.314,0.000291,2.3977,-3e-05,1,2.3839,-2.4e-05,1,0.60171,0.60051,0.10664,0,PSF-00578_20260722125326_01c,PFA-00612,PSA-00572,PSF-00578,RHS-0697,3.0.0,2026-06-15T15:17:51.144Z,DATA_DUMP_1785116825020_clean_2026-07-22.csv,22-Jul-2026,73,Pl27-R3-M3-H3-P02,22-Jul-2026 12:53:26,22-Jul-2026
12,12:53:41,22-Jul-2026,Rain_out,Climate_model,,Pl27-R3-M3-H3-P02,,,0.15148,2.9175,0.144,3.134,1.7704,1.6849,3.8447,2.0743,17.1725,18.043,39.1841,0.44179,7.5,PSF-00578_20260722125341_d31,0,0,0,91.68291,280.0251,0.67259,0.5,0.8,79.1192,1,39.48,37.57,30.9,28.22,28.22,98.12,156.2,155.8,0.3,294,3.692,5,80,207,,,,,,,,17:47:50,22-Jul-2026,39.2085,-96.5938,337.1,9,0.93,12:50:36,22-Jul-2026,-0.39,1,-0.002,-0.004,-9999,0.022,-0.037,-9999,1,150,0.005,2,0.058905,0,0.02923,0,0,-6.8e-05,standard,0,rectangular,7000,500,-9999,-9999,55537,55537,55537,0,-9999,0,0,0,0,2.4575,2.446,1.6434,0.93181,0.2159,-0.03052,0.32204,0.35237,91.6829,0.000297,2.3977,-3e-05,1,2.3839,-2.4e-05,1,0.60171,0.60051,0.10664,0,PSF-00578_20260722125341_d31,PFA-00612,PSA-00572,PSF-00578,RHS-0697,3.0.0,2026-06-15T15:17:51.144Z,DATA_DUMP_1785116825020_clean_2026-07-22.csv,22-Jul-2026,74,Pl27-R3-M3-H3-P02,22-Jul-2026 12:53:41,22-Jul-2026
13,12:53:52,22-Jul-2026,Rain_out,Climate_model,,Pl27-R3-M3-H3-P02,,,0.11787,2.9144,0.11329,2.4956,1.7357,1.6675,3.8358,2.1001,16.9941,17.6893,39.0924,0.44179,7.5,PSF-00578_20260722125352_3ba,0,0,0,85.80458,267.8021,0.679597,0.5,0.8,93.6259,1,38.71,37.19,30.89,28.18,28.18,98.12,155.8,155.4,0.2,344,3.73,3,79,192,,,,,,,,17:48:01,22-Jul-2026,39.2085,-96.5938,337.1,9,0.93,12:50:36,22-Jul-2026,-0.39,1,-0.001,0,-9999,-0.096,-0.055,-9999,1,150,0.005,2,0.058905,0,0.02923,0,0,-6.8e-05,standard,0,rectangular,7000,500,-9999,-9999,55537,55537,55537,0,-9999,0,0,0,0,2.457,2.445,1.6402,0.931,0.21592,-0.030935,0.32342,0.39443,85.8046,0.000293,2.3977,-3e-05,1,2.3839,-2.4e-05,1,0.60171,0.60051,0.10664,0,PSF-00578_20260722125352_3ba,PFA-00612,PSA-00572,PSF-00578,RHS-0697,3.0.0,2026-06-15T15:17:51.144Z,DATA_DUMP_1785116825020_clean_2026-07-22.csv,22-Jul-2026,75,Pl27-R3-M3-H3-P02,22-Jul-2026 12:53:52,22-Jul-2026
14,12:54:02,22-Jul-2026,Rain_out,Climate_model,,Pl27-R3-M3-H3-P02,,,0.13954,2.9167,0.13317,2.9017,1.7555,1.6764,3.8325,2.077,17.0863,17.8929,39.062,0.44179,7.5,PSF-00578_20260722125402_b20,0,0,0,91.98904,278.7155,0.669954,0.5,0.8,77.9042,1,39.16,37.4,30.89,28.17,28.17,98.11,156.1,155.6,0.3,291,3.694,10,79,201,,,,,,,,17:48:11,22-Jul-2026,39.2085,-96.5938,336.8,11,0.9,12:50:36,22-Jul-2026,-0.39,1,0.001,-0.001,-9999,0.166,0.032,-9999,1,150,0.005,2,0.058905,0,0.02923,0,0,-6.8e-05,standard,0,rectangular,7000,500,-9999,-9999,55537,55537,55537,0,-9999,0,0,0,0,2.4573,2.4456,1.6426,0.93131,0.21597,-0.031047,0.32468,0.34955,91.989,0.000289,2.3977,-3e-05,1,2.3839,-2.4e-05,1,0.60171,0.60051,0.10664,0,PSF-00578_20260722125402_b20,PFA-00612,PSA-00572,PSF-00578,RHS-0697,3.0.0,2026-06-15T15:17:51.144Z,DATA_DUMP_1785116825020_clean_2026-07-22.csv,22-Jul-2026,76,Pl27-R3-M3-H3-P02,22-Jul-2026 12:54:02,22-Jul-2026
15,12:54:15,22-Jul-2026,Rain_out,Climate_model,,Pl27-R3-M3-H3-P02,,,0.0911,2.9159,0.08834,2.0289,1.6711,1.6157,3.8612,2.1901,16.4657,17.0305,39.3503,0.44179,7.5,PSF-00578_20260722125415_fca,0,0,0,89.66589,234.3135,0.617325,0.5,0.8,129.5913,1,37.3,36.06,30.88,28.3,28.3,98.12,156,155.5,0.3,525,3.73,-2,-45,114,,,,,,,,17:48:23,22-Jul-2026,39.2085,-96.5939,336.6,11,0.9,12:50:36,22-Jul-2026,-0.39,1,0.003,0.001,-9999,-0.111,-0.389,-9999,1,150,0.005,2,0.058905,0,0.02923,0,0,-6.8e-05,standard,0,rectangular,7000,500,-9999,-9999,55537,55537,55537,0,-9999,0,0,0,0,2.4555,2.4431,1.6418,0.93115,0.21605,-0.029481,0.32602,0.54516,89.6659,0.000296,2.3977,-3e-05,1,2.3839,-2.4e-05,1,0.60171,0.60051,0.10664,0,PSF-00578_20260722125415_fca,PFA-00612,PSA-00572,PSF-00578,RHS-0697,3.0.0,2026-06-15T15:17:51.144Z,DATA_DUMP_1785116825020_clean_2026-07-22.csv,22-Jul-2026,77,Pl27-R3-M3-H3-P02,22-Jul-2026 12:54:15,22-Jul-2026
16,12:54:31,22-Jul-2026,Rain_out,Climate_model,,Pl27-R3-M3-H3-P02,,,0.13389,2.9167,0.12801,2.8483,1.7123,1.6346,3.8341,2.1218,16.6568,17.4489,39.0707,0.44179,7.5,PSF-00578_20260722125431_02e,0,0,0,83.66167,197.2336,0.575824,0.5,0.8,168.5803,1,38.24,36.5,30.87,28.18,28.18,98.13,156.1,155.6,0.3,732,3.729,-8,17,316,,,,,,,,17:48:39,22-Jul-2026,39.2085,-96.5939,336.6,11,0.9,12:50:36,22-Jul-2026,-0.39,1,0,0,0.021,0.027,0.153,0.071,1,150,0.005,2,0.058905,0,0.02923,0,0,-6.8e-05,standard,0,rectangular,7000,500,-9999,-9999,55537,55537,55537,0,-9999,0,0,0,0,2.4561,2.4444,1.6426,0.93145,0.21613,-0.03074,0.32817,0.71821,83.6617,0.000295,2.3977,-3e-05,1,2.3839,-2.4e-05,1,0.60171,0.60051,0.10664,0,PSF-00578_20260722125431_02e,PFA-00612,PSA-00572,PSF-00578,RHS-0697,3.0.0,2026-06-15T15:17:51.144Z,DATA_DUMP_1785116825020_clean_2026-07-22.csv,22-Jul-2026,78,Pl27-R3-M3-H3-P02,22-Jul-2026 12:54:31,22-Jul-2026
17,12:54:48,22-Jul-2026,Rain_out,Climate_model,,Pl27-R3-M3-H3-P02,,,0.15646,2.9171,0.1485,3.5115,1.6963,1.6005,3.9496,2.2534,16.3115,17.2879,40.2541,0.44179,7.5,PSF-00578_20260722125448_e2d,0,0,0,79.2085,194.9673,0.593734,0.5,0.8,149.6841,1,37.91,35.77,30.85,28.69,28.69,98.12,156.1,155.6,0.3,630,3.73,11,-43,316,,,,,,,,17:48:55,22-Jul-2026,39.2085,-96.5938,336.6,0,0.9,12:50:36,22-Jul-2026,-0.39,1,-0.002,0.001,0.011,0.026,-0.149,-0.224,1,150,0.005,2,0.058905,0,0.02923,0,0,-6.8e-05,standard,0,rectangular,7000,500,-9999,-9999,55537,55537,55537,0,-9999,0,0,0,0,2.4551,2.4439,1.643,0.93151,0.21626,-0.024757,0.33027,0.63328,79.2085,0.000303,2.3977,-3e-05,1,2.3839,-2.4e-05,1,0.60171,0.60051,0.10664,0,PSF-00578_20260722125448_e2d,PFA-00612,PSA-00572,PSF-00578,RHS-0697,3.0.0,2026-06-15T15:17:51.144Z,DATA_DUMP_1785116825020_clean_2026-07-22.csv,22-Jul-2026,79,Pl27-R3-M3-H3-P02,22-Jul-2026 12:54:48,22-Jul-2026
18,12:55:06,22-Jul-2026,Rain_out,Climate_model,,Pl27-R3-M3-H3-P02,,,0.11084,2.9188,0.10678,2.4116,1.6822,1.6165,3.8357,2.1534,16.476,17.1458,39.0942,0.44179,7.5,PSF-00578_20260722125506_158,0,0,0,96.58635,259.7612,0.628173,0.5,0.8,111.0181,1,37.61,36.15,30.85,28.18,28.18,98.11,156.3,155.7,0.4,442,3.729,14,-68,14,,,,,,,,17:49:14,22-Jul-2026,39.2085,-96.5939,335.7,13,0.77,12:50:36,22-Jul-2026,-0.39,1,0.002,0.001,-9999,-0.168,-0.302,-9999,1,150,0.005,2,0.058905,0,0.02923,0,0,-6.8e-05,standard,0,rectangular,7000,500,-9999,-9999,55537,55537,55537,0,-9999,0,0,0,0,2.4556,2.4435,1.6447,0.93161,0.21631,-0.030409,0.33248,0.47583,96.5863,0.000285,2.3977,-3e-05,1,2.3839,-2.4e-05,1,0.60171,0.60051,0.10664,0,PSF-00578_20260722125506_158,PFA-00612,PSA-00572,PSF-00578,RHS-0697,3.0.0,2026-06-15T15:17:51.144Z,DATA_DUMP_1785116825020_clean_2026-07-22.csv,22-Jul-2026,80,Pl27-R3-M3-H3-P02,22-Jul-2026 12:55:06,22-Jul-2026
19,12:56:51,22-Jul-2026,Rain_out,Climate_model,,Pl27-R3-M3-H3-P02,,,0.11778,2.9165,0.11321,2.6271,1.9082,1.8367,4.1152,2.207,18.7194,19.4486,41.9418,0.44179,7.5,PSF-00578_20260722125651_b37,0,0,0,79.23531,198.801,0.601434,0.5,0.8,176.2567,1,42.58,40.98,30.89,29.4,29.4,98.12,156.1,141.3,9.5,733,3.727,-12,10,317,,,,,,,,17:50:59,22-Jul-2026,39.2085,-96.5939,336.2,12,0.88,12:50:36,22-Jul-2026,-0.39,1,0.003,0.002,-9999,-0.104,-0.123,-9999,1,150,0.005,2,0.058905,0,0.02923,0,0,-6.8e-05,standard,0,rectangular,7000,500,-9999,-9999,55537,55537,55537,0,-9999,0,0,0,0,2.4621,2.4501,1.6424,0.89589,0.21599,-0.016994,0.34538,0.71883,79.2353,0.000293,2.3977,-3e-05,1,2.3839,-2.4e-05,1,0.60171,0.60051,0.10664,0,PSF-00578_20260722125651_b37,PFA-00612,PSA-00572,PSF-00578,RHS-0697,3.0.0,2026-06-15T15:17:51.144Z,DATA_DUMP_1785116825020_clean_2026-07-22.csv,22-Jul-2026,81,Pl27-R3-M3-H3-P02,22-Jul-2026 12:56:51,22-Jul-2026
20,12:57:14,22-Jul-2026,Rain_out,Climate_model,,Pl27-R3-M3-H3-P02,,,0.090582,2.9169,0.087853,2.1468,1.8502,1.7917,4.1743,2.3242,18.2598,18.8559,42.5424,0.44179,7.5,PSF-00578_20260722125714_8eb,0,0,0,86.64572,213.1094,0.593421,0.5,0.8,151.6689,1,41.24,39.94,30.9,29.64,29.64,98.12,156.1,155.6,0.3,639,3.726,24,-40,288,,,,,,,,17:51:23,22-Jul-2026,39.2085,-96.5939,336.2,13,0.77,12:50:36,22-Jul-2026,-0.39,1,0.002,0.001,-9999,-0.239,-0.014,-9999,1,150,0.005,2,0.058905,0,0.02923,0,0,-6.8e-05,standard,0,rectangular,7000,500,-9999,-9999,55537,55537,55537,0,-9999,0,0,0,0,2.4607,2.4483,1.6428,0.93147,0.21586,-0.014329,0.34799,0.64055,86.6457,0.000286,2.3977,-3e-05,1,2.3839,-2.4e-05,1,0.60171,0.60051,0.10664,0,PSF-00578_20260722125714_8eb,PFA-00612,PSA-00572,PSF-00578,RHS-0697,3.0.0,2026-06-15T15:17:51.144Z,DATA_DUMP_1785116825020_clean_2026-07-22.csv,22-Jul-2026,82,Pl27-R3-M3-H3-P02,22-Jul-2026 12:57:14,22-Jul-2026
21,12:57:28,22-Jul-2026,Rain_out,Climate_model,,Pl27-R3-M3-H3-P02,,,0.082533,2.917,0.080262,1.9436,1.8429,1.79,4.1465,2.3035,18.2424,18.7821,42.2583,0.44179,7.5,PSF-00578_20260722125728_4f1,0,0,0,93.29188,231.3795,0.596802,0.5,0.8,137.6494,1,41.06,39.88,30.91,29.53,29.53,98.12,156.1,155.6,0.4,577,3.726,9,-40,94,,,,,,,,17:51:36,22-Jul-2026,39.2085,-96.5939,336.5,13,0.77,12:50:36,22-Jul-2026,-0.39,1,0.002,0.001,-9999,-0.134,-0.059,-9999,1,150,0.005,2,0.058905,0,0.02923,0,0,-6.8e-05,standard,0,rectangular,7000,500,-9999,-9999,55537,55537,55537,0,-9999,0,0,0,0,2.4606,2.4481,1.6429,0.93132,0.21577,-0.015785,0.34959,0.58845,93.2919,0.00029,2.3977,-3e-05,1,2.3839,-2.4e-05,1,0.60171,0.60051,0.10664,0,PSF-00578_20260722125728_4f1,PFA-00612,PSA-00572,PSF-00578,RHS-0697,3.0.0,2026-06-15T15:17:51.144Z,DATA_DUMP_1785116825020_clean_2026-07-22.csv,22-Jul-2026,83,Pl27-R3-M3-H3-P02,22-Jul-2026 12:57:28,22-Jul-2026
22,12:57:49,22-Jul-2026,Rain_out,Climate_model,,Pl27-R3-M3-H3-P02,,,0.14416,2.9161,0.13737,2.9763,1.9068,1.8257,3.969,2.0622,18.6076,19.434,40.4522,0.44179,7.5,PSF-00578_20260722125749_a10,0,0,0,85.8475,258.639,0.66808,0.5,0.8,111.9124,1,42.43,40.63,30.93,28.77,28.77,98.11,156,155.9,0.1,419,3.725,-7,79,100,,,,,,,,17:51:57,22-Jul-2026,39.2085,-96.5939,336.5,13,0.77,12:50:36,22-Jul-2026,-0.39,1,0.001,0,-9999,0.133,-0.92,-9999,1,150,0.005,2,0.058905,0,0.02923,0,0,-6.8e-05,standard,0,rectangular,7000,500,-9999,-9999,55537,55537,55537,0,-9999,0,0,0,0,2.4616,2.4499,1.642,0.93208,0.2156,-0.024707,0.35202,0.45657,85.8475,0.000284,2.3977,-3e-05,1,2.3839,-2.4e-05,1,0.60171,0.60051,0.10664,0,PSF-00578_20260722125749_a10,PFA-00612,PSA-00572,PSF-00578,RHS-0697,3.0.0,2026-06-15T15:17:51.144Z,DATA_DUMP_1785116825020_clean_2026-07-22.csv,22-Jul-2026,84,Pl27-R3-M3-H3-P02,22-Jul-2026 12:57:49,22-Jul-2026
23,12:58:00,22-Jul-2026,Rain_out,Climate_model,,Pl27-R3-M3-H3-P02,,,0.16219,2.916,0.15365,3.4762,1.8724,1.7776,4.0255,2.1531,18.1181,19.0837,41.0284,0.44179,7.5,PSF-00578_20260722125800_e51,0,0,0,87.50474,266.9803,0.672243,0.5,0.8,112.2675,1,41.65,39.55,30.94,29.02,29.02,98.11,156,155.6,0.3,418,3.725,-2,74,107,,,,,,,,17:52:09,22-Jul-2026,39.2085,-96.5939,336.3,15,0.7,12:50:36,22-Jul-2026,-0.39,1,-0.002,-0.002,0.018,-0.145,-0.288,-0.08,1,150,0.005,2,0.058905,0,0.02923,0,0,-6.8e-05,standard,0,rectangular,7000,500,-9999,-9999,55537,55537,55537,0,-9999,0,0,0,0,2.4602,2.4489,1.6419,0.93139,0.21556,-0.021971,0.35334,0.45551,87.5047,0.000298,2.3977,-3e-05,1,2.3839,-2.4e-05,1,0.60171,0.60051,0.10664,0,PSF-00578_20260722125800_e51,PFA-00612,PSA-00572,PSF-00578,RHS-0697,3.0.0,2026-06-15T15:17:51.144Z,DATA_DUMP_1785116825020_clean_2026-07-22.csv,22-Jul-2026,85,Pl27-R3-M3-H3-P02,22-Jul-2026 12:58:00,22-Jul-2026
24,12:58:21,22-Jul-2026,Rain_out,Climate_model,,Pl27-R3-M3-H3-P02,,,0.16898,2.9166,0.15973,3.9922,1.8852,1.7764,4.2608,2.3757,18.104,19.2124,43.4235,0.44179,7.5,PSF-00578_20260722125821_558,0,0,0,86.00771,190.7101,0.549013,0.5,0.8,221.7096,1,41.9,39.48,30.95,30,30,98.12,156.1,155.5,0.4,1010,3.686,6,20,56,,,,,,,,17:52:29,22-Jul-2026,39.2085,-96.5939,336.3,16,0.69,12:50:36,22-Jul-2026,-0.39,1,-0.002,0,0.021,0.372,0.439,-2.826,1,150,0.005,2,0.058905,0,0.02923,0,0,-6.8e-05,standard,0,rectangular,7000,500,-9999,-9999,55537,55537,55537,0,-9999,0,0,0,0,2.4601,2.4492,1.6425,0.93112,0.21541,-0.010826,0.35571,0.95023,86.0077,0.000288,2.3977,-3e-05,1,2.3839,-2.4e-05,1,0.60171,0.60051,0.10664,0,PSF-00578_20260722125821_558,PFA-00612,PSA-00572,PSF-00578,RHS-0697,3.0.0,2026-06-15T15:17:51.144Z,DATA_DUMP_1785116825020_clean_2026-07-22.csv,22-Jul-2026,86,Pl27-R3-M3-H3-P02,22-Jul-2026 12:58:21,22-Jul-2026
25,12:58:33,22-Jul-2026,Rain_out,Climate_model,,Pl27-R3-M3-H3-P02,,,0.19747,2.916,0.18495,4.5884,1.8673,1.7422,4.2259,2.3586,17.7561,19.0307,43.0693,0.44179,7.5,PSF-00578_20260722125833_b73,0,0,0,89.37585,189.1969,0.527604,0.5,0.8,227.0206,1,41.48,38.7,30.96,29.86,29.86,98.12,156,155.5,0.3,1076,3.724,6,15,53,,,,,,,,17:52:41,22-Jul-2026,39.2085,-96.5939,336.4,15,0.74,12:50:36,22-Jul-2026,-0.39,1,-0.002,-0.001,-9999,-0.156,0.148,-9999,1,150,0.005,2,0.058905,0,0.02923,0,0,-6.8e-05,standard,0,rectangular,7000,500,-9999,-9999,55537,55537,55537,0,-9999,0,0,0,0,2.459,2.4486,1.6419,0.93124,0.21535,-0.012566,0.35697,1.0055,89.3759,0.000284,2.3977,-3e-05,1,2.3839,-2.4e-05,1,0.60171,0.60051,0.10664,0,PSF-00578_20260722125833_b73,PFA-00612,PSA-00572,PSF-00578,RHS-0697,3.0.0,2026-06-15T15:17:51.144Z,DATA_DUMP_1785116825020_clean_2026-07-22.csv,22-Jul-2026,87,Pl27-R3-M3-H3-P02,22-Jul-2026 12:58:33,22-Jul-2026
26,12:58:44,22-Jul-2026,Rain_out,Climate_model,,Pl27-R3-M3-H3-P02,,,0.19581,2.9156,0.18349,4.5435,1.8619,1.738,4.2164,2.3545,17.7117,18.9744,42.9692,0.44179,7.5,PSF-00578_20260722125844_d03,0,0,0,87.92424,195.7172,0.550759,0.5,0.8,222.9178,1,41.34,38.59,30.97,29.82,29.82,98.13,155.9,155.6,0.2,1012,3.724,6,16,57,,,,,,,,17:52:52,22-Jul-2026,39.2085,-96.5939,336.4,16,0.71,12:50:36,22-Jul-2026,-0.39,1,0,0.002,-9999,-0.522,0.06,-9999,1,150,0.005,2,0.058905,0,0.02923,0,0,-6.8e-05,standard,0,rectangular,7000,500,-9999,-9999,55537,55537,55537,0,-9999,0,0,0,0,2.4589,2.4484,1.6414,0.93129,0.21526,-0.013139,0.35818,0.95214,87.9242,0.000302,2.3977,-3e-05,1,2.3839,-2.4e-05,1,0.60171,0.60051,0.10664,0,PSF-00578_20260722125844_d03,PFA-00612,PSA-00572,PSF-00578,RHS-0697,3.0.0,2026-06-15T15:17:51.144Z,DATA_DUMP_1785116825020_clean_2026-07-22.csv,22-Jul-2026,88,Pl27-R3-M3-H3-P02,22-Jul-2026 12:58:44,22-Jul-2026
27,12:58:58,22-Jul-2026,Rain_out,Climate_model,,Pl27-R3-M3-H3-P02,,,0.18807,2.9158,0.17668,4.0926,1.9124,1.8009,4.1156,2.2032,18.3527,19.4893,41.9424,0.44179,7.5,PSF-00578_20260722125858_15a,0,0,0,88.84764,200.0066,0.555776,0.5,0.8,228.9644,1,42.43,39.96,30.98,29.4,29.4,98.12,156,155.4,0.4,1030,3.724,-1,26,57,,,,,,,,17:53:06,22-Jul-2026,39.2085,-96.5939,336.4,16,0.69,12:50:36,22-Jul-2026,-0.39,1,0.003,0.004,0.014,0.222,0.048,-0.115,1,150,0.005,2,0.058905,0,0.02923,0,0,-6.8e-05,standard,0,rectangular,7000,500,-9999,-9999,55537,55537,55537,0,-9999,0,0,0,0,2.4607,2.4499,1.6416,0.93083,0.21516,-0.018116,0.35976,0.96723,88.8476,0.000286,2.3977,-3e-05,1,2.3839,-2.4e-05,1,0.60171,0.60051,0.10664,0,PSF-00578_20260722125858_15a,PFA-00612,PSA-00572,PSF-00578,RHS-0697,3.0.0,2026-06-15T15:17:51.144Z,DATA_DUMP_1785116825020_clean_2026-07-22.csv,22-Jul-2026,89,Pl27-R3-M3-H3-P02,22-Jul-2026 12:58:58,22-Jul-2026
28,12:59:10,22-Jul-2026,Rain_out,Climate_model,,Pl27-R3-M3-H3-P02,,,0.12317,2.9165,0.11818,2.708,1.8467,1.7729,4.028,2.1813,18.0671,18.8193,41.048,0.44179,7.5,PSF-00578_20260722125910_62f,0,0,0,98.78934,228.119,0.566939,0.5,0.8,176.8036,1,40.95,39.32,30.99,29.03,29.03,98.13,156.1,155.6,0.3,780,3.722,2,52,56,,,,,,,,17:53:17,22-Jul-2026,39.2085,-96.5939,336.3,16,0.69,12:50:36,22-Jul-2026,-0.39,1,-0.006,-0.004,-9999,-0.102,-0.424,-9999,1,150,0.005,2,0.058905,0,0.02923,0,0,-6.8e-05,standard,0,rectangular,7000,500,-9999,-9999,55537,55537,55537,0,-9999,0,0,0,0,2.4598,2.4479,1.6424,0.93131,0.21508,-0.022501,0.36111,0.7581,98.7893,0.000303,2.3977,-3e-05,1,2.3839,-2.4e-05,1,0.60171,0.60051,0.10664,0,PSF-00578_20260722125910_62f,PFA-00612,PSA-00572,PSF-00578,RHS-0697,3.0.0,2026-06-15T15:17:51.144Z,DATA_DUMP_1785116825020_clean_2026-07-22.csv,22-Jul-2026,90,Pl27-R3-M3-H3-P02,22-Jul-2026 12:59:10,22-Jul-2026
29,12:59:25,22-Jul-2026,Rain_out,Climate_model,,Pl27-R3-M3-H3-P02,,,0.2187,2.9159,0.20344,4.9311,1.9113,1.7769,4.2154,2.3041,18.109,19.4783,42.9595,0.44179,7.5,PSF-00578_20260722125925_263,0,0,0,86.3142,187.3398,0.539264,0.5,0.8,229.5957,1,42.36,39.38,31,29.81,29.81,98.12,156,155.7,0.2,1064,3.723,-4,15,52,,,,,,,,17:53:34,22-Jul-2026,39.2085,-96.5939,336.3,16,0.68,12:50:36,22-Jul-2026,-0.39,1,0.002,0.001,0.012,-0.207,-0.094,-0.506,1,150,0.005,2,0.058905,0,0.02923,0,0,-6.8e-05,standard,0,rectangular,7000,500,-9999,-9999,55537,55537,55537,0,-9999,0,0,0,0,2.4599,2.4498,1.6418,0.93161,0.21499,-0.013573,0.36282,0.99603,86.3142,0.000296,2.3977,-3e-05,1,2.3839,-2.4e-05,1,0.60171,0.60051,0.10664,0,PSF-00578_20260722125925_263,PFA-00612,PSA-00572,PSF-00578,RHS-0697,3.0.0,2026-06-15T15:17:51.144Z,DATA_DUMP_1785116825020_clean_2026-07-22.csv,22-Jul-2026,91,Pl27-R3-M3-H3-P02,22-Jul-2026 12:59:25,22-Jul-2026
30,12:59:44,22-Jul-2026,Rain_out,Climate_model,,Pl27-R3-M3-H3-P02,,,0.13582,2.9155,0.12977,3.0199,1.8616,1.7792,4.076,2.2144,18.1315,18.9708,41.5375,0.44179,7.5,PSF-00578_20260722125944_521,0,0,0,100.1258,233.2849,0.5708,0.5,0.8,144.0965,1,41.21,39.38,31.02,29.23,29.23,98.13,155.9,155.5,0.3,631,3.722,7,-51,97,,,,,,,,17:53:52,22-Jul-2026,39.2084,-96.5939,336.5,17,0.67,12:50:36,22-Jul-2026,-0.39,1,0,0.002,0.012,-0.718,-0.303,-0.488,1,150,0.005,2,0.058905,0,0.02923,0,0,-6.8e-05,standard,0,rectangular,7000,500,-9999,-9999,55537,55537,55537,0,-9999,0,0,0,0,2.4599,2.4483,1.6414,0.93106,0.21482,-0.020521,0.36476,0.63399,100.1258,0.000289,2.3977,-3e-05,1,2.3839,-2.4e-05,1,0.60171,0.60051,0.10664,0,PSF-00578_20260722125944_521,PFA-00612,PSA-00572,PSF-00578,RHS-0697,3.0.0,2026-06-15T15:17:51.144Z,DATA_DUMP_1785116825020_clean_2026-07-22.csv,22-Jul-2026,92,Pl27-R3-M3-H3-P02,22-Jul-2026 12:59:44,22-Jul-2026
1,16:01:13,22-Jul-2026,Rain_out,Climate_model,,Pl27-R3-M3-H3-P02,,,0.16349,2.9159,0.15481,4.164,1.743,1.6294,4.2994,2.5564,16.6161,17.7745,43.8431,0.44179,7.5,PSF-00578_20260722160113_6e7,0,0,0,92.16857,133.3795,0.308975,0.5,0.8,246.435,1,50.78,47.47,26.29,30.16,30.16,98.06,156,156.1,-0.1,1994,4.108,-2,-31,336,,,,,,,,00:00:00,0000-00-00,NaN,NaN,NaN,0,NaN,15:59:55,22-Jul-2026,-0.79,1,0.001,0.001,-9999,0.092,0.372,-9999,1,150,0.005,2,0.058905,0,0.02923,0,0,-6.8e-05,standard,0,rectangular,7000,500,-9999,-9999,55537,55537,55537,0,-9999,0,0,0,0,2.4715,2.462,1.6418,0.93275,0.25909,0.044762,0.19797,1.7728,92.1686,0.000273,2.3977,-3e-05,1,2.3839,-2.4e-05,1,0.60171,0.60051,0.10664,0,PSF-00578_20260722160113_6e7,PFA-00612,PSA-00572,PSF-00578,RHS-0697,3.0.0,2026-06-15T15:17:51.144Z,DATA_DUMP_1785116825020_clean_2026-07-22.csv,22-Jul-2026,93,Pl27-R3-M3-H3-P02,22-Jul-2026 16:01:13,22-Jul-2026
2,16:01:27,22-Jul-2026,Rain_out,Climate_model,,Pl27-R3-M3-H3-P02,,,0.15397,2.9145,0.14625,3.7556,1.7359,1.6333,4.1785,2.4426,16.6538,17.6998,42.6052,0.44179,7.5,PSF-00578_20260722160127_a50,0,0,0,92.38779,137.7254,0.329188,0.5,0.8,257.108,1,50.26,47.29,26.4,29.66,29.66,98.07,155.8,155.8,0,1953,4.107,-1,-18,335,,,,,,,,00:00:00,0000-00-00,NaN,NaN,NaN,0,NaN,15:59:55,22-Jul-2026,-0.79,1,-0.002,-0.004,-9999,-0.467,-0.49,-9999,1,150,0.005,2,0.058905,0,0.02923,0,0,-6.8e-05,standard,0,rectangular,7000,500,-9999,-9999,55537,55537,55537,0,-9999,0,0,0,0,2.4712,2.4613,1.6403,0.93184,0.25799,0.037737,0.20033,1.7382,92.3878,0.000276,2.3977,-3e-05,1,2.3839,-2.4e-05,1,0.60171,0.60051,0.10664,0,PSF-00578_20260722160127_a50,PFA-00612,PSA-00572,PSF-00578,RHS-0697,3.0.0,2026-06-15T15:17:51.144Z,DATA_DUMP_1785116825020_clean_2026-07-22.csv,22-Jul-2026,94,Pl27-R3-M3-H3-P02,22-Jul-2026 16:01:27,22-Jul-2026
3,16:01:44,22-Jul-2026,Rain_out,Climate_model,,Pl27-R3-M3-H3-P02,,,0.12812,2.9158,0.12272,3.2515,1.7628,1.6741,4.2808,2.5181,17.0712,17.9756,43.6535,0.44179,7.5,PSF-00578_20260722160144_a03,0,0,0,92.27407,131.7354,0.29955,0.5,0.8,240.658,1,50.66,48.11,26.52,30.08,30.08,98.06,156,155.6,0.2,2008,4.105,-4,-21,335,,,,,,,,00:00:00,0000-00-00,NaN,NaN,NaN,0,NaN,15:59:55,22-Jul-2026,-0.79,1,0,0.002,-9999,0.174,0.07,-9999,1,150,0.005,2,0.058905,0,0.02923,0,0,-6.8e-05,standard,0,rectangular,7000,500,-9999,-9999,55537,55537,55537,0,-9999,0,0,0,0,2.4722,2.4617,1.6416,0.9315,0.25669,0.041215,0.20297,1.7849,92.2741,0.000274,2.3977,-3e-05,1,2.3839,-2.4e-05,1,0.60171,0.60051,0.10664,0,PSF-00578_20260722160144_a03,PFA-00612,PSA-00572,PSF-00578,RHS-0697,3.0.0,2026-06-15T15:17:51.144Z,DATA_DUMP_1785116825020_clean_2026-07-22.csv,22-Jul-2026,95,Pl27-R3-M3-H3-P02,22-Jul-2026 16:01:44,22-Jul-2026
4,16:02:14,22-Jul-2026,Rain_out,Climate_model,,Pl27-R3-M3-H3-P02,,,0.22598,2.9155,0.20973,5.175,1.8379,1.6968,4.1834,2.3456,17.3022,18.7409,42.6584,0.44179,7.5,PSF-00578_20260722160214_f37,0,0,0,89.4363,132.4078,0.324539,0.5,0.8,271.4324,1,52.06,48.06,26.77,29.68,29.68,98.07,155.9,155.7,0.1,2091,4.104,17,18,72,,,,,,,,00:00:00,0000-00-00,NaN,NaN,NaN,0,NaN,15:59:55,22-Jul-2026,-0.79,1,-0.005,-0.005,0.012,0.104,-0.028,-1.273,1,150,0.005,2,0.058905,0,0.02923,0,0,-6.8e-05,standard,0,rectangular,7000,500,-9999,-9999,55537,55537,55537,0,-9999,0,0,0,0,2.4721,2.4635,1.6414,0.93176,0.2542,0.033753,0.2078,1.8538,89.4363,0.000282,2.3977,-3e-05,1,2.3839,-2.4e-05,1,0.60171,0.60051,0.10664,0,PSF-00578_20260722160214_f37,PFA-00612,PSA-00572,PSF-00578,RHS-0697,3.0.0,2026-06-15T15:17:51.144Z,DATA_DUMP_1785116825020_clean_2026-07-22.csv,22-Jul-2026,96,Pl27-R3-M3-H3-P02,22-Jul-2026 16:02:14,22-Jul-2026
5,16:02:23,22-Jul-2026,Rain_out,Climate_model,,Pl27-R3-M3-H3-P02,,,0.24679,2.9172,0.22754,5.6318,1.8378,1.6844,4.1904,2.3527,17.1759,18.7394,42.7295,0.44179,7.5,PSF-00578_20260722160223_abe,0,0,0,96.62927,145.6171,0.336416,0.5,0.8,258.7206,1,51.84,47.52,26.84,29.71,29.71,98.07,156.2,155.7,0.3,1923,4.102,15,15,77,,,,,,,,00:00:00,0000-00-00,NaN,NaN,NaN,0,NaN,15:59:55,22-Jul-2026,-0.79,1,0.005,0.005,-9999,-1.344,-2.038,-9999,1,150,0.005,2,0.058905,0,0.02923,0,0,-6.8e-05,standard,0,rectangular,7000,500,-9999,-9999,55537,55537,55537,0,-9999,0,0,0,0,2.4714,2.4632,1.6432,0.93168,0.25351,0.033305,0.20916,1.7132,96.6293,0.000288,2.3977,-3e-05,1,2.3839,-2.4e-05,1,0.60171,0.60051,0.10664,0,PSF-00578_20260722160223_abe,PFA-00612,PSA-00572,PSF-00578,RHS-0697,3.0.0,2026-06-15T15:17:51.144Z,DATA_DUMP_1785116825020_clean_2026-07-22.csv,22-Jul-2026,97,Pl27-R3-M3-H3-P02,22-Jul-2026 16:02:23,22-Jul-2026
6,16:02:53,22-Jul-2026,Rain_out,Climate_model,,Pl27-R3-M3-H3-P02,,,0.18391,2.9155,0.17299,4.0621,1.9387,1.8281,4.1697,2.231,18.6417,19.7698,42.52,0.44179,7.5,PSF-00578_20260722160253_7ee,0,0,0,91.52162,136.7719,0.330845,0.5,0.8,263.752,1,54.02,50.94,27.05,29.63,29.63,98.07,155.9,154.9,0.6,1993,4.101,11,21,65,,,,,,,,00:00:00,0000-00-00,NaN,NaN,NaN,0,NaN,15:59:55,22-Jul-2026,-0.79,1,0.005,0.004,0.006,-0.56,-0.842,0.187,1,150,0.005,2,0.058905,0,0.02923,0,0,-6.8e-05,standard,0,rectangular,7000,500,-9999,-9999,55537,55537,55537,0,-9999,0,0,0,0,2.4758,2.4659,1.6414,0.92975,0.2514,0.029918,0.21362,1.772,91.5216,0.000298,2.3977,-3e-05,1,2.3839,-2.4e-05,1,0.60171,0.60051,0.10664,0,PSF-00578_20260722160253_7ee,PFA-00612,PSA-00572,PSF-00578,RHS-0697,3.0.0,2026-06-15T15:17:51.144Z,DATA_DUMP_1785116825020_clean_2026-07-22.csv,22-Jul-2026,98,Pl27-R3-M3-H3-P02,22-Jul-2026 16:02:53,22-Jul-2026
7,16:03:11,22-Jul-2026,Rain_out,Climate_model,,Pl27-R3-M3-H3-P02,,,0.19094,2.9177,0.17921,3.9275,1.8919,1.7851,3.9771,2.0851,18.2004,19.2897,40.5496,0.44179,7.5,PSF-00578_20260722160311_998,0,0,0,87.1414,159.4301,0.45342,0.5,0.8,332.7894,1,52.3,49.34,27.18,28.81,28.81,98.08,156.2,155.5,0.4,1835,4.1,4,29,57,,,,,,,,00:00:00,0000-00-00,NaN,NaN,NaN,0,NaN,15:59:55,22-Jul-2026,-0.79,1,0.004,0.002,0.023,0.26,0.458,0.786,1,150,0.005,2,0.058905,0,0.02923,0,0,-6.8e-05,standard,0,rectangular,7000,500,-9999,-9999,55537,55537,55537,0,-9999,0,0,0,0,2.4737,2.4637,1.6436,0.93121,0.25004,0.018879,0.21624,1.6398,87.1414,0.000288,2.3977,-3e-05,1,2.3839,-2.4e-05,1,0.60171,0.60051,0.10664,0,PSF-00578_20260722160311_998,PFA-00612,PSA-00572,PSF-00578,RHS-0697,3.0.0,2026-06-15T15:17:51.144Z,DATA_DUMP_1785116825020_clean_2026-07-22.csv,22-Jul-2026,99,Pl27-R3-M3-H3-P02,22-Jul-2026 16:03:11,22-Jul-2026
8,16:03:23,22-Jul-2026,Rain_out,Climate_model,,Pl27-R3-M3-H3-P02,,,0.14685,2.9153,0.1398,3.0175,1.8965,1.8142,3.9503,2.0538,18.4975,19.336,40.2767,0.44179,7.5,PSF-00578_20260722160323_bf0,0,0,0,87.14712,178.6137,0.512092,0.5,0.8,368.3854,1,52.14,49.88,27.28,28.69,28.69,98.08,155.9,155.6,0.2,1798,4.1,3,33,54,,,,,,,,00:00:00,0000-00-00,NaN,NaN,NaN,0,NaN,15:59:55,22-Jul-2026,-0.79,1,-0.005,-0.003,0.014,0.717,0.232,-0.111,1,150,0.005,2,0.058905,0,0.02923,0,0,-6.8e-05,standard,0,rectangular,7000,500,-9999,-9999,55537,55537,55537,0,-9999,0,0,0,0,2.4744,2.4635,1.6412,0.93152,0.24911,0.01648,0.21797,1.6094,87.1471,0.000294,2.3977,-3e-05,1,2.3839,-2.4e-05,1,0.60171,0.60051,0.10664,0,PSF-00578_20260722160323_bf0,PFA-00612,PSA-00572,PSF-00578,RHS-0697,3.0.0,2026-06-15T15:17:51.144Z,DATA_DUMP_1785116825020_clean_2026-07-22.csv,22-Jul-2026,100,Pl27-R3-M3-H3-P02,22-Jul-2026 16:03:23,22-Jul-2026
9,16:03:34,22-Jul-2026,Rain_out,Climate_model,,Pl27-R3-M3-H3-P02,,,0.16609,2.9152,0.15713,4.3043,1.8899,1.7726,4.4887,2.5988,18.0764,19.2727,45.7739,0.44179,7.5,PSF-00578_20260722160334_4c2,0,0,0,92.72111,137.8033,0.327149,0.5,0.8,251.806,1,51.7,48.49,27.36,30.91,30.91,98.06,155.9,155.7,0.1,1924,4.099,12,34,83,,,,,,,,00:00:00,0000-00-00,NaN,NaN,NaN,0,NaN,15:59:55,22-Jul-2026,-0.79,1,0,0.001,-9999,0.377,0.799,-9999,1,150,0.005,2,0.058905,0,0.02923,0,0,-6.8e-05,standard,0,rectangular,7000,500,-9999,-9999,55537,55537,55537,0,-9999,0,0,0,0,2.4726,2.4629,1.641,0.93168,0.24829,0.041393,0.21942,1.7145,92.7211,0.000275,2.3977,-3e-05,1,2.3839,-2.4e-05,1,0.60171,0.60051,0.10664,0,PSF-00578_20260722160334_4c2,PFA-00612,PSA-00572,PSF-00578,RHS-0697,3.0.0,2026-06-15T15:17:51.144Z,DATA_DUMP_1785116825020_clean_2026-07-22.csv,22-Jul-2026,101,Pl27-R3-M3-H3-P02,22-Jul-2026 16:03:34,22-Jul-2026
10,16:03:54,22-Jul-2026,Rain_out,Climate_model,,Pl27-R3-M3-H3-P02,,,0.1004,2.9159,0.097058,2.5014,1.7616,1.6933,4.2119,2.4504,17.2673,17.963,42.9498,0.44179,7.5,PSF-00578_20260722160354_983,0,0,0,104.427,156.8917,0.334401,0.5,0.8,220.306,1,47.74,45.89,27.52,29.8,29.8,98.07,156,155.7,0.2,1647,4.098,17,-74,349,,,,,,,,00:00:00,0000-00-00,NaN,NaN,NaN,0,NaN,15:59:55,22-Jul-2026,-0.79,1,-0.005,-0.004,0.011,1.495,-2.617,-5.555,1,150,0.005,2,0.058905,0,0.02923,0,0,-6.8e-05,standard,0,rectangular,7000,500,-9999,-9999,55537,55537,55537,0,-9999,0,0,0,0,2.4692,2.4578,1.6418,0.93162,0.24671,0.026535,0.22219,1.4829,104.427,0.000286,2.3977,-3e-05,1,2.3839,-2.4e-05,1,0.60171,0.60051,0.10664,0,PSF-00578_20260722160354_983,PFA-00612,PSA-00572,PSF-00578,RHS-0697,3.0.0,2026-06-15T15:17:51.144Z,DATA_DUMP_1785116825020_clean_2026-07-22.csv,22-Jul-2026,102,Pl27-R3-M3-H3-P02,22-Jul-2026 16:03:54,22-Jul-2026
11,16:04:05,22-Jul-2026,Rain_out,Climate_model,,Pl27-R3-M3-H3-P02,,,0.096713,2.9151,0.093607,2.3312,1.8099,1.7463,4.1774,2.3675,17.8087,18.4571,42.6006,0.44179,7.5,PSF-00578_20260722160405_c32,0,0,0,115.6122,170.2816,0.321053,0.5,0.8,198.6201,1,48.79,47.08,27.61,29.66,29.66,98.06,155.9,155.7,0.1,1547,4.097,15,-68,349,,,,,,,,00:00:00,0000-00-00,NaN,NaN,NaN,0,NaN,15:59:55,22-Jul-2026,-0.79,1,0.001,0.004,0.001,-3.335,-4.767,9.007,1,150,0.005,2,0.058905,0,0.02923,0,0,-6.8e-05,standard,0,rectangular,7000,500,-9999,-9999,55537,55537,55537,0,-9999,0,0,0,0,2.4707,2.4592,1.6409,0.93158,0.24583,0.023843,0.22368,1.399,115.6122,0.000274,2.3977,-3e-05,1,2.3839,-2.4e-05,1,0.60171,0.60051,0.10664,0,PSF-00578_20260722160405_c32,PFA-00612,PSA-00572,PSF-00578,RHS-0697,3.0.0,2026-06-15T15:17:51.144Z,DATA_DUMP_1785116825020_clean_2026-07-22.csv,22-Jul-2026,103,Pl27-R3-M3-H3-P02,22-Jul-2026 16:04:05,22-Jul-2026
12,16:04:14,22-Jul-2026,Rain_out,Climate_model,,Pl27-R3-M3-H3-P02,,,0.11966,2.9166,0.11495,2.8464,1.8672,1.7897,4.2199,2.3527,18.2514,19.0418,43.0355,0.44179,7.5,PSF-00578_20260722160414_379,0,0,0,95.71516,147.9406,0.353016,0.5,0.8,203.5092,1,50.13,48.05,27.68,29.83,29.83,98.06,156.1,155.7,0.2,1441,4.097,14,-76,11,,,,,,,,00:00:00,0000-00-00,NaN,NaN,NaN,0,NaN,15:59:55,22-Jul-2026,-0.79,1,0.005,0,-9999,-0.451,-1.202,-9999,1,150,0.005,2,0.058905,0,0.02923,0,0,-6.8e-05,standard,0,rectangular,7000,500,-9999,-9999,55537,55537,55537,0,-9999,0,0,0,0,2.472,2.4609,1.6425,0.93162,0.24514,0.02507,0.22484,1.3109,95.7152,0.000286,2.3977,-3e-05,1,2.3839,-2.4e-05,1,0.60171,0.60051,0.10664,0,PSF-00578_20260722160414_379,PFA-00612,PSA-00572,PSF-00578,RHS-0697,3.0.0,2026-06-15T15:17:51.144Z,DATA_DUMP_1785116825020_clean_2026-07-22.csv,22-Jul-2026,104,Pl27-R3-M3-H3-P02,22-Jul-2026 16:04:14,22-Jul-2026
13,16:04:23,22-Jul-2026,Rain_out,Climate_model,,Pl27-R3-M3-H3-P02,,,0.1211,2.916,0.11627,2.9768,1.8805,1.7994,4.3117,2.4312,18.3512,19.1781,43.9727,0.44179,7.5,PSF-00578_20260722160423_3c2,0,0,0,97.88882,147.6424,0.336987,0.5,0.8,209.97,1,50.27,48.11,27.75,30.21,30.21,98.05,156,155.8,0.1,1558,4.099,14,-66,7,,,,,,,,00:00:00,0000-00-00,NaN,NaN,NaN,0,NaN,15:59:55,22-Jul-2026,-0.79,1,0,-0.001,-9999,-1.263,-2.795,-9999,1,150,0.005,2,0.058905,0,0.02923,0,0,-6.8e-05,standard,0,rectangular,7000,500,-9999,-9999,55537,55537,55537,0,-9999,0,0,0,0,2.472,2.461,1.6419,0.93188,0.24444,0.028621,0.22596,1.4082,97.8888,0.000292,2.3977,-3e-05,1,2.3839,-2.4e-05,1,0.60171,0.60051,0.10664,0,PSF-00578_20260722160423_3c2,PFA-00612,PSA-00572,PSF-00578,RHS-0697,3.0.0,2026-06-15T15:17:51.144Z,DATA_DUMP_1785116825020_clean_2026-07-22.csv,22-Jul-2026,105,Pl27-R3-M3-H3-P02,22-Jul-2026 16:04:23,22-Jul-2026
14,16:04:40,22-Jul-2026,Rain_out,Climate_model,,Pl27-R3-M3-H3-P02,,,0.088978,2.9163,0.086344,2.1492,1.7937,1.7351,4.1605,2.3668,17.6929,18.2903,42.4253,0.44179,7.5,PSF-00578_20260722160440_acb,0,0,0,20.8075,1.110077,-17.7442,0.5,0.8,-3454.7258,1,47.58,46.02,27.89,29.59,29.59,98.07,156,-20.3,113,487,4.098,-4,-45,305,,,,,,,,00:00:00,0000-00-00,NaN,NaN,NaN,0,NaN,15:59:55,22-Jul-2026,-0.79,1,0.002,0.001,-9999,-0.306,-0.268,-9999,1,150,0.005,2,0.058905,0,0.02923,0,0,-6.8e-05,standard,0,rectangular,7000,500,-9999,-9999,55537,55537,55537,0,-9999,0,0,0,0,2.4693,2.4576,1.6422,0.56533,0.24314,0.019851,0.22819,0.51335,20.8075,0.000293,2.3977,-3e-05,1,2.3839,-2.4e-05,1,0.60171,0.60051,0.10664,0,PSF-00578_20260722160440_acb,PFA-00612,PSA-00572,PSF-00578,RHS-0697,3.0.0,2026-06-15T15:17:51.144Z,DATA_DUMP_1785116825020_clean_2026-07-22.csv,22-Jul-2026,106,Pl27-R3-M3-H3-P02,22-Jul-2026 16:04:40,22-Jul-2026
15,16:05:06,22-Jul-2026,Rain_out,Climate_model,,Pl27-R3-M3-H3-P02,,,0.03274,2.9159,0.032376,0.72076,1.8561,1.8365,3.9745,2.1184,18.7259,18.9262,40.5266,0.44179,7.5,PSF-00578_20260722160506_fce,0,0,0,104.9134,218.3883,0.519602,0.5,0.8,61.4576,1,48.63,48.12,28.1,28.8,28.8,98.07,156,155.4,0.4,296,4.098,10,-40,81,,,,,,,,00:00:00,0000-00-00,NaN,NaN,NaN,0,NaN,15:59:55,22-Jul-2026,-0.79,1,0.002,0,-9999,0.489,1.441,-9999,1,150,0.005,2,0.058905,0,0.02923,0,0,-6.8e-05,standard,0,rectangular,7000,500,-9999,-9999,55537,55537,55537,0,-9999,0,0,0,0,2.472,2.4589,1.6418,0.93083,0.24113,0.008316,0.23168,0.35372,104.9134,0.000288,2.3977,-3e-05,1,2.3839,-2.4e-05,1,0.60171,0.60051,0.10664,0,PSF-00578_20260722160506_fce,PFA-00612,PSA-00572,PSF-00578,RHS-0697,3.0.0,2026-06-15T15:17:51.144Z,DATA_DUMP_1785116825020_clean_2026-07-22.csv,22-Jul-2026,107,Pl27-R3-M3-H3-P02,22-Jul-2026 16:05:06,22-Jul-2026
16,16:05:18,22-Jul-2026,Rain_out,Climate_model,,Pl27-R3-M3-H3-P02,,,0.062402,2.9174,0.061095,1.3824,1.8295,1.7919,3.9826,2.1531,18.2721,18.6559,40.6122,0.44179,7.5,PSF-00578_20260722160518_fc3,0,0,0,101.9121,203.7764,0.499882,0.5,0.8,59.7046,1,47.69,46.71,28.19,28.83,28.83,98.07,156.2,155.5,0.5,299,4.093,14,-39,89,,,,,,,,00:00:00,0000-00-00,NaN,NaN,NaN,0,NaN,15:59:55,22-Jul-2026,-0.79,1,0.001,0,-0.006,-0.104,0.082,1.906,1,150,0.005,2,0.058905,0,0.02923,0,0,-6.8e-05,standard,0,rectangular,7000,500,-9999,-9999,55537,55537,55537,0,-9999,0,0,0,0,2.4701,2.4577,1.6433,0.93103,0.24027,0.007695,0.233,0.35614,101.9121,0.000282,2.3977,-3e-05,1,2.3839,-2.4e-05,1,0.60171,0.60051,0.10664,0,PSF-00578_20260722160518_fc3,PFA-00612,PSA-00572,PSF-00578,RHS-0697,3.0.0,2026-06-15T15:17:51.144Z,DATA_DUMP_1785116825020_clean_2026-07-22.csv,22-Jul-2026,108,Pl27-R3-M3-H3-P02,22-Jul-2026 16:05:18,22-Jul-2026
17,16:05:33,22-Jul-2026,Rain_out,Climate_model,,Pl27-R3-M3-H3-P02,,,0.10271,2.9159,0.099219,2.052,1.8486,1.7927,3.8182,1.9696,18.2795,18.8497,38.9333,0.44179,7.5,PSF-00578_20260722160533_789,0,0,0,80.61898,258.6715,0.688334,0.5,0.8,82.9184,1,47.85,46.4,28.31,28.11,28.11,98.07,156,155.7,0.2,301,4.096,-5,-53,140,,,,,,,,00:00:00,0000-00-00,NaN,NaN,NaN,0,NaN,15:59:55,22-Jul-2026,-0.79,1,0.001,0,-9999,0.076,0.082,-9999,1,150,0.005,2,0.058905,0,0.02923,0,0,-6.8e-05,standard,0,rectangular,7000,500,-9999,-9999,55537,55537,55537,0,-9999,0,0,0,0,2.4697,2.4578,1.6418,0.93174,0.23912,-0.001984,0.23481,0.35828,80.619,0.000289,2.3977,-3e-05,1,2.3839,-2.4e-05,1,0.60171,0.60051,0.10664,0,PSF-00578_20260722160533_789,PFA-00612,PSA-00572,PSF-00578,RHS-0697,3.0.0,2026-06-15T15:17:51.144Z,DATA_DUMP_1785116825020_clean_2026-07-22.csv,22-Jul-2026,109,Pl27-R3-M3-H3-P02,22-Jul-2026 16:05:33,22-Jul-2026
18,16:05:41,22-Jul-2026,Rain_out,Climate_model,,Pl27-R3-M3-H3-P02,,,0.094457,2.9155,0.091493,1.9541,1.8138,1.7606,3.8479,2.0341,17.9526,18.4959,39.2375,0.44179,7.5,PSF-00578_20260722160541_a5c,0,0,0,78.28867,259.9883,0.698876,0.5,0.8,51.2276,1,46.79,45.41,28.37,28.24,28.24,98.07,155.9,155.6,0.2,183,4.095,-3,-62,131,,,,,,,,00:00:00,0000-00-00,NaN,NaN,NaN,0,NaN,15:59:55,22-Jul-2026,-0.79,1,0.003,0.004,-9999,0.148,0.295,-9999,1,150,0.005,2,0.058905,0,0.02923,0,0,-6.8e-05,standard,0,rectangular,7000,500,-9999,-9999,55537,55537,55537,0,-9999,0,0,0,0,2.4684,2.4565,1.6414,0.93148,0.23856,-0.001152,0.23581,0.25976,78.2887,0.000293,2.3977,-3e-05,1,2.3839,-2.4e-05,1,0.60171,0.60051,0.10664,0,PSF-00578_20260722160541_a5c,PFA-00612,PSA-00572,PSF-00578,RHS-0697,3.0.0,2026-06-15T15:17:51.144Z,DATA_DUMP_1785116825020_clean_2026-07-22.csv,22-Jul-2026,110,Pl27-R3-M3-H3-P02,22-Jul-2026 16:05:41,22-Jul-2026
19,16:05:51,22-Jul-2026,Rain_out,Climate_model,,Pl27-R3-M3-H3-P02,,,0.087499,2.918,0.084951,1.8182,1.8312,1.7817,3.8691,2.0379,18.1675,18.672,39.4523,0.44179,7.5,PSF-00578_20260722160551_e01,0,0,0,79.62907,257.9001,0.691241,0.5,0.8,51.0206,1,47.03,45.76,28.44,28.33,28.33,98.07,156.2,155.5,0.4,185,4.095,-3,-62,131,,,,,,,,00:00:00,0000-00-00,NaN,NaN,NaN,0,NaN,15:59:55,22-Jul-2026,-0.79,1,0.004,0.002,-9999,0.07,0.107,-9999,1,150,0.005,2,0.058905,0,0.02923,0,0,-6.8e-05,standard,0,rectangular,7000,500,-9999,-9999,55537,55537,55537,0,-9999,0,0,0,0,2.4688,2.4568,1.6439,0.93126,0.23786,-0.000923,0.23702,0.26083,79.6291,0.000291,2.3977,-3e-05,1,2.3839,-2.4e-05,1,0.60171,0.60051,0.10664,0,PSF-00578_20260722160551_e01,PFA-00612,PSA-00572,PSF-00578,RHS-0697,3.0.0,2026-06-15T15:17:51.144Z,DATA_DUMP_1785116825020_clean_2026-07-22.csv,22-Jul-2026,111,Pl27-R3-M3-H3-P02,22-Jul-2026 16:05:51,22-Jul-2026
20,16:06:09,22-Jul-2026,Rain_out,Climate_model,,Pl27-R3-M3-H3-P02,,,0.060625,2.9154,0.05939,1.2889,1.7531,1.718,3.821,2.0679,17.5173,17.8759,38.9611,0.44179,7.5,PSF-00578_20260722160609_d53,0,0,0,76.97761,262.7345,0.707014,0.5,0.8,46.5829,1,44.72,43.82,28.56,28.12,28.12,98.07,155.9,155.6,0.2,165,4.096,2,48,333,,,,,,,,00:00:00,0000-00-00,NaN,NaN,NaN,0,NaN,15:59:55,22-Jul-2026,-0.79,1,0.001,0.002,-9999,-0.009,-0.101,-9999,1,150,0.005,2,0.058905,0,0.02923,0,0,-6.8e-05,standard,0,rectangular,7000,500,-9999,-9999,55537,55537,55537,0,-9999,0,0,0,0,2.4663,2.4538,1.6412,0.93148,0.23676,-0.004712,0.23919,0.24428,76.9776,0.000293,2.3977,-3e-05,1,2.3839,-2.4e-05,1,0.60171,0.60051,0.10664,0,PSF-00578_20260722160609_d53,PFA-00612,PSA-00572,PSF-00578,RHS-0697,3.0.0,2026-06-15T15:17:51.144Z,DATA_DUMP_1785116825020_clean_2026-07-22.csv,22-Jul-2026,112,Pl27-R3-M3-H3-P02,22-Jul-2026 16:06:09,22-Jul-2026
21,16:06:18,22-Jul-2026,Rain_out,Climate_model,,Pl27-R3-M3-H3-P02,,,0.037907,2.9159,0.03742,0.82518,1.7809,1.7584,3.8811,2.1002,17.9296,18.1591,39.5743,0.44179,7.5,PSF-00578_20260722160618_d5c,0,0,0,73.08662,257.7986,0.716497,0.5,0.8,46.813,1,45.27,44.7,28.62,28.39,28.39,98.07,156,155.5,0.3,163,4.09,0,50,336,,,,,,,,00:00:00,0000-00-00,NaN,NaN,NaN,0,NaN,15:59:55,22-Jul-2026,-0.79,1,-0.003,-0.002,-9999,0.177,0.264,-9999,1,150,0.005,2,0.058905,0,0.02923,0,0,-6.8e-05,standard,0,rectangular,7000,500,-9999,-9999,55537,55537,55537,0,-9999,0,0,0,0,2.4674,2.4545,1.6418,0.93115,0.2362,-0.002339,0.24025,0.24313,73.0866,0.000291,2.3977,-3e-05,1,2.3839,-2.4e-05,1,0.60171,0.60051,0.10664,0,PSF-00578_20260722160618_d5c,PFA-00612,PSA-00572,PSF-00578,RHS-0697,3.0.0,2026-06-15T15:17:51.144Z,DATA_DUMP_1785116825020_clean_2026-07-22.csv,22-Jul-2026,113,Pl27-R3-M3-H3-P02,22-Jul-2026 16:06:18,22-Jul-2026
22,16:06:33,22-Jul-2026,Rain_out,Climate_model,,Pl27-R3-M3-H3-P02,,,0.059973,2.9163,0.058765,1.2601,1.8365,1.8022,3.878,2.0415,18.378,18.7281,39.5461,0.44179,7.5,PSF-00578_20260722160633_edb,0,0,0,78.00829,268.3389,0.709292,0.5,0.8,47.0799,1,46.44,45.57,28.71,28.37,28.37,98.06,156,155.7,0.2,166,4.094,2,52,334,,,,,,,,00:00:00,0000-00-00,NaN,NaN,NaN,0,NaN,15:59:55,22-Jul-2026,-0.79,1,-0.001,0.003,-0.006,0.014,-0.059,-0.011,1,150,0.005,2,0.058905,0,0.02923,0,0,-6.8e-05,standard,0,rectangular,7000,500,-9999,-9999,55537,55537,55537,0,-9999,0,0,0,0,2.4685,2.456,1.6422,0.93153,0.23534,-0.003557,0.24195,0.2453,78.0083,0.000294,2.3977,-3e-05,1,2.3839,-2.4e-05,1,0.60171,0.60051,0.10664,0,PSF-00578_20260722160633_edb,PFA-00612,PSA-00572,PSF-00578,RHS-0697,3.0.0,2026-06-15T15:17:51.144Z,DATA_DUMP_1785116825020_clean_2026-07-22.csv,22-Jul-2026,114,Pl27-R3-M3-H3-P02,22-Jul-2026 16:06:33,22-Jul-2026
23,16:06:44,22-Jul-2026,Rain_out,Climate_model,,Pl27-R3-M3-H3-P02,,,0.045271,2.917,0.044579,0.98751,1.7756,1.7487,3.8851,2.1095,17.8333,18.1077,39.6204,0.44179,7.5,PSF-00578_20260722160644_8f9,0,0,0,83.81009,289.1518,0.710152,0.5,0.8,41.502,1,44.71,44.03,28.78,28.4,28.4,98.06,156.1,155.5,0.4,146,4.093,10,57,319,,,,,,,,00:00:00,0000-00-00,NaN,NaN,NaN,0,NaN,15:59:55,22-Jul-2026,-0.79,1,-0.001,0,0.011,0.195,0.33,1.22,1,150,0.005,2,0.058905,0,0.02923,0,0,-6.8e-05,standard,0,rectangular,7000,500,-9999,-9999,55537,55537,55537,0,-9999,0,0,0,0,2.4665,2.4537,1.643,0.93103,0.23467,-0.004017,0.24318,0.22872,83.8101,0.000283,2.3977,-3e-05,1,2.3839,-2.4e-05,1,0.60171,0.60051,0.10664,0,PSF-00578_20260722160644_8f9,PFA-00612,PSA-00572,PSF-00578,RHS-0697,3.0.0,2026-06-15T15:17:51.144Z,DATA_DUMP_1785116825020_clean_2026-07-22.csv,22-Jul-2026,115,Pl27-R3-M3-H3-P02,22-Jul-2026 16:06:44,22-Jul-2026
24,16:06:53,22-Jul-2026,Rain_out,Climate_model,,Pl27-R3-M3-H3-P02,,,0.032435,2.916,0.032078,0.71208,1.7543,1.7349,3.8688,2.1144,17.6915,17.8895,39.4514,0.44179,7.5,PSF-00578_20260722160653_36f,0,0,0,79.84114,281.2067,0.716077,0.5,0.8,42.8889,1,44.03,43.55,28.84,28.33,28.33,98.06,156,155.7,0.2,150,4.06,8,56,320,,,,,,,,00:00:00,0000-00-00,NaN,NaN,NaN,0,NaN,15:59:55,22-Jul-2026,-0.79,1,-0.002,0,-9999,0.39,0.827,-9999,1,150,0.005,2,0.058905,0,0.02923,0,0,-6.8e-05,standard,0,rectangular,7000,500,-9999,-9999,55537,55537,55537,0,-9999,0,0,0,0,2.4658,2.4528,1.6418,0.93155,0.23417,-0.00547,0.24415,0.23176,79.8411,0.000289,2.3977,-3e-05,1,2.3839,-2.4e-05,1,0.60171,0.60051,0.10664,0,PSF-00578_20260722160653_36f,PFA-00612,PSA-00572,PSF-00578,RHS-0697,3.0.0,2026-06-15T15:17:51.144Z,DATA_DUMP_1785116825020_clean_2026-07-22.csv,22-Jul-2026,116,Pl27-R3-M3-H3-P02,22-Jul-2026 16:06:53,22-Jul-2026
25,16:07:04,22-Jul-2026,Rain_out,Climate_model,,Pl27-R3-M3-H3-P02,,,0.12731,2.9157,0.12198,3.321,1.8184,1.7279,4.4034,2.585,17.6211,18.5444,44.906,0.44179,7.5,PSF-00578_20260722160704_600,0,0,0,89.4295,130.7105,0.31582,0.5,0.8,232.8399,1,45.45,43.18,28.91,30.58,30.58,98.06,156,155.4,0.4,1843,4.091,-13,-46,342,,,,,,,,00:00:00,0000-00-00,NaN,NaN,NaN,0,NaN,15:59:55,22-Jul-2026,-0.79,1,0.001,0.001,-9999,0,-0.003,-9999,1,150,0.005,2,0.058905,0,0.02923,0,0,-6.8e-05,standard,0,rectangular,7000,500,-9999,-9999,55537,55537,55537,0,-9999,0,0,0,0,2.4653,2.4546,1.6416,0.93084,0.23348,0.019586,0.24542,1.6467,89.4295,0.000275,2.3977,-3e-05,1,2.3839,-2.4e-05,1,0.60171,0.60051,0.10664,0,PSF-00578_20260722160704_600,PFA-00612,PSA-00572,PSF-00578,RHS-0697,3.0.0,2026-06-15T15:17:51.144Z,DATA_DUMP_1785116825020_clean_2026-07-22.csv,22-Jul-2026,117,Pl27-R3-M3-H3-P02,22-Jul-2026 16:07:04,22-Jul-2026
26,16:07:22,22-Jul-2026,Rain_out,Climate_model,,Pl27-R3-M3-H3-P02,,,0.093689,2.9154,0.090772,2.1216,1.8551,1.7973,4.0779,2.2228,18.3273,18.9171,41.5834,0.44179,7.5,PSF-00578_20260722160722_995,0,0,0,110.4348,211.9982,0.479077,0.5,0.8,52.2636,1,46.04,44.61,29.03,29.24,29.24,98.07,155.9,155.5,0.3,273,4.087,0,-47,329,,,,,,,,00:00:00,0000-00-00,NaN,NaN,NaN,0,NaN,15:59:55,22-Jul-2026,-0.79,1,0.001,0.002,0.011,-8.196,1.287,-34.424,1,150,0.005,2,0.058905,0,0.02923,0,0,-6.8e-05,standard,0,rectangular,7000,500,-9999,-9999,55537,55537,55537,0,-9999,0,0,0,0,2.4672,2.4554,1.6412,0.93112,0.23238,0.002696,0.24753,0.33453,110.4348,0.000308,2.3977,-3e-05,1,2.3839,-2.4e-05,1,0.60171,0.60051,0.10664,0,PSF-00578_20260722160722_995,PFA-00612,PSA-00572,PSF-00578,RHS-0697,3.0.0,2026-06-15T15:17:51.144Z,DATA_DUMP_1785116825020_clean_2026-07-22.csv,22-Jul-2026,118,Pl27-R3-M3-H3-P02,22-Jul-2026 16:07:22,22-Jul-2026
43,21:37:01,22-Jul-2026,Rain_out,Climate_model,,Pl27-R3-M3-H3-P02,,,-0.001275,2.9146,-0.001276,-0.017131,1.5185,1.5189,2.8062,1.2878,15.4861,15.4813,28.6105,0.44179,7.5,PSF-00578_20260722213701_17c,0,0,0,80.98161,308.0159,0.737086,0.5,0.8,0.00383,1,50.84,50.85,23.95,22.92,22.92,98.08,155.8,156.1,-0.2,0,3.928,-9,31,323,,,,,,,,00:00:00,0000-00-00,NaN,NaN,NaN,0,NaN,21:32:20,22-Jul-2026,-0.58,1,0,-0.001,-9999,0.117,0.1,-9999,1,150,0.005,2,0.058905,0,0.02923,0,0,-6.8e-05,standard,0,rectangular,7000,500,-9999,-9999,55537,55537,55537,0,-9999,0,0,0,0,2.4763,2.4622,1.6405,0.93262,0.28435,-0.01073,0.22393,0.10665,80.9816,0.000284,2.3977,-3e-05,1,2.3839,-2.4e-05,1,0.60171,0.60051,0.10664,0,PSF-00578_20260722213701_17c,PFA-00612,PSA-00572,PSF-00578,RHS-0697,3.0.0,2026-06-15T15:17:51.144Z,DATA_DUMP_1785116825020_clean_2026-07-22.csv,22-Jul-2026,156,Pl27-R3-M3-H3-P02,22-Jul-2026 21:37:01,22-Jul-2026
44,21:37:12,22-Jul-2026,Rain_out,Climate_model,,Pl27-R3-M3-H3-P02,,,-0.003213,2.9159,-0.003217,-0.038652,1.5244,1.5255,2.6778,1.1533,15.5534,15.5427,27.3016,0.44179,7.5,PSF-00578_20260722213712_18b,0,0,0,75.10221,302.4048,0.75165,0.5,0.8,0.005322,1,51.05,51.08,23.95,22.15,22.15,98.08,156,156,0,0,3.927,8,-34,331,,,,,,,,00:00:00,0000-00-00,NaN,NaN,NaN,0,NaN,21:32:20,22-Jul-2026,-0.58,1,-0.001,-0.001,-9999,-0.063,-0.124,-9999,1,150,0.005,2,0.058905,0,0.02923,0,0,-6.8e-05,standard,0,rectangular,7000,500,-9999,-9999,55537,55537,55537,0,-9999,0,0,0,0,2.4766,2.4624,1.6417,0.93237,0.28439,-0.019001,0.22522,0.10666,75.1022,0.000269,2.3977,-3e-05,1,2.3839,-2.4e-05,1,0.60171,0.60051,0.10664,0,PSF-00578_20260722213712_18b,PFA-00612,PSA-00572,PSF-00578,RHS-0697,3.0.0,2026-06-15T15:17:51.144Z,DATA_DUMP_1785116825020_clean_2026-07-22.csv,22-Jul-2026,157,Pl27-R3-M3-H3-P02,22-Jul-2026 21:37:12,22-Jul-2026
45,21:37:24,22-Jul-2026,Rain_out,Climate_model,,Pl27-R3-M3-H3-P02,,,0.000701,2.9147,0.000701,0.009187,1.5278,1.5276,2.7857,1.2579,15.5748,15.5773,28.4032,0.44179,7.5,PSF-00578_20260722213724_6e3,0,0,0,78.83227,329.9024,0.761044,0.5,0.8,0.003434,1,51.18,51.17,23.94,22.8,22.8,98.08,155.8,156.2,-0.2,0,3.927,-9,27,325,,,,,,,,00:00:00,0000-00-00,NaN,NaN,NaN,0,NaN,21:32:20,22-Jul-2026,-0.58,1,0,0,-9999,0.133,0.215,-9999,1,150,0.005,2,0.058905,0,0.02923,0,0,-6.8e-05,standard,0,rectangular,7000,500,-9999,-9999,55537,55537,55537,0,-9999,0,0,0,0,2.4767,2.4626,1.6406,0.93296,0.28447,-0.011923,0.22664,0.10665,78.8323,0.00029,2.3977,-3e-05,1,2.3839,-2.4e-05,1,0.60171,0.60051,0.10664,0,PSF-00578_20260722213724_6e3,PFA-00612,PSA-00572,PSF-00578,RHS-0697,3.0.0,2026-06-15T15:17:51.144Z,DATA_DUMP_1785116825020_clean_2026-07-22.csv,22-Jul-2026,158,Pl27-R3-M3-H3-P02,22-Jul-2026 21:37:24,22-Jul-2026
46,21:37:53,22-Jul-2026,Rain_out,Climate_model,,Pl27-R3-M3-H3-P02,,,0.000805,2.9145,0.000804,0.010338,1.5327,1.5324,2.7655,1.2327,15.6246,15.6275,28.1966,0.44179,7.5,PSF-00578_20260722213753_5d3,0,0,0,74.48601,320.303,0.767451,0.5,0.8,0.003857,1,51.38,51.37,23.93,22.68,22.68,98.08,155.8,155.7,0.1,0,3.926,16,43,341,,,,,,,,00:00:00,0000-00-00,NaN,NaN,NaN,0,NaN,21:32:20,22-Jul-2026,-0.58,1,-0.001,-0.003,-9999,0.202,0.261,-9999,1,150,0.005,2,0.058905,0,0.02923,0,0,-6.8e-05,standard,0,rectangular,7000,500,-9999,-9999,55537,55537,55537,0,-9999,0,0,0,0,2.477,2.4629,1.6404,0.93159,0.28459,-0.013108,0.2301,0.10665,74.486,0.000283,2.3977,-3e-05,1,2.3839,-2.4e-05,1,0.60171,0.60051,0.10664,0,PSF-00578_20260722213753_5d3,PFA-00612,PSA-00572,PSF-00578,RHS-0697,3.0.0,2026-06-15T15:17:51.144Z,DATA_DUMP_1785116825020_clean_2026-07-22.csv,22-Jul-2026,159,Pl27-R3-M3-H3-P02,22-Jul-2026 21:37:53,22-Jul-2026
47,21:38:03,22-Jul-2026,Rain_out,Climate_model,,Pl27-R3-M3-H3-P02,,,-0.003427,2.9166,-0.003431,-0.040762,1.5314,1.5325,2.6716,1.1403,15.6253,15.6139,27.2402,0.44179,7.5,PSF-00578_20260722213803_04b,0,0,0,79.0751,298.8735,0.735423,0.5,0.8,0.004577,1,51.35,51.39,23.93,22.11,22.11,98.08,156.1,156.3,-0.2,0,3.926,15,-40,335,,,,,,,,00:00:00,0000-00-00,NaN,NaN,NaN,0,NaN,21:32:20,22-Jul-2026,-0.58,1,0,0,-9999,0.102,0.179,-9999,1,150,0.005,2,0.058905,0,0.02923,0,0,-6.8e-05,standard,0,rectangular,7000,500,-9999,-9999,55537,55537,55537,0,-9999,0,0,0,0,2.477,2.4628,1.6425,0.93323,0.28464,-0.019162,0.2312,0.10665,79.0751,0.00029,2.3977,-3e-05,1,2.3839,-2.4e-05,1,0.60171,0.60051,0.10664,0,PSF-00578_20260722213803_04b,PFA-00612,PSA-00572,PSF-00578,RHS-0697,3.0.0,2026-06-15T15:17:51.144Z,DATA_DUMP_1785116825020_clean_2026-07-22.csv,22-Jul-2026,160,Pl27-R3-M3-H3-P02,22-Jul-2026 21:38:03,22-Jul-2026
48,21:38:13,22-Jul-2026,Rain_out,Climate_model,,Pl27-R3-M3-H3-P02,,,-0.003805,2.9159,-0.00381,-0.060439,1.5392,1.5408,3.0586,1.5194,15.7106,15.6937,31.1857,0.44179,7.5,PSF-00578_20260722213813_f33,0,0,0,77.72147,301.8762,0.742539,0.5,0.8,0.003604,1,51.62,51.68,23.93,24.35,24.35,98.08,156,156.1,-0.1,0,3.926,14,-39,333,,,,,,,,00:00:00,0000-00-00,NaN,NaN,NaN,0,NaN,21:32:20,22-Jul-2026,-0.58,1,0,-0.002,-9999,0.367,0.51,-9999,1,150,0.005,2,0.058905,0,0.02923,0,0,-6.8e-05,standard,0,rectangular,7000,500,-9999,-9999,55537,55537,55537,0,-9999,0,0,0,0,2.4774,2.4632,1.6417,0.93259,0.28468,0.005199,0.23231,0.10665,77.7215,0.000293,2.3977,-3e-05,1,2.3839,-2.4e-05,1,0.60171,0.60051,0.10664,0,PSF-00578_20260722213813_f33,PFA-00612,PSA-00572,PSF-00578,RHS-0697,3.0.0,2026-06-15T15:17:51.144Z,DATA_DUMP_1785116825020_clean_2026-07-22.csv,22-Jul-2026,161,Pl27-R3-M3-H3-P02,22-Jul-2026 21:38:13,22-Jul-2026
49,21:38:23,22-Jul-2026,Rain_out,Climate_model,,Pl27-R3-M3-H3-P02,,,-0.004381,2.9162,-0.004388,-0.069442,1.5456,1.5475,3.0614,1.5158,15.7781,15.7587,31.2134,0.44179,7.5,PSF-00578_20260722213823_393,0,0,0,73.96639,315.1996,0.765335,0.5,0.8,0.003715,1,51.83,51.9,23.93,24.37,24.37,98.08,156,156.2,-0.1,0,3.925,7,-40,334,,,,,,,,00:00:00,0000-00-00,NaN,NaN,NaN,0,NaN,21:32:20,22-Jul-2026,-0.58,1,0,-0.001,-9999,0.166,0.281,-9999,1,150,0.005,2,0.058905,0,0.02923,0,0,-6.8e-05,standard,0,rectangular,7000,500,-9999,-9999,55537,55537,55537,0,-9999,0,0,0,0,2.4776,2.4634,1.6421,0.93283,0.28466,0.005347,0.23342,0.10665,73.9664,0.00029,2.3977,-3e-05,1,2.3839,-2.4e-05,1,0.60171,0.60051,0.10664,0,PSF-00578_20260722213823_393,PFA-00612,PSA-00572,PSF-00578,RHS-0697,3.0.0,2026-06-15T15:17:51.144Z,DATA_DUMP_1785116825020_clean_2026-07-22.csv,22-Jul-2026,162,Pl27-R3-M3-H3-P02,22-Jul-2026 21:38:23,22-Jul-2026
50,21:38:32,22-Jul-2026,Rain_out,Climate_model,,Pl27-R3-M3-H3-P02,,,-0.011645,2.9156,-0.011692,-0.14841,1.565,1.5691,2.7823,1.2173,15.9989,15.9575,28.3695,0.44179,7.5,PSF-00578_20260722213832_cd9,0,0,0,77.0216,325.7339,0.763544,0.5,0.8,0.003053,1,52.48,52.61,23.93,22.78,22.78,98.07,156,156,-0.1,0,3.925,6,-45,333,,,,,,,,00:00:00,0000-00-00,NaN,NaN,NaN,0,NaN,21:32:20,22-Jul-2026,-0.58,1,0.001,0.001,-9999,0.088,0.122,-9999,1,150,0.005,2,0.058905,0,0.02923,0,0,-6.8e-05,standard,0,rectangular,7000,500,-9999,-9999,55537,55537,55537,0,-9999,0,0,0,0,2.4786,2.4643,1.6415,0.9325,0.28464,-0.011976,0.23444,0.10665,77.0216,0.000288,2.3977,-3e-05,1,2.3839,-2.4e-05,1,0.60171,0.60051,0.10664,0,PSF-00578_20260722213832_cd9,PFA-00612,PSA-00572,PSF-00578,RHS-0697,3.0.0,2026-06-15T15:17:51.144Z,DATA_DUMP_1785116825020_clean_2026-07-22.csv,22-Jul-2026,163,Pl27-R3-M3-H3-P02,22-Jul-2026 21:38:32,22-Jul-2026
51,21:38:41,22-Jul-2026,Rain_out,Climate_model,,Pl27-R3-M3-H3-P02,,,-0.004989,2.9166,-0.004998,-0.067674,1.5613,1.5631,2.8594,1.2981,15.9377,15.9188,29.1544,0.44179,7.5,PSF-00578_20260722213841_db6,0,0,0,75.50526,302.7095,0.750569,0.5,0.8,0.003129,1,52.36,52.43,23.93,23.23,23.23,98.08,156.1,155.7,0.2,0,3.925,1,-39,334,,,,,,,,00:00:00,0000-00-00,NaN,NaN,NaN,0,NaN,21:32:20,22-Jul-2026,-0.58,1,-0.002,-0.002,-9999,-0.046,0.087,-9999,1,150,0.005,2,0.058905,0,0.02923,0,0,-6.8e-05,standard,0,rectangular,7000,500,-9999,-9999,55537,55537,55537,0,-9999,0,0,0,0,2.4783,2.4641,1.6424,0.93161,0.28469,-0.007038,0.2355,0.10665,75.5053,0.000292,2.3977,-3e-05,1,2.3839,-2.4e-05,1,0.60171,0.60051,0.10664,0,PSF-00578_20260722213841_db6,PFA-00612,PSA-00572,PSF-00578,RHS-0697,3.0.0,2026-06-15T15:17:51.144Z,DATA_DUMP_1785116825020_clean_2026-07-22.csv,22-Jul-2026,164,Pl27-R3-M3-H3-P02,22-Jul-2026 21:38:41,22-Jul-2026
52,21:38:54,22-Jul-2026,Rain_out,Climate_model,,Pl27-R3-M3-H3-P02,,,-0.003288,2.9163,-0.003292,-0.041008,1.5503,1.5514,2.7454,1.1951,15.8195,15.8081,27.9935,0.44179,7.5,PSF-00578_20260722213854_183,0,0,0,73.91953,318.3113,0.767776,0.5,0.8,0.004516,1,52.01,52.04,23.92,22.56,22.56,98.07,156,156,0.1,0,3.924,11,45,338,,,,,,,,00:00:00,0000-00-00,NaN,NaN,NaN,0,NaN,21:32:20,22-Jul-2026,-0.58,1,-0.001,-0.002,-9999,0.155,0.276,-9999,1,150,0.005,2,0.058905,0,0.02923,0,0,-6.8e-05,standard,0,rectangular,7000,500,-9999,-9999,55537,55537,55537,0,-9999,0,0,0,0,2.4778,2.4637,1.6422,0.93228,0.28472,-0.014278,0.23696,0.10665,73.9195,0.000281,2.3977,-3e-05,1,2.3839,-2.4e-05,1,0.60171,0.60051,0.10664,0,PSF-00578_20260722213854_183,PFA-00612,PSA-00572,PSF-00578,RHS-0697,3.0.0,2026-06-15T15:17:51.144Z,DATA_DUMP_1785116825020_clean_2026-07-22.csv,22-Jul-2026,165,Pl27-R3-M3-H3-P02,22-Jul-2026 21:38:54,22-Jul-2026
53,21:39:03,22-Jul-2026,Rain_out,Climate_model,,Pl27-R3-M3-H3-P02,,,0.000704,2.9172,0.000704,0.009719,1.5486,1.5483,2.8715,1.323,15.7865,15.7892,29.2781,0.44179,7.5,PSF-00578_20260722213903_976,0,0,0,76.57886,326.2907,0.765305,0.5,0.8,0.004108,1,51.96,51.95,23.92,23.3,23.3,98.08,156.1,156.1,0,0,3.925,14,51,335,,,,,,,,00:00:00,0000-00-00,NaN,NaN,NaN,0,NaN,21:32:20,22-Jul-2026,-0.58,1,0.001,-0.001,-9999,0.641,1.045,-9999,1,150,0.005,2,0.058905,0,0.02923,0,0,-6.8e-05,standard,0,rectangular,7000,500,-9999,-9999,55537,55537,55537,0,-9999,0,0,0,0,2.4777,2.4636,1.6431,0.93259,0.28476,-0.006203,0.238,0.10665,76.5789,0.000291,2.3977,-3e-05,1,2.3839,-2.4e-05,1,0.60171,0.60051,0.10664,0,PSF-00578_20260722213903_976,PFA-00612,PSA-00572,PSF-00578,RHS-0697,3.0.0,2026-06-15T15:17:51.144Z,DATA_DUMP_1785116825020_clean_2026-07-22.csv,22-Jul-2026,166,Pl27-R3-M3-H3-P02,22-Jul-2026 21:39:03,22-Jul-2026
54,21:39:12,22-Jul-2026,Rain_out,Climate_model,,Pl27-R3-M3-H3-P02,,,0.022671,2.9159,0.022496,0.26366,1.5575,1.5503,2.6821,1.1246,15.8073,15.8808,27.3475,0.44179,7.5,PSF-00578_20260722213912_d59,0,0,0,78.24719,341.3125,0.770746,0.5,0.8,0.004005,1,52.27,52.03,23.92,22.18,22.18,98.07,156,156,0,0,3.924,22,60,313,,,,,,,,00:00:00,0000-00-00,NaN,NaN,NaN,0,NaN,21:32:20,22-Jul-2026,-0.58,1,0,0.001,-9999,0.511,0.544,-9999,1,150,0.005,2,0.058905,0,0.02923,0,0,-6.8e-05,standard,0,rectangular,7000,500,-9999,-9999,55537,55537,55537,0,-9999,0,0,0,0,2.4778,2.464,1.6418,0.93248,0.2848,-0.018324,0.23895,0.10665,78.2472,0.000283,2.3977,-3e-05,1,2.3839,-2.4e-05,1,0.60171,0.60051,0.10664,0,PSF-00578_20260722213912_d59,PFA-00612,PSA-00572,PSF-00578,RHS-0697,3.0.0,2026-06-15T15:17:51.144Z,DATA_DUMP_1785116825020_clean_2026-07-22.csv,22-Jul-2026,167,Pl27-R3-M3-H3-P02,22-Jul-2026 21:39:12,22-Jul-2026
55,21:39:23,22-Jul-2026,Rain_out,Climate_model,,Pl27-R3-M3-H3-P02,,,-0.000256,2.9153,-0.000257,-0.003193,1.5531,1.5532,2.747,1.194,15.8371,15.8362,28.0107,0.44179,7.5,PSF-00578_20260722213923_937,0,0,0,82.13532,331.7027,0.752383,0.5,0.8,0.004554,1,52.14,52.14,23.91,22.57,22.57,98.07,155.9,156.1,-0.1,0,3.923,31,61,257,,,,,,,,00:00:00,0000-00-00,NaN,NaN,NaN,0,NaN,21:32:20,22-Jul-2026,-0.58,1,0,0,0.006,0.067,0.301,0.403,1,150,0.005,2,0.058905,0,0.02923,0,0,-6.8e-05,standard,0,rectangular,7000,500,-9999,-9999,55537,55537,55537,0,-9999,0,0,0,0,2.478,2.4638,1.6412,0.93259,0.28485,-0.014039,0.24009,0.10665,82.1353,0.00028,2.3977,-3e-05,1,2.3839,-2.4e-05,1,0.60171,0.60051,0.10664,0,PSF-00578_20260722213923_937,PFA-00612,PSA-00572,PSF-00578,RHS-0697,3.0.0,2026-06-15T15:17:51.144Z,DATA_DUMP_1785116825020_clean_2026-07-22.csv,22-Jul-2026,168,Pl27-R3-M3-H3-P02,22-Jul-2026 21:39:23,22-Jul-2026
56,21:39:32,22-Jul-2026,Rain_out,Climate_model,,Pl27-R3-M3-H3-P02,,,-0.002823,2.9167,-0.002826,-0.046231,1.5687,1.5699,3.1346,1.5659,16.0082,15.9953,31.962,0.44179,7.5,PSF-00578_20260722213932_8ae,0,0,0,83.04298,340.6989,0.756257,0.5,0.8,0.004448,1,52.66,52.7,23.91,24.76,24.76,98.07,156.1,155.9,0.1,0,3.923,33,55,253,,,,,,,,00:00:00,0000-00-00,NaN,NaN,NaN,0,NaN,21:32:20,22-Jul-2026,-0.58,1,0.001,0.003,-9999,0.882,1.534,-9999,1,150,0.005,2,0.058905,0,0.02923,0,0,-6.8e-05,standard,0,rectangular,7000,500,-9999,-9999,55537,55537,55537,0,-9999,0,0,0,0,2.4787,2.4645,1.6426,0.93208,0.28485,0.009886,0.24112,0.10665,83.043,0.000295,2.3977,-3e-05,1,2.3839,-2.4e-05,1,0.60171,0.60051,0.10664,0,PSF-00578_20260722213932_8ae,PFA-00612,PSA-00572,PSF-00578,RHS-0697,3.0.0,2026-06-15T15:17:51.144Z,DATA_DUMP_1785116825020_clean_2026-07-22.csv,22-Jul-2026,169,Pl27-R3-M3-H3-P02,22-Jul-2026 21:39:32,22-Jul-2026
57,21:39:45,22-Jul-2026,Rain_out,Climate_model,,Pl27-R3-M3-H3-P02,,,-0.00056,2.9147,-0.00056,-0.006724,1.5687,1.5689,2.7205,1.1518,15.9968,15.9949,27.7388,0.44179,7.5,PSF-00578_20260722213945_4bb,0,0,0,83.53543,317.0489,0.736522,0.5,0.8,0.001936,1,52.65,52.65,23.91,22.41,22.41,98.08,155.8,155.9,-0.1,0,3.924,7,-16,340,,,,,,,,00:00:00,0000-00-00,NaN,NaN,NaN,0,NaN,21:32:20,22-Jul-2026,-0.58,1,-0.002,0,-9999,0.146,0.421,-9999,1,150,0.005,2,0.058905,0,0.02923,0,0,-6.8e-05,standard,0,rectangular,7000,500,-9999,-9999,55537,55537,55537,0,-9999,0,0,0,0,2.4786,2.4645,1.6405,0.93226,0.2848,-0.015807,0.2426,0.10665,83.5354,0.000282,2.3977,-3e-05,1,2.3839,-2.4e-05,1,0.60171,0.60051,0.10664,0,PSF-00578_20260722213945_4bb,PFA-00612,PSA-00572,PSF-00578,RHS-0697,3.0.0,2026-06-15T15:17:51.144Z,DATA_DUMP_1785116825020_clean_2026-07-22.csv,22-Jul-2026,170,Pl27-R3-M3-H3-P02,22-Jul-2026 21:39:45,22-Jul-2026
58,21:39:54,22-Jul-2026,Rain_out,Climate_model,,Pl27-R3-M3-H3-P02,,,-0.004037,2.9153,-0.004043,-0.056244,1.5711,1.5727,2.9046,1.3335,16.0343,16.0186,29.6142,0.44179,7.5,PSF-00578_20260722213954_04e,0,0,0,82.60345,313.0585,0.73614,0.5,0.8,0.004708,1,52.73,52.78,23.91,23.49,23.49,98.08,155.9,156.1,-0.1,0,3.923,7,-24,338,,,,,,,,00:00:00,0000-00-00,NaN,NaN,NaN,0,NaN,21:32:20,22-Jul-2026,-0.58,1,0,0,-9999,0.408,0.711,-9999,1,150,0.005,2,0.058905,0,0.02923,0,0,-6.8e-05,standard,0,rectangular,7000,500,-9999,-9999,55537,55537,55537,0,-9999,0,0,0,0,2.4788,2.4646,1.6412,0.93256,0.28482,-0.004082,0.24363,0.10665,82.6035,0.00029,2.3977,-3e-05,1,2.3839,-2.4e-05,1,0.60171,0.60051,0.10664,0,PSF-00578_20260722213954_04e,PFA-00612,PSA-00572,PSF-00578,RHS-0697,3.0.0,2026-06-15T15:17:51.144Z,DATA_DUMP_1785116825020_clean_2026-07-22.csv,22-Jul-2026,171,Pl27-R3-M3-H3-P02,22-Jul-2026 21:39:54,22-Jul-2026
1,13:23:54,25-Jul-2026,Rain_out,Climate_model,,Pl6-R1-M1-H2-P08,,,0.18342,2.9172,0.17257,4.947,3.6305,3.4989,6.2873,2.6569,35.8339,37.1815,64.3919,0.44179,7.5,PSF-00578_20260725132354_c50,0,0,0,79.39517,165.0642,0.519,0.5,0.8,333.8008,1,53.57,51.62,38.33,36.95,36.95,97.64,156.1,154.4,1.1,1608,3.892,-45,-4,301,,,,,,,,00:00:00,0000-00-00,39.2084,-96.5938,340.3,3,2.95,13:23:39,25-Jul-2026,-0.28,1,0,0.001,-9999,0.958,2.648,-9999,1,150,0.005,2,0.058905,0,0.02923,0,0,-6.8e-05,standard,0,rectangular,7000,500,-9999,-9999,55537,55537,55537,0,-9999,0,0,0,0,2.4747,2.4627,1.6431,0.92837,0.16168,-0.017022,0.15352,1.4502,79.3952,0.000315,2.3977,-3e-05,1,2.3839,-2.4e-05,1,0.60171,0.60051,0.10664,0,PSF-00578_20260725132354_c50,PFA-00612,PSA-00572,PSF-00578,RHS-0697,3.0.0,2026-06-15T15:17:51.144Z,DATA_DUMP_1785116825020_clean_2026-07-25.csv,25-Jul-2026,36,Pl6-R1-M1-H2-P08,25-Jul-2026 13:23:54,25-Jul-2026
2,13:24:15,25-Jul-2026,Rain_out,Climate_model,,Pl6-R1-M1-H2-P08,,,0.18223,2.916,0.17151,4.864,3.7058,3.5764,6.3325,2.6267,36.63,37.9552,64.8577,0.44179,7.5,PSF-00578_20260725132415_340,0,0,0,76.94399,153.5729,0.49897,0.5,0.8,340.3541,1,54.68,52.77,38.33,37.08,37.08,97.64,156,154.2,1.1,1705,3.89,-46,-12,289,,,,,,,,18:18:13,25-Jul-2026,39.2084,-96.5938,336.5,6,1.21,13:23:39,25-Jul-2026,-0.28,1,0.002,0.003,-9999,1.241,2.782,-9999,1,150,0.005,2,0.058905,0,0.02923,0,0,-6.8e-05,standard,0,rectangular,7000,500,-9999,-9999,55537,55537,55537,0,-9999,0,0,0,0,2.4761,2.4641,1.6419,0.92798,0.16168,-0.015391,0.15715,1.5315,76.944,0.000301,2.3977,-3e-05,1,2.3839,-2.4e-05,1,0.60171,0.60051,0.10664,0,PSF-00578_20260725132415_340,PFA-00612,PSA-00572,PSF-00578,RHS-0697,3.0.0,2026-06-15T15:17:51.144Z,DATA_DUMP_1785116825020_clean_2026-07-25.csv,25-Jul-2026,37,Pl6-R1-M1-H2-P08,25-Jul-2026 13:24:15,25-Jul-2026
3,13:24:31,25-Jul-2026,Rain_out,Climate_model,,Pl6-R1-M1-H2-P08,,,0.19554,2.9159,0.18325,5.0812,3.7889,3.6538,6.3555,2.5666,37.4233,38.8066,65.094,0.44179,7.5,PSF-00578_20260725132431_b14,0,0,0,81.44331,177.0229,0.53993,0.5,0.8,376.1042,1,55.9,53.91,38.33,37.15,37.15,97.64,156,154.1,1.2,1741,3.889,-44,-17,290,,,,,,,,18:18:29,25-Jul-2026,39.2084,-96.5938,331.9,6,1.21,13:23:39,25-Jul-2026,-0.28,1,-0.001,0.002,-9999,0.814,1.889,-9999,1,150,0.005,2,0.058905,0,0.02923,0,0,-6.8e-05,standard,0,rectangular,7000,500,-9999,-9999,55537,55537,55537,0,-9999,0,0,0,0,2.4776,2.4657,1.6418,0.92762,0.16167,-0.014578,0.15995,1.5618,81.4433,0.000305,2.3977,-3e-05,1,2.3839,-2.4e-05,1,0.60171,0.60051,0.10664,0,PSF-00578_20260725132431_b14,PFA-00612,PSA-00572,PSF-00578,RHS-0697,3.0.0,2026-06-15T15:17:51.144Z,DATA_DUMP_1785116825020_clean_2026-07-25.csv,25-Jul-2026,38,Pl6-R1-M1-H2-P08,25-Jul-2026 13:24:31,25-Jul-2026
4,13:24:47,25-Jul-2026,Rain_out,Climate_model,,Pl6-R1-M1-H2-P08,,,0.15999,2.9158,0.15167,4.3313,3.805,3.6898,6.4468,2.6419,37.7916,38.9706,66.0286,0.44179,7.5,PSF-00578_20260725132447_d4c,0,0,0,79.25928,169.6529,0.53282,0.5,0.8,379.2844,1,56.12,54.42,38.34,37.41,37.41,97.64,156,154.3,1.1,1780,3.855,-42,-17,286,,,,,,,,18:18:44,25-Jul-2026,39.2084,-96.5938,331.6,5,1.47,13:23:39,25-Jul-2026,-0.28,1,0.001,-0.002,-9999,1.04,2.632,-9999,1,150,0.005,2,0.058905,0,0.02923,0,0,-6.8e-05,standard,0,rectangular,7000,500,-9999,-9999,55537,55537,55537,0,-9999,0,0,0,0,2.4783,2.466,1.6417,0.92803,0.16164,-0.011377,0.16257,1.5937,79.2593,0.000309,2.3977,-3e-05,1,2.3839,-2.4e-05,1,0.60171,0.60051,0.10664,0,PSF-00578_20260725132447_d4c,PFA-00612,PSA-00572,PSF-00578,RHS-0697,3.0.0,2026-06-15T15:17:51.144Z,DATA_DUMP_1785116825020_clean_2026-07-25.csv,25-Jul-2026,39,Pl6-R1-M1-H2-P08,25-Jul-2026 13:24:47,25-Jul-2026
5,13:25:05,25-Jul-2026,Rain_out,Climate_model,,Pl6-R1-M1-H2-P08,,,0.17721,2.917,0.16706,5.3153,3.8163,3.6752,6.7544,2.9381,37.6436,39.0889,69.1833,0.44179,7.5,PSF-00578_20260725132505_4db,0,0,0,83.76431,153.2807,0.45352,0.5,0.8,333.4992,1,56.26,54.18,38.35,38.27,38.27,97.63,156.1,154.4,1.1,1838,3.887,-36,-24,295,,,,,,,,18:19:02,25-Jul-2026,39.2084,-96.5938,331.1,6,1.21,13:23:39,25-Jul-2026,-0.28,1,0.002,0,-9999,0.17,0.739,-9999,1,150,0.005,2,0.058905,0,0.02923,0,0,-6.8e-05,standard,0,rectangular,7000,500,-9999,-9999,55537,55537,55537,0,-9999,0,0,0,0,2.4779,2.4661,1.6429,0.92839,0.16159,-0.000715,0.16556,1.6428,83.7643,0.000314,2.3977,-3e-05,1,2.3839,-2.4e-05,1,0.60171,0.60051,0.10664,0,PSF-00578_20260725132505_4db,PFA-00612,PSA-00572,PSF-00578,RHS-0697,3.0.0,2026-06-15T15:17:51.144Z,DATA_DUMP_1785116825020_clean_2026-07-25.csv,25-Jul-2026,40,Pl6-R1-M1-H2-P08,25-Jul-2026 13:25:05,25-Jul-2026
6,13:25:22,25-Jul-2026,Rain_out,Climate_model,,Pl6-R1-M1-H2-P08,,,0.17247,2.9154,0.16283,4.9266,3.6712,3.5401,6.4718,2.8005,36.2583,37.6017,66.2856,0.44179,7.5,PSF-00578_20260725132522_5f2,0,0,0,84.94521,163.648,0.48093,0.5,0.8,351.5867,1,54.1,52.16,38.35,37.48,37.48,97.63,155.9,154.3,1,1828,3.886,-38,-21,292,,,,,,,,18:19:20,25-Jul-2026,39.2084,-96.5938,330.1,5,1.51,13:23:39,25-Jul-2026,-0.28,1,-0.002,0.002,-9999,0.721,1.745,-9999,1,150,0.005,2,0.058905,0,0.02923,0,0,-6.8e-05,standard,0,rectangular,7000,500,-9999,-9999,55537,55537,55537,0,-9999,0,0,0,0,2.4754,2.4634,1.6413,0.92825,0.16153,-0.010716,0.16819,1.6338,84.9452,0.000317,2.3977,-3e-05,1,2.3839,-2.4e-05,1,0.60171,0.60051,0.10664,0,PSF-00578_20260725132522_5f2,PFA-00612,PSA-00572,PSF-00578,RHS-0697,3.0.0,2026-06-15T15:17:51.144Z,DATA_DUMP_1785116825020_clean_2026-07-25.csv,25-Jul-2026,41,Pl6-R1-M1-H2-P08,25-Jul-2026 13:25:22,25-Jul-2026
7,13:25:43,25-Jul-2026,Rain_out,Climate_model,,Pl6-R1-M1-H2-P08,,,0.32979,2.9167,0.29629,9.1776,3.7278,3.4839,6.592,2.8642,35.6861,38.1846,67.5231,0.44179,7.5,PSF-00578_20260725132543_899,0,0,0,86.66289,131.5967,0.34145,0.5,0.8,250.8194,1,54.9,51.3,38.37,37.82,37.82,97.63,156.1,153.9,1.4,1836,3.887,25,42,29,,,,,,,,18:19:41,25-Jul-2026,39.2084,-96.5937,320.7,6,1.45,13:23:39,25-Jul-2026,-0.28,1,0.002,0.004,0.014,-0.268,-0.328,-1.529,1,150,0.005,2,0.058905,0,0.02923,0,0,-6.8e-05,standard,0,rectangular,7000,500,-9999,-9999,55537,55537,55537,0,-9999,0,0,0,0,2.4743,2.4644,1.6426,0.92705,0.16146,-0.006621,0.17129,1.6411,86.6629,0.000295,2.3977,-3e-05,1,2.3839,-2.4e-05,1,0.60171,0.60051,0.10664,0,PSF-00578_20260725132543_899,PFA-00612,PSA-00572,PSF-00578,RHS-0697,3.0.0,2026-06-15T15:17:51.144Z,DATA_DUMP_1785116825020_clean_2026-07-25.csv,25-Jul-2026,42,Pl6-R1-M1-H2-P08,25-Jul-2026 13:25:43,25-Jul-2026
8,13:25:59,25-Jul-2026,Rain_out,Climate_model,,Pl6-R1-M1-H2-P08,,,0.30452,2.9168,0.27573,8.452,3.8331,3.6088,6.6648,2.8317,36.9647,39.2628,68.2674,0.44179,7.5,PSF-00578_20260725132559_3a3,0,0,0,89.71417,149.5957,0.40029,0.5,0.8,275.7006,1,56.42,53.12,38.37,38.02,38.02,97.63,156.1,154.2,1.2,1722,3.886,27,51,34,,,,,,,,18:19:58,25-Jul-2026,39.2083,-96.5938,313,6,1.7,13:23:39,25-Jul-2026,-0.28,1,-0.001,0,0.014,-0.781,-2.338,-2.792,1,150,0.005,2,0.058905,0,0.02923,0,0,-6.8e-05,standard,0,rectangular,7000,500,-9999,-9999,55537,55537,55537,0,-9999,0,0,0,0,2.4766,2.4663,1.6427,0.92786,0.16141,-0.004187,0.17374,1.5454,89.7142,0.000296,2.3977,-3e-05,1,2.3839,-2.4e-05,1,0.60171,0.60051,0.10664,0,PSF-00578_20260725132559_3a3,PFA-00612,PSA-00572,PSF-00578,RHS-0697,3.0.0,2026-06-15T15:17:51.144Z,DATA_DUMP_1785116825020_clean_2026-07-25.csv,25-Jul-2026,43,Pl6-R1-M1-H2-P08,25-Jul-2026 13:25:59,25-Jul-2026
9,13:26:14,25-Jul-2026,Rain_out,Climate_model,,Pl6-R1-M1-H2-P08,,,0.2878,2.9153,0.26194,7.8692,3.9958,3.787,6.7672,2.7714,38.7883,40.9268,69.313,0.44179,7.5,PSF-00578_20260725132614_f05,0,0,0,89.81252,140.1608,0.35922,0.5,0.8,256.1347,1,58.78,55.71,38.39,38.3,38.3,97.63,155.9,154,1.2,1783,3.88,21,48,26,,,,,,,,18:20:13,25-Jul-2026,39.2084,-96.5937,308.7,7,1.21,13:23:39,25-Jul-2026,-0.28,1,0,0.003,0.016,-0.653,-1.258,-0.828,1,150,0.005,2,0.058905,0,0.02923,0,0,-6.8e-05,standard,0,rectangular,7000,500,-9999,-9999,55537,55537,55537,0,-9999,0,0,0,0,2.4799,2.4693,1.6412,0.92749,0.16134,-0.000782,0.1759,1.5961,89.8125,0.00029,2.3977,-3e-05,1,2.3839,-2.4e-05,1,0.60171,0.60051,0.10664,0,PSF-00578_20260725132614_f05,PFA-00612,PSA-00572,PSF-00578,RHS-0697,3.0.0,2026-06-15T15:17:51.144Z,DATA_DUMP_1785116825020_clean_2026-07-25.csv,25-Jul-2026,44,Pl6-R1-M1-H2-P08,25-Jul-2026 13:26:14,25-Jul-2026
10,13:26:37,25-Jul-2026,Rain_out,Climate_model,,Pl6-R1-M1-H2-P08,,,0.20119,2.917,0.18821,5.5129,3.8645,3.7183,6.5716,2.707,38.0838,39.5821,67.3084,0.44179,7.5,PSF-00578_20260725132637_0c1,0,0,0,94.46347,177.7364,0.46852,0.5,0.8,251.6855,1,56.8,54.65,38.4,37.76,37.76,97.63,156.1,153.9,1.4,1343,3.883,0,-40,5,,,,,,,,18:20:35,25-Jul-2026,39.2084,-96.5938,307.2,7,1.21,13:23:39,25-Jul-2026,-0.28,1,0.002,-0.001,-0.013,-0.155,0.148,-0.585,1,150,0.005,2,0.058905,0,0.02923,0,0,-6.8e-05,standard,0,rectangular,7000,500,-9999,-9999,55537,55537,55537,0,-9999,0,0,0,0,2.4785,2.4668,1.6429,0.92702,0.16124,-0.00779,0.17919,1.2288,94.4635,0.000307,2.3977,-3e-05,1,2.3839,-2.4e-05,1,0.60171,0.60051,0.10664,0,PSF-00578_20260725132637_0c1,PFA-00612,PSA-00572,PSF-00578,RHS-0697,3.0.0,2026-06-15T15:17:51.144Z,DATA_DUMP_1785116825020_clean_2026-07-25.csv,25-Jul-2026,45,Pl6-R1-M1-H2-P08,25-Jul-2026 13:26:37,25-Jul-2026
11,13:26:59,25-Jul-2026,Rain_out,Climate_model,,Pl6-R1-M1-H2-P08,,,0.16642,2.9172,0.15743,5.0128,3.7821,3.649,6.7235,2.9414,37.3747,38.738,68.8657,0.44179,7.5,PSF-00578_20260725132659_858,0,0,0,92.35382,161.6707,0.42875,0.5,0.8,267.9288,1,55.55,53.6,38.41,38.18,38.18,97.63,156.2,154.1,1.3,1562,3.885,7,-34,3,,,,,,,,18:20:57,25-Jul-2026,39.2083,-96.5938,307,8,1.14,13:23:39,25-Jul-2026,-0.28,1,0.003,0.001,-0.015,0.155,0.014,-1.871,1,150,0.005,2,0.058905,0,0.02923,0,0,-6.8e-05,standard,0,rectangular,7000,500,-9999,-9999,55537,55537,55537,0,-9999,0,0,0,0,2.4772,2.4652,1.6432,0.92773,0.16116,-0.002653,0.18225,1.412,92.3538,0.000303,2.3977,-3e-05,1,2.3839,-2.4e-05,1,0.60171,0.60051,0.10664,0,PSF-00578_20260725132659_858,PFA-00612,PSA-00572,PSF-00578,RHS-0697,3.0.0,2026-06-15T15:17:51.144Z,DATA_DUMP_1785116825020_clean_2026-07-25.csv,25-Jul-2026,46,Pl6-R1-M1-H2-P08,25-Jul-2026 13:26:59,25-Jul-2026
12,13:27:14,25-Jul-2026,Rain_out,Climate_model,,Pl6-R1-M1-H2-P08,,,0.10681,2.916,0.10303,2.9197,3.7845,3.7069,6.4068,2.6223,37.9682,38.763,65.6218,0.44179,7.5,PSF-00578_20260725132714_208,0,0,0,100.5517,203.2456,0.50527,0.5,0.8,223.263,1,55.53,54.39,38.43,37.29,37.29,97.63,156,154.3,1.1,1105,3.883,3,-51,7,,,,,,,,18:21:12,25-Jul-2026,39.2084,-96.5938,306.2,7,1.37,13:23:39,25-Jul-2026,-0.28,1,0.005,0.002,-9999,-1.137,1.359,-9999,1,150,0.005,2,0.058905,0,0.02923,0,0,-6.8e-05,standard,0,rectangular,7000,500,-9999,-9999,55537,55537,55537,0,-9999,0,0,0,0,2.4782,2.4652,1.6419,0.92824,0.16105,-0.014008,0.18433,1.0297,100.5517,0.000304,2.3977,-3e-05,1,2.3839,-2.4e-05,1,0.60171,0.60051,0.10664,0,PSF-00578_20260725132714_208,PFA-00612,PSA-00572,PSF-00578,RHS-0697,3.0.0,2026-06-15T15:17:51.144Z,DATA_DUMP_1785116825020_clean_2026-07-25.csv,25-Jul-2026,47,Pl6-R1-M1-H2-P08,25-Jul-2026 13:27:14,25-Jul-2026
13,13:27:28,25-Jul-2026,Rain_out,Climate_model,,Pl6-R1-M1-H2-P08,,,0.1272,2.9167,0.12189,3.6392,3.7423,3.6456,6.5044,2.7622,37.3383,38.3288,66.6193,0.44179,7.5,PSF-00578_20260725132728_0a9,0,0,0,94.52998,183.8118,0.48572,0.5,0.8,238.863,1,54.87,53.45,38.45,37.57,37.57,97.64,156.1,154.1,1.3,1229,3.855,3,-47,6,,,,,,,,18:21:27,25-Jul-2026,39.2084,-96.5939,306.2,8,1.14,13:23:39,25-Jul-2026,-0.28,1,-0.001,-0.003,0.012,-0.772,-1.501,-4.075,1,150,0.005,2,0.058905,0,0.02923,0,0,-6.8e-05,standard,0,rectangular,7000,500,-9999,-9999,55537,55537,55537,0,-9999,0,0,0,0,2.477,2.4644,1.6426,0.92761,0.16097,-0.010705,0.18631,1.1339,94.53,0.000316,2.3977,-3e-05,1,2.3839,-2.4e-05,1,0.60171,0.60051,0.10664,0,PSF-00578_20260725132728_0a9,PFA-00612,PSA-00572,PSF-00578,RHS-0697,3.0.0,2026-06-15T15:17:51.144Z,DATA_DUMP_1785116825020_clean_2026-07-25.csv,25-Jul-2026,48,Pl6-R1-M1-H2-P08,25-Jul-2026 13:27:28,25-Jul-2026
14,13:27:41,25-Jul-2026,Rain_out,Climate_model,,Pl6-R1-M1-H2-P08,,,0.083843,2.9166,0.0815,2.4371,3.7721,3.7074,6.5377,2.7656,37.9696,38.6328,66.9569,0.44179,7.5,PSF-00578_20260725132741_1fb,0,0,0,130.6972,218.7806,0.40261,0.5,0.8,218.3353,1,55.27,54.32,38.46,37.67,37.67,97.64,156.1,154.5,1,1356,3.886,1,-41,5,,,,,,,,18:21:39,25-Jul-2026,39.2084,-96.5938,306.8,8,1.14,13:23:39,25-Jul-2026,-0.28,1,0,0.003,-9999,-1.36,-3.981,-9999,1,150,0.005,2,0.058905,0,0.02923,0,0,-6.8e-05,standard,0,rectangular,7000,500,-9999,-9999,55537,55537,55537,0,-9999,0,0,0,0,2.4781,2.4649,1.6425,0.92855,0.16087,-0.00972,0.18796,1.2395,130.6972,0.000311,2.3977,-3e-05,1,2.3839,-2.4e-05,1,0.60171,0.60051,0.10664,0,PSF-00578_20260725132741_1fb,PFA-00612,PSA-00572,PSF-00578,RHS-0697,3.0.0,2026-06-15T15:17:51.144Z,DATA_DUMP_1785116825020_clean_2026-07-25.csv,25-Jul-2026,49,Pl6-R1-M1-H2-P08,25-Jul-2026 13:27:41,25-Jul-2026
15,13:27:54,25-Jul-2026,Rain_out,Climate_model,,Pl6-R1-M1-H2-P08,,,0.15661,2.9165,0.14863,4.1163,3.7189,3.6095,6.2844,2.5655,36.97,38.0909,64.368,0.44179,7.5,PSF-00578_20260725132754_aa1,0,0,0,90.49988,202.5261,0.55314,0.5,0.8,199.2852,1,54.44,52.84,38.48,36.94,36.94,97.63,156.1,154,1.3,901,3.885,6,-61,8,,,,,,,,18:21:53,25-Jul-2026,39.2084,-96.5938,308.3,8,1.14,13:23:39,25-Jul-2026,-0.28,1,-0.003,0.001,0.009,7.613,-1.751,-3.857,1,150,0.005,2,0.058905,0,0.02923,0,0,-6.8e-05,standard,0,rectangular,7000,500,-9999,-9999,55537,55537,55537,0,-9999,0,0,0,0,2.4762,2.4638,1.6424,0.92737,0.16078,-0.018949,0.18974,0.85925,90.4999,0.000309,2.3977,-3e-05,1,2.3839,-2.4e-05,1,0.60171,0.60051,0.10664,0,PSF-00578_20260725132754_aa1,PFA-00612,PSA-00572,PSF-00578,RHS-0697,3.0.0,2026-06-15T15:17:51.144Z,DATA_DUMP_1785116825020_clean_2026-07-25.csv,25-Jul-2026,50,Pl6-R1-M1-H2-P08,25-Jul-2026 13:27:54,25-Jul-2026
16,13:28:08,25-Jul-2026,Rain_out,Climate_model,,Pl6-R1-M1-H2-P08,,,0.14418,2.9158,0.13739,3.9542,3.6482,3.543,6.3146,2.6664,36.2918,37.3699,64.6829,0.44179,7.5,PSF-00578_20260725132808_e5a,0,0,0,88.96208,191.7472,0.53604,0.5,0.8,203.0479,1,53.37,51.83,38.49,37.03,37.03,97.62,156,154.3,1.1,947,3.88,4,-59,8,,,,,,,,18:22:06,25-Jul-2026,39.2084,-96.5938,307.7,8,1.14,13:23:39,25-Jul-2026,-0.28,1,0.003,-0.001,-9999,0.046,-2.028,-9999,1,150,0.005,2,0.058905,0,0.02923,0,0,-6.8e-05,standard,0,rectangular,7000,500,-9999,-9999,55537,55537,55537,0,-9999,0,0,0,0,2.4749,2.4625,1.6417,0.92817,0.1607,-0.018023,0.19143,0.89792,88.9621,0.000309,2.3977,-3e-05,1,2.3839,-2.4e-05,1,0.60171,0.60051,0.10664,0,PSF-00578_20260725132808_e5a,PFA-00612,PSA-00572,PSF-00578,RHS-0697,3.0.0,2026-06-15T15:17:51.144Z,DATA_DUMP_1785116825020_clean_2026-07-25.csv,25-Jul-2026,51,Pl6-R1-M1-H2-P08,25-Jul-2026 13:28:08,25-Jul-2026
17,13:28:22,25-Jul-2026,Rain_out,Climate_model,,Pl6-R1-M1-H2-P08,,,0.13996,2.9165,0.13355,3.8201,3.638,3.5364,6.2887,2.6506,36.2231,37.2642,64.4146,0.44179,7.5,PSF-00578_20260725132822_95d,0,0,0,94.85972,204.5578,0.53627,0.5,0.8,208.6874,1,53.19,51.7,38.5,36.95,36.95,97.63,156.1,154.1,1.3,973,3.848,6,-56,9,,,,,,,,18:22:20,25-Jul-2026,39.2084,-96.5938,307.7,8,1.14,13:23:39,25-Jul-2026,-0.28,1,0.004,0.002,0.009,-0.604,-2.598,2.343,1,150,0.005,2,0.058905,0,0.02923,0,0,-6.8e-05,standard,0,rectangular,7000,500,-9999,-9999,55537,55537,55537,0,-9999,0,0,0,0,2.4747,2.4622,1.6424,0.92763,0.16063,-0.019103,0.1932,0.91955,94.8597,0.000309,2.3977,-3e-05,1,2.3839,-2.4e-05,1,0.60171,0.60051,0.10664,0,PSF-00578_20260725132822_95d,PFA-00612,PSA-00572,PSF-00578,RHS-0697,3.0.0,2026-06-15T15:17:51.144Z,DATA_DUMP_1785116825020_clean_2026-07-25.csv,25-Jul-2026,52,Pl6-R1-M1-H2-P08,25-Jul-2026 13:28:22,25-Jul-2026
18,13:28:38,25-Jul-2026,Rain_out,Climate_model,,Pl6-R1-M1-H2-P08,,,0.10069,2.9169,0.097334,2.5792,3.6404,3.5718,6.0985,2.4581,36.5836,37.2863,62.4629,0.44179,7.5,PSF-00578_20260725132838_dc4,0,0,0,88.87196,273.983,0.67563,0.5,0.8,86.7355,1,53.18,52.18,38.52,36.39,36.39,97.63,156.1,154.3,1.1,321,3.874,-16,-68,30,,,,,,,,18:22:37,25-Jul-2026,39.2084,-96.5938,308.6,9,1.11,13:23:39,25-Jul-2026,-0.28,1,0.001,-0.005,0.016,-0.204,-0.362,0.29,1,150,0.005,2,0.058905,0,0.02923,0,0,-6.8e-05,standard,0,rectangular,7000,500,-9999,-9999,55537,55537,55537,0,-9999,0,0,0,0,2.4753,2.4622,1.6428,0.9282,0.16054,-0.026253,0.19519,0.37482,88.872,0.000306,2.3977,-3e-05,1,2.3839,-2.4e-05,1,0.60171,0.60051,0.10664,0,PSF-00578_20260725132838_dc4,PFA-00612,PSA-00572,PSF-00578,RHS-0697,3.0.0,2026-06-15T15:17:51.144Z,DATA_DUMP_1785116825020_clean_2026-07-25.csv,25-Jul-2026,53,Pl6-R1-M1-H2-P08,25-Jul-2026 13:28:38,25-Jul-2026
19,13:29:03,25-Jul-2026,Rain_out,Climate_model,,Pl6-R1-M1-H2-P08,,,0.08873,2.9164,0.08611,2.5475,3.6451,3.5773,6.3851,2.7401,36.6397,37.334,65.3989,0.44179,7.5,PSF-00578_20260725132903_260,0,0,0,93.11307,281.5082,0.66924,0.5,0.8,117.1528,1,53.19,52.2,38.54,37.23,37.23,97.63,156.1,154.4,1.1,438,3.883,-24,-59,28,,,,,,,,18:23:01,25-Jul-2026,39.2084,-96.5938,309,9,1.11,13:23:39,25-Jul-2026,-0.28,1,0,-0.002,-0.012,-0.128,-0.086,-0.125,1,150,0.005,2,0.058905,0,0.02923,0,0,-6.8e-05,standard,0,rectangular,7000,500,-9999,-9999,55537,55537,55537,0,-9999,0,0,0,0,2.4754,2.4622,1.6423,0.92839,0.16041,-0.016091,0.19811,0.47232,93.1131,0.000319,2.3977,-3e-05,1,2.3839,-2.4e-05,1,0.60171,0.60051,0.10664,0,PSF-00578_20260725132903_260,PFA-00612,PSA-00572,PSF-00578,RHS-0697,3.0.0,2026-06-15T15:17:51.144Z,DATA_DUMP_1785116825020_clean_2026-07-25.csv,25-Jul-2026,54,Pl6-R1-M1-H2-P08,25-Jul-2026 13:29:03,25-Jul-2026
20,13:29:15,25-Jul-2026,Rain_out,Climate_model,,Pl6-R1-M1-H2-P08,,,0.064442,2.9158,0.063049,1.8274,3.63,3.5813,6.3156,2.6856,36.6821,37.1804,64.6882,0.44179,7.5,PSF-00578_20260725132915_00f,0,0,0,92.68999,286.5057,0.67648,0.5,0.8,70.7933,1,52.92,52.21,38.55,37.03,37.03,97.63,156,154.3,1,262,3.883,-23,-70,35,,,,,,,,18:23:14,25-Jul-2026,39.2084,-96.5938,309,10,1.03,13:23:39,25-Jul-2026,-0.28,1,-0.002,-0.002,-9999,0.182,0.676,-9999,1,150,0.005,2,0.058905,0,0.02923,0,0,-6.8e-05,standard,0,rectangular,7000,500,-9999,-9999,55537,55537,55537,0,-9999,0,0,0,0,2.4754,2.4619,1.6417,0.92824,0.16031,-0.018803,0.19964,0.32525,92.69,0.000315,2.3977,-3e-05,1,2.3839,-2.4e-05,1,0.60171,0.60051,0.10664,0,PSF-00578_20260725132915_00f,PFA-00612,PSA-00572,PSF-00578,RHS-0697,3.0.0,2026-06-15T15:17:51.144Z,DATA_DUMP_1785116825020_clean_2026-07-25.csv,25-Jul-2026,55,Pl6-R1-M1-H2-P08,25-Jul-2026 13:29:15,25-Jul-2026
21,13:29:34,25-Jul-2026,Rain_out,Climate_model,,Pl6-R1-M1-H2-P08,,,0.074514,2.9172,0.072658,2.1974,3.6532,3.5947,6.453,2.7998,36.82,37.4185,66.0958,0.44179,7.5,PSF-00578_20260725132934_e0e,0,0,0,94.33293,282.7613,0.66639,0.5,0.8,83.1005,1,53.19,52.34,38.58,37.43,37.43,97.63,156.1,154.2,1.2,312,3.883,-21,-68,29,,,,,,,,18:23:32,25-Jul-2026,39.2084,-96.5938,309.1,10,1.03,13:23:39,25-Jul-2026,-0.28,1,-0.001,0.004,-0.007,0.113,-0.031,-0.221,1,150,0.005,2,0.058905,0,0.02923,0,0,-6.8e-05,standard,0,rectangular,7000,500,-9999,-9999,55537,55537,55537,0,-9999,0,0,0,0,2.4755,2.4622,1.6431,0.92799,0.16016,-0.014181,0.20169,0.36714,94.3329,0.000309,2.3977,-3e-05,1,2.3839,-2.4e-05,1,0.60171,0.60051,0.10664,0,PSF-00578_20260725132934_e0e,PFA-00612,PSA-00572,PSF-00578,RHS-0697,3.0.0,2026-06-15T15:17:51.144Z,DATA_DUMP_1785116825020_clean_2026-07-25.csv,25-Jul-2026,56,Pl6-R1-M1-H2-P08,25-Jul-2026 13:29:34,25-Jul-2026
22,13:29:46,25-Jul-2026,Rain_out,Climate_model,,Pl6-R1-M1-H2-P08,,,0.14212,2.9174,0.13552,3.7106,3.7142,3.6156,6.251,2.5368,37.0343,38.044,64.0281,0.44179,7.5,PSF-00578_20260725132946_e9f,0,0,0,97.49114,295.2551,0.66981,0.5,0.8,72.683,1,54.03,52.6,38.59,36.84,36.84,97.63,156.2,154.5,1.1,271,3.882,-22,-71,31,,,,,,,,18:23:41,25-Jul-2026,39.2084,-96.5938,309.1,10,1.03,13:23:39,25-Jul-2026,-0.28,1,-0.007,-0.003,-9999,0.288,0.83,-9999,1,150,0.005,2,0.058905,0,0.02923,0,0,-6.8e-05,standard,0,rectangular,7000,500,-9999,-9999,55537,55537,55537,0,-9999,0,0,0,0,2.4759,2.4633,1.6433,0.92861,0.16006,-0.02164,0.20297,0.33332,97.4911,0.000309,2.3977,-3e-05,1,2.3839,-2.4e-05,1,0.60171,0.60051,0.10664,0,PSF-00578_20260725132946_e9f,PFA-00612,PSA-00572,PSF-00578,RHS-0697,3.0.0,2026-06-15T15:17:51.144Z,DATA_DUMP_1785116825020_clean_2026-07-25.csv,25-Jul-2026,57,Pl6-R1-M1-H2-P08,25-Jul-2026 13:29:46,25-Jul-2026
23,13:30:15,25-Jul-2026,Rain_out,Climate_model,,Pl6-R1-M1-H2-P08,,,0.34888,2.9169,0.31161,7.2244,3.8982,3.7066,6.0465,2.1483,37.9643,39.9271,61.9304,0.44179,7.5,PSF-00578_20260725133015_1a2,0,0,0,82.83055,208.7395,0.60319,0.5,0.8,340.165,1,56.64,53.86,38.61,36.24,36.24,97.63,156.1,153.9,1.4,1410,3.88,-7,-29,11,,,,,,,,18:24:14,25-Jul-2026,39.2084,-96.5938,309,12,0.81,13:23:39,25-Jul-2026,-0.28,1,0.006,-0.002,0.02,-8.408,-3.255,-4.85,1,150,0.005,2,0.058905,0,0.02923,0,0,-6.8e-05,standard,0,rectangular,7000,500,-9999,-9999,55537,55537,55537,0,-9999,0,0,0,0,2.4775,2.4666,1.6428,0.92714,0.15993,-0.029431,0.20646,1.2847,82.8306,0.000308,2.3977,-3e-05,1,2.3839,-2.4e-05,1,0.60171,0.60051,0.10664,0,PSF-00578_20260725133015_1a2,PFA-00612,PSA-00572,PSF-00578,RHS-0697,3.0.0,2026-06-15T15:17:51.144Z,DATA_DUMP_1785116825020_clean_2026-07-25.csv,25-Jul-2026,58,Pl6-R1-M1-H2-P08,25-Jul-2026 13:30:15,25-Jul-2026
24,13:30:32,25-Jul-2026,Rain_out,Climate_model,,Pl6-R1-M1-H2-P08,,,0.38396,2.9169,0.3393,7.5811,4.0315,3.8307,6.0998,2.0683,39.2355,41.2923,62.4765,0.44179,7.5,PSF-00578_20260725133032_1e8,0,0,0,87.43,190.9461,0.54212,0.5,0.8,291.3471,1,58.54,55.62,38.63,36.4,36.4,97.63,156.1,153.9,1.4,1344,3.843,-12,-33,11,,,,,,,,18:24:30,25-Jul-2026,39.2084,-96.5938,309,12,0.81,13:23:39,25-Jul-2026,-0.28,1,0.003,0.001,0.015,0.553,1.37,1.529,1,150,0.005,2,0.058905,0,0.02923,0,0,-6.8e-05,standard,0,rectangular,7000,500,-9999,-9999,55537,55537,55537,0,-9999,0,0,0,0,2.4797,2.469,1.6428,0.92705,0.15985,-0.027614,0.2084,1.2293,87.43,0.00031,2.3977,-3e-05,1,2.3839,-2.4e-05,1,0.60171,0.60051,0.10664,0,PSF-00578_20260725133032_1e8,PFA-00612,PSA-00572,PSF-00578,RHS-0697,3.0.0,2026-06-15T15:17:51.144Z,DATA_DUMP_1785116825020_clean_2026-07-25.csv,25-Jul-2026,59,Pl6-R1-M1-H2-P08,25-Jul-2026 13:30:32,25-Jul-2026
25,13:30:54,25-Jul-2026,Rain_out,Climate_model,,Pl6-R1-M1-H2-P08,,,0.41812,2.9168,0.36569,8.2684,4.0058,3.7867,6.099,2.0933,38.7849,41.0291,62.4692,0.44179,7.5,PSF-00578_20260725133054_b4a,0,0,0,91.35675,206.6027,0.55781,0.5,0.8,301.3824,1,58.1,54.92,38.65,36.39,36.39,97.63,156.1,153.8,1.5,1351,3.88,-9,-34,9,,,,,,,,18:24:53,25-Jul-2026,39.2084,-96.5939,309.7,13,0.81,13:23:39,25-Jul-2026,-0.28,1,0.008,0.004,0.014,-5.762,-3.129,-2.367,1,150,0.005,2,0.058905,0,0.02923,0,0,-6.8e-05,standard,0,rectangular,7000,500,-9999,-9999,55537,55537,55537,0,-9999,0,0,0,0,2.4788,2.4684,1.6427,0.92688,0.15972,-0.02791,0.21099,1.2353,91.3568,0.000307,2.3977,-3e-05,1,2.3839,-2.4e-05,1,0.60171,0.60051,0.10664,0,PSF-00578_20260725133054_b4a,PFA-00612,PSA-00572,PSF-00578,RHS-0697,3.0.0,2026-06-15T15:17:51.144Z,DATA_DUMP_1785116825020_clean_2026-07-25.csv,25-Jul-2026,60,Pl6-R1-M1-H2-P08,25-Jul-2026 13:30:54,25-Jul-2026
26,13:31:14,25-Jul-2026,Rain_out,Climate_model,,Pl6-R1-M1-H2-P08,,,0.045783,2.9174,0.045076,1.2342,3.7438,3.711,6.2799,2.5361,38.0092,38.3449,64.3201,0.44179,7.5,PSF-00578_20260725133114_e09,0,0,0,86.79127,295.7443,0.70653,0.5,0.8,5.4615,1,54.28,53.8,38.66,36.93,36.93,97.64,156.2,154.3,1.2,19,3.881,-13,33,7,,,,,,,,18:25:12,25-Jul-2026,39.2084,-96.5938,309.8,13,0.81,13:23:39,25-Jul-2026,-0.28,1,0.001,0.004,-9999,0.033,0.23,-9999,1,150,0.005,2,0.058905,0,0.02923,0,0,-6.8e-05,standard,0,rectangular,7000,500,-9999,-9999,55537,55537,55537,0,-9999,0,0,0,0,2.4774,2.4636,1.6433,0.92822,0.15967,-0.021397,0.21326,0.12279,86.7913,0.000306,2.3977,-3e-05,1,2.3839,-2.4e-05,1,0.60171,0.60051,0.10664,0,PSF-00578_20260725133114_e09,PFA-00612,PSA-00572,PSF-00578,RHS-0697,3.0.0,2026-06-15T15:17:51.144Z,DATA_DUMP_1785116825020_clean_2026-07-25.csv,25-Jul-2026,61,Pl6-R1-M1-H2-P08,25-Jul-2026 13:31:14,25-Jul-2026
27,13:31:29,25-Jul-2026,Rain_out,Climate_model,,Pl6-R1-M1-H2-P08,,,0.037997,2.9167,0.037508,1.0954,3.7719,3.7428,6.4736,2.7018,38.3344,38.6325,66.3047,0.44179,7.5,PSF-00578_20260725133129_78f,0,0,0,87.24189,299.2401,0.70845,0.5,0.8,6.5805,1,54.66,54.24,38.66,37.48,37.48,97.63,156.1,154.1,1.3,23,3.847,-12,27,12,,,,,,,,18:25:27,25-Jul-2026,39.2084,-96.5938,309.7,13,0.81,13:23:39,25-Jul-2026,-0.28,1,-0.001,0,-9999,0.113,0.245,-9999,1,150,0.005,2,0.058905,0,0.02923,0,0,-6.8e-05,standard,0,rectangular,7000,500,-9999,-9999,55537,55537,55537,0,-9999,0,0,0,0,2.478,2.4641,1.6426,0.92763,0.15962,-0.014544,0.2149,0.12604,87.2419,0.000315,2.3977,-3e-05,1,2.3839,-2.4e-05,1,0.60171,0.60051,0.10664,0,PSF-00578_20260725133129_78f,PFA-00612,PSA-00572,PSF-00578,RHS-0697,3.0.0,2026-06-15T15:17:51.144Z,DATA_DUMP_1785116825020_clean_2026-07-25.csv,25-Jul-2026,62,Pl6-R1-M1-H2-P08,25-Jul-2026 13:31:29,25-Jul-2026
28,13:31:40,25-Jul-2026,Rain_out,Climate_model,,Pl6-R1-M1-H2-P08,,,0.047268,2.9171,0.046515,1.3412,3.8095,3.7739,6.4762,2.6667,38.6557,39.0204,66.3354,0.44179,7.5,PSF-00578_20260725133140_bc2,0,0,0,91.51876,315.4864,0.70991,0.5,0.8,6.591,1,55.19,54.67,38.67,37.49,37.49,97.63,156.1,154.4,1.1,23,3.88,-7,33,9,,,,,,,,18:25:39,25-Jul-2026,39.2084,-96.5938,310.5,14,0.8,13:23:39,25-Jul-2026,-0.28,1,0,0.001,-9999,0.432,0.751,-9999,1,150,0.005,2,0.058905,0,0.02923,0,0,-6.8e-05,standard,0,rectangular,7000,500,-9999,-9999,55537,55537,55537,0,-9999,0,0,0,0,2.4785,2.4647,1.643,0.92826,0.15959,-0.014519,0.21623,0.12604,91.5188,0.000313,2.3977,-3e-05,1,2.3839,-2.4e-05,1,0.60171,0.60051,0.10664,0,PSF-00578_20260725133140_bc2,PFA-00612,PSA-00572,PSF-00578,RHS-0697,3.0.0,2026-06-15T15:17:51.144Z,DATA_DUMP_1785116825020_clean_2026-07-25.csv,25-Jul-2026,63,Pl6-R1-M1-H2-P08,25-Jul-2026 13:31:40,25-Jul-2026
29,13:32:19,25-Jul-2026,Rain_out,Climate_model,,Pl6-R1-M1-H2-P08,,,0.05535,2.9165,0.054319,1.4235,3.8315,3.7937,6.2576,2.4261,38.8594,39.2466,64.0978,0.44179,7.5,PSF-00578_20260725133219_6d3,0,0,0,109.0257,318.8993,0.65812,0.5,0.8,123.1621,1,55.33,54.79,38.73,36.86,36.86,97.63,156.1,154.1,1.2,468,3.864,27,54,251,,,,,,,,18:26:16,25-Jul-2026,39.2084,-96.5938,311.1,14,0.8,13:23:39,25-Jul-2026,-0.28,1,0.002,0.005,-9999,0.239,0.395,-9999,1,150,0.005,2,0.058905,0,0.02923,0,0,-6.8e-05,standard,0,rectangular,7000,500,-9999,-9999,55537,55537,55537,0,-9999,0,0,0,0,2.4787,2.4649,1.6423,0.92765,0.15923,-0.023115,0.22052,0.49757,109.0257,0.000306,2.3977,-3e-05,1,2.3839,-2.4e-05,1,0.60171,0.60051,0.10664,0,PSF-00578_20260725133219_6d3,PFA-00612,PSA-00572,PSF-00578,RHS-0697,3.0.0,2026-06-15T15:17:51.144Z,DATA_DUMP_1785116825020_clean_2026-07-25.csv,25-Jul-2026,64,Pl6-R1-M1-H2-P08,25-Jul-2026 13:32:19,25-Jul-2026
39,16:20:02,25-Jul-2026,Rain_out,Climate_model,,Pl6-R1-M1-H2-P08,,,0.18269,2.9174,0.17192,5.136,3.6554,3.519,6.4193,2.7638,36.0721,37.4706,65.8016,0.44179,7.5,PSF-00578_20260725162002_ffb,0,0,0,90.50238,137.1188,0.33997,0.5,0.8,227.1721,1,60.11,57.87,36.34,37.33,37.33,97.56,156.2,154.4,1.1,1671,3.851,-16,-5,263,,,,,,,,21:14:00,25-Jul-2026,39.2084,-96.5939,319.9,15,0.71,16:16:20,25-Jul-2026,-0.47,1,0.002,0.004,0.012,-0.278,-0.844,-0.34,1,150,0.005,2,0.058905,0,0.02923,0,0,-6.8e-05,standard,0,rectangular,7000,500,-9999,-9999,55537,55537,55537,0,-9999,0,0,0,0,2.483,2.4716,1.6434,0.92846,0.17458,0.012516,0.22786,1.5025,90.5024,0.000295,2.3977,-3e-05,1,2.3839,-2.4e-05,1,0.60171,0.60051,0.10664,0,PSF-00578_20260725162002_ffb,PFA-00612,PSA-00572,PSF-00578,RHS-0697,3.0.0,2026-06-15T15:17:51.144Z,DATA_DUMP_1785116825020_clean_2026-07-25.csv,25-Jul-2026,86,Pl6-R1-M1-H2-P08,25-Jul-2026 16:20:02,25-Jul-2026
40,16:20:41,25-Jul-2026,Rain_out,Climate_model,,Pl6-R1-M1-H2-P08,,,0.1949,2.9153,0.18269,5.8611,3.6601,3.5042,6.6249,2.9648,35.9206,37.5191,67.9103,0.44179,7.5,PSF-00578_20260725162041_978,0,0,0,88.03296,128.4907,0.31487,0.5,0.8,228.2195,1,59.38,56.85,36.59,37.91,37.91,97.55,155.9,154.7,0.8,1812,3.856,-21,0,282,,,,,,,,21:14:39,25-Jul-2026,39.2084,-96.5939,319.9,16,0.69,16:16:20,25-Jul-2026,-0.47,1,-0.003,-0.005,0.019,-0.232,-0.578,0.051,1,150,0.005,2,0.058905,0,0.02923,0,0,-6.8e-05,standard,0,rectangular,7000,500,-9999,-9999,55537,55537,55537,0,-9999,0,0,0,0,2.4817,2.4706,1.6412,0.92903,0.17292,0.016729,0.2319,1.6207,88.033,0.000295,2.3977,-3e-05,1,2.3839,-2.4e-05,1,0.60171,0.60051,0.10664,0,PSF-00578_20260725162041_978,PFA-00612,PSA-00572,PSF-00578,RHS-0697,3.0.0,2026-06-15T15:17:51.144Z,DATA_DUMP_1785116825020_clean_2026-07-25.csv,25-Jul-2026,87,Pl6-R1-M1-H2-P08,25-Jul-2026 16:20:41,25-Jul-2026
41,16:21:02,25-Jul-2026,Rain_out,Climate_model,,Pl6-R1-M1-H2-P08,,,0.23894,2.9158,0.22084,6.9773,3.684,3.4984,6.6039,2.9199,35.8587,37.7603,67.6891,0.44179,7.5,PSF-00578_20260725162102_77e,0,0,0,89.5114,132.5938,0.32492,0.5,0.8,227.709,1,59.34,56.35,36.72,37.85,37.85,97.56,156,154.4,1,1752,3.823,-17,-2,283,,,,,,,,21:15:00,25-Jul-2026,39.2084,-96.5939,320.7,16,0.69,16:16:20,25-Jul-2026,-0.47,1,-0.006,-0.005,0.014,-0.289,0.217,0.131,1,150,0.005,2,0.058905,0,0.02923,0,0,-6.8e-05,standard,0,rectangular,7000,500,-9999,-9999,55537,55537,55537,0,-9999,0,0,0,0,2.481,2.4706,1.6417,0.92829,0.17205,0.014366,0.23406,1.5706,89.5114,0.000296,2.3977,-3e-05,1,2.3839,-2.4e-05,1,0.60171,0.60051,0.10664,0,PSF-00578_20260725162102_77e,PFA-00612,PSA-00572,PSF-00578,RHS-0697,3.0.0,2026-06-15T15:17:51.144Z,DATA_DUMP_1785116825020_clean_2026-07-25.csv,25-Jul-2026,88,Pl6-R1-M1-H2-P08,25-Jul-2026 16:21:02,25-Jul-2026
42,16:21:21,25-Jul-2026,Rain_out,Climate_model,,Pl6-R1-M1-H2-P08,,,0.057614,2.9172,0.056498,1.5452,3.5542,3.5131,6.0906,2.5364,36.0086,36.4299,62.4273,0.44179,7.5,PSF-00578_20260725162121_1a7,0,0,0,84.50925,239.238,0.64676,0.5,0.8,112.4806,1,56.89,56.23,36.83,36.37,36.37,97.56,156.1,154.6,1,435,3.851,-19,-41,291,,,,,,,,21:15:19,25-Jul-2026,39.2084,-96.5939,320.4,16,0.69,16:16:20,25-Jul-2026,-0.47,1,0.003,0.004,0.013,-18.083,7.585,3.302,1,150,0.005,2,0.058905,0,0.02923,0,0,-6.8e-05,standard,0,rectangular,7000,500,-9999,-9999,55537,55537,55537,0,-9999,0,0,0,0,2.4809,2.4674,1.6431,0.92896,0.17128,-0.00552,0.23594,0.46994,84.5093,0.000311,2.3977,-3e-05,1,2.3839,-2.4e-05,1,0.60171,0.60051,0.10664,0,PSF-00578_20260725162121_1a7,PFA-00612,PSA-00572,PSF-00578,RHS-0697,3.0.0,2026-06-15T15:17:51.144Z,DATA_DUMP_1785116825020_clean_2026-07-25.csv,25-Jul-2026,89,Pl6-R1-M1-H2-P08,25-Jul-2026 16:21:21,25-Jul-2026
43,16:21:38,25-Jul-2026,Rain_out,Climate_model,,Pl6-R1-M1-H2-P08,,,0.025873,2.9171,0.025645,0.76665,3.4514,3.431,6.2232,2.7719,35.1679,35.3771,63.7892,0.44179,7.5,PSF-00578_20260725162138_a16,0,0,0,88.66132,164.119,0.45977,0.5,0.8,136.2782,1,54.97,54.65,36.92,36.76,36.76,97.56,156.1,154.5,1.1,741,3.855,-14,-49,289,,,,,,,,21:15:36,25-Jul-2026,39.2084,-96.5939,320,15,0.71,16:16:20,25-Jul-2026,-0.47,1,0.001,-0.001,-9999,-14.48,-8.731,-9999,1,150,0.005,2,0.058905,0,0.02923,0,0,-6.8e-05,standard,0,rectangular,7000,500,-9999,-9999,55537,55537,55537,0,-9999,0,0,0,0,2.4788,2.465,1.643,0.92858,0.17069,-0.001776,0.23753,0.72581,88.6613,0.00031,2.3977,-3e-05,1,2.3839,-2.4e-05,1,0.60171,0.60051,0.10664,0,PSF-00578_20260725162138_a16,PFA-00612,PSA-00572,PSF-00578,RHS-0697,3.0.0,2026-06-15T15:17:51.144Z,DATA_DUMP_1785116825020_clean_2026-07-25.csv,25-Jul-2026,90,Pl6-R1-M1-H2-P08,25-Jul-2026 16:21:38,25-Jul-2026
45,16:22:09,25-Jul-2026,Rain_out,Climate_model,,Pl6-R1-M1-H2-P08,,,0.067079,2.9164,0.065571,1.9068,3.4631,3.4123,6.1599,2.6968,34.9814,35.502,63.1481,0.44179,7.5,PSF-00578_20260725162209_d3d,0,0,0,118.2246,239.2523,0.50586,0.5,0.8,151.5452,1,54.71,53.91,37.07,36.57,36.57,97.55,156.1,154.5,1,749,3.855,5,-41,273,,,,,,,,21:16:04,25-Jul-2026,39.2084,-96.5939,320.1,15,0.69,16:16:20,25-Jul-2026,-0.47,1,-0.002,0.001,0.022,-1.767,-9.84,-8.146,1,150,0.005,2,0.058905,0,0.02923,0,0,-6.8e-05,standard,0,rectangular,7000,500,-9999,-9999,55537,55537,55537,0,-9999,0,0,0,0,2.4778,2.4646,1.6423,0.92874,0.1697,-0.005949,0.24028,0.73245,118.2246,0.000235,2.3977,-3e-05,1,2.3839,-2.4e-05,1,0.60171,0.60051,0.10664,0,PSF-00578_20260725162209_d3d,PFA-00612,PSA-00572,PSF-00578,RHS-0697,3.0.0,2026-06-15T15:17:51.144Z,DATA_DUMP_1785116825020_clean_2026-07-25.csv,25-Jul-2026,91,Pl6-R1-M1-H2-P08,25-Jul-2026 16:22:09,25-Jul-2026
46,16:22:22,25-Jul-2026,Rain_out,Climate_model,,Pl6-R1-M1-H2-P08,,,0.055707,2.9162,0.054663,1.6632,3.4782,3.4339,6.2977,2.8195,35.2003,35.6544,64.5568,0.44179,7.5,PSF-00578_20260725162222_c88,0,0,0,97.83375,229.3696,0.57347,0.5,0.8,167.1752,1,54.77,54.07,37.13,36.98,36.98,97.55,156,154.3,1.1,729,3.85,0,-46,276,,,,,,,,21:16:20,25-Jul-2026,39.2084,-96.5939,319.7,16,0.69,16:16:20,25-Jul-2026,-0.47,1,-0.001,0,0.017,-2.75,-4.665,-6.148,1,150,0.005,2,0.058905,0,0.02923,0,0,-6.8e-05,standard,0,rectangular,7000,500,-9999,-9999,55537,55537,55537,0,-9999,0,0,0,0,2.478,2.4647,1.642,0.92801,0.16931,-0.001671,0.24148,0.71561,97.8338,0.000239,2.3977,-3e-05,1,2.3839,-2.4e-05,1,0.60171,0.60051,0.10664,0,PSF-00578_20260725162222_c88,PFA-00612,PSA-00572,PSF-00578,RHS-0697,3.0.0,2026-06-15T15:17:51.144Z,DATA_DUMP_1785116825020_clean_2026-07-25.csv,25-Jul-2026,92,Pl6-R1-M1-H2-P08,25-Jul-2026 16:22:22,25-Jul-2026
47,16:22:36,25-Jul-2026,Rain_out,Climate_model,,Pl6-R1-M1-H2-P08,,,0.027519,2.9167,0.027262,0.8485,3.4223,3.3997,6.3071,2.8848,34.8494,35.0812,64.653,0.44179,7.5,PSF-00578_20260725162236_686,0,0,0,110.8396,220.4404,0.49719,0.5,0.8,170.1593,1,53.69,53.34,37.2,37.01,37.01,97.55,156.1,154.3,1.1,856,3.855,-1,-44,287,,,,,,,,21:16:34,25-Jul-2026,39.2084,-96.5939,319.7,16,0.69,16:16:20,25-Jul-2026,-0.47,1,-0.002,-0.002,0.015,-1.251,-3.427,-12.241,1,150,0.005,2,0.058905,0,0.02923,0,0,-6.8e-05,standard,0,rectangular,7000,500,-9999,-9999,55537,55537,55537,0,-9999,0,0,0,0,2.4771,2.4633,1.6426,0.92811,0.16887,-0.002167,0.24277,0.82157,110.8396,0.000297,2.3977,-3e-05,1,2.3839,-2.4e-05,1,0.60171,0.60051,0.10664,0,PSF-00578_20260725162236_686,PFA-00612,PSA-00572,PSF-00578,RHS-0697,3.0.0,2026-06-15T15:17:51.144Z,DATA_DUMP_1785116825020_clean_2026-07-25.csv,25-Jul-2026,93,Pl6-R1-M1-H2-P08,25-Jul-2026 16:22:36,25-Jul-2026
48,16:22:54,25-Jul-2026,Rain_out,Climate_model,,Pl6-R1-M1-H2-P08,,,0.25398,2.917,0.23363,6.3066,3.5838,3.4161,6.0866,2.5028,35.0173,36.7363,62.392,0.44179,7.5,PSF-00578_20260725162254_63b,0,0,0,86.63034,159.1469,0.45566,0.5,0.8,218.4774,1,55.97,53.35,37.28,36.36,36.36,97.56,156.1,154.4,1.1,1199,3.854,-8,-31,290,,,,,,,,21:16:52,25-Jul-2026,39.2084,-96.5939,320.3,16,0.69,16:16:20,25-Jul-2026,-0.47,1,0,-0.001,0.015,0.098,0.297,0.866,1,150,0.005,2,0.058905,0,0.02923,0,0,-6.8e-05,standard,0,rectangular,7000,500,-9999,-9999,55537,55537,55537,0,-9999,0,0,0,0,2.4771,2.4662,1.643,0.92833,0.16833,-0.01127,0.24436,1.1082,86.6303,0.000308,2.3977,-3e-05,1,2.3839,-2.4e-05,1,0.60171,0.60051,0.10664,0,PSF-00578_20260725162254_63b,PFA-00612,PSA-00572,PSF-00578,RHS-0697,3.0.0,2026-06-15T15:17:51.144Z,DATA_DUMP_1785116825020_clean_2026-07-25.csv,25-Jul-2026,94,Pl6-R1-M1-H2-P08,25-Jul-2026 16:22:54,25-Jul-2026
49,16:23:12,25-Jul-2026,Rain_out,Climate_model,,Pl6-R1-M1-H2-P08,,,0.24044,2.9164,0.22212,6.2632,3.6015,3.4349,6.2137,2.6122,35.2123,36.92,63.6981,0.44179,7.5,PSF-00578_20260725162312_3db,0,0,0,90.6272,160.7841,0.43634,0.5,0.8,222.3757,1,56.01,53.42,37.36,36.73,36.73,97.55,156,154.5,1,1274,3.854,-9,-29,291,,,,,,,,21:17:10,25-Jul-2026,39.2084,-96.5939,320.9,18,0.63,16:16:20,25-Jul-2026,-0.47,1,-0.001,0.001,0.009,-0.063,-0.058,0.352,1,150,0.005,2,0.058905,0,0.02923,0,0,-6.8e-05,standard,0,rectangular,7000,500,-9999,-9999,55537,55537,55537,0,-9999,0,0,0,0,2.4772,2.4662,1.6423,0.92852,0.16784,-0.007546,0.24605,1.1712,90.6272,0.00031,2.3977,-3e-05,1,2.3839,-2.4e-05,1,0.60171,0.60051,0.10664,0,PSF-00578_20260725162312_3db,PFA-00612,PSA-00572,PSF-00578,RHS-0697,3.0.0,2026-06-15T15:17:51.144Z,DATA_DUMP_1785116825020_clean_2026-07-25.csv,25-Jul-2026,95,Pl6-R1-M1-H2-P08,25-Jul-2026 16:23:12,25-Jul-2026
50,16:23:33,25-Jul-2026,Rain_out,Climate_model,,Pl6-R1-M1-H2-P08,,,0.067681,2.9173,0.066147,2.0395,3.4525,3.3982,6.3098,2.8573,34.8352,35.3918,64.6827,0.44179,7.5,PSF-00578_20260725162333_0d1,0,0,0,129.4001,244.2101,0.47013,0.5,0.8,119.7058,1,53.4,52.56,37.46,37.01,37.01,97.55,156.2,154.3,1.2,637,3.853,28,51,33,,,,,,,,21:17:29,25-Jul-2026,39.2084,-96.5939,320.9,18,0.63,16:16:20,25-Jul-2026,-0.47,1,-0.003,-0.002,0.025,-1.654,11.787,6.605,1,150,0.005,2,0.058905,0,0.02923,0,0,-6.8e-05,standard,0,rectangular,7000,500,-9999,-9999,55537,55537,55537,0,-9999,0,0,0,0,2.476,2.4629,1.6432,0.92801,0.16719,-0.0053,0.24803,0.63854,129.4001,0.000311,2.3977,-3e-05,1,2.3839,-2.4e-05,1,0.60171,0.60051,0.10664,0,PSF-00578_20260725162333_0d1,PFA-00612,PSA-00572,PSF-00578,RHS-0697,3.0.0,2026-06-15T15:17:51.144Z,DATA_DUMP_1785116825020_clean_2026-07-25.csv,25-Jul-2026,96,Pl6-R1-M1-H2-P08,25-Jul-2026 16:23:33,25-Jul-2026
51,16:23:51,25-Jul-2026,Rain_out,Climate_model,,Pl6-R1-M1-H2-P08,,,0.13555,2.9168,0.12953,3.5788,3.5435,3.4483,6.1055,2.562,35.3482,36.3243,62.5876,0.44179,7.5,PSF-00578_20260725162351_34a,0,0,0,85.28888,196.7003,0.5664,0.5,0.8,272.5834,1,54.61,53.14,37.53,36.41,36.41,97.55,156.1,154.4,1.1,1203,3.851,23,44,36,,,,,,,,21:17:49,25-Jul-2026,39.2084,-96.5939,321.1,17,0.66,16:16:20,25-Jul-2026,-0.47,1,0.003,0.001,-0.009,-0.52,9.182,10.5,1,150,0.005,2,0.058905,0,0.02923,0,0,-6.8e-05,standard,0,rectangular,7000,500,-9999,-9999,55537,55537,55537,0,-9999,0,0,0,0,2.4768,2.4644,1.6427,0.92832,0.16675,-0.013613,0.2497,1.112,85.2889,0.000317,2.3977,-3e-05,1,2.3839,-2.4e-05,1,0.60171,0.60051,0.10664,0,PSF-00578_20260725162351_34a,PFA-00612,PSA-00572,PSF-00578,RHS-0697,3.0.0,2026-06-15T15:17:51.144Z,DATA_DUMP_1785116825020_clean_2026-07-25.csv,25-Jul-2026,97,Pl6-R1-M1-H2-P08,25-Jul-2026 16:23:51,25-Jul-2026
52,16:24:06,25-Jul-2026,Rain_out,Climate_model,,Pl6-R1-M1-H2-P08,,,0.12637,2.9175,0.12112,3.1221,3.5681,3.4851,5.9599,2.3917,35.7263,36.5771,61.0948,0.44179,7.5,PSF-00578_20260725162406_960,0,0,0,83.69315,186.264,0.55068,0.5,0.8,317.5773,1,54.83,53.55,37.58,35.97,35.97,97.55,156.2,154.5,1.1,1442,3.815,-7,-62,16,,,,,,,,21:18:04,25-Jul-2026,39.2084,-96.5939,321.1,17,0.64,16:16:20,25-Jul-2026,-0.47,1,-0.001,0.003,0.013,0.47,1.491,4.231,1,150,0.005,2,0.058905,0,0.02923,0,0,-6.8e-05,standard,0,rectangular,7000,500,-9999,-9999,55537,55537,55537,0,-9999,0,0,0,0,2.4773,2.4647,1.6434,0.92859,0.16641,-0.019697,0.25103,1.3114,83.6931,0.000301,2.3977,-3e-05,1,2.3839,-2.4e-05,1,0.60171,0.60051,0.10664,0,PSF-00578_20260725162406_960,PFA-00612,PSA-00572,PSF-00578,RHS-0697,3.0.0,2026-06-15T15:17:51.144Z,DATA_DUMP_1785116825020_clean_2026-07-25.csv,25-Jul-2026,98,Pl6-R1-M1-H2-P08,25-Jul-2026 16:24:06,25-Jul-2026
53,16:24:18,25-Jul-2026,Rain_out,Climate_model,,Pl6-R1-M1-H2-P08,,,0.14549,2.9171,0.13858,3.633,3.5787,3.4821,6.0103,2.4316,35.6949,36.6852,61.6121,0.44179,7.5,PSF-00578_20260725162418_ab5,0,0,0,84.54037,182.6559,0.53716,0.5,0.8,338.119,1,54.87,53.39,37.62,36.13,36.13,97.55,156.1,154.4,1.1,1574,3.84,-12,-50,11,,,,,,,,21:18:16,25-Jul-2026,39.2084,-96.5939,321.1,17,0.64,16:16:20,25-Jul-2026,-0.47,1,0.003,0,-9999,1.228,3.028,-9999,1,150,0.005,2,0.058905,0,0.02923,0,0,-6.8e-05,standard,0,rectangular,7000,500,-9999,-9999,55537,55537,55537,0,-9999,0,0,0,0,2.4771,2.4647,1.643,0.92838,0.16614,-0.018325,0.2521,1.4215,84.5404,0.000311,2.3977,-3e-05,1,2.3839,-2.4e-05,1,0.60171,0.60051,0.10664,0,PSF-00578_20260725162418_ab5,PFA-00612,PSA-00572,PSF-00578,RHS-0697,3.0.0,2026-06-15T15:17:51.144Z,DATA_DUMP_1785116825020_clean_2026-07-25.csv,25-Jul-2026,99,Pl6-R1-M1-H2-P08,25-Jul-2026 16:24:18,25-Jul-2026
54,16:24:32,25-Jul-2026,Rain_out,Climate_model,,Pl6-R1-M1-H2-P08,,,0.14227,2.9165,0.13565,3.4606,3.6482,3.5562,6.0137,2.3655,36.4529,37.396,61.6439,0.44179,7.5,PSF-00578_20260725162432_795,0,0,0,89.13088,207.7997,0.57107,0.5,0.8,363.0299,1,55.8,54.39,37.67,36.14,36.14,97.55,156.1,154.1,1.3,1589,3.85,-10,-50,11,,,,,,,,21:18:30,25-Jul-2026,39.2084,-96.5939,321,17,0.65,16:16:20,25-Jul-2026,-0.47,1,0.003,-0.001,0.01,0.56,1.101,3.274,1,150,0.005,2,0.058905,0,0.02923,0,0,-6.8e-05,standard,0,rectangular,7000,500,-9999,-9999,55537,55537,55537,0,-9999,0,0,0,0,2.4783,2.4659,1.6424,0.92756,0.16585,-0.018767,0.25332,1.4346,89.1309,0.000307,2.3977,-3e-05,1,2.3839,-2.4e-05,1,0.60171,0.60051,0.10664,0,PSF-00578_20260725162432_795,PFA-00612,PSA-00572,PSF-00578,RHS-0697,3.0.0,2026-06-15T15:17:51.144Z,DATA_DUMP_1785116825020_clean_2026-07-25.csv,25-Jul-2026,100,Pl6-R1-M1-H2-P08,25-Jul-2026 16:24:32,25-Jul-2026
55,16:24:46,25-Jul-2026,Rain_out,Climate_model,,Pl6-R1-M1-H2-P08,,,0.12811,2.9158,0.12272,3.2758,3.6088,3.5217,6.0835,2.4746,36.1004,36.9939,62.3611,0.44179,7.5,PSF-00578_20260725162446_dab,0,0,0,85.78348,194.8292,0.5597,0.5,0.8,365.6172,1,55.06,53.73,37.71,36.35,36.35,97.55,156,154.6,0.9,1633,3.85,-10,-48,9,,,,,,,,21:18:43,25-Jul-2026,39.2084,-96.5939,321.1,18,0.63,16:16:20,25-Jul-2026,-0.47,1,0.003,0.001,0.023,0.943,2.333,5.628,1,150,0.005,2,0.058905,0,0.02923,0,0,-6.8e-05,standard,0,rectangular,7000,500,-9999,-9999,55537,55537,55537,0,-9999,0,0,0,0,2.4775,2.465,1.6417,0.92882,0.16558,-0.016717,0.25451,1.4712,85.7835,0.000321,2.3977,-3e-05,1,2.3839,-2.4e-05,1,0.60171,0.60051,0.10664,0,PSF-00578_20260725162446_dab,PFA-00612,PSA-00572,PSF-00578,RHS-0697,3.0.0,2026-06-15T15:17:51.144Z,DATA_DUMP_1785116825020_clean_2026-07-25.csv,25-Jul-2026,101,Pl6-R1-M1-H2-P08,25-Jul-2026 16:24:46,25-Jul-2026
56,16:25:02,25-Jul-2026,Rain_out,Climate_model,,Pl6-R1-M1-H2-P08,,,0.069578,2.9169,0.067957,1.6966,3.6363,3.5913,5.952,2.3157,36.8144,37.2766,61.015,0.44179,7.5,PSF-00578_20260725162502_c2b,0,0,0,88.20927,209.4054,0.57876,0.5,0.8,160.4364,1,55.33,54.65,37.76,35.95,35.95,97.55,156.1,154.3,1.2,693,3.843,-23,-74,34,,,,,,,,21:19:00,25-Jul-2026,39.2084,-96.5939,321.2,18,0.63,16:16:20,25-Jul-2026,-0.47,1,-0.001,0,0.014,0.295,1.134,2.417,1,150,0.005,2,0.058905,0,0.02923,0,0,-6.8e-05,standard,0,rectangular,7000,500,-9999,-9999,55537,55537,55537,0,-9999,0,0,0,0,2.4787,2.4653,1.6428,0.92802,0.16526,-0.022244,0.25593,0.68571,88.2093,0.000308,2.3977,-3e-05,1,2.3839,-2.4e-05,1,0.60171,0.60051,0.10664,0,PSF-00578_20260725162502_c2b,PFA-00612,PSA-00572,PSF-00578,RHS-0697,3.0.0,2026-06-15T15:17:51.144Z,DATA_DUMP_1785116825020_clean_2026-07-25.csv,25-Jul-2026,102,Pl6-R1-M1-H2-P08,25-Jul-2026 16:25:02,25-Jul-2026
57,16:25:18,25-Jul-2026,Rain_out,Climate_model,,Pl6-R1-M1-H2-P08,,,0.04638,2.9162,0.045654,1.2393,3.5425,3.5095,6.0601,2.5177,35.9776,36.3157,62.126,0.44179,7.5,PSF-00578_20260725162518_79c,0,0,0,89.77782,215.2963,0.583,0.5,0.8,166.7876,1,53.79,53.29,37.8,36.28,36.28,97.55,156,154.3,1.1,715,3.848,-27,-70,33,,,,,,,,21:19:16,25-Jul-2026,39.2084,-96.5939,321.4,18,0.63,16:16:20,25-Jul-2026,-0.47,1,-0.004,0,-0.012,0.292,0.572,1.048,1,150,0.005,2,0.058905,0,0.02923,0,0,-6.8e-05,standard,0,rectangular,7000,500,-9999,-9999,55537,55537,55537,0,-9999,0,0,0,0,2.4769,2.4634,1.6421,0.92812,0.16501,-0.018693,0.2573,0.70426,89.7778,0.000309,2.3977,-3e-05,1,2.3839,-2.4e-05,1,0.60171,0.60051,0.10664,0,PSF-00578_20260725162518_79c,PFA-00612,PSA-00572,PSF-00578,RHS-0697,3.0.0,2026-06-15T15:17:51.144Z,DATA_DUMP_1785116825020_clean_2026-07-25.csv,25-Jul-2026,103,Pl6-R1-M1-H2-P08,25-Jul-2026 16:25:18,25-Jul-2026
58,16:25:30,25-Jul-2026,Rain_out,Climate_model,,Pl6-R1-M1-H2-P08,,,0.026901,2.9176,0.026655,0.75212,3.6206,3.6006,6.234,2.6134,36.9115,37.1163,63.9077,0.44179,7.5,PSF-00578_20260725162530_972,0,0,0,92.71181,237.8129,0.61015,0.5,0.8,157.7476,1,54.88,54.58,37.83,36.79,36.79,97.55,156.2,154.4,1.1,646,3.85,-25,-74,35,,,,,,,,21:19:27,25-Jul-2026,39.2084,-96.5938,321.7,18,0.63,16:16:20,25-Jul-2026,-0.47,1,0.002,0,-9999,0.259,0.602,-9999,1,150,0.005,2,0.058905,0,0.02923,0,0,-6.8e-05,standard,0,rectangular,7000,500,-9999,-9999,55537,55537,55537,0,-9999,0,0,0,0,2.4786,2.4647,1.6435,0.92847,0.16482,-0.012691,0.25834,0.64672,92.7118,0.000325,2.3977,-3e-05,1,2.3839,-2.4e-05,1,0.60171,0.60051,0.10664,0,PSF-00578_20260725162530_972,PFA-00612,PSA-00572,PSF-00578,RHS-0697,3.0.0,2026-06-15T15:17:51.144Z,DATA_DUMP_1785116825020_clean_2026-07-25.csv,25-Jul-2026,104,Pl6-R1-M1-H2-P08,25-Jul-2026 16:25:30,25-Jul-2026
24,09:27:46,26-Jul-2026,Rain_out,Climate_model,,Pl6-R1-M1-H2-P08,,,-0.1713,2.917,-0.18198,-3.2861,2.8089,2.897,4.5034,1.6945,29.7137,28.8106,46.1905,0.44179,7.5,PSF-00578_20260726092746_b3f,0,0,0,100.8965,214.1522,0.52886,0.5,0.8,223.8416,1,65.85,67.92,30.02,30.97,30.97,97.5,156.1,155.4,0.5,1058,4.077,0,34,22,,,,,,,,14:21:42,26-Jul-2026,39.2085,-96.5938,267,17,0.65,09:17:53,26-Jul-2026,-4.41,1,0.007,0.003,-9999,11.179,6.087,-9999,1,150,0.005,2,0.058905,0,0.02923,0,0,-6.8e-05,standard,0,rectangular,7000,500,-9999,-9999,55537,55537,55537,0,-9999,0,0,0,0,2.497,2.4848,1.6429,0.93087,0.22347,0.011324,0.25653,0.99081,100.8965,0.000296,2.3977,-3e-05,1,2.3839,-2.4e-05,1,0.60171,0.60051,0.10664,0,PSF-00578_20260726092746_b3f,PFA-00612,PSA-00572,PSF-00578,RHS-0697,3.0.0,2026-06-15T15:17:51.144Z,DATA_DUMP_1785116825020_clean_2026-07-26.csv,26-Jul-2026,14,Pl6-R1-M1-H2-P08,26-Jul-2026 09:27:46,26-Jul-2026
25,09:28:19,26-Jul-2026,Rain_out,Climate_model,,Pl6-R1-M1-H2-P08,,,0.066581,2.9166,0.065095,1.039,2.8744,2.8465,4.3725,1.4981,29.1985,29.484,44.8513,0.44179,7.5,PSF-00578_20260726092819_af2,0,0,0,83.12022,282.3118,0.70557,0.5,0.8,50.9707,1,66.34,65.69,30.29,30.45,30.45,97.49,156.1,155.4,0.4,181,4.077,7,-44,351,,,,,,,,14:22:14,26-Jul-2026,39.2085,-96.5937,266.9,17,0.65,09:28:11,26-Jul-2026,-0.91,1,-0.004,0,0.011,0.071,0.154,0.831,1,150,0.005,2,0.058905,0,0.02923,0,0,-6.8e-05,standard,0,rectangular,7000,500,-9999,-9999,55537,55537,55537,0,-9999,0,0,0,0,2.4941,2.481,1.6425,0.93091,0.22108,0.002106,0.26008,0.25755,83.1202,0.000291,2.3977,-3e-05,1,2.3839,-2.4e-05,1,0.60171,0.60051,0.10664,0,PSF-00578_20260726092819_af2,PFA-00612,PSA-00572,PSF-00578,RHS-0697,3.0.0,2026-06-15T15:17:51.144Z,DATA_DUMP_1785116825020_clean_2026-07-26.csv,26-Jul-2026,15,Pl6-R1-M1-H2-P08,26-Jul-2026 09:28:19,26-Jul-2026
26,09:28:37,26-Jul-2026,Rain_out,Climate_model,,Pl6-R1-M1-H2-P08,,,0.043462,2.9158,0.042823,0.69033,2.8902,2.8717,4.403,1.5128,29.4566,29.6463,45.1638,0.44179,7.5,PSF-00578_20260726092837_e53,0,0,0,81.00665,275.578,0.70605,0.5,0.8,52.8438,1,66.1,65.68,30.45,30.57,30.57,97.49,156,155.6,0.3,187,4.075,6,-44,352,,,,,,,,14:22:32,26-Jul-2026,39.2085,-96.5937,266.7,17,0.65,09:28:11,26-Jul-2026,-0.91,1,0.001,0,0.008,-0.02,0.047,0.537,1,150,0.005,2,0.058905,0,0.02923,0,0,-6.8e-05,standard,0,rectangular,7000,500,-9999,-9999,55537,55537,55537,0,-9999,0,0,0,0,2.4941,2.4807,1.6416,0.93128,0.2197,0.00168,0.26202,0.26299,81.0066,0.000295,2.3977,-3e-05,1,2.3839,-2.4e-05,1,0.60171,0.60051,0.10664,0,PSF-00578_20260726092837_e53,PFA-00612,PSA-00572,PSF-00578,RHS-0697,3.0.0,2026-06-15T15:17:51.144Z,DATA_DUMP_1785116825020_clean_2026-07-26.csv,26-Jul-2026,16,Pl6-R1-M1-H2-P08,26-Jul-2026 09:28:37,26-Jul-2026
27,09:28:51,26-Jul-2026,Rain_out,Climate_model,,Pl6-R1-M1-H2-P08,,,0.076284,2.9151,0.074339,1.1919,2.9081,2.8761,4.4124,1.5043,29.5031,29.8308,45.2618,0.44179,7.5,PSF-00578_20260726092851_bcd,0,0,0,85.15405,288.33,0.70466,0.5,0.8,50.8515,1,66.09,65.36,30.56,30.61,30.61,97.49,155.9,155.6,0.2,180,4.075,6,-48,353,,,,,,,,14:22:47,26-Jul-2026,39.2085,-96.5937,267.6,17,0.65,09:28:11,26-Jul-2026,-0.91,1,-0.001,0.001,0.016,-0.06,0.033,0.428,1,150,0.005,2,0.058905,0,0.02923,0,0,-6.8e-05,standard,0,rectangular,7000,500,-9999,-9999,55537,55537,55537,0,-9999,0,0,0,0,2.4936,2.4807,1.641,0.93133,0.21875,0.00082,0.26356,0.25739,85.1541,0.000296,2.3977,-3e-05,1,2.3839,-2.4e-05,1,0.60171,0.60051,0.10664,0,PSF-00578_20260726092851_bcd,PFA-00612,PSA-00572,PSF-00578,RHS-0697,3.0.0,2026-06-15T15:17:51.144Z,DATA_DUMP_1785116825020_clean_2026-07-26.csv,26-Jul-2026,17,Pl6-R1-M1-H2-P08,26-Jul-2026 09:28:51,26-Jul-2026
28,09:29:20,26-Jul-2026,Rain_out,Climate_model,,Pl6-R1-M1-H2-P08,,,0.090183,2.9162,0.087478,1.8141,2.9589,2.9103,4.8995,1.9406,29.8479,30.3461,50.2487,0.44179,7.5,PSF-00578_20260726092920_193,0,0,0,97.66066,183.1673,0.46682,0.5,0.8,235.1453,1,66.37,65.28,30.79,32.46,32.46,97.5,156,155.3,0.4,1259,4.072,2,50,24,,,,,,,,14:23:11,26-Jul-2026,39.2085,-96.5937,268,17,0.65,09:28:11,26-Jul-2026,-0.91,1,0.003,0.005,0.019,-1.584,-2.615,0.265,1,150,0.005,2,0.058905,0,0.02923,0,0,-6.8e-05,standard,0,rectangular,7000,500,-9999,-9999,55537,55537,55537,0,-9999,0,0,0,0,2.4935,2.481,1.642,0.93071,0.21679,0.019867,0.26673,1.1589,97.6607,0.000285,2.3977,-3e-05,1,2.3839,-2.4e-05,1,0.60171,0.60051,0.10664,0,PSF-00578_20260726092920_193,PFA-00612,PSA-00572,PSF-00578,RHS-0697,3.0.0,2026-06-15T15:17:51.144Z,DATA_DUMP_1785116825020_clean_2026-07-26.csv,26-Jul-2026,18,Pl6-R1-M1-H2-P08,26-Jul-2026 09:29:20,26-Jul-2026
29,09:29:35,26-Jul-2026,Rain_out,Climate_model,,Pl6-R1-M1-H2-P08,,,0.085587,2.9156,0.083146,1.7703,2.978,2.9306,4.9693,1.9913,30.0579,30.5441,50.9682,0.44179,7.5,PSF-00578_20260726092935_22f,0,0,0,104.202,185.4311,0.43806,0.5,0.8,226.4727,1,66.36,65.3,30.91,32.71,32.71,97.5,155.9,155.1,0.5,1292,4.07,7,50,20,,,,,,,,14:23:30,26-Jul-2026,39.2085,-96.5937,268.4,17,0.65,09:28:11,26-Jul-2026,-0.91,1,0.005,0.002,-0.011,-0.31,-1.768,-2.205,1,150,0.005,2,0.058905,0,0.02923,0,0,-6.8e-05,standard,0,rectangular,7000,500,-9999,-9999,55537,55537,55537,0,-9999,0,0,0,0,2.4935,2.4809,1.6414,0.9302,0.21579,0.021496,0.26832,1.1866,104.202,0.0003,2.3977,-3e-05,1,2.3839,-2.4e-05,1,0.60171,0.60051,0.10664,0,PSF-00578_20260726092935_22f,PFA-00612,PSA-00572,PSF-00578,RHS-0697,3.0.0,2026-06-15T15:17:51.144Z,DATA_DUMP_1785116825020_clean_2026-07-26.csv,26-Jul-2026,19,Pl6-R1-M1-H2-P08,26-Jul-2026 09:29:35,26-Jul-2026
30,09:29:51,26-Jul-2026,Rain_out,Climate_model,,Pl6-R1-M1-H2-P08,,,0.087929,2.9167,0.085356,1.9397,2.9328,2.8809,5.0577,2.1249,29.5482,30.0807,51.8749,0.44179,7.5,PSF-00578_20260726092951_7e9,0,0,0,116.9425,200.9418,0.41803,0.5,0.8,219.1064,1,64.92,63.77,31.02,33.02,33.02,97.5,156.1,155.3,0.5,1310,4.073,4,51,20,,,,,,,,14:23:47,26-Jul-2026,39.2085,-96.5937,269.1,17,0.65,09:28:11,26-Jul-2026,-0.91,1,-0.002,-0.002,0.011,0.332,0.872,0.273,1,150,0.005,2,0.058905,0,0.02923,0,0,-6.8e-05,standard,0,rectangular,7000,500,-9999,-9999,55537,55537,55537,0,-9999,0,0,0,0,2.4915,2.4791,1.6425,0.93071,0.21481,0.023876,0.26996,1.2016,116.9425,0.000295,2.3977,-3e-05,1,2.3839,-2.4e-05,1,0.60171,0.60051,0.10664,0,PSF-00578_20260726092951_7e9,PFA-00612,PSA-00572,PSF-00578,RHS-0697,3.0.0,2026-06-15T15:17:51.144Z,DATA_DUMP_1785116825020_clean_2026-07-26.csv,26-Jul-2026,20,Pl6-R1-M1-H2-P08,26-Jul-2026 09:29:51,26-Jul-2026
31,09:30:05,26-Jul-2026,Rain_out,Climate_model,,Pl6-R1-M1-H2-P08,,,0.076838,2.9162,0.074865,1.7308,2.9912,2.9449,5.1513,2.1601,30.2032,30.6782,52.8324,0.44179,7.5,PSF-00578_20260726093005_211,0,0,0,110.2481,194.2198,0.43235,0.5,0.8,185.3864,1,65.83,64.81,31.13,33.35,33.35,97.5,156,155.3,0.4,1072,4.07,0,49,18,,,,,,,,14:24:00,26-Jul-2026,39.2085,-96.5937,269.4,17,0.65,09:28:11,26-Jul-2026,-0.91,1,0.004,-0.001,-9999,-0.729,-1.347,-9999,1,150,0.005,2,0.058905,0,0.02923,0,0,-6.8e-05,standard,0,rectangular,7000,500,-9999,-9999,55537,55537,55537,0,-9999,0,0,0,0,2.4928,2.4802,1.6421,0.93071,0.21395,0.026599,0.27143,1.0024,110.2481,0.000295,2.3977,-3e-05,1,2.3839,-2.4e-05,1,0.60171,0.60051,0.10664,0,PSF-00578_20260726093005_211,PFA-00612,PSA-00572,PSF-00578,RHS-0697,3.0.0,2026-06-15T15:17:51.144Z,DATA_DUMP_1785116825020_clean_2026-07-26.csv,26-Jul-2026,21,Pl6-R1-M1-H2-P08,26-Jul-2026 09:30:05,26-Jul-2026
32,09:30:22,26-Jul-2026,Rain_out,Climate_model,,Pl6-R1-M1-H2-P08,,,0.069553,2.9164,0.067933,1.1933,2.9524,2.9204,4.5987,1.6463,29.9531,30.2807,47.1664,0.44179,7.5,PSF-00578_20260726093022_f0e,0,0,0,84.96988,291.0161,0.70802,0.5,0.8,56.7485,1,64.58,63.88,31.23,31.34,31.34,97.5,156,155.6,0.3,200,4.072,9,52,42,,,,,,,,14:24:18,26-Jul-2026,39.2085,-96.5938,270.2,17,0.65,09:28:11,26-Jul-2026,-0.91,1,-0.001,-0.002,0.011,-0.034,0.1,0.8,1,150,0.005,2,0.058905,0,0.02923,0,0,-6.8e-05,standard,0,rectangular,7000,500,-9999,-9999,55537,55537,55537,0,-9999,0,0,0,0,2.4916,2.4786,1.6423,0.93131,0.21305,0.001453,0.27309,0.27407,84.9699,0.000299,2.3977,-3e-05,1,2.3839,-2.4e-05,1,0.60171,0.60051,0.10664,0,PSF-00578_20260726093022_f0e,PFA-00612,PSA-00572,PSF-00578,RHS-0697,3.0.0,2026-06-15T15:17:51.144Z,DATA_DUMP_1785116825020_clean_2026-07-26.csv,26-Jul-2026,22,Pl6-R1-M1-H2-P08,26-Jul-2026 09:30:22,26-Jul-2026
33,09:30:39,26-Jul-2026,Rain_out,Climate_model,,Pl6-R1-M1-H2-P08,,,0.055325,2.9171,0.054295,0.96195,3.0022,2.9765,4.6618,1.6596,30.5274,30.7912,47.8119,0.44179,7.5,PSF-00578_20260726093039_75f,0,0,0,83.54044,290.5472,0.71247,0.5,0.8,54.8874,1,65.28,64.72,31.34,31.58,31.58,97.5,156.1,155.4,0.5,193,4.036,8,56,35,,,,,,,,14:24:31,26-Jul-2026,39.2085,-96.5938,270.1,16,0.67,09:28:11,26-Jul-2026,-0.91,1,0,-0.003,-9999,0.207,0.476,-9999,1,150,0.005,2,0.058905,0,0.02923,0,0,-6.8e-05,standard,0,rectangular,7000,500,-9999,-9999,55537,55537,55537,0,-9999,0,0,0,0,2.4927,2.4795,1.643,0.93095,0.21218,0.003041,0.27494,0.26757,83.5404,0.000294,2.3977,-3e-05,1,2.3839,-2.4e-05,1,0.60171,0.60051,0.10664,0,PSF-00578_20260726093039_75f,PFA-00612,PSA-00572,PSF-00578,RHS-0697,3.0.0,2026-06-15T15:17:51.144Z,DATA_DUMP_1785116825020_clean_2026-07-26.csv,26-Jul-2026,23,Pl6-R1-M1-H2-P08,26-Jul-2026 09:30:39,26-Jul-2026
34,09:30:55,26-Jul-2026,Rain_out,Climate_model,,Pl6-R1-M1-H2-P08,,,0.044886,2.9164,0.044205,0.75783,3.021,3.0008,4.6271,1.6061,30.7741,30.982,47.453,0.44179,7.5,PSF-00578_20260726093055_056,0,0,0,83.20713,290.931,0.714,0.5,0.8,55.7207,1,65.35,64.91,31.43,31.44,31.44,97.51,156.1,155.4,0.4,195,4.069,3,55,37,,,,,,,,14:24:50,26-Jul-2026,39.2085,-96.5937,271.2,17,0.65,09:28:11,26-Jul-2026,-0.91,1,-0.001,0.001,0.017,0.215,0.299,1.375,1,150,0.005,2,0.058905,0,0.02923,0,0,-6.8e-05,standard,0,rectangular,7000,500,-9999,-9999,55537,55537,55537,0,-9999,0,0,0,0,2.4929,2.4796,1.6423,0.93078,0.21142,0.000422,0.27655,0.26966,83.2071,0.000299,2.3977,-3e-05,1,2.3839,-2.4e-05,1,0.60171,0.60051,0.10664,0,PSF-00578_20260726093055_056,PFA-00612,PSA-00572,PSF-00578,RHS-0697,3.0.0,2026-06-15T15:17:51.144Z,DATA_DUMP_1785116825020_clean_2026-07-26.csv,26-Jul-2026,24,Pl6-R1-M1-H2-P08,26-Jul-2026 09:30:55,26-Jul-2026
35,09:31:16,26-Jul-2026,Rain_out,Climate_model,,Pl6-R1-M1-H2-P08,,,0.13668,2.9163,0.13056,2.7852,3.0314,2.9569,5.0251,1.9937,30.3301,31.0942,51.5447,0.44179,7.5,PSF-00578_20260726093116_577,0,0,0,97.01479,158.4435,0.3877,0.5,0.8,239.4026,1,65.11,63.51,31.55,32.9,32.9,97.49,156,155.1,0.6,1544,4.068,18,88,347,,,,,,,,14:25:11,26-Jul-2026,39.2085,-96.5937,276.9,19,0.61,09:28:11,26-Jul-2026,-0.91,1,0.001,0.003,-9999,6.152,11.052,-9999,1,150,0.005,2,0.058905,0,0.02923,0,0,-6.8e-05,standard,0,rectangular,7000,500,-9999,-9999,55537,55537,55537,0,-9999,0,0,0,0,2.4911,2.4793,1.6422,0.93024,0.21038,0.016246,0.27863,1.3966,97.0148,0.000294,2.3977,-3e-05,1,2.3839,-2.4e-05,1,0.60171,0.60051,0.10664,0,PSF-00578_20260726093116_577,PFA-00612,PSA-00572,PSF-00578,RHS-0697,3.0.0,2026-06-15T15:17:51.144Z,DATA_DUMP_1785116825020_clean_2026-07-26.csv,26-Jul-2026,25,Pl6-R1-M1-H2-P08,26-Jul-2026 09:31:16,26-Jul-2026
5,13:00:32,26-Jul-2026,Rain_out,Climate_model,,Pl6-R1-M1-H2-P08,,,0.11345,2.917,0.1092,3.894,3.327,3.2233,6.6233,3.2963,33.0888,34.1531,67.9907,0.44179,7.5,PSF-00578_20260726130032_c3d,0,0,0,98.02115,213.9623,0.54188,0.5,0.8,196.4621,1,44.24,42.86,40.27,37.91,37.91,97.41,156.1,153.7,1.6,906,3.917,-4,-50,8,,,,,,,,17:54:28,26-Jul-2026,39.2084,-96.5938,324.3,7,1.16,12:59:00,26-Jul-2026,-0.37,1,-0.003,-0.003,-9999,-1.493,-3.625,-9999,1,150,0.005,2,0.058905,0,0.02923,0,0,-6.8e-05,standard,0,rectangular,7000,500,-9999,-9999,55537,55537,55537,0,-9999,0,0,0,0,2.463,2.4507,1.6429,0.92654,0.15011,-0.029727,0.33406,0.86401,98.0211,0.000311,2.3977,-3e-05,1,2.3839,-2.4e-05,1,0.60171,0.60051,0.10664,0,PSF-00578_20260726130032_c3d,PFA-00612,PSA-00572,PSF-00578,RHS-0697,3.0.0,2026-06-15T15:17:51.144Z,DATA_DUMP_1785116825020_clean_2026-07-26.csv,26-Jul-2026,40,Pl6-R1-M1-H2-P08,26-Jul-2026 13:00:32,26-Jul-2026
6,13:00:45,26-Jul-2026,Rain_out,Climate_model,,Pl6-R1-M1-H2-P08,,,0.17048,2.9172,0.16107,5.5205,3.399,3.2522,6.5671,3.1681,33.3844,34.8918,67.4131,0.44179,7.5,PSF-00578_20260726130045_da2,0,0,0,85.51097,197.1084,0.56617,0.5,0.8,203.2415,1,45.21,43.26,40.26,37.75,37.75,97.42,156.1,153.6,1.6,897,3.917,-2,-51,8,,,,,,,,17:54:40,26-Jul-2026,39.2084,-96.5938,327.7,7,1.16,12:59:00,26-Jul-2026,-0.37,1,0.005,0.004,-9999,-0.548,-0.582,-9999,1,150,0.005,2,0.058905,0,0.02923,0,0,-6.8e-05,standard,0,rectangular,7000,500,-9999,-9999,55537,55537,55537,0,-9999,0,0,0,0,2.4635,2.4519,1.6431,0.92647,0.15015,-0.031616,0.33482,0.85652,85.511,0.000302,2.3977,-3e-05,1,2.3839,-2.4e-05,1,0.60171,0.60051,0.10664,0,PSF-00578_20260726130045_da2,PFA-00612,PSA-00572,PSF-00578,RHS-0697,3.0.0,2026-06-15T15:17:51.144Z,DATA_DUMP_1785116825020_clean_2026-07-26.csv,26-Jul-2026,41,Pl6-R1-M1-H2-P08,26-Jul-2026 13:00:45,26-Jul-2026
7,13:00:57,26-Jul-2026,Rain_out,Climate_model,,Pl6-R1-M1-H2-P08,,,0.17389,2.9159,0.1641,5.6763,3.3132,3.1619,6.5127,3.1996,32.4591,34.0121,66.8575,0.44179,7.5,PSF-00578_20260726130057_fbf,0,0,0,90.42943,202.2579,0.5529,0.5,0.8,208.579,1,44.08,42.07,40.26,37.6,37.6,97.41,156,153.6,1.6,943,3.912,-3,-49,8,,,,,,,,17:54:52,26-Jul-2026,39.2084,-96.5938,328.6,6,1.47,12:59:00,26-Jul-2026,-0.37,1,0.002,0.003,-9999,-0.227,-0.345,-9999,1,150,0.005,2,0.058905,0,0.02923,0,0,-6.8e-05,standard,0,rectangular,7000,500,-9999,-9999,55537,55537,55537,0,-9999,0,0,0,0,2.462,2.4505,1.6418,0.92627,0.15017,-0.033475,0.33557,0.89469,90.4294,0.000309,2.3977,-3e-05,1,2.3839,-2.4e-05,1,0.60171,0.60051,0.10664,0,PSF-00578_20260726130057_fbf,PFA-00612,PSA-00572,PSF-00578,RHS-0697,3.0.0,2026-06-15T15:17:51.144Z,DATA_DUMP_1785116825020_clean_2026-07-26.csv,26-Jul-2026,42,Pl6-R1-M1-H2-P08,26-Jul-2026 13:00:57,26-Jul-2026
8,13:01:14,26-Jul-2026,Rain_out,Climate_model,,Pl6-R1-M1-H2-P08,,,0.1918,2.9173,0.17997,7.2282,3.3498,3.1574,7.0534,3.7036,32.4132,34.3879,72.4077,0.44179,7.5,PSF-00578_20260726130114_327,0,0,0,94.60008,150.4984,0.37142,0.5,0.8,265.4635,1,44.59,42.03,40.25,39.07,39.07,97.41,156.2,153.5,1.7,1787,3.916,30,46,9,,,,,,,,17:55:09,26-Jul-2026,39.2084,-96.5938,332.6,8,0.98,12:59:00,26-Jul-2026,-0.37,1,-0.006,-0.004,0.01,-1.804,-1.14,-1.501,1,150,0.005,2,0.058905,0,0.02923,0,0,-6.8e-05,standard,0,rectangular,7000,500,-9999,-9999,55537,55537,55537,0,-9999,0,0,0,0,2.4619,2.4511,1.6432,0.92601,0.15025,-0.014694,0.33662,1.5997,94.6001,0.000304,2.3977,-3e-05,1,2.3839,-2.4e-05,1,0.60171,0.60051,0.10664,0,PSF-00578_20260726130114_327,PFA-00612,PSA-00572,PSF-00578,RHS-0697,3.0.0,2026-06-15T15:17:51.144Z,DATA_DUMP_1785116825020_clean_2026-07-26.csv,26-Jul-2026,43,Pl6-R1-M1-H2-P08,26-Jul-2026 13:01:14,26-Jul-2026
9,13:01:29,26-Jul-2026,Rain_out,Climate_model,,Pl6-R1-M1-H2-P08,,,0.17431,2.9151,0.16448,6.7321,3.3609,3.1814,7.1331,3.7722,32.6606,34.5026,73.2284,0.44179,7.5,PSF-00578_20260726130129_1cc,0,0,0,100.89,152.3945,0.33797,0.5,0.8,249.9611,1,44.77,42.38,40.24,39.28,39.28,97.41,155.9,153.6,1.4,1849,3.916,35,36,10,,,,,,,,17:55:24,26-Jul-2026,39.2083,-96.5938,4.5,8,0.98,12:59:00,26-Jul-2026,-0.37,1,0,0.001,0.018,-0.599,-1.684,-4.462,1,150,0.005,2,0.058905,0,0.02923,0,0,-6.8e-05,standard,0,rectangular,7000,500,-9999,-9999,55537,55537,55537,0,-9999,0,0,0,0,2.4624,2.4514,1.641,0.92646,0.1503,-0.011903,0.33758,1.6516,100.89,0.000277,2.3977,-3e-05,1,2.3839,-2.4e-05,1,0.60171,0.60051,0.10664,0,PSF-00578_20260726130129_1cc,PFA-00612,PSA-00572,PSF-00578,RHS-0697,3.0.0,2026-06-15T15:17:51.144Z,DATA_DUMP_1785116825020_clean_2026-07-26.csv,26-Jul-2026,44,Pl6-R1-M1-H2-P08,26-Jul-2026 13:01:29,26-Jul-2026
10,13:01:44,26-Jul-2026,Rain_out,Climate_model,,Pl6-R1-M1-H2-P08,,,0.14083,2.9163,0.13434,5.6123,3.3063,3.1567,7.157,3.8508,32.4068,33.9419,73.4736,0.44179,7.5,PSF-00578_20260726130144_631,0,0,0,100.7549,152.1317,0.33771,0.5,0.8,245.981,1,44.06,42.07,40.23,39.34,39.34,97.41,156,153.6,1.6,1821,3.916,26,44,19,,,,,,,,17:55:40,26-Jul-2026,39.2083,-96.5938,335.9,7,1.05,12:59:00,26-Jul-2026,-0.37,1,-0.001,-0.001,0.009,-0.975,-2.714,-4.293,1,150,0.005,2,0.058905,0,0.02923,0,0,-6.8e-05,standard,0,rectangular,7000,500,-9999,-9999,55537,55537,55537,0,-9999,0,0,0,0,2.462,2.4505,1.6422,0.9264,0.15037,-0.010968,0.33852,1.6282,100.7549,0.000304,2.3977,-3e-05,1,2.3839,-2.4e-05,1,0.60171,0.60051,0.10664,0,PSF-00578_20260726130144_631,PFA-00612,PSA-00572,PSF-00578,RHS-0697,3.0.0,2026-06-15T15:17:51.144Z,DATA_DUMP_1785116825020_clean_2026-07-26.csv,26-Jul-2026,45,Pl6-R1-M1-H2-P08,26-Jul-2026 13:01:44,26-Jul-2026
12,13:02:10,26-Jul-2026,Rain_out,Climate_model,,Pl6-R1-M1-H2-P08,,,0.089894,2.9167,0.087206,3.0976,3.2702,3.1877,6.5555,3.2853,32.726,33.5733,67.3018,0.44179,7.5,PSF-00578_20260726130210_951,0,0,0,80.25205,231.6105,0.6535,0.5,0.8,156.9535,1,43.6,42.5,40.22,37.72,37.72,97.4,156.1,153.9,1.4,600,3.915,7,-65,10,,,,,,,,17:56:05,26-Jul-2026,39.2084,-96.5939,336.9,8,0.98,12:59:00,26-Jul-2026,-0.37,1,0,-0.001,-9999,-0.31,-0.18,-9999,1,150,0.005,2,0.058905,0,0.02923,0,0,-6.8e-05,standard,0,rectangular,7000,500,-9999,-9999,55537,55537,55537,0,-9999,0,0,0,0,2.4625,2.4499,1.6426,0.92708,0.15041,-0.031443,0.33991,0.60835,80.2521,0.000319,2.3977,-3e-05,1,2.3839,-2.4e-05,1,0.60171,0.60051,0.10664,0,PSF-00578_20260726130210_951,PFA-00612,PSA-00572,PSF-00578,RHS-0697,3.0.0,2026-06-15T15:17:51.144Z,DATA_DUMP_1785116825020_clean_2026-07-26.csv,26-Jul-2026,46,Pl6-R1-M1-H2-P08,26-Jul-2026 13:02:10,26-Jul-2026
1,13:02:45,26-Jul-2026,Rain_out,Climate_model,,Pl6-R1-M1-H2-P08,,,0.088403,2.916,0.085802,3.0353,3.2804,3.1994,6.5521,3.2718,32.8475,33.6781,67.2678,0.44179,7.5,PSF-00578_20260726130245_9f5,0,0,0,81.87247,225.4837,0.6369,0.5,0.8,160.3587,1,43.69,42.62,40.24,37.71,37.71,97.4,156,153.6,1.5,629,3.875,3,-64,8,,,,,,,,17:56:40,26-Jul-2026,39.2083,-96.5939,357.1,4,2.16,13:02:39,26-Jul-2026,-0.34,1,-0.002,-0.003,-9999,-0.952,-0.46,-9999,1,150,0.005,2,0.058905,0,0.02923,0,0,-6.8e-05,standard,0,rectangular,7000,500,-9999,-9999,55537,55537,55537,0,-9999,0,0,0,0,2.4627,2.4499,1.6419,0.92649,0.1503,-0.031791,0.3856,0.6326,81.8725,0.000318,2.3977,-3e-05,1,2.3839,-2.4e-05,1,0.60171,0.60051,0.10664,0,PSF-00578_20260726130245_9f5,PFA-00612,PSA-00572,PSF-00578,RHS-0697,3.0.0,2026-06-15T15:17:51.144Z,DATA_DUMP_1785116825020_clean_2026-07-26.csv,26-Jul-2026,47,Pl6-R1-M1-H2-P08,26-Jul-2026 13:02:45,26-Jul-2026
2,13:02:59,26-Jul-2026,Rain_out,Climate_model,,Pl6-R1-M1-H2-P08,,,0.079846,2.9167,0.077718,2.681,3.4134,3.342,6.6008,3.1874,34.3108,35.043,67.7663,0.44179,7.5,PSF-00578_20260726130259_d05,0,0,0,82.8402,229.9712,0.63978,0.5,0.8,142.2308,1,45.43,44.48,40.25,37.84,37.84,97.4,156.1,153.8,1.5,556,3.911,6,-68,8,,,,,,,,17:56:54,26-Jul-2026,39.2084,-96.5938,336.9,6,1.25,13:02:39,26-Jul-2026,-0.34,1,0,-0.001,-9999,-0.412,-0.304,-9999,1,150,0.005,2,0.058905,0,0.02923,0,0,-6.8e-05,standard,0,rectangular,7000,500,-9999,-9999,55537,55537,55537,0,-9999,0,0,0,0,2.4651,2.4522,1.6426,0.92678,0.15022,-0.03026,0.38591,0.57104,82.8402,0.000313,2.3977,-3e-05,1,2.3839,-2.4e-05,1,0.60171,0.60051,0.10664,0,PSF-00578_20260726130259_d05,PFA-00612,PSA-00572,PSF-00578,RHS-0697,3.0.0,2026-06-15T15:17:51.144Z,DATA_DUMP_1785116825020_clean_2026-07-26.csv,26-Jul-2026,48,Pl6-R1-M1-H2-P08,26-Jul-2026 13:02:59,26-Jul-2026
3,13:04:05,26-Jul-2026,Rain_out,Climate_model,,Pl6-R1-M1-H2-P08,,,0.18045,2.9171,0.16994,6.368,3.6637,3.4948,7.112,3.4483,35.8775,37.6116,73.0121,0.44179,7.5,PSF-00578_20260726130405_fac,0,0,0,96.0145,170.3385,0.43633,0.5,0.8,263.3188,1,48.66,46.42,40.29,39.22,39.22,97.41,156.1,153.6,1.6,1509,3.908,-11,30,196,,,,,,,,17:57:59,26-Jul-2026,39.2084,-96.5938,334.2,6,1.25,13:02:39,26-Jul-2026,-0.34,1,-0.001,-0.002,0.009,-0.167,0.254,0.592,1,150,0.005,2,0.058905,0,0.02923,0,0,-6.8e-05,standard,0,rectangular,7000,500,-9999,-9999,55537,55537,55537,0,-9999,0,0,0,0,2.4676,2.4563,1.6431,0.92644,0.14999,-0.013301,0.38857,1.3673,96.0145,0.000309,2.3977,-3e-05,1,2.3839,-2.4e-05,1,0.60171,0.60051,0.10664,0,PSF-00578_20260726130405_fac,PFA-00612,PSA-00572,PSF-00578,RHS-0697,3.0.0,2026-06-15T15:17:51.144Z,DATA_DUMP_1785116825020_clean_2026-07-26.csv,26-Jul-2026,49,Pl6-R1-M1-H2-P08,26-Jul-2026 13:04:05,26-Jul-2026
4,13:04:19,26-Jul-2026,Rain_out,Climate_model,,Pl6-R1-M1-H2-P08,,,0.20232,2.9172,0.1892,6.9924,3.5578,3.3721,6.9635,3.4057,34.6174,36.5234,71.4854,0.44179,7.5,PSF-00578_20260726130419_3bb,0,0,0,97.24796,161.675,0.3985,0.5,0.8,249.5587,1,47.25,44.79,40.29,38.83,38.83,97.41,156.2,153.6,1.6,1566,3.91,-8,28,188,,,,,,,,17:58:14,26-Jul-2026,39.2084,-96.5938,334.3,6,1.26,13:02:39,26-Jul-2026,-0.34,1,-0.004,-0.004,-9999,-1.477,-1.841,-9999,1,150,0.005,2,0.058905,0,0.02923,0,0,-6.8e-05,standard,0,rectangular,7000,500,-9999,-9999,55537,55537,55537,0,-9999,0,0,0,0,2.4655,2.4545,1.6432,0.92632,0.15,-0.018279,0.38908,1.4149,97.248,0.000305,2.3977,-3e-05,1,2.3839,-2.4e-05,1,0.60171,0.60051,0.10664,0,PSF-00578_20260726130419_3bb,PFA-00612,PSA-00572,PSF-00578,RHS-0697,3.0.0,2026-06-15T15:17:51.144Z,DATA_DUMP_1785116825020_clean_2026-07-26.csv,26-Jul-2026,50,Pl6-R1-M1-H2-P08,26-Jul-2026 13:04:19,26-Jul-2026
5,13:04:32,26-Jul-2026,Rain_out,Climate_model,,Pl6-R1-M1-H2-P08,,,0.18008,2.917,0.16961,6.3721,3.4335,3.2641,6.899,3.4655,33.5092,35.2488,70.8253,0.44179,7.5,PSF-00578_20260726130432_02a,0,0,0,96.60995,163.5107,0.40915,0.5,0.8,246.2886,1,45.61,43.35,40.29,38.66,38.66,97.41,156.1,153.6,1.6,1505,3.907,-5,32,181,,,,,,,,17:58:27,26-Jul-2026,39.2084,-96.5938,333.9,6,1.23,13:02:39,26-Jul-2026,-0.34,1,0,0,0.012,-0.442,-2.049,-3.628,1,150,0.005,2,0.058905,0,0.02923,0,0,-6.8e-05,standard,0,rectangular,7000,500,-9999,-9999,55537,55537,55537,0,-9999,0,0,0,0,2.4636,2.4524,1.6429,0.92635,0.15,-0.020459,0.38953,1.3641,96.6099,0.000311,2.3977,-3e-05,1,2.3839,-2.4e-05,1,0.60171,0.60051,0.10664,0,PSF-00578_20260726130432_02a,PFA-00612,PSA-00572,PSF-00578,RHS-0697,3.0.0,2026-06-15T15:17:51.144Z,DATA_DUMP_1785116825020_clean_2026-07-26.csv,26-Jul-2026,51,Pl6-R1-M1-H2-P08,26-Jul-2026 13:04:32,26-Jul-2026
6,13:04:50,26-Jul-2026,Rain_out,Climate_model,,Pl6-R1-M1-H2-P08,,,0.053757,2.916,0.052784,1.9487,3.269,3.2171,6.6813,3.4123,33.0285,33.5618,68.5946,0.44179,7.5,PSF-00578_20260726130450_423,0,0,0,83.91702,258.8546,0.67581,0.5,0.8,91.3578,1,43.42,42.73,40.29,38.07,38.07,97.4,156,153.7,1.5,338,3.908,32,59,244,,,,,,,,17:58:46,26-Jul-2026,39.2084,-96.5938,334,6,1.23,13:02:39,26-Jul-2026,-0.34,1,0,-0.001,0.013,-0.579,-0.237,-0.667,1,150,0.005,2,0.058905,0,0.02923,0,0,-6.8e-05,standard,0,rectangular,7000,500,-9999,-9999,55537,55537,55537,0,-9999,0,0,0,0,2.4628,2.4496,1.6419,0.92663,0.14999,-0.027961,0.39034,0.38903,83.917,0.000327,2.3977,-3e-05,1,2.3839,-2.4e-05,1,0.60171,0.60051,0.10664,0,PSF-00578_20260726130450_423,PFA-00612,PSA-00572,PSF-00578,RHS-0697,3.0.0,2026-06-15T15:17:51.144Z,DATA_DUMP_1785116825020_clean_2026-07-26.csv,26-Jul-2026,52,Pl6-R1-M1-H2-P08,26-Jul-2026 13:04:50,26-Jul-2026
7,13:05:05,26-Jul-2026,Rain_out,Climate_model,,Pl6-R1-M1-H2-P08,,,0.052698,2.9162,0.051763,1.9499,3.2905,3.2385,6.7702,3.4798,33.247,33.7805,69.5046,0.44179,7.5,PSF-00578_20260726130505_2dd,0,0,0,83.20534,258.3314,0.67791,0.5,0.8,131.2332,1,43.72,43.03,40.28,38.31,38.31,97.41,156,153.8,1.4,484,3.899,30,51,237,,,,,,,,17:59:00,26-Jul-2026,39.2084,-96.5938,334,6,1.23,13:02:39,26-Jul-2026,-0.34,1,0,0.003,0.008,0.248,0.3,1.587,1,150,0.005,2,0.058905,0,0.02923,0,0,-6.8e-05,standard,0,rectangular,7000,500,-9999,-9999,55537,55537,55537,0,-9999,0,0,0,0,2.4632,2.45,1.6421,0.92679,0.15004,-0.024776,0.39083,0.51103,83.2053,0.000319,2.3977,-3e-05,1,2.3839,-2.4e-05,1,0.60171,0.60051,0.10664,0,PSF-00578_20260726130505_2dd,PFA-00612,PSA-00572,PSF-00578,RHS-0697,3.0.0,2026-06-15T15:17:51.144Z,DATA_DUMP_1785116825020_clean_2026-07-26.csv,26-Jul-2026,53,Pl6-R1-M1-H2-P08,26-Jul-2026 13:05:05,26-Jul-2026
8,13:05:18,26-Jul-2026,Rain_out,Climate_model,,Pl6-R1-M1-H2-P08,,,0.043302,2.9172,0.042668,1.6457,3.3,3.2562,6.861,3.561,33.4283,33.8781,70.4361,0.44179,7.5,PSF-00578_20260726130518_ca7,0,0,0,82.48473,256.8322,0.67884,0.5,0.8,97.6945,1,43.86,43.28,40.28,38.56,38.56,97.41,156.1,153.8,1.5,360,3.908,30,53,240,,,,,,,,17:59:13,26-Jul-2026,39.2084,-96.5938,333.8,6,1.23,13:02:39,26-Jul-2026,-0.34,1,0,-0.002,-9999,0.332,0.653,-9999,1,150,0.005,2,0.058905,0,0.02923,0,0,-6.8e-05,standard,0,rectangular,7000,500,-9999,-9999,55537,55537,55537,0,-9999,0,0,0,0,2.4635,2.4501,1.6431,0.92686,0.15008,-0.021585,0.39127,0.40727,82.4847,0.000316,2.3977,-3e-05,1,2.3839,-2.4e-05,1,0.60171,0.60051,0.10664,0,PSF-00578_20260726130518_ca7,PFA-00612,PSA-00572,PSF-00578,RHS-0697,3.0.0,2026-06-15T15:17:51.144Z,DATA_DUMP_1785116825020_clean_2026-07-26.csv,26-Jul-2026,54,Pl6-R1-M1-H2-P08,26-Jul-2026 13:05:18,26-Jul-2026
9,13:05:31,26-Jul-2026,Rain_out,Climate_model,,Pl6-R1-M1-H2-P08,,,0.038246,2.9148,0.03775,1.443,3.2691,3.2306,6.7999,3.5308,33.1678,33.5631,69.8125,0.44179,7.5,PSF-00578_20260726130531_6c9,0,0,0,82.16429,260.3238,0.68438,0.5,0.8,111.9631,1,43.46,42.95,40.27,38.39,38.39,97.4,155.9,153.7,1.4,409,3.902,34,52,231,,,,,,,,17:59:26,26-Jul-2026,39.2084,-96.5938,333.5,6,1.23,13:02:39,26-Jul-2026,-0.34,1,0.001,0,-9999,-0.222,0.219,-9999,1,150,0.005,2,0.058905,0,0.02923,0,0,-6.8e-05,standard,0,rectangular,7000,500,-9999,-9999,55537,55537,55537,0,-9999,0,0,0,0,2.4631,2.4496,1.6407,0.92673,0.1501,-0.023625,0.39169,0.44839,82.1643,0.000309,2.3977,-3e-05,1,2.3839,-2.4e-05,1,0.60171,0.60051,0.10664,0,PSF-00578_20260726130531_6c9,PFA-00612,PSA-00572,PSF-00578,RHS-0697,3.0.0,2026-06-15T15:17:51.144Z,DATA_DUMP_1785116825020_clean_2026-07-26.csv,26-Jul-2026,55,Pl6-R1-M1-H2-P08,26-Jul-2026 13:05:31,26-Jul-2026
10,13:05:44,26-Jul-2026,Rain_out,Climate_model,,Pl6-R1-M1-H2-P08,,,0.029485,2.9155,0.02919,1.1039,3.3054,3.276,6.798,3.4926,33.6327,33.9348,69.7914,0.44179,7.5,PSF-00578_20260726130544_172,0,0,0,81.53987,259.3528,0.6856,0.5,0.8,99.8131,1,43.96,43.57,40.26,38.39,38.39,97.4,155.9,153.8,1.4,364,3.907,36,47,229,,,,,,,,17:59:39,26-Jul-2026,39.2084,-96.5938,334.4,6,1.23,13:02:39,26-Jul-2026,-0.34,1,0,0.001,-9999,0.256,0.458,-9999,1,150,0.005,2,0.058905,0,0.02923,0,0,-6.8e-05,standard,0,rectangular,7000,500,-9999,-9999,55537,55537,55537,0,-9999,0,0,0,0,2.4639,2.4503,1.6413,0.92689,0.15015,-0.023588,0.39213,0.41076,81.5399,0.000318,2.3977,-3e-05,1,2.3839,-2.4e-05,1,0.60171,0.60051,0.10664,0,PSF-00578_20260726130544_172,PFA-00612,PSA-00572,PSF-00578,RHS-0697,3.0.0,2026-06-15T15:17:51.144Z,DATA_DUMP_1785116825020_clean_2026-07-26.csv,26-Jul-2026,56,Pl6-R1-M1-H2-P08,26-Jul-2026 13:05:44,26-Jul-2026
11,13:05:56,26-Jul-2026,Rain_out,Climate_model,,Pl6-R1-M1-H2-P08,,,0.02515,2.9168,0.024935,0.86728,3.3819,3.3588,6.5967,3.2148,34.4784,34.7153,67.7158,0.44179,7.5,PSF-00578_20260726130556_315,0,0,0,80.16443,274.3539,0.70781,0.5,0.8,27.0326,1,45.01,44.71,40.25,37.83,37.83,97.42,156.1,153.6,1.6,95,3.905,-30,-32,296,,,,,,,,17:59:52,26-Jul-2026,39.2084,-96.5938,334.3,5,1.56,13:02:39,26-Jul-2026,-0.34,1,0.001,0,-9999,-0.067,0.049,-9999,1,150,0.005,2,0.058905,0,0.02923,0,0,-6.8e-05,standard,0,rectangular,7000,500,-9999,-9999,55537,55537,55537,0,-9999,0,0,0,0,2.4654,2.4516,1.6427,0.92643,0.15022,-0.030403,0.39247,0.18642,80.1644,0.000301,2.3977,-3e-05,1,2.3839,-2.4e-05,1,0.60171,0.60051,0.10664,0,PSF-00578_20260726130556_315,PFA-00612,PSA-00572,PSF-00578,RHS-0697,3.0.0,2026-06-15T15:17:51.144Z,DATA_DUMP_1785116825020_clean_2026-07-26.csv,26-Jul-2026,57,Pl6-R1-M1-H2-P08,26-Jul-2026 13:05:56,26-Jul-2026
12,13:06:09,26-Jul-2026,Rain_out,Climate_model,,Pl6-R1-M1-H2-P08,,,0.030524,2.9168,0.030208,1.0954,3.4165,3.3874,6.7644,3.3479,34.7726,35.0718,69.4389,0.44179,7.5,PSF-00578_20260726130609_17e,0,0,0,79.77176,276.299,0.71128,0.5,0.8,26.5061,1,45.51,45.12,40.23,38.29,38.29,97.41,156.1,153.7,1.5,93,3.909,-29,-34,296,,,,,,,,18:00:02,26-Jul-2026,39.2084,-96.5938,335.9,8,1.01,13:02:39,26-Jul-2026,-0.34,1,0.001,0.002,-9999,0.078,0.226,-9999,1,150,0.005,2,0.058905,0,0.02923,0,0,-6.8e-05,standard,0,rectangular,7000,500,-9999,-9999,55537,55537,55537,0,-9999,0,0,0,0,2.4659,2.4523,1.6427,0.92657,0.15031,-0.024372,0.39276,0.18449,79.7718,0.00031,2.3977,-3e-05,1,2.3839,-2.4e-05,1,0.60171,0.60051,0.10664,0,PSF-00578_20260726130609_17e,PFA-00612,PSA-00572,PSF-00578,RHS-0697,3.0.0,2026-06-15T15:17:51.144Z,DATA_DUMP_1785116825020_clean_2026-07-26.csv,26-Jul-2026,58,Pl6-R1-M1-H2-P08,26-Jul-2026 13:06:09,26-Jul-2026
13,13:06:20,26-Jul-2026,Rain_out,Climate_model,,Pl6-R1-M1-H2-P08,,,0.015288,2.9165,0.015208,0.57346,3.4634,3.4482,6.9405,3.4771,35.3968,35.5534,71.2468,0.44179,7.5,PSF-00578_20260726130620_d7e,0,0,0,80.79028,274.5652,0.70575,0.5,0.8,27.8944,1,46.16,45.96,40.22,38.77,38.77,97.42,156.1,153.5,1.7,99,3.908,-28,-40,298,,,,,,,,18:00:14,26-Jul-2026,39.2084,-96.5938,340.2,8,1,13:02:39,26-Jul-2026,-0.34,1,-0.001,0.002,-9999,0.185,0.288,-9999,1,150,0.005,2,0.058905,0,0.02923,0,0,-6.8e-05,standard,0,rectangular,7000,500,-9999,-9999,55537,55537,55537,0,-9999,0,0,0,0,2.467,2.4531,1.6424,0.92608,0.15037,-0.018223,0.39299,0.18921,80.7903,0.000308,2.3977,-3e-05,1,2.3839,-2.4e-05,1,0.60171,0.60051,0.10664,0,PSF-00578_20260726130620_d7e,PFA-00612,PSA-00572,PSF-00578,RHS-0697,3.0.0,2026-06-15T15:17:51.144Z,DATA_DUMP_1785116825020_clean_2026-07-26.csv,26-Jul-2026,59,Pl6-R1-M1-H2-P08,26-Jul-2026 13:06:20,26-Jul-2026
14,13:06:41,26-Jul-2026,Rain_out,Climate_model,,Pl6-R1-M1-H2-P08,,,0.058549,2.9181,0.057398,1.9284,3.3188,3.2675,6.4278,3.109,33.5435,34.0701,65.987,0.44179,7.5,PSF-00578_20260726130641_4d0,0,0,0,81.33137,244.6196,0.66752,0.5,0.8,55.3831,1,44.27,43.58,40.21,37.35,37.35,97.41,156.3,153.6,1.7,207,3.904,-1,-44,291,,,,,,,,18:00:37,26-Jul-2026,39.2083,-96.5938,341.2,8,0.95,13:02:39,26-Jul-2026,-0.34,1,-0.001,-0.003,-9999,0.154,0.311,-9999,1,150,0.005,2,0.058905,0,0.02923,0,0,-6.8e-05,standard,0,rectangular,7000,500,-9999,-9999,55537,55537,55537,0,-9999,0,0,0,0,2.464,2.4507,1.644,0.92626,0.15045,-0.035871,0.39347,0.27996,81.3314,0.000321,2.3977,-3e-05,1,2.3839,-2.4e-05,1,0.60171,0.60051,0.10664,0,PSF-00578_20260726130641_4d0,PFA-00612,PSA-00572,PSF-00578,RHS-0697,3.0.0,2026-06-15T15:17:51.144Z,DATA_DUMP_1785116825020_clean_2026-07-26.csv,26-Jul-2026,60,Pl6-R1-M1-H2-P08,26-Jul-2026 13:06:41,26-Jul-2026
15,13:06:54,26-Jul-2026,Rain_out,Climate_model,,Pl6-R1-M1-H2-P08,,,0.026728,2.9173,0.026485,0.98205,3.2767,3.2505,6.7033,3.4267,33.3713,33.6398,68.8193,0.44179,7.5,PSF-00578_20260726130654_029,0,0,0,81.99442,247.3497,0.66851,0.5,0.8,59.8724,1,43.74,43.39,40.2,38.13,38.13,97.4,156.2,153.6,1.6,224,3.908,0,-38,289,,,,,,,,18:00:49,26-Jul-2026,39.2083,-96.5938,341.7,9,0.93,13:02:39,26-Jul-2026,-0.34,1,-0.001,-0.002,-9999,-0.24,0.309,-9999,1,150,0.005,2,0.058905,0,0.02923,0,0,-6.8e-05,standard,0,rectangular,7000,500,-9999,-9999,55537,55537,55537,0,-9999,0,0,0,0,2.4637,2.45,1.6432,0.92639,0.15053,-0.026,0.39359,0.29373,81.9944,0.000309,2.3977,-3e-05,1,2.3839,-2.4e-05,1,0.60171,0.60051,0.10664,0,PSF-00578_20260726130654_029,PFA-00612,PSA-00572,PSF-00578,RHS-0697,3.0.0,2026-06-15T15:17:51.144Z,DATA_DUMP_1785116825020_clean_2026-07-26.csv,26-Jul-2026,61,Pl6-R1-M1-H2-P08,26-Jul-2026 13:06:54,26-Jul-2026
16,13:07:08,26-Jul-2026,Rain_out,Climate_model,,Pl6-R1-M1-H2-P08,,,0.038593,2.9161,0.038089,1.4222,3.3423,3.3044,6.79,3.4477,33.9247,34.3136,69.7095,0.44179,7.5,PSF-00578_20260726130708_380,0,0,0,80.29961,238.4416,0.66323,0.5,0.8,61.5295,1,44.64,44.14,40.18,38.36,38.36,97.4,156,153.6,1.5,232,3.908,-3,-21,283,,,,,,,,18:01:03,26-Jul-2026,39.2084,-96.5938,342.7,9,0.93,13:02:39,26-Jul-2026,-0.34,1,-0.002,-0.003,-9999,-0.222,0.023,-9999,1,150,0.005,2,0.058905,0,0.02923,0,0,-6.8e-05,standard,0,rectangular,7000,500,-9999,-9999,55537,55537,55537,0,-9999,0,0,0,0,2.4647,2.4512,1.642,0.92639,0.15061,-0.02283,0.3939,0.30044,80.2996,0.000305,2.3977,-3e-05,1,2.3839,-2.4e-05,1,0.60171,0.60051,0.10664,0,PSF-00578_20260726130708_380,PFA-00612,PSA-00572,PSF-00578,RHS-0697,3.0.0,2026-06-15T15:17:51.144Z,DATA_DUMP_1785116825020_clean_2026-07-26.csv,26-Jul-2026,62,Pl6-R1-M1-H2-P08,26-Jul-2026 13:07:08,26-Jul-2026
55,16:53:07,26-Jul-2026,Rain_out,Climate_model,,Pl6-R1-M1-H2-P08,,,0.14505,2.9173,0.13818,6.4946,3.0574,2.8843,7.383,4.3256,29.659,31.4387,75.918,0.44179,7.5,PSF-00578_20260726165307_f72,0,0,0,82.77261,119.8786,0.30953,0.5,0.8,221.3747,1,39.09,36.87,41.01,39.92,39.92,97.25,156.2,153.7,1.6,1788,3.842,1,-65,9,,,,,,,,21:47:02,26-Jul-2026,39.2084,-96.5938,328.4,18,0.63,16:46:48,26-Jul-2026,-0.28,1,0.001,0.002,-9999,-0.781,-1.386,-9999,1,150,0.005,2,0.058905,0,0.02923,0,0,-6.8e-05,standard,0,rectangular,7000,500,-9999,-9999,55537,55537,55537,0,-9999,0,0,0,0,2.455,2.4438,1.6432,0.9266,0.14595,-0.013628,0.35398,1.6007,82.7726,0.000311,2.3977,-3e-05,1,2.3839,-2.4e-05,1,0.60171,0.60051,0.10664,0,PSF-00578_20260726165307_f72,PFA-00612,PSA-00572,PSF-00578,RHS-0697,3.0.0,2026-06-15T15:17:51.144Z,DATA_DUMP_1785116825020_clean_2026-07-26.csv,26-Jul-2026,67,Pl6-R1-M1-H2-P08,26-Jul-2026 16:53:07,26-Jul-2026
56,16:53:25,26-Jul-2026,Rain_out,Climate_model,,Pl6-R1-M1-H2-P08,,,0.13742,2.9157,0.13124,6.0005,2.9971,2.837,7.2096,4.2124,29.1773,30.8247,74.1482,0.44179,7.5,PSF-00578_20260726165325_254,0,0,0,90.99734,136.3488,0.33261,0.5,0.8,246.6366,1,38.33,36.28,41,39.48,39.48,97.23,156,153.8,1.4,1854,3.817,3,-57,7,,,,,,,,21:47:19,26-Jul-2026,39.2084,-96.5938,328.7,20,0.62,16:46:48,26-Jul-2026,-0.28,1,0.005,-0.001,-9999,-8.796,13.064,-9999,1,150,0.005,2,0.058905,0,0.02923,0,0,-6.8e-05,standard,0,rectangular,7000,500,-9999,-9999,55537,55537,55537,0,-9999,0,0,0,0,2.4542,2.4428,1.6416,0.92693,0.14599,-0.019207,0.35457,1.6556,90.9973,0.000314,2.3977,-3e-05,1,2.3839,-2.4e-05,1,0.60171,0.60051,0.10664,0,PSF-00578_20260726165325_254,PFA-00612,PSA-00572,PSF-00578,RHS-0697,3.0.0,2026-06-15T15:17:51.144Z,DATA_DUMP_1785116825020_clean_2026-07-26.csv,26-Jul-2026,68,Pl6-R1-M1-H2-P08,26-Jul-2026 16:53:25,26-Jul-2026
57,16:53:37,26-Jul-2026,Rain_out,Climate_model,,Pl6-R1-M1-H2-P08,,,0.1054,2.9166,0.10172,4.9027,2.971,2.8402,7.4075,4.4364,29.2087,30.5541,76.1781,0.44179,7.5,PSF-00578_20260726165337_260,0,0,0,84.89442,122.4207,0.30654,0.5,0.8,218.2207,1,38.01,36.34,40.99,39.98,39.98,97.24,156.1,153.8,1.4,1780,3.841,1,-68,8,,,,,,,,21:47:31,26-Jul-2026,39.2084,-96.5938,328.8,19,0.7,16:46:48,26-Jul-2026,-0.28,1,0.001,0.002,-9999,-1.106,-1.798,-9999,1,150,0.005,2,0.058905,0,0.02923,0,0,-6.8e-05,standard,0,rectangular,7000,500,-9999,-9999,55537,55537,55537,0,-9999,0,0,0,0,2.4543,2.4424,1.6425,0.92694,0.14603,-0.012637,0.35497,1.5938,84.8944,0.000316,2.3977,-3e-05,1,2.3839,-2.4e-05,1,0.60171,0.60051,0.10664,0,PSF-00578_20260726165337_260,PFA-00612,PSA-00572,PSF-00578,RHS-0697,3.0.0,2026-06-15T15:17:51.144Z,DATA_DUMP_1785116825020_clean_2026-07-26.csv,26-Jul-2026,69,Pl6-R1-M1-H2-P08,26-Jul-2026 16:53:37,26-Jul-2026
58,16:53:57,26-Jul-2026,Rain_out,Climate_model,,Pl6-R1-M1-H2-P08,,,0.044427,2.917,0.043761,1.9528,2.9366,2.8845,7.0529,4.1163,29.6643,30.2002,72.5314,0.44179,7.5,PSF-00578_20260726165357_2a6,0,0,0,97.62633,246.0741,0.60327,0.5,0.8,139.9991,1,37.57,36.9,40.99,39.07,39.07,97.24,156.1,153.7,1.6,580,3.841,24,57,32,,,,,,,,21:47:52,26-Jul-2026,39.2084,-96.5938,329.1,21,0.61,16:46:48,26-Jul-2026,-0.28,1,0.001,-0.001,-9999,-2.125,-1.285,-9999,1,150,0.005,2,0.058905,0,0.02923,0,0,-6.8e-05,standard,0,rectangular,7000,500,-9999,-9999,55537,55537,55537,0,-9999,0,0,0,0,2.455,2.4418,1.6429,0.92651,0.14603,-0.024344,0.35591,0.59142,97.6263,0.000318,2.3977,-3e-05,1,2.3839,-2.4e-05,1,0.60171,0.60051,0.10664,0,PSF-00578_20260726165357_2a6,PFA-00612,PSA-00572,PSF-00578,RHS-0697,3.0.0,2026-06-15T15:17:51.144Z,DATA_DUMP_1785116825020_clean_2026-07-26.csv,26-Jul-2026,70,Pl6-R1-M1-H2-P08,26-Jul-2026 16:53:57,26-Jul-2026
59,16:54:13,26-Jul-2026,Rain_out,Climate_model,,Pl6-R1-M1-H2-P08,,,0.063017,2.9168,0.061685,2.5652,2.9572,2.8888,6.7984,3.8412,29.7059,30.4098,69.9091,0.44179,7.5,PSF-00578_20260726165413_a6b,0,0,0,84.0472,244.1422,0.65575,0.5,0.8,127.9833,1,37.85,36.97,40.99,38.39,38.39,97.25,156.1,153.6,1.6,488,3.841,26,48,21,,,,,,,,21:48:07,26-Jul-2026,39.2084,-96.5938,329.1,21,0.61,16:46:48,26-Jul-2026,-0.28,1,0.002,0.002,-9999,0.006,-0.032,-9999,1,150,0.005,2,0.058905,0,0.02923,0,0,-6.8e-05,standard,0,rectangular,7000,500,-9999,-9999,55537,55537,55537,0,-9999,0,0,0,0,2.4551,2.4422,1.6427,0.92646,0.14607,-0.032896,0.35645,0.51435,84.0472,0.000305,2.3977,-3e-05,1,2.3839,-2.4e-05,1,0.60171,0.60051,0.10664,0,PSF-00578_20260726165413_a6b,PFA-00612,PSA-00572,PSF-00578,RHS-0697,3.0.0,2026-06-15T15:17:51.144Z,DATA_DUMP_1785116825020_clean_2026-07-26.csv,26-Jul-2026,71,Pl6-R1-M1-H2-P08,26-Jul-2026 16:54:13,26-Jul-2026
60,16:54:25,26-Jul-2026,Rain_out,Climate_model,,Pl6-R1-M1-H2-P08,,,0.041438,2.9162,0.040857,1.7355,2.8343,2.7879,6.7606,3.9263,28.6723,29.1493,69.5302,0.44179,7.5,PSF-00578_20260726165425_6be,0,0,0,85.17766,254.3385,0.6651,0.5,0.8,128.3535,1,36.3,35.71,40.97,38.28,38.28,97.23,156,153.8,1.4,482,3.84,28,49,22,,,,,,,,21:48:19,26-Jul-2026,39.2084,-96.5938,329.3,21,0.61,16:46:48,26-Jul-2026,-0.28,1,0,0.003,-9999,-0.125,-0.527,-9999,1,150,0.005,2,0.058905,0,0.02923,0,0,-6.8e-05,standard,0,rectangular,7000,500,-9999,-9999,55537,55537,55537,0,-9999,0,0,0,0,2.4535,2.4402,1.6421,0.92679,0.14614,-0.034033,0.35687,0.50978,85.1777,0.000318,2.3977,-3e-05,1,2.3839,-2.4e-05,1,0.60171,0.60051,0.10664,0,PSF-00578_20260726165425_6be,PFA-00612,PSA-00572,PSF-00578,RHS-0697,3.0.0,2026-06-15T15:17:51.144Z,DATA_DUMP_1785116825020_clean_2026-07-26.csv,26-Jul-2026,72,Pl6-R1-M1-H2-P08,26-Jul-2026 16:54:25,26-Jul-2026
61,16:54:56,26-Jul-2026,Rain_out,Climate_model,,Pl6-R1-M1-H2-P08,,,0.13568,2.9176,0.12965,4.8571,3.0555,2.9261,6.5194,3.4639,30.0894,31.42,67.0389,0.44179,7.5,PSF-00578_20260726165456_916,0,0,0,80.8239,270.6431,0.70136,0.5,0.8,35.9301,1,39.16,37.5,40.96,37.61,37.61,97.25,156.2,153,2.1,128,3.84,13,82,348,,,,,,,,21:48:51,26-Jul-2026,39.2084,-96.5938,329,20,0.62,16:46:48,26-Jul-2026,-0.28,1,0.005,0.005,-9999,0.134,0.078,-9999,1,150,0.005,2,0.058905,0,0.02923,0,0,-6.8e-05,standard,0,rectangular,7000,500,-9999,-9999,55537,55537,55537,0,-9999,0,0,0,0,2.4558,2.4439,1.6435,0.92484,0.14621,-0.042307,0.35814,0.21366,80.8239,0.000323,2.3977,-3e-05,1,2.3839,-2.4e-05,1,0.60171,0.60051,0.10664,0,PSF-00578_20260726165456_916,PFA-00612,PSA-00572,PSF-00578,RHS-0697,3.0.0,2026-06-15T15:17:51.144Z,DATA_DUMP_1785116825020_clean_2026-07-26.csv,26-Jul-2026,73,Pl6-R1-M1-H2-P08,26-Jul-2026 16:54:56,26-Jul-2026
62,16:55:11,26-Jul-2026,Rain_out,Climate_model,,Pl6-R1-M1-H2-P08,,,0.15577,2.9172,0.14788,5.7805,3.0501,2.8961,6.662,3.6119,29.7778,31.362,68.5003,0.44179,7.5,PSF-00578_20260726165511_814,0,0,0,88.51075,267.8772,0.66958,0.5,0.8,37.9649,1,39.1,37.12,40.96,38.01,38.01,97.26,156.1,153.9,1.5,142,3.808,9,81,352,,,,,,,,21:49:04,26-Jul-2026,39.2084,-96.5938,329.3,20,0.62,16:46:48,26-Jul-2026,-0.28,1,0.003,0.003,-9999,0.027,0.48,-9999,1,150,0.005,2,0.058905,0,0.02923,0,0,-6.8e-05,standard,0,rectangular,7000,500,-9999,-9999,55537,55537,55537,0,-9999,0,0,0,0,2.4553,2.4438,1.6431,0.92702,0.14623,-0.037244,0.35872,0.22508,88.5108,0.000315,2.3977,-3e-05,1,2.3839,-2.4e-05,1,0.60171,0.60051,0.10664,0,PSF-00578_20260726165511_814,PFA-00612,PSA-00572,PSF-00578,RHS-0697,3.0.0,2026-06-15T15:17:51.144Z,DATA_DUMP_1785116825020_clean_2026-07-26.csv,26-Jul-2026,74,Pl6-R1-M1-H2-P08,26-Jul-2026 16:55:11,26-Jul-2026
63,16:55:27,26-Jul-2026,Rain_out,Climate_model,,Pl6-R1-M1-H2-P08,,,0.16602,2.9173,0.15708,6.1607,2.9832,2.8189,6.609,3.6258,28.9878,30.6772,67.9632,0.44179,7.5,PSF-00578_20260726165527_256,0,0,0,85.25062,275.1807,0.6902,0.5,0.8,37.9299,1,38.25,36.14,40.95,37.87,37.87,97.24,156.2,154.1,1.3,137,3.839,8,76,0,,,,,,,,21:49:21,26-Jul-2026,39.2084,-96.5938,329.8,20,0.7,16:46:48,26-Jul-2026,-0.28,1,-0.001,0.002,-9999,0.046,0.349,-9999,1,150,0.005,2,0.058905,0,0.02923,0,0,-6.8e-05,standard,0,rectangular,7000,500,-9999,-9999,55537,55537,55537,0,-9999,0,0,0,0,2.454,2.4427,1.6432,0.92758,0.14625,-0.03906,0.35924,0.22144,85.2506,0.000319,2.3977,-3e-05,1,2.3839,-2.4e-05,1,0.60171,0.60051,0.10664,0,PSF-00578_20260726165527_256,PFA-00612,PSA-00572,PSF-00578,RHS-0697,3.0.0,2026-06-15T15:17:51.144Z,DATA_DUMP_1785116825020_clean_2026-07-26.csv,26-Jul-2026,75,Pl6-R1-M1-H2-P08,26-Jul-2026 16:55:27,26-Jul-2026
64,16:55:44,26-Jul-2026,Rain_out,Climate_model,,Pl6-R1-M1-H2-P08,,,0.064111,2.9159,0.062732,2.5405,2.9672,2.8993,6.7096,3.7424,29.8132,30.5107,68.9932,0.44179,7.5,PSF-00578_20260726165544_9a4,0,0,0,81.40469,197.3823,0.58758,0.5,0.8,284.5007,1,38.08,37.21,40.94,38.14,38.14,97.25,156,153.6,1.5,1210,3.839,-15,-60,24,,,,,,,,21:49:39,26-Jul-2026,39.2084,-96.5938,330.4,20,0.62,16:46:48,26-Jul-2026,-0.28,1,-0.001,-0.001,-9999,0.906,2.146,-9999,1,150,0.005,2,0.058905,0,0.02923,0,0,-6.8e-05,standard,0,rectangular,7000,500,-9999,-9999,55537,55537,55537,0,-9999,0,0,0,0,2.4555,2.4425,1.6418,0.92642,0.14635,-0.035311,0.3598,1.1181,81.4047,0.000313,2.3977,-3e-05,1,2.3839,-2.4e-05,1,0.60171,0.60051,0.10664,0,PSF-00578_20260726165544_9a4,PFA-00612,PSA-00572,PSF-00578,RHS-0697,3.0.0,2026-06-15T15:17:51.144Z,DATA_DUMP_1785116825020_clean_2026-07-26.csv,26-Jul-2026,76,Pl6-R1-M1-H2-P08,26-Jul-2026 16:55:44,26-Jul-2026
66,16:56:25,26-Jul-2026,Rain_out,Climate_model,,Pl6-R1-M1-H2-P08,,,0.022368,2.9157,0.022198,0.93546,2.9,2.875,6.794,3.894,29.5624,29.8194,69.8604,0.44179,7.5,PSF-00578_20260726165625_93d,0,0,0,97.24653,311.0261,0.68734,0.5,0.8,40.155,1,37.26,36.94,40.91,38.38,38.38,97.25,156,153.6,1.5,146,3.838,-4,-29,256,,,,,,,,21:50:19,26-Jul-2026,39.2084,-96.5938,331.4,20,0.7,16:46:48,26-Jul-2026,-0.28,1,0.001,0.001,-9999,0.368,0.937,-9999,1,150,0.005,2,0.058905,0,0.02923,0,0,-6.8e-05,standard,0,rectangular,7000,500,-9999,-9999,55537,55537,55537,0,-9999,0,0,0,0,2.4551,2.4414,1.6416,0.92642,0.14648,-0.032097,0.36124,0.22868,97.2465,0.000323,2.3977,-3e-05,1,2.3839,-2.4e-05,1,0.60171,0.60051,0.10664,0,PSF-00578_20260726165625_93d,PFA-00612,PSA-00572,PSF-00578,RHS-0697,3.0.0,2026-06-15T15:17:51.144Z,DATA_DUMP_1785116825020_clean_2026-07-26.csv,26-Jul-2026,77,Pl6-R1-M1-H2-P08,26-Jul-2026 16:56:25,26-Jul-2026
67,16:56:45,26-Jul-2026,Rain_out,Climate_model,,Pl6-R1-M1-H2-P08,,,0.038567,2.9169,0.038064,1.6167,2.9162,2.873,6.8388,3.9226,29.5481,29.9919,70.3348,0.44179,7.5,PSF-00578_20260726165645_8fe,0,0,0,85.21378,277.3479,0.69276,0.5,0.8,42.3338,1,37.5,36.94,40.9,38.5,38.5,97.23,156.1,153.7,1.6,153,3.838,29,65,251,,,,,,,,21:50:39,26-Jul-2026,39.2084,-96.5938,333.1,21,0.61,16:46:48,26-Jul-2026,-0.28,1,0,0.002,-9999,0.831,1.079,-9999,1,150,0.005,2,0.058905,0,0.02923,0,0,-6.8e-05,standard,0,rectangular,7000,500,-9999,-9999,55537,55537,55537,0,-9999,0,0,0,0,2.4551,2.4417,1.6428,0.92651,0.14655,-0.03038,0.36202,0.2343,85.2138,0.000321,2.3977,-3e-05,1,2.3839,-2.4e-05,1,0.60171,0.60051,0.10664,0,PSF-00578_20260726165645_8fe,PFA-00612,PSA-00572,PSF-00578,RHS-0697,3.0.0,2026-06-15T15:17:51.144Z,DATA_DUMP_1785116825020_clean_2026-07-26.csv,26-Jul-2026,78,Pl6-R1-M1-H2-P08,26-Jul-2026 16:56:45,26-Jul-2026
76,17:32:08,20-Jul-2026,Rain_out,Climate_model,,Pl7-R1-M2-H1-P08,,,0.018395,2.9158,0.01828,0.81733,2.7263,2.7044,6.8556,4.1293,27.8388,28.0638,70.5702,0.44179,7.5,PSF-00578_20260720173208_d60,0,0,0,87.61168,268.0371,0.67314,0.5,0.8,38.1099,1,35.29,35,40.77,38.54,38.54,97.15,156,153.7,1.4,142,3.808,-12,20,6,,,,,,,,22:26:23,20-Jul-2026,39.2083,-96.5939,334.6,19,0.63,17:21:30,20-Jul-2026,-0.29,1,0.002,0.005,-9999,-0.564,-0.86,-9999,1,150,0.005,2,0.058905,0,0.02923,0,0,-6.8e-05,standard,0,rectangular,7000,500,-9999,-9999,55537,55537,55537,0,-9999,0,0,0,0,2.4525,2.4389,1.6417,0.92672,0.14725,-0.028205,0.41079,0.22491,87.6117,0.000322,2.3977,-3e-05,1,2.3839,-2.4e-05,1,0.60171,0.60051,0.10664,0,PSF-00578_20260720173208_d60,PFA-00612,PSA-00572,PSF-00578,RHS-0697,3.0.0,2026-06-15T15:17:51.144Z,DATA_DUMP_1785116825020_clean_2026-07-20.csv,20-Jul-2026,131,Pl7-R1-M2-H1-P08,20-Jul-2026 17:32:08,20-Jul-2026
77,17:32:38,20-Jul-2026,Rain_out,Climate_model,,Pl7-R1-M2-H1-P08,,,0.004779,2.9173,0.004771,0.21858,2.6803,2.6745,6.9111,4.2307,27.5309,27.5911,71.1418,0.44179,7.5,PSF-00578_20260720173238_363,0,0,0,82.64423,271.9914,0.69615,0.5,0.8,36.6532,1,34.7,34.63,40.77,38.69,38.69,97.15,156.2,153.6,1.6,132,3.814,-15,30,5,,,,,,,,22:26:50,20-Jul-2026,39.2083,-96.5939,335.1,18,0.65,17:32:30,20-Jul-2026,-0.33,1,0.001,0.002,-9999,0.065,0.265,-9999,1,150,0.005,2,0.058905,0,0.02923,0,0,-6.8e-05,standard,0,rectangular,7000,500,-9999,-9999,55537,55537,55537,0,-9999,0,0,0,0,2.452,2.4382,1.6433,0.92645,0.14728,-0.026243,0.41105,0.21663,82.6442,0.000318,2.3977,-3e-05,1,2.3839,-2.4e-05,1,0.60171,0.60051,0.10664,0,PSF-00578_20260720173238_363,PFA-00612,PSA-00572,PSF-00578,RHS-0697,3.0.0,2026-06-15T15:17:51.144Z,DATA_DUMP_1785116825020_clean_2026-07-20.csv,20-Jul-2026,132,Pl7-R1-M2-H1-P08,20-Jul-2026 17:32:38,20-Jul-2026
78,17:32:49,20-Jul-2026,Rain_out,Climate_model,,Pl7-R1-M2-H1-P08,,,0.007472,2.9167,0.007452,0.33205,2.6969,2.688,6.8134,4.1165,27.6705,27.7619,70.1368,0.44179,7.5,PSF-00578_20260720173249_833,0,0,0,81.95615,278.3375,0.70555,0.5,0.8,41.0378,1,34.92,34.81,40.77,38.43,38.43,97.14,156.1,153.6,1.6,145,3.813,-12,32,5,,,,,,,,22:27:04,20-Jul-2026,39.2083,-96.5939,335.2,19,0.62,17:32:30,20-Jul-2026,-0.33,1,-0.001,0.001,-9999,0.108,0.19,-9999,1,150,0.005,2,0.058905,0,0.02923,0,0,-6.8e-05,standard,0,rectangular,7000,500,-9999,-9999,55537,55537,55537,0,-9999,0,0,0,0,2.4523,2.4384,1.6425,0.92632,0.14729,-0.029554,0.41103,0.22814,81.9561,0.000323,2.3977,-3e-05,1,2.3839,-2.4e-05,1,0.60171,0.60051,0.10664,0,PSF-00578_20260720173249_833,PFA-00612,PSA-00572,PSF-00578,RHS-0697,3.0.0,2026-06-15T15:17:51.144Z,DATA_DUMP_1785116825020_clean_2026-07-20.csv,20-Jul-2026,133,Pl7-R1-M2-H1-P08,20-Jul-2026 17:32:49,20-Jul-2026
79,17:33:00,20-Jul-2026,Rain_out,Climate_model,,Pl7-R1-M2-H1-P08,,,0.020222,2.9162,0.020082,0.85417,2.7393,2.7165,6.671,3.9317,27.9634,28.1984,68.6716,0.44179,7.5,PSF-00578_20260720173300_e99,0,0,0,80.55174,268.4419,0.69993,0.5,0.8,35.6235,1,35.49,35.19,40.76,38.04,38.04,97.14,156,153.9,1.4,127,3.808,-13,27,8,,,,,,,,22:27:15,20-Jul-2026,39.2083,-96.5939,335.3,19,0.62,17:32:30,20-Jul-2026,-0.33,1,-0.001,0.001,-9999,0.021,0.14,-9999,1,150,0.005,2,0.058905,0,0.02923,0,0,-6.8e-05,standard,0,rectangular,7000,500,-9999,-9999,55537,55537,55537,0,-9999,0,0,0,0,2.4528,2.4392,1.6421,0.92706,0.14734,-0.034363,0.41102,0.21296,80.5517,0.000312,2.3977,-3e-05,1,2.3839,-2.4e-05,1,0.60171,0.60051,0.10664,0,PSF-00578_20260720173300_e99,PFA-00612,PSA-00572,PSF-00578,RHS-0697,3.0.0,2026-06-15T15:17:51.144Z,DATA_DUMP_1785116825020_clean_2026-07-20.csv,20-Jul-2026,134,Pl7-R1-M2-H1-P08,20-Jul-2026 17:33:00,20-Jul-2026
80,17:33:13,20-Jul-2026,Rain_out,Climate_model,,Pl7-R1-M2-H1-P08,,,0.02032,2.9169,0.02018,0.94368,2.6836,2.6584,6.9999,4.3164,27.365,27.6247,72.0571,0.44179,7.5,PSF-00578_20260720173313_ee7,0,0,0,79.29039,261.7396,0.69706,0.5,0.8,35.0781,1,34.79,34.46,40.75,38.93,38.93,97.14,156.1,153.8,1.5,126,3.812,-12,29,11,,,,,,,,22:27:24,20-Jul-2026,39.2083,-96.5939,335.4,19,0.62,17:32:30,20-Jul-2026,-0.33,1,-0.001,-0.004,-9999,-0.039,-0.14,-9999,1,150,0.005,2,0.058905,0,0.02923,0,0,-6.8e-05,standard,0,rectangular,7000,500,-9999,-9999,55537,55537,55537,0,-9999,0,0,0,0,2.4518,2.4383,1.6428,0.9268,0.14741,-0.022924,0.41103,0.21176,79.2904,0.000319,2.3977,-3e-05,1,2.3839,-2.4e-05,1,0.60171,0.60051,0.10664,0,PSF-00578_20260720173313_ee7,PFA-00612,PSA-00572,PSF-00578,RHS-0697,3.0.0,2026-06-15T15:17:51.144Z,DATA_DUMP_1785116825020_clean_2026-07-20.csv,20-Jul-2026,135,Pl7-R1-M2-H1-P08,20-Jul-2026 17:33:13,20-Jul-2026
81,17:33:25,20-Jul-2026,Rain_out,Climate_model,,Pl7-R1-M2-H1-P08,,,0.006543,2.9171,0.006529,0.29195,2.6089,2.6011,6.7438,4.1349,26.7757,26.8561,69.4211,0.44179,7.5,PSF-00578_20260720173325_b5c,0,0,0,81.59888,254.8539,0.67982,0.5,0.8,36.4837,1,33.84,33.74,40.73,38.24,38.24,97.14,156.1,153.5,1.7,134,3.812,-8,22,10,,,,,,,,22:27:40,20-Jul-2026,39.2083,-96.5939,335.7,19,0.62,17:32:30,20-Jul-2026,-0.33,1,0,0,-9999,0.297,-1.008,-9999,1,150,0.005,2,0.058905,0,0.02923,0,0,-6.8e-05,standard,0,rectangular,7000,500,-9999,-9999,55537,55537,55537,0,-9999,0,0,0,0,2.4509,2.437,1.643,0.92624,0.14749,-0.031499,0.41103,0.21875,81.5989,0.000327,2.3977,-3e-05,1,2.3839,-2.4e-05,1,0.60171,0.60051,0.10664,0,PSF-00578_20260720173325_b5c,PFA-00612,PSA-00572,PSF-00578,RHS-0697,3.0.0,2026-06-15T15:17:51.144Z,DATA_DUMP_1785116825020_clean_2026-07-20.csv,20-Jul-2026,136,Pl7-R1-M2-H1-P08,20-Jul-2026 17:33:25,20-Jul-2026
82,17:33:39,20-Jul-2026,Rain_out,Climate_model,,Pl7-R1-M2-H1-P08,,,0.10499,2.9146,0.10134,4.3774,2.6489,2.5316,6.6439,3.995,26.0644,27.2716,68.4021,0.44179,7.5,PSF-00578_20260720173339_5b5,0,0,0,84.34081,260.7411,0.67653,0.5,0.8,86.6926,1,34.37,32.85,40.73,37.96,37.96,97.13,155.8,153.9,1.3,320,3.807,30,35,8,,,,,,,,22:27:54,20-Jul-2026,39.2083,-96.5939,335.8,18,0.65,17:32:30,20-Jul-2026,-0.33,1,0.001,0.002,-9999,0.064,0.148,-9999,1,150,0.005,2,0.058905,0,0.02923,0,0,-6.8e-05,standard,0,rectangular,7000,500,-9999,-9999,55537,55537,55537,0,-9999,0,0,0,0,2.4496,2.4377,1.6404,0.92702,0.1475,-0.034942,0.41095,0.37433,84.3408,0.000322,2.3977,-3e-05,1,2.3839,-2.4e-05,1,0.60171,0.60051,0.10664,0,PSF-00578_20260720173339_5b5,PFA-00612,PSA-00572,PSF-00578,RHS-0697,3.0.0,2026-06-15T15:17:51.144Z,DATA_DUMP_1785116825020_clean_2026-07-20.csv,20-Jul-2026,137,Pl7-R1-M2-H1-P08,20-Jul-2026 17:33:39,20-Jul-2026
83,17:33:51,20-Jul-2026,Rain_out,Climate_model,,Pl7-R1-M2-H1-P08,,,0.057931,2.917,0.056803,2.4591,2.6404,2.5746,6.6445,4.0041,26.5057,27.1826,68.4052,0.44179,7.5,PSF-00578_20260720173351_eb0,0,0,0,83.07123,250.1385,0.6679,0.5,0.8,74.6733,1,34.26,33.41,40.73,37.96,37.96,97.13,156.1,153.7,1.5,280,3.81,29,42,13,,,,,,,,22:28:05,20-Jul-2026,39.2083,-96.5939,336,18,0.63,17:32:30,20-Jul-2026,-0.33,1,-0.003,-0.003,-9999,-0.041,-0.034,-9999,1,150,0.005,2,0.058905,0,0.02923,0,0,-6.8e-05,standard,0,rectangular,7000,500,-9999,-9999,55537,55537,55537,0,-9999,0,0,0,0,2.4504,2.4376,1.6429,0.92665,0.14752,-0.034874,0.411,0.34019,83.0712,0.000328,2.3977,-3e-05,1,2.3839,-2.4e-05,1,0.60171,0.60051,0.10664,0,PSF-00578_20260720173351_eb0,PFA-00612,PSA-00572,PSF-00578,RHS-0697,3.0.0,2026-06-15T15:17:51.144Z,DATA_DUMP_1785116825020_clean_2026-07-20.csv,20-Jul-2026,138,Pl7-R1-M2-H1-P08,20-Jul-2026 17:33:51,20-Jul-2026
84,17:34:05,20-Jul-2026,Rain_out,Climate_model,,Pl7-R1-M2-H1-P08,,,0.18587,2.9166,0.17474,7.1779,2.7589,2.5672,6.5576,3.7987,26.4296,28.4038,67.5121,0.44179,7.5,PSF-00578_20260720173405_0d5,0,0,0,84.41734,276.8129,0.69504,0.5,0.8,36.8051,1,35.81,33.32,40.72,37.72,37.72,97.13,156.1,153.8,1.4,132,3.811,25,48,11,,,,,,,,22:28:19,20-Jul-2026,39.2083,-96.5939,336,18,0.65,17:32:30,20-Jul-2026,-0.33,1,-0.002,0,0.012,0.007,0.074,0.491,1,150,0.005,2,0.058905,0,0.02923,0,0,-6.8e-05,standard,0,rectangular,7000,500,-9999,-9999,55537,55537,55537,0,-9999,0,0,0,0,2.4503,2.4396,1.6425,0.92695,0.14755,-0.037854,0.41105,0.21726,84.4173,0.000315,2.3977,-3e-05,1,2.3839,-2.4e-05,1,0.60171,0.60051,0.10664,0,PSF-00578_20260720173405_0d5,PFA-00612,PSA-00572,PSF-00578,RHS-0697,3.0.0,2026-06-15T15:17:51.144Z,DATA_DUMP_1785116825020_clean_2026-07-20.csv,20-Jul-2026,139,Pl7-R1-M2-H1-P08,20-Jul-2026 17:34:05,20-Jul-2026
85,17:34:17,20-Jul-2026,Rain_out,Climate_model,,Pl7-R1-M2-H1-P08,,,0.042468,2.9168,0.041858,1.9101,2.583,2.5319,6.8012,4.2182,26.0675,26.5937,70.0226,0.44179,7.5,PSF-00578_20260720173417_905,0,0,0,121.6775,336.6401,0.63855,0.5,0.8,384.8884,1,33.55,32.89,40.71,38.4,38.4,97.13,156.1,153.8,1.5,1507,3.81,6,-66,31,,,,,,,,22:28:26,20-Jul-2026,39.2084,-96.5939,335.9,19,0.62,17:32:30,20-Jul-2026,-0.33,1,-0.004,-0.001,-9999,0.35,4.496,-9999,1,150,0.005,2,0.058905,0,0.02923,0,0,-6.8e-05,standard,0,rectangular,7000,500,-9999,-9999,55537,55537,55537,0,-9999,0,0,0,0,2.4497,2.4366,1.6427,0.92676,0.14763,-0.029188,0.41104,1.3658,121.6775,0.000318,2.3977,-3e-05,1,2.3839,-2.4e-05,1,0.60171,0.60051,0.10664,0,PSF-00578_20260720173417_905,PFA-00612,PSA-00572,PSF-00578,RHS-0697,3.0.0,2026-06-15T15:17:51.144Z,DATA_DUMP_1785116825020_clean_2026-07-20.csv,20-Jul-2026,140,Pl7-R1-M2-H1-P08,20-Jul-2026 17:34:17,20-Jul-2026
86,17:34:28,20-Jul-2026,Rain_out,Climate_model,,Pl7-R1-M2-H1-P08,,,0.036015,2.9155,0.035576,1.7685,2.6114,2.5641,7.1962,4.5847,26.3981,26.8857,74.0877,0.44179,7.5,PSF-00578_20260720173428_b17,0,0,0,95.92009,263.0861,0.6354,0.5,0.8,381.058,1,33.94,33.33,40.7,39.44,39.44,97.13,155.9,153.9,1.3,1499,3.81,1,-68,29,,,,,,,,22:28:42,20-Jul-2026,39.2083,-96.5939,335.6,19,0.62,17:32:30,20-Jul-2026,-0.33,1,-0.002,0,-9999,-0.613,-1.972,-9999,1,150,0.005,2,0.058905,0,0.02923,0,0,-6.8e-05,standard,0,rectangular,7000,500,-9999,-9999,55537,55537,55537,0,-9999,0,0,0,0,2.4503,2.4372,1.6414,0.92722,0.1477,-0.015718,0.41108,1.3594,95.9201,0.000323,2.3977,-3e-05,1,2.3839,-2.4e-05,1,0.60171,0.60051,0.10664,0,PSF-00578_20260720173428_b17,PFA-00612,PSA-00572,PSF-00578,RHS-0697,3.0.0,2026-06-15T15:17:51.144Z,DATA_DUMP_1785116825020_clean_2026-07-20.csv,20-Jul-2026,141,Pl7-R1-M2-H1-P08,20-Jul-2026 17:34:28,20-Jul-2026
87,17:34:39,20-Jul-2026,Rain_out,Climate_model,,Pl7-R1-M2-H1-P08,,,0.086318,2.917,0.083838,3.7147,2.706,2.6067,6.7991,4.0931,26.838,27.86,70.0005,0.44179,7.5,PSF-00578_20260720173439_481,0,0,0,105.3185,287.3054,0.63343,0.5,0.8,384.601,1,35.19,33.9,40.69,38.39,38.39,97.13,156.1,153.8,1.5,1518,3.811,0,-65,27,,,,,,,,22:28:53,20-Jul-2026,39.2084,-96.5939,335.4,19,0.62,17:32:30,20-Jul-2026,-0.33,1,0.001,0,-9999,-0.677,-2.316,-9999,1,150,0.005,2,0.058905,0,0.02923,0,0,-6.8e-05,standard,0,rectangular,7000,500,-9999,-9999,55537,55537,55537,0,-9999,0,0,0,0,2.4511,2.4388,1.6429,0.92695,0.14774,-0.029,0.41109,1.375,105.3185,0.000317,2.3977,-3e-05,1,2.3839,-2.4e-05,1,0.60171,0.60051,0.10664,0,PSF-00578_20260720173439_481,PFA-00612,PSA-00572,PSF-00578,RHS-0697,3.0.0,2026-06-15T15:17:51.144Z,DATA_DUMP_1785116825020_clean_2026-07-20.csv,20-Jul-2026,142,Pl7-R1-M2-H1-P08,20-Jul-2026 17:34:39,20-Jul-2026
88,17:34:51,20-Jul-2026,Rain_out,Climate_model,,Pl7-R1-M2-H1-P08,,,0.06856,2.9174,0.066986,3.1041,2.7034,2.6205,6.9804,4.2769,26.9777,27.8314,71.8617,0.44179,7.5,PSF-00578_20260720173451_e45,0,0,0,101.6915,277.7424,0.63386,0.5,0.8,388.9272,1,35.17,34.09,40.68,38.88,38.88,97.14,156.2,153.8,1.5,1534,3.805,-1,-61,24,,,,,,,,22:29:02,20-Jul-2026,39.2084,-96.5939,335.4,19,0.62,17:32:30,20-Jul-2026,-0.33,1,0,0.002,-9999,-0.491,-1.858,-9999,1,150,0.005,2,0.058905,0,0.02923,0,0,-6.8e-05,standard,0,rectangular,7000,500,-9999,-9999,55537,55537,55537,0,-9999,0,0,0,0,2.4513,2.4388,1.6433,0.92699,0.14779,-0.022705,0.41119,1.3884,101.6915,0.00032,2.3977,-3e-05,1,2.3839,-2.4e-05,1,0.60171,0.60051,0.10664,0,PSF-00578_20260720173451_e45,PFA-00612,PSA-00572,PSF-00578,RHS-0697,3.0.0,2026-06-15T15:17:51.144Z,DATA_DUMP_1785116825020_clean_2026-07-20.csv,20-Jul-2026,143,Pl7-R1-M2-H1-P08,20-Jul-2026 17:34:51,20-Jul-2026
89,17:35:01,20-Jul-2026,Rain_out,Climate_model,,Pl7-R1-M2-H1-P08,,,0.1476,2.9171,0.14049,5.7211,2.7297,2.5769,6.4975,3.7678,26.5285,28.1019,66.8915,0.44179,7.5,PSF-00578_20260720173501_c9f,0,0,0,84.66411,181.112,0.53253,0.5,0.8,345.0754,1,35.53,33.54,40.67,37.55,37.55,97.14,156.1,153.8,1.5,1620,3.777,0,-58,20,,,,,,,,22:29:15,20-Jul-2026,39.2084,-96.5939,335.2,19,0.62,17:32:30,20-Jul-2026,-0.33,1,0.004,0.003,-9999,-0.205,1.27,-9999,1,150,0.005,2,0.058905,0,0.02923,0,0,-6.8e-05,standard,0,rectangular,7000,500,-9999,-9999,55537,55537,55537,0,-9999,0,0,0,0,2.4506,2.4393,1.643,0.92692,0.14784,-0.039313,0.41133,1.4603,84.6641,0.000325,2.3977,-3e-05,1,2.3839,-2.4e-05,1,0.60171,0.60051,0.10664,0,PSF-00578_20260720173501_c9f,PFA-00612,PSA-00572,PSF-00578,RHS-0697,3.0.0,2026-06-15T15:17:51.144Z,DATA_DUMP_1785116825020_clean_2026-07-20.csv,20-Jul-2026,144,Pl7-R1-M2-H1-P08,20-Jul-2026 17:35:01,20-Jul-2026
90,17:35:15,20-Jul-2026,Rain_out,Climate_model,,Pl7-R1-M2-H1-P08,,,0.035846,2.9164,0.035411,1.5987,2.6894,2.6466,6.8594,4.17,27.2456,27.6857,70.6145,0.44179,7.5,PSF-00578_20260720173515_ee5,0,0,0,83.89092,279.3886,0.69973,0.5,0.8,29.751,1,35.01,34.46,40.67,38.55,38.55,97.14,156,153.9,1.3,106,3.772,10,55,11,,,,,,,,22:29:29,20-Jul-2026,39.2084,-96.5939,335,17,0.68,17:32:30,20-Jul-2026,-0.33,1,0.002,0.004,-9999,-0.21,-0.079,-9999,1,150,0.005,2,0.058905,0,0.02923,0,0,-6.8e-05,standard,0,rectangular,7000,500,-9999,-9999,55537,55537,55537,0,-9999,0,0,0,0,2.4518,2.4386,1.6422,0.92722,0.14786,-0.026656,0.41146,0.19546,83.8909,0.000311,2.3977,-3e-05,1,2.3839,-2.4e-05,1,0.60171,0.60051,0.10664,0,PSF-00578_20260720173515_ee5,PFA-00612,PSA-00572,PSF-00578,RHS-0697,3.0.0,2026-06-15T15:17:51.144Z,DATA_DUMP_1785116825020_clean_2026-07-20.csv,20-Jul-2026,145,Pl7-R1-M2-H1-P08,20-Jul-2026 17:35:15,20-Jul-2026
91,17:35:26,20-Jul-2026,Rain_out,Climate_model,,Pl7-R1-M2-H1-P08,,,0.035985,2.9167,0.035547,1.653,2.65,2.6058,6.9442,4.2942,26.8243,27.2794,71.4848,0.44179,7.5,PSF-00578_20260720173526_d9c,0,0,0,82.66425,280.7701,0.70558,0.5,0.8,30.754,1,34.51,33.93,40.66,38.78,38.78,97.14,156.1,153.5,1.6,109,3.81,13,57,11,,,,,,,,22:29:40,20-Jul-2026,39.2084,-96.5939,334.7,19,0.63,17:32:30,20-Jul-2026,-0.33,1,-0.003,-0.003,-9999,-0.104,-0.179,-9999,1,150,0.005,2,0.058905,0,0.02923,0,0,-6.8e-05,standard,0,rectangular,7000,500,-9999,-9999,55537,55537,55537,0,-9999,0,0,0,0,2.4511,2.4379,1.6426,0.92618,0.14789,-0.02371,0.41155,0.19769,82.6643,0.000318,2.3977,-3e-05,1,2.3839,-2.4e-05,1,0.60171,0.60051,0.10664,0,PSF-00578_20260720173526_d9c,PFA-00612,PSA-00572,PSF-00578,RHS-0697,3.0.0,2026-06-15T15:17:51.144Z,DATA_DUMP_1785116825020_clean_2026-07-20.csv,20-Jul-2026,146,Pl7-R1-M2-H1-P08,20-Jul-2026 17:35:26,20-Jul-2026
92,17:35:37,20-Jul-2026,Rain_out,Climate_model,,Pl7-R1-M2-H1-P08,,,0.12122,2.9167,0.11638,4.8974,2.7647,2.6339,6.654,3.8893,27.1156,28.4624,68.5018,0.44179,7.5,PSF-00578_20260720173537_a01,0,0,0,81.48444,266.6613,0.69443,0.5,0.8,34.3244,1,36.01,34.31,40.66,37.99,37.99,97.14,156.1,153.9,1.4,124,3.809,14,58,10,,,,,,,,22:29:51,20-Jul-2026,39.2084,-96.5939,334.3,19,0.63,17:32:30,20-Jul-2026,-0.33,1,0.001,0.002,-9999,-0.123,-0.275,-9999,1,150,0.005,2,0.058905,0,0.02923,0,0,-6.8e-05,standard,0,rectangular,7000,500,-9999,-9999,55537,55537,55537,0,-9999,0,0,0,0,2.4516,2.4399,1.6426,0.92715,0.14792,-0.033619,0.41167,0.2099,81.4844,0.000311,2.3977,-3e-05,1,2.3839,-2.4e-05,1,0.60171,0.60051,0.10664,0,PSF-00578_20260720173537_a01,PFA-00612,PSA-00572,PSF-00578,RHS-0697,3.0.0,2026-06-15T15:17:51.144Z,DATA_DUMP_1785116825020_clean_2026-07-20.csv,20-Jul-2026,147,Pl7-R1-M2-H1-P08,20-Jul-2026 17:35:37,20-Jul-2026
93,17:35:48,20-Jul-2026,Rain_out,Climate_model,,Pl7-R1-M2-H1-P08,,,0.060794,2.916,0.059552,2.65,2.6749,2.604,6.7867,4.1118,26.8076,27.5374,69.868,0.44179,7.5,PSF-00578_20260720173548_30b,0,0,0,81.91252,251.8827,0.6748,0.5,0.8,106.199,1,34.84,33.92,40.66,38.36,38.36,97.14,156,153.8,1.4,393,3.81,15,31,8,,,,,,,,22:30:02,20-Jul-2026,39.2084,-96.5939,334,19,0.62,17:32:30,20-Jul-2026,-0.33,1,0.003,0.002,-9999,0.222,0.081,-9999,1,150,0.005,2,0.058905,0,0.02923,0,0,-6.8e-05,standard,0,rectangular,7000,500,-9999,-9999,55537,55537,55537,0,-9999,0,0,0,0,2.4511,2.4384,1.6419,0.92677,0.14792,-0.029024,0.41167,0.4354,81.9125,0.000321,2.3977,-3e-05,1,2.3839,-2.4e-05,1,0.60171,0.60051,0.10664,0,PSF-00578_20260720173548_30b,PFA-00612,PSA-00572,PSF-00578,RHS-0697,3.0.0,2026-06-15T15:17:51.144Z,DATA_DUMP_1785116825020_clean_2026-07-20.csv,20-Jul-2026,148,Pl7-R1-M2-H1-P08,20-Jul-2026 17:35:48,20-Jul-2026
94,17:36:03,20-Jul-2026,Rain_out,Climate_model,,Pl7-R1-M2-H1-P08,,,0.060181,2.9173,0.058965,2.9987,2.6153,2.5351,7.3026,4.6873,26.1007,26.9262,75.1849,0.44179,7.5,PSF-00578_20260720173603_817,0,0,0,116.4476,190.4444,0.38855,0.5,0.8,252.5992,1,34.07,33.03,40.65,39.72,39.72,97.13,156.2,153.8,1.5,1625,3.81,6,-74,25,,,,,,,,22:30:17,20-Jul-2026,39.2084,-96.5939,334.1,18,0.63,17:32:30,20-Jul-2026,-0.33,1,0.001,0.002,-9999,-1.258,-1.063,-9999,1,150,0.005,2,0.058905,0,0.02923,0,0,-6.8e-05,standard,0,rectangular,7000,500,-9999,-9999,55537,55537,55537,0,-9999,0,0,0,0,2.4499,2.4373,1.6432,0.92677,0.14793,-0.011669,0.41174,1.4647,116.4476,0.000318,2.3977,-3e-05,1,2.3839,-2.4e-05,1,0.60171,0.60051,0.10664,0,PSF-00578_20260720173603_817,PFA-00612,PSA-00572,PSF-00578,RHS-0697,3.0.0,2026-06-15T15:17:51.144Z,DATA_DUMP_1785116825020_clean_2026-07-20.csv,20-Jul-2026,149,Pl7-R1-M2-H1-P08,20-Jul-2026 17:36:03,20-Jul-2026
95,17:36:15,20-Jul-2026,Rain_out,Climate_model,,Pl7-R1-M2-H1-P08,,,0.041379,2.9151,0.0408,2.0263,2.5915,2.5372,7.1727,4.5812,26.1231,26.6821,73.8505,0.44179,7.5,PSF-00578_20260720173615_638,0,0,0,142.283,275.7254,0.48397,0.5,0.8,286.4539,1,33.77,33.06,40.65,39.38,39.38,97.12,155.9,153.9,1.3,1480,3.808,10,-77,31,,,,,,,,22:30:30,20-Jul-2026,39.2084,-96.5939,333.9,19,0.62,17:32:30,20-Jul-2026,-0.33,1,-0.001,0.002,-9999,2.887,-19.962,-9999,1,150,0.005,2,0.058905,0,0.02923,0,0,-6.8e-05,standard,0,rectangular,7000,500,-9999,-9999,55537,55537,55537,0,-9999,0,0,0,0,2.4499,2.4369,1.641,0.92702,0.14796,-0.015884,0.41181,1.3431,142.283,0.000309,2.3977,-3e-05,1,2.3839,-2.4e-05,1,0.60171,0.60051,0.10664,0,PSF-00578_20260720173615_638,PFA-00612,PSA-00572,PSF-00578,RHS-0697,3.0.0,2026-06-15T15:17:51.144Z,DATA_DUMP_1785116825020_clean_2026-07-20.csv,20-Jul-2026,150,Pl7-R1-M2-H1-P08,20-Jul-2026 17:36:15,20-Jul-2026
96,17:36:27,20-Jul-2026,Rain_out,Climate_model,,Pl7-R1-M2-H1-P08,,,0.006638,2.9157,0.006623,0.29592,2.6323,2.6244,6.7625,4.1302,27.0175,27.0991,69.6195,0.44179,7.5,PSF-00578_20260720173627_41d,0,0,0,88.6048,267.3032,0.66852,0.5,0.8,412.8486,1,34.32,34.21,40.64,38.29,38.29,97.14,156,153.6,1.5,1544,3.808,-8,-44,16,,,,,,,,22:30:41,20-Jul-2026,39.2084,-96.5939,334.2,18,0.64,17:32:30,20-Jul-2026,-0.33,1,-0.001,0.001,-9999,-0.102,0.147,-9999,1,150,0.005,2,0.058905,0,0.02923,0,0,-6.8e-05,standard,0,rectangular,7000,500,-9999,-9999,55537,55537,55537,0,-9999,0,0,0,0,2.4515,2.4377,1.6416,0.92646,0.14801,-0.029646,0.41204,1.3967,88.6048,0.000309,2.3977,-3e-05,1,2.3839,-2.4e-05,1,0.60171,0.60051,0.10664,0,PSF-00578_20260720173627_41d,PFA-00612,PSA-00572,PSF-00578,RHS-0697,3.0.0,2026-06-15T15:17:51.144Z,DATA_DUMP_1785116825020_clean_2026-07-20.csv,20-Jul-2026,151,Pl7-R1-M2-H1-P08,20-Jul-2026 17:36:27,20-Jul-2026
97,17:36:46,20-Jul-2026,Rain_out,Climate_model,,Pl7-R1-M2-H1-P08,,,0.045043,2.9176,0.044358,1.9908,2.6566,2.6034,6.8039,4.1473,26.8006,27.3483,70.0433,0.44179,7.5,PSF-00578_20260720173646_ed9,0,0,0,79.30469,247.7632,0.67992,0.5,0.8,36.0267,1,34.63,33.94,40.64,38.4,38.4,97.14,156.2,153.9,1.5,132,3.808,2,44,12,,,,,,,,22:31:00,20-Jul-2026,39.2084,-96.5939,334.2,19,0.62,17:32:30,20-Jul-2026,-0.33,1,0.001,0,-9999,-0.263,-0.682,-9999,1,150,0.005,2,0.058905,0,0.02923,0,0,-6.8e-05,standard,0,rectangular,7000,500,-9999,-9999,55537,55537,55537,0,-9999,0,0,0,0,2.4511,2.4381,1.6436,0.92719,0.148,-0.028237,0.41225,0.21733,79.3047,0.000312,2.3977,-3e-05,1,2.3839,-2.4e-05,1,0.60171,0.60051,0.10664,0,PSF-00578_20260720173646_ed9,PFA-00612,PSA-00572,PSF-00578,RHS-0697,3.0.0,2026-06-15T15:17:51.144Z,DATA_DUMP_1785116825020_clean_2026-07-20.csv,20-Jul-2026,152,Pl7-R1-M2-H1-P08,20-Jul-2026 17:36:46,20-Jul-2026
98,17:37:10,20-Jul-2026,Rain_out,Climate_model,,Pl7-R1-M2-H1-P08,,,0.015368,2.9163,0.015288,0.70289,2.492,2.4732,6.7458,4.2538,25.4608,25.6547,69.4461,0.44179,7.5,PSF-00578_20260720173710_318,0,0,0,82.0148,218.0647,0.6239,0.5,0.8,72.8914,1,32.5,32.25,40.63,38.24,38.24,97.14,156,153.9,1.4,292,3.802,3,-38,265,,,,,,,,22:31:18,20-Jul-2026,39.2084,-96.5939,334,19,0.62,17:32:30,20-Jul-2026,-0.33,1,0,0,-9999,0.487,0.612,-9999,1,150,0.005,2,0.058905,0,0.02923,0,0,-6.8e-05,standard,0,rectangular,7000,500,-9999,-9999,55537,55537,55537,0,-9999,0,0,0,0,2.4488,2.4352,1.6422,0.92716,0.14804,-0.030159,0.41232,0.3507,82.0148,0.00031,2.3977,-3e-05,1,2.3839,-2.4e-05,1,0.60171,0.60051,0.10664,0,PSF-00578_20260720173710_318,PFA-00612,PSA-00572,PSF-00578,RHS-0697,3.0.0,2026-06-15T15:17:51.144Z,DATA_DUMP_1785116825020_clean_2026-07-20.csv,20-Jul-2026,153,Pl7-R1-M2-H1-P08,20-Jul-2026 17:37:10,20-Jul-2026
99,17:37:34,20-Jul-2026,Rain_out,Climate_model,,Pl7-R1-M2-H1-P08,,,0.027141,2.9163,0.026891,1.168,2.5228,2.4915,6.5448,4.022,25.6512,25.9733,67.3809,0.44179,7.5,PSF-00578_20260720173734_18b,0,0,0,82.78191,207.2704,0.60061,0.5,0.8,134.4886,1,32.9,32.49,40.63,37.69,37.69,97.13,156,153.8,1.4,560,3.807,2,-22,260,,,,,,,,22:31:48,20-Jul-2026,39.2084,-96.5939,333.2,19,0.62,17:32:30,20-Jul-2026,-0.33,1,0,0.002,-9999,-0.214,-0.305,-9999,1,150,0.005,2,0.058905,0,0.02923,0,0,-6.8e-05,standard,0,rectangular,7000,500,-9999,-9999,55537,55537,55537,0,-9999,0,0,0,0,2.4492,2.4358,1.6422,0.92693,0.14805,-0.037163,0.41274,0.5744,82.7819,0.000315,2.3977,-3e-05,1,2.3839,-2.4e-05,1,0.60171,0.60051,0.10664,0,PSF-00578_20260720173734_18b,PFA-00612,PSA-00572,PSF-00578,RHS-0697,3.0.0,2026-06-15T15:17:51.144Z,DATA_DUMP_1785116825020_clean_2026-07-20.csv,20-Jul-2026,154,Pl7-R1-M2-H1-P08,20-Jul-2026 17:37:34,20-Jul-2026
101,17:38:18,20-Jul-2026,Rain_out,Climate_model,,Pl7-R1-M2-H1-P08,,,0.21615,2.9167,0.20123,9.3381,2.6732,2.4235,6.9572,4.284,24.9501,27.5204,71.6243,0.44179,7.5,PSF-00578_20260720173818_e56,0,0,0,89.64837,137.5687,0.34834,0.5,0.8,252.5745,1,34.85,31.6,40.64,38.82,38.82,97.13,156.1,154,1.3,1813,3.801,10,58,208,,,,,,,,22:32:33,20-Jul-2026,39.2084,-96.5939,332.9,19,0.62,17:32:30,20-Jul-2026,-0.33,1,0,0.001,0.013,3.944,-1.781,-2.023,1,150,0.005,2,0.058905,0,0.02923,0,0,-6.8e-05,standard,0,rectangular,7000,500,-9999,-9999,55537,55537,55537,0,-9999,0,0,0,0,2.448,2.4384,1.6426,0.92747,0.14803,-0.022958,0.41323,1.6213,89.6484,0.00031,2.3977,-3e-05,1,2.3839,-2.4e-05,1,0.60171,0.60051,0.10664,0,PSF-00578_20260720173818_e56,PFA-00612,PSA-00572,PSF-00578,RHS-0697,3.0.0,2026-06-15T15:17:51.144Z,DATA_DUMP_1785116825020_clean_2026-07-20.csv,20-Jul-2026,155,Pl7-R1-M2-H1-P08,20-Jul-2026 17:38:18,20-Jul-2026
102,17:38:34,20-Jul-2026,Rain_out,Climate_model,,Pl7-R1-M2-H1-P08,,,0.010388,2.9164,0.010352,0.51986,2.432,2.418,7.0713,4.6393,24.8947,25.0382,72.8022,0.44179,7.5,PSF-00578_20260720173834_190,0,0,0,160.832,244.0284,0.34093,0.5,0.8,185.1367,1,31.72,31.54,40.63,39.12,39.12,97.13,156.1,153.8,1.5,1358,3.804,22,66,235,,,,,,,,22:32:48,20-Jul-2026,39.2084,-96.5939,332.9,19,0.62,17:32:30,20-Jul-2026,-0.33,1,0,0.001,-9999,26.953,49.868,-9999,1,150,0.005,2,0.058905,0,0.02923,0,0,-6.8e-05,standard,0,rectangular,7000,500,-9999,-9999,55537,55537,55537,0,-9999,0,0,0,0,2.4479,2.4342,1.6423,0.92684,0.14807,-0.019014,0.41339,1.241,160.832,0.000319,2.3977,-3e-05,1,2.3839,-2.4e-05,1,0.60171,0.60051,0.10664,0,PSF-00578_20260720173834_190,PFA-00612,PSA-00572,PSF-00578,RHS-0697,3.0.0,2026-06-15T15:17:51.144Z,DATA_DUMP_1785116825020_clean_2026-07-20.csv,20-Jul-2026,156,Pl7-R1-M2-H1-P08,20-Jul-2026 17:38:34,20-Jul-2026
103,17:38:53,20-Jul-2026,Rain_out,Climate_model,,Pl7-R1-M2-H1-P08,,,0.065416,2.9164,0.063981,2.9027,2.516,2.4382,6.7132,4.1972,25.103,25.9035,69.116,0.44179,7.5,PSF-00578_20260720173853_02f,0,0,0,86.12967,266.3416,0.67662,0.5,0.8,58.0722,1,32.83,31.82,40.62,38.15,38.15,97.13,156.1,154,1.3,215,3.805,8,75,255,,,,,,,,22:33:07,20-Jul-2026,39.2084,-96.5939,332.7,19,0.62,17:32:30,20-Jul-2026,-0.33,1,-0.002,0,-9999,-0.183,-0.494,-9999,1,150,0.005,2,0.058905,0,0.02923,0,0,-6.8e-05,standard,0,rectangular,7000,500,-9999,-9999,55537,55537,55537,0,-9999,0,0,0,0,2.4483,2.4357,1.6423,0.92729,0.14811,-0.031119,0.41363,0.28593,86.1297,0.000315,2.3977,-3e-05,1,2.3839,-2.4e-05,1,0.60171,0.60051,0.10664,0,PSF-00578_20260720173853_02f,PFA-00612,PSA-00572,PSF-00578,RHS-0697,3.0.0,2026-06-15T15:17:51.144Z,DATA_DUMP_1785116825020_clean_2026-07-20.csv,20-Jul-2026,157,Pl7-R1-M2-H1-P08,20-Jul-2026 17:38:53,20-Jul-2026
104,17:39:30,20-Jul-2026,Rain_out,Climate_model,,Pl7-R1-M2-H1-P08,,,0.075011,2.9167,0.073131,3.0812,2.4745,2.3919,6.3803,3.9059,24.6258,25.4758,65.6885,0.44179,7.5,PSF-00578_20260720173930_6cb,0,0,0,88.48536,204.4365,0.56717,0.5,0.8,209.6177,1,32.3,31.22,40.61,37.22,37.22,97.13,156.1,153.8,1.4,924,3.803,-23,-8,263,,,,,,,,22:33:44,20-Jul-2026,39.2084,-96.5939,333.4,18,0.64,17:32:30,20-Jul-2026,-0.33,1,0.003,0.004,-9999,-2.167,7.89,-9999,1,150,0.005,2,0.058905,0,0.02923,0,0,-6.8e-05,standard,0,rectangular,7000,500,-9999,-9999,55537,55537,55537,0,-9999,0,0,0,0,2.4474,2.435,1.6426,0.92697,0.14815,-0.042784,0.41387,0.87868,88.4854,0.000324,2.3977,-3e-05,1,2.3839,-2.4e-05,1,0.60171,0.60051,0.10664,0,PSF-00578_20260720173930_6cb,PFA-00612,PSA-00572,PSF-00578,RHS-0697,3.0.0,2026-06-15T15:17:51.144Z,DATA_DUMP_1785116825020_clean_2026-07-20.csv,20-Jul-2026,158,Pl7-R1-M2-H1-P08,20-Jul-2026 17:39:30,20-Jul-2026
105,17:39:53,20-Jul-2026,Rain_out,Climate_model,,Pl7-R1-M2-H1-P08,,,0.071524,2.9158,0.069811,3.2995,2.5007,2.4123,6.87,4.3693,24.8347,25.7452,70.7284,0.44179,7.5,PSF-00578_20260720173953_cda,0,0,0,107.9797,202.9756,0.46802,0.5,0.8,213.5824,1,32.67,31.52,40.6,38.58,38.58,97.13,156,153.8,1.4,1141,3.799,-19,-7,268,,,,,,,,22:34:07,20-Jul-2026,39.2084,-96.5939,335.2,20,0.58,17:32:30,20-Jul-2026,-0.33,1,-0.002,-0.002,0.021,-0.283,2.256,3.513,1,150,0.005,2,0.058905,0,0.02923,0,0,-6.8e-05,standard,0,rectangular,7000,500,-9999,-9999,55537,55537,55537,0,-9999,0,0,0,0,2.4478,2.4355,1.6417,0.92695,0.14824,-0.025433,0.41397,1.06,107.9797,0.000311,2.3977,-3e-05,1,2.3839,-2.4e-05,1,0.60171,0.60051,0.10664,0,PSF-00578_20260720173953_cda,PFA-00612,PSA-00572,PSF-00578,RHS-0697,3.0.0,2026-06-15T15:17:51.144Z,DATA_DUMP_1785116825020_clean_2026-07-20.csv,20-Jul-2026,159,Pl7-R1-M2-H1-P08,20-Jul-2026 17:39:53,20-Jul-2026
1,21:27:58,20-Jul-2026,Rain_out,Climate_model,,Pl7-R1-M2-H1-P08,,,0.019972,2.9171,0.019837,0.33137,2.4225,2.4136,3.9902,1.5677,24.8682,24.9596,41.1125,0.44179,7.5,PSF-00578_20260720212758_23e,0,0,0,86.43294,339.8995,0.74571,0.5,0.8,0.005407,1,61.18,60.96,28.73,28.86,28.86,97.06,156.1,155.3,0.6,0,3.777,-14,31,6,,,,,,,,00:00:00,0000-00-00,NaN,NaN,NaN,0,NaN,21:27:51,20-Jul-2026,-0.82,1,-0.001,-0.003,-9999,2.034,3.833,-9999,1,150,0.005,2,0.058905,0,0.02923,0,0,-6.8e-05,standard,0,rectangular,7000,500,-9999,-9999,55537,55537,55537,0,-9999,0,0,0,0,2.4884,2.4747,1.643,0.93057,0.23515,0.001832,0.26684,0.10666,86.4329,0.000301,2.3977,-3e-05,1,2.3839,-2.4e-05,1,0.60171,0.60051,0.10664,0,PSF-00578_20260720212758_23e,PFA-00612,PSA-00572,PSF-00578,RHS-0697,3.0.0,2026-06-15T15:17:51.144Z,DATA_DUMP_1785116825020_clean_2026-07-20.csv,20-Jul-2026,203,Pl7-R1-M2-H1-P08,20-Jul-2026 21:27:58,20-Jul-2026
2,21:28:13,20-Jul-2026,Rain_out,Climate_model,,Pl7-R1-M2-H1-P08,,,0.059927,2.9166,0.05872,0.92036,2.4826,2.458,3.9534,1.4708,25.3241,25.578,40.732,0.44179,7.5,PSF-00578_20260720212813_127,0,0,0,89.57398,340.9377,0.73727,0.5,0.8,0.005851,1,62.3,61.69,28.84,28.7,28.7,97.06,156.1,155.3,0.5,0,3.775,-9,32,4,,,,,,,,00:00:00,0000-00-00,NaN,NaN,NaN,0,NaN,21:27:51,20-Jul-2026,-0.82,1,0,0,-0.012,-0.135,-0.207,0.422,1,150,0.005,2,0.058905,0,0.02923,0,0,-6.8e-05,standard,0,rectangular,7000,500,-9999,-9999,55537,55537,55537,0,-9999,0,0,0,0,2.4893,2.4761,1.6425,0.9307,0.23414,-0.001247,0.26916,0.10666,89.574,0.000288,2.3977,-3e-05,1,2.3839,-2.4e-05,1,0.60171,0.60051,0.10664,0,PSF-00578_20260720212813_127,PFA-00612,PSA-00572,PSF-00578,RHS-0697,3.0.0,2026-06-15T15:17:51.144Z,DATA_DUMP_1785116825020_clean_2026-07-20.csv,20-Jul-2026,204,Pl7-R1-M2-H1-P08,20-Jul-2026 21:28:13,20-Jul-2026
3,21:28:25,20-Jul-2026,Rain_out,Climate_model,,Pl7-R1-M2-H1-P08,,,0.000158,2.914,0.000158,0.002789,2.4611,2.461,4.1141,1.653,25.3552,25.356,42.3865,0.44179,7.5,PSF-00578_20260720212825_382,0,0,0,92.65244,346.3916,0.73252,0.5,0.8,0.004183,1,61.52,61.51,28.91,29.39,29.39,97.06,155.8,155.2,0.4,0,3.781,-10,39,4,,,,,,,,00:00:00,0000-00-00,NaN,NaN,NaN,0,NaN,21:27:51,20-Jul-2026,-0.82,1,-0.002,-0.003,-9999,1.953,4.924,-9999,1,150,0.005,2,0.058905,0,0.02923,0,0,-6.8e-05,standard,0,rectangular,7000,500,-9999,-9999,55537,55537,55537,0,-9999,0,0,0,0,2.489,2.4751,1.6399,0.93041,0.2335,0.005867,0.2707,0.10665,92.6524,0.000296,2.3977,-3e-05,1,2.3839,-2.4e-05,1,0.60171,0.60051,0.10664,0,PSF-00578_20260720212825_382,PFA-00612,PSA-00572,PSF-00578,RHS-0697,3.0.0,2026-06-15T15:17:51.144Z,DATA_DUMP_1785116825020_clean_2026-07-20.csv,20-Jul-2026,205,Pl7-R1-M2-H1-P08,20-Jul-2026 21:28:25,20-Jul-2026
4,21:28:37,20-Jul-2026,Rain_out,Climate_model,,Pl7-R1-M2-H1-P08,,,0.046881,2.9169,0.046139,0.7577,2.5125,2.4922,4.0525,1.5401,25.6764,25.8853,41.7521,0.44179,7.5,PSF-00578_20260720212837_468,0,0,0,91.99619,349.6678,0.7369,0.5,0.8,0.004208,1,62.54,62.04,28.98,29.13,29.13,97.06,156.1,155.3,0.5,0,3.78,-5,27,4,,,,,,,,00:00:00,0000-00-00,NaN,NaN,NaN,0,NaN,21:27:51,20-Jul-2026,-0.82,1,0.001,0.001,-9999,2.131,4.766,-9999,1,150,0.005,2,0.058905,0,0.02923,0,0,-6.8e-05,standard,0,rectangular,7000,500,-9999,-9999,55537,55537,55537,0,-9999,0,0,0,0,2.4897,2.4764,1.6428,0.93068,0.23284,0.002038,0.27224,0.10665,91.9962,0.000302,2.3977,-3e-05,1,2.3839,-2.4e-05,1,0.60171,0.60051,0.10664,0,PSF-00578_20260720212837_468,PFA-00612,PSA-00572,PSF-00578,RHS-0697,3.0.0,2026-06-15T15:17:51.144Z,DATA_DUMP_1785116825020_clean_2026-07-20.csv,20-Jul-2026,206,Pl7-R1-M2-H1-P08,20-Jul-2026 21:28:37,20-Jul-2026
5,21:28:48,20-Jul-2026,Rain_out,Climate_model,,Pl7-R1-M2-H1-P08,,,0.025036,2.9162,0.024823,0.4174,2.4981,2.487,4.0751,1.577,25.6203,25.7354,41.9811,0.44179,7.5,PSF-00578_20260720212848_812,0,0,0,97.64528,358.4261,0.72757,0.5,0.8,0.003283,1,61.94,61.66,29.05,29.23,29.23,97.07,156,155.2,0.5,0,3.781,-5,23,4,,,,,,,,00:00:00,0000-00-00,NaN,NaN,NaN,0,NaN,21:27:51,20-Jul-2026,-0.82,1,0.002,-0.001,-9999,2.275,5.497,-9999,1,150,0.005,2,0.058905,0,0.02923,0,0,-6.8e-05,standard,0,rectangular,7000,500,-9999,-9999,55537,55537,55537,0,-9999,0,0,0,0,2.4892,2.4756,1.642,0.93047,0.23221,0.002356,0.27372,0.10665,97.6453,0.000294,2.3977,-3e-05,1,2.3839,-2.4e-05,1,0.60171,0.60051,0.10664,0,PSF-00578_20260720212848_812,PFA-00612,PSA-00572,PSF-00578,RHS-0697,3.0.0,2026-06-15T15:17:51.144Z,DATA_DUMP_1785116825020_clean_2026-07-20.csv,20-Jul-2026,207,Pl7-R1-M2-H1-P08,20-Jul-2026 21:28:48,20-Jul-2026
6,21:29:00,20-Jul-2026,Rain_out,Climate_model,,Pl7-R1-M2-H1-P08,,,-0.001803,2.9171,-0.001804,-0.031312,2.5008,2.5016,4.1284,1.6277,25.7697,25.7611,42.5283,0.44179,7.5,PSF-00578_20260720212900_35b,0,0,0,91.91179,346.6966,0.73489,0.5,0.8,0.002812,1,61.75,61.77,29.12,29.45,29.45,97.07,156.1,155.2,0.6,0,3.78,-8,38,5,,,,,,,,02:23:14,21-Jul-2026,39.2084,-96.5939,NaN,0,NaN,21:27:51,20-Jul-2026,-0.82,1,0.001,-0.002,-0.017,1.368,3.467,6.579,1,150,0.005,2,0.058905,0,0.02923,0,0,-6.8e-05,standard,0,rectangular,7000,500,-9999,-9999,55537,55537,55537,0,-9999,0,0,0,0,2.4893,2.4753,1.643,0.93047,0.23157,0.004143,0.27517,0.10665,91.9118,0.000299,2.3977,-3e-05,1,2.3839,-2.4e-05,1,0.60171,0.60051,0.10664,0,PSF-00578_20260720212900_35b,PFA-00612,PSA-00572,PSF-00578,RHS-0697,3.0.0,2026-06-15T15:17:51.144Z,DATA_DUMP_1785116825020_clean_2026-07-20.csv,20-Jul-2026,208,Pl7-R1-M2-H1-P08,20-Jul-2026 21:29:00,20-Jul-2026
7,21:29:13,20-Jul-2026,Rain_out,Climate_model,,Pl7-R1-M2-H1-P08,,,-0.014606,2.9168,-0.014679,-0.25623,2.5292,2.536,4.1651,1.6359,26.1264,26.0557,42.9088,0.44179,7.5,PSF-00578_20260720212913_b33,0,0,0,93.57118,320.5336,0.70808,0.5,0.8,0.00671,1,62.2,62.36,29.19,29.61,29.61,97.07,156.1,155.2,0.6,0,3.744,-1,-35,12,,,,,,,,00:00:00,0000-00-00,NaN,NaN,NaN,0,NaN,21:27:51,20-Jul-2026,-0.82,1,0.001,-0.001,-0.012,0.608,1.836,5.827,1,150,0.005,2,0.058905,0,0.02923,0,0,-6.8e-05,standard,0,rectangular,7000,500,-9999,-9999,55537,55537,55537,0,-9999,0,0,0,0,2.4901,2.4759,1.6427,0.93039,0.23091,0.005083,0.27664,0.10666,93.5712,0.000297,2.3977,-3e-05,1,2.3839,-2.4e-05,1,0.60171,0.60051,0.10664,0,PSF-00578_20260720212913_b33,PFA-00612,PSA-00572,PSF-00578,RHS-0697,3.0.0,2026-06-15T15:17:51.144Z,DATA_DUMP_1785116825020_clean_2026-07-20.csv,20-Jul-2026,209,Pl7-R1-M2-H1-P08,20-Jul-2026 21:29:13,20-Jul-2026
8,21:29:26,20-Jul-2026,Rain_out,Climate_model,,Pl7-R1-M2-H1-P08,,,0.0084,2.9147,0.008376,0.13665,2.5889,2.5853,4.1179,1.5289,26.6338,26.6715,42.4229,0.44179,7.5,PSF-00578_20260720212926_808,0,0,0,91.68649,340.2564,0.73054,0.5,0.8,0.002296,1,63.37,63.28,29.27,29.41,29.41,97.07,155.8,155.2,0.4,0,3.777,8,49,11,,,,,,,,00:00:00,0000-00-00,NaN,NaN,NaN,0,NaN,21:27:51,20-Jul-2026,-0.82,1,0,0.004,-9999,1.684,4.231,-9999,1,150,0.005,2,0.058905,0,0.02923,0,0,-6.8e-05,standard,0,rectangular,7000,500,-9999,-9999,55537,55537,55537,0,-9999,0,0,0,0,2.4912,2.4773,1.6406,0.93051,0.23019,0.001885,0.27827,0.10665,91.6865,0.000305,2.3977,-3e-05,1,2.3839,-2.4e-05,1,0.60171,0.60051,0.10664,0,PSF-00578_20260720212926_808,PFA-00612,PSA-00572,PSF-00578,RHS-0697,3.0.0,2026-06-15T15:17:51.144Z,DATA_DUMP_1785116825020_clean_2026-07-20.csv,20-Jul-2026,210,Pl7-R1-M2-H1-P08,20-Jul-2026 21:29:26,20-Jul-2026
9,21:29:37,20-Jul-2026,Rain_out,Climate_model,,Pl7-R1-M2-H1-P08,,,0.035992,2.9166,0.035554,0.60896,2.5682,2.5519,4.173,1.6049,26.2891,26.4569,42.9901,0.44179,7.5,PSF-00578_20260720212937_70e,0,0,0,90.13116,337.213,0.73272,0.5,0.8,0.003682,1,62.65,62.26,29.33,29.64,29.64,97.07,156.1,155.3,0.5,0,3.776,15,41,13,,,,,,,,00:00:00,0000-00-00,NaN,NaN,NaN,0,NaN,21:27:51,20-Jul-2026,-0.82,1,0.001,0.002,-9999,2.482,4.921,-9999,1,150,0.005,2,0.058905,0,0.02923,0,0,-6.8e-05,standard,0,rectangular,7000,500,-9999,-9999,55537,55537,55537,0,-9999,0,0,0,0,2.4899,2.4764,1.6425,0.93069,0.22966,0.003874,0.27943,0.10665,90.1312,0.000302,2.3977,-3e-05,1,2.3839,-2.4e-05,1,0.60171,0.60051,0.10664,0,PSF-00578_20260720212937_70e,PFA-00612,PSA-00572,PSF-00578,RHS-0697,3.0.0,2026-06-15T15:17:51.144Z,DATA_DUMP_1785116825020_clean_2026-07-20.csv,20-Jul-2026,211,Pl7-R1-M2-H1-P08,20-Jul-2026 21:29:37,20-Jul-2026
10,21:29:50,20-Jul-2026,Rain_out,Climate_model,,Pl7-R1-M2-H1-P08,,,2.7e-05,2.9162,2.7e-05,0.00048,2.5269,2.5269,4.2061,1.6792,26.0317,26.0319,43.3312,0.44179,7.5,PSF-00578_20260720212950_5a8,0,0,0,102.5759,365.8948,0.71966,0.5,0.8,0.009777,1,61.38,61.38,29.41,29.78,29.78,97.07,156,155,0.6,0,3.774,10,-47,13,,,,,,,,00:00:00,0000-00-00,NaN,NaN,NaN,0,NaN,21:27:51,20-Jul-2026,-0.82,1,0.002,0.005,0.007,0.462,1.675,8.399,1,150,0.005,2,0.058905,0,0.02923,0,0,-6.8e-05,standard,0,rectangular,7000,500,-9999,-9999,55537,55537,55537,0,-9999,0,0,0,0,2.4888,2.4748,1.6421,0.93001,0.22897,0.004578,0.28096,0.10667,102.5759,0.00029,2.3977,-3e-05,1,2.3839,-2.4e-05,1,0.60171,0.60051,0.10664,0,PSF-00578_20260720212950_5a8,PFA-00612,PSA-00572,PSF-00578,RHS-0697,3.0.0,2026-06-15T15:17:51.144Z,DATA_DUMP_1785116825020_clean_2026-07-20.csv,20-Jul-2026,212,Pl7-R1-M2-H1-P08,20-Jul-2026 21:29:50,20-Jul-2026
11,21:30:04,20-Jul-2026,Rain_out,Climate_model,,Pl7-R1-M2-H1-P08,,,-0.005448,2.9167,-0.005458,-0.10034,2.5369,2.5396,4.2589,1.722,26.1637,26.136,43.877,0.44179,7.5,PSF-00578_20260720213004_b20,0,0,0,98.81473,365.2024,0.72942,0.5,0.8,0.009535,1,61.33,61.39,29.49,29.99,29.99,97.07,156.1,155.4,0.4,0,3.74,9,-51,16,,,,,,,,00:00:00,0000-00-00,NaN,NaN,NaN,0,NaN,21:27:51,20-Jul-2026,-0.82,1,0.004,0.003,-9999,1.688,4.112,-9999,1,150,0.005,2,0.058905,0,0.02923,0,0,-6.8e-05,standard,0,rectangular,7000,500,-9999,-9999,55537,55537,55537,0,-9999,0,0,0,0,2.4888,2.4747,1.6426,0.93089,0.22822,0.006137,0.28262,0.10667,98.8147,0.000296,2.3977,-3e-05,1,2.3839,-2.4e-05,1,0.60171,0.60051,0.10664,0,PSF-00578_20260720213004_b20,PFA-00612,PSA-00572,PSF-00578,RHS-0697,3.0.0,2026-06-15T15:17:51.144Z,DATA_DUMP_1785116825020_clean_2026-07-20.csv,20-Jul-2026,213,Pl7-R1-M2-H1-P08,20-Jul-2026 21:30:04,20-Jul-2026
12,21:30:17,20-Jul-2026,Rain_out,Climate_model,,Pl7-R1-M2-H1-P08,,,-0.012505,2.9157,-0.012558,-0.22751,2.5604,2.5665,4.2569,1.6966,26.4419,26.3792,43.8589,0.44179,7.5,PSF-00578_20260720213017_f31,0,0,0,88.43494,336.5861,0.73726,0.5,0.8,0.002695,1,61.64,61.79,29.56,29.99,29.99,97.06,156,155,0.6,0,3.774,32,44,15,,,,,,,,00:00:00,0000-00-00,NaN,NaN,NaN,0,NaN,21:27:51,20-Jul-2026,-0.82,1,0.001,0,-9999,2.178,3.906,-9999,1,150,0.005,2,0.058905,0,0.02923,0,0,-6.8e-05,standard,0,rectangular,7000,500,-9999,-9999,55537,55537,55537,0,-9999,0,0,0,0,2.4893,2.4751,1.6415,0.92983,0.22759,0.005234,0.28399,0.10665,88.4349,0.000305,2.3977,-3e-05,1,2.3839,-2.4e-05,1,0.60171,0.60051,0.10664,0,PSF-00578_20260720213017_f31,PFA-00612,PSA-00572,PSF-00578,RHS-0697,3.0.0,2026-06-15T15:17:51.144Z,DATA_DUMP_1785116825020_clean_2026-07-20.csv,20-Jul-2026,214,Pl7-R1-M2-H1-P08,20-Jul-2026 21:30:17,20-Jul-2026
13,21:30:28,20-Jul-2026,Rain_out,Climate_model,,Pl7-R1-M2-H1-P08,,,-0.005385,2.9168,-0.005395,-0.10065,2.5416,2.5443,4.2889,1.7473,26.2127,26.1849,44.1867,0.44179,7.5,PSF-00578_20260720213028_97c,0,0,0,105.2295,372.9508,0.71785,0.5,0.8,0.008523,1,60.96,61.02,29.62,30.12,30.12,97.06,156.1,155.1,0.7,0,3.772,13,-54,20,,,,,,,,00:00:00,0000-00-00,NaN,NaN,NaN,0,NaN,21:27:51,20-Jul-2026,-0.82,1,-0.003,-0.004,-9999,4.083,9.031,-9999,1,150,0.005,2,0.058905,0,0.02923,0,0,-6.8e-05,standard,0,rectangular,7000,500,-9999,-9999,55537,55537,55537,0,-9999,0,0,0,0,2.4883,2.4743,1.6427,0.93002,0.22699,0.00597,0.28528,0.10667,105.2295,0.000293,2.3977,-3e-05,1,2.3839,-2.4e-05,1,0.60171,0.60051,0.10664,0,PSF-00578_20260720213028_97c,PFA-00612,PSA-00572,PSF-00578,RHS-0697,3.0.0,2026-06-15T15:17:51.144Z,DATA_DUMP_1785116825020_clean_2026-07-20.csv,20-Jul-2026,215,Pl7-R1-M2-H1-P08,20-Jul-2026 21:30:28,20-Jul-2026
14,21:30:43,20-Jul-2026,Rain_out,Climate_model,,Pl7-R1-M2-H1-P08,,,-0.016553,2.9165,-0.016647,-0.30989,2.5509,2.5592,4.294,1.743,26.3686,26.2831,44.242,0.44179,7.5,PSF-00578_20260720213043_507,0,0,0,102.7991,374.2114,0.72529,0.5,0.8,0.009729,1,60.88,61.08,29.71,30.14,30.14,97.06,156.1,154.7,0.9,0,3.768,16,-74,25,,,,,,,,00:00:00,0000-00-00,NaN,NaN,NaN,0,NaN,21:27:51,20-Jul-2026,-0.82,1,-0.002,-0.003,-0.016,1.218,3.779,11.792,1,150,0.005,2,0.058905,0,0.02923,0,0,-6.8e-05,standard,0,rectangular,7000,500,-9999,-9999,55537,55537,55537,0,-9999,0,0,0,0,2.4883,2.4741,1.6424,0.9291,0.22623,0.005224,0.28691,0.10667,102.7991,0.000297,2.3977,-3e-05,1,2.3839,-2.4e-05,1,0.60171,0.60051,0.10664,0,PSF-00578_20260720213043_507,PFA-00612,PSA-00572,PSF-00578,RHS-0697,3.0.0,2026-06-15T15:17:51.144Z,DATA_DUMP_1785116825020_clean_2026-07-20.csv,20-Jul-2026,216,Pl7-R1-M2-H1-P08,20-Jul-2026 21:30:43,20-Jul-2026
15,21:30:54,20-Jul-2026,Rain_out,Climate_model,,Pl7-R1-M2-H1-P08,,,0.075105,2.9166,0.07322,1.258,2.5823,2.5487,4.1917,1.6093,26.2599,26.6066,43.1878,0.44179,7.5,PSF-00578_20260720213054_c26,0,0,0,96.74084,351.7621,0.72498,0.5,0.8,0.009725,1,61.42,60.62,29.77,29.72,29.72,97.06,156.1,155.2,0.6,0,3.774,10,-71,22,,,,,,,,00:00:00,0000-00-00,39.2083,-96.5937,353.9,5,1.94,21:27:51,20-Jul-2026,-0.82,1,0,-0.002,-9999,2.734,6.038,-9999,1,150,0.005,2,0.058905,0,0.02923,0,0,-6.8e-05,standard,0,rectangular,7000,500,-9999,-9999,55537,55537,55537,0,-9999,0,0,0,0,2.4877,2.4748,1.6425,0.93032,0.22569,-0.000347,0.28808,0.10667,96.7408,0.000308,2.3977,-3e-05,1,2.3839,-2.4e-05,1,0.60171,0.60051,0.10664,0,PSF-00578_20260720213054_c26,PFA-00612,PSA-00572,PSF-00578,RHS-0697,3.0.0,2026-06-15T15:17:51.144Z,DATA_DUMP_1785116825020_clean_2026-07-20.csv,20-Jul-2026,217,Pl7-R1-M2-H1-P08,20-Jul-2026 21:30:54,20-Jul-2026
64,12:48:20,25-Jul-2026,Rain_out,Climate_model,,Pl7-R1-M2-H1-P08,,,0.15379,2.9161,0.14608,5.1958,3.7241,3.5859,7.0066,3.2824,36.721,38.1362,71.7491,0.44179,7.5,PSF-00578_20260725124820_a3f,0,0,0,83.08518,117.8766,0.29515,0.5,0.8,228.6342,1,57.1,54.98,37.62,38.95,38.95,97.65,156,154.5,1,1937,3.9,-19,-5,269,,,,,,,,17:42:09,25-Jul-2026,39.2084,-96.5938,336.8,17,0.72,12:41:58,25-Jul-2026,-0.28,1,0.002,0.002,0.01,-0.122,-0.132,-0.678,1,150,0.005,2,0.058905,0,0.02923,0,0,-6.8e-05,standard,0,rectangular,7000,500,-9999,-9999,55537,55537,55537,0,-9999,0,0,0,0,2.4791,2.4673,1.642,0.92856,0.16616,0.016957,0.33868,1.7248,83.0852,0.00031,2.3977,-3e-05,1,2.3839,-2.4e-05,1,0.60171,0.60051,0.10664,0,PSF-00578_20260725124820_a3f,PFA-00612,PSA-00572,PSF-00578,RHS-0697,3.0.0,2026-06-15T15:17:51.144Z,DATA_DUMP_1785116825020_clean_2026-07-25.csv,25-Jul-2026,2,Pl7-R1-M2-H1-P08,25-Jul-2026 12:48:20,25-Jul-2026
65,12:48:47,25-Jul-2026,Rain_out,Climate_model,,Pl7-R1-M2-H1-P08,,,0.17517,2.9167,0.16525,5.8188,3.7728,3.6181,7.0212,3.2484,37.0527,38.636,71.9026,0.44179,7.5,PSF-00578_20260725124847_b5c,0,0,0,79.61476,114.2364,0.30307,0.5,0.8,228.9839,1,57.77,55.41,37.65,38.99,38.99,97.65,156.1,154.7,0.9,1889,3.937,-23,-5,275,,,,,,,,17:42:45,25-Jul-2026,39.2084,-96.5938,336.5,19,0.67,12:41:58,25-Jul-2026,-0.28,1,-0.001,0.001,-0.006,0.144,-0.111,-0.332,1,150,0.005,2,0.058905,0,0.02923,0,0,-6.8e-05,standard,0,rectangular,7000,500,-9999,-9999,55537,55537,55537,0,-9999,0,0,0,0,2.4796,2.4682,1.6426,0.92906,0.166,0.017144,0.34099,1.6849,79.6148,0.00031,2.3977,-3e-05,1,2.3839,-2.4e-05,1,0.60171,0.60051,0.10664,0,PSF-00578_20260725124847_b5c,PFA-00612,PSA-00572,PSF-00578,RHS-0697,3.0.0,2026-06-15T15:17:51.144Z,DATA_DUMP_1785116825020_clean_2026-07-25.csv,25-Jul-2026,3,Pl7-R1-M2-H1-P08,25-Jul-2026 12:48:47,25-Jul-2026
66,12:49:03,25-Jul-2026,Rain_out,Climate_model,,Pl7-R1-M2-H1-P08,,,0.13316,2.9152,0.12734,4.2233,3.7011,3.5886,6.766,3.0649,36.7511,37.9025,69.2903,0.44179,7.5,PSF-00578_20260725124903_d2a,0,0,0,80.11329,135.7269,0.40975,0.5,0.8,304.5693,1,56.65,54.93,37.65,38.3,38.3,97.65,155.9,154.4,1,1858,3.936,-31,-21,284,,,,,,,,17:43:01,25-Jul-2026,39.2084,-96.5938,336.6,17,0.69,12:41:58,25-Jul-2026,-0.28,1,0.001,0.002,-9999,0.119,0.457,-9999,1,150,0.005,2,0.058905,0,0.02923,0,0,-6.8e-05,standard,0,rectangular,7000,500,-9999,-9999,55537,55537,55537,0,-9999,0,0,0,0,2.479,2.4668,1.6411,0.92834,0.16595,0.008356,0.34229,1.6594,80.1133,0.000305,2.3977,-3e-05,1,2.3839,-2.4e-05,1,0.60171,0.60051,0.10664,0,PSF-00578_20260725124903_d2a,PFA-00612,PSA-00572,PSF-00578,RHS-0697,3.0.0,2026-06-15T15:17:51.144Z,DATA_DUMP_1785116825020_clean_2026-07-25.csv,25-Jul-2026,4,Pl7-R1-M2-H1-P08,25-Jul-2026 12:49:03,25-Jul-2026
67,12:49:17,25-Jul-2026,Rain_out,Climate_model,,Pl7-R1-M2-H1-P08,,,0.15488,2.9166,0.14707,4.628,3.6175,3.4943,6.5306,2.9132,35.7847,37.0462,66.8796,0.44179,7.5,PSF-00578_20260725124917_eec,0,0,0,82.35812,147.7261,0.44249,0.5,0.8,324.601,1,55.36,53.47,37.66,37.65,37.65,97.65,156.1,154.2,1.2,1834,3.903,-33,-28,282,,,,,,,,17:43:15,25-Jul-2026,39.2084,-96.5938,336.7,19,0.67,12:41:58,25-Jul-2026,-0.28,1,0,0.002,-9999,-0.08,0.481,-9999,1,150,0.005,2,0.058905,0,0.02923,0,0,-6.8e-05,standard,0,rectangular,7000,500,-9999,-9999,55537,55537,55537,0,-9999,0,0,0,0,2.4772,2.4651,1.6425,0.92783,0.16592,0.0001,0.34333,1.639,82.3581,0.000308,2.3977,-3e-05,1,2.3839,-2.4e-05,1,0.60171,0.60051,0.10664,0,PSF-00578_20260725124917_eec,PFA-00612,PSA-00572,PSF-00578,RHS-0697,3.0.0,2026-06-15T15:17:51.144Z,DATA_DUMP_1785116825020_clean_2026-07-25.csv,25-Jul-2026,5,Pl7-R1-M2-H1-P08,25-Jul-2026 12:49:17,25-Jul-2026
68,12:49:29,25-Jul-2026,Rain_out,Climate_model,,Pl7-R1-M2-H1-P08,,,0.093634,2.9163,0.090721,3.6171,3.6471,3.5508,7.3217,3.6746,36.3633,37.3492,74.9803,0.44179,7.5,PSF-00578_20260725124929_dc5,0,0,0,77.47865,94.16557,0.17721,0.5,0.8,136.9153,1,55.79,54.32,37.66,39.77,39.77,97.65,156,154.6,0.9,1932,3.936,-23,-16,279,,,,,,,,17:43:28,25-Jul-2026,39.2084,-96.5938,336.4,19,0.67,12:41:58,25-Jul-2026,-0.28,1,0.003,0.004,-9999,-0.102,-0.202,-9999,1,150,0.005,2,0.058905,0,0.02923,0,0,-6.8e-05,standard,0,rectangular,7000,500,-9999,-9999,55537,55537,55537,0,-9999,0,0,0,0,2.4782,2.4657,1.6421,0.92877,0.16588,0.026864,0.34433,1.7206,77.4786,0.000289,2.3977,-3e-05,1,2.3839,-2.4e-05,1,0.60171,0.60051,0.10664,0,PSF-00578_20260725124929_dc5,PFA-00612,PSA-00572,PSF-00578,RHS-0697,3.0.0,2026-06-15T15:17:51.144Z,DATA_DUMP_1785116825020_clean_2026-07-25.csv,25-Jul-2026,6,Pl7-R1-M2-H1-P08,25-Jul-2026 12:49:29,25-Jul-2026
69,12:49:42,25-Jul-2026,Rain_out,Climate_model,,Pl7-R1-M2-H1-P08,,,0.065782,2.9178,0.064331,2.632,3.7517,3.6818,7.5164,3.7647,37.704,38.4197,76.9723,0.44179,7.5,PSF-00578_20260725124942_51c,0,0,0,71.54452,82.64565,0.13432,0.5,0.8,100.7348,1,57.35,56.28,37.68,40.26,40.26,97.65,156.2,154.5,1.1,1875,3.935,-29,-19,283,,,,,,,,17:43:39,25-Jul-2026,39.2084,-96.5938,336.5,19,0.67,12:41:58,25-Jul-2026,-0.28,1,-0.001,0,-9999,0.237,0.019,-9999,1,150,0.005,2,0.058905,0,0.02923,0,0,-6.8e-05,standard,0,rectangular,7000,500,-9999,-9999,55537,55537,55537,0,-9999,0,0,0,0,2.4808,2.4676,1.6438,0.92866,0.16579,0.033003,0.34531,1.6733,71.5445,0.000306,2.3977,-3e-05,1,2.3839,-2.4e-05,1,0.60171,0.60051,0.10664,0,PSF-00578_20260725124942_51c,PFA-00612,PSA-00572,PSF-00578,RHS-0697,3.0.0,2026-06-15T15:17:51.144Z,DATA_DUMP_1785116825020_clean_2026-07-25.csv,25-Jul-2026,7,Pl7-R1-M2-H1-P08,25-Jul-2026 12:49:42,25-Jul-2026
70,12:49:56,25-Jul-2026,Rain_out,Climate_model,,Pl7-R1-M2-H1-P08,,,0.2284,2.9174,0.21182,7.0963,3.9088,3.7206,6.9978,3.0891,38.0976,40.0246,71.6556,0.44179,7.5,PSF-00578_20260725124956_9d4,0,0,0,82.51941,119.8046,0.31122,0.5,0.8,236.2155,1,59.7,56.83,37.69,38.92,38.92,97.66,156.2,154.1,1.3,1898,3.902,-23,-3,273,,,,,,,,17:43:55,25-Jul-2026,39.2084,-96.5938,336.3,18,0.67,12:41:58,25-Jul-2026,-0.28,1,0.001,-0.001,0.012,-0.257,-0.617,-1.749,1,150,0.005,2,0.058905,0,0.02923,0,0,-6.8e-05,standard,0,rectangular,7000,500,-9999,-9999,55537,55537,55537,0,-9999,0,0,0,0,2.4815,2.4706,1.6433,0.92768,0.1657,0.015771,0.34655,1.6922,82.5194,0.000306,2.3977,-3e-05,1,2.3839,-2.4e-05,1,0.60171,0.60051,0.10664,0,PSF-00578_20260725124956_9d4,PFA-00612,PSA-00572,PSF-00578,RHS-0697,3.0.0,2026-06-15T15:17:51.144Z,DATA_DUMP_1785116825020_clean_2026-07-25.csv,25-Jul-2026,8,Pl7-R1-M2-H1-P08,25-Jul-2026 12:49:56,25-Jul-2026
71,12:50:09,25-Jul-2026,Rain_out,Climate_model,,Pl7-R1-M2-H1-P08,,,0.13003,2.9167,0.12448,4.6205,3.7888,3.6661,7.2089,3.4201,37.5463,38.8034,73.8308,0.44179,7.5,PSF-00578_20260725125009_102,0,0,0,76.581,106.5338,0.28116,0.5,0.8,210.8069,1,57.83,55.96,37.7,39.48,39.48,97.64,156.1,154.4,1.1,1874,3.934,-26,-4,276,,,,,,,,17:44:08,25-Jul-2026,39.2084,-96.5938,335.6,18,0.67,12:41:58,25-Jul-2026,-0.28,1,-0.001,-0.004,-9999,0.01,0.021,-9999,1,150,0.005,2,0.058905,0,0.02923,0,0,-6.8e-05,standard,0,rectangular,7000,500,-9999,-9999,55537,55537,55537,0,-9999,0,0,0,0,2.4803,2.4682,1.6426,0.92849,0.16562,0.02265,0.34753,1.6729,76.581,0.000314,2.3977,-3e-05,1,2.3839,-2.4e-05,1,0.60171,0.60051,0.10664,0,PSF-00578_20260725125009_102,PFA-00612,PSA-00572,PSF-00578,RHS-0697,3.0.0,2026-06-15T15:17:51.144Z,DATA_DUMP_1785116825020_clean_2026-07-25.csv,25-Jul-2026,9,Pl7-R1-M2-H1-P08,25-Jul-2026 12:50:09,25-Jul-2026
72,12:50:32,25-Jul-2026,Rain_out,Climate_model,,Pl7-R1-M2-H1-P08,,,0.086139,2.9157,0.083667,2.3427,3.6453,3.5829,6.241,2.5957,36.6918,37.3306,63.9132,0.44179,7.5,PSF-00578_20260725125032_313,0,0,0,102.3674,216.7043,0.52762,0.5,0.8,208.7279,1,55.57,54.62,37.73,36.81,36.81,97.65,156,154.6,0.9,989,3.934,-10,-38,18,,,,,,,,17:44:30,25-Jul-2026,39.2084,-96.5938,335.7,19,0.67,12:41:58,25-Jul-2026,-0.28,1,-0.002,0,-9999,1.591,1.71,-9999,1,150,0.005,2,0.058905,0,0.02923,0,0,-6.8e-05,standard,0,rectangular,7000,500,-9999,-9999,55537,55537,55537,0,-9999,0,0,0,0,2.4786,2.4654,1.6416,0.92888,0.16548,-0.011124,0.34921,0.93304,102.3674,0.000305,2.3977,-3e-05,1,2.3839,-2.4e-05,1,0.60171,0.60051,0.10664,0,PSF-00578_20260725125032_313,PFA-00612,PSA-00572,PSF-00578,RHS-0697,3.0.0,2026-06-15T15:17:51.144Z,DATA_DUMP_1785116825020_clean_2026-07-25.csv,25-Jul-2026,10,Pl7-R1-M2-H1-P08,25-Jul-2026 12:50:32,25-Jul-2026
73,12:50:44,25-Jul-2026,Rain_out,Climate_model,,Pl7-R1-M2-H1-P08,,,0.10531,2.9155,0.10164,2.644,3.6139,3.5435,6.0285,2.4146,36.2908,37.0122,61.7408,0.44179,7.5,PSF-00578_20260725125044_8dc,0,0,0,95.71982,207.5715,0.53886,0.5,0.8,215.2386,1,55.06,53.99,37.74,36.18,36.18,97.64,155.9,154.3,1.1,999,3.933,-5,-40,16,,,,,,,,17:44:43,25-Jul-2026,39.2084,-96.5938,335.6,17,0.68,12:41:58,25-Jul-2026,-0.28,1,-0.004,-0.002,-9999,0.033,-0.078,-9999,1,150,0.005,2,0.058905,0,0.02923,0,0,-6.8e-05,standard,0,rectangular,7000,500,-9999,-9999,55537,55537,55537,0,-9999,0,0,0,0,2.4778,2.4647,1.6414,0.92809,0.1654,-0.019098,0.35021,0.94104,95.7198,0.000315,2.3977,-3e-05,1,2.3839,-2.4e-05,1,0.60171,0.60051,0.10664,0,PSF-00578_20260725125044_8dc,PFA-00612,PSA-00572,PSF-00578,RHS-0697,3.0.0,2026-06-15T15:17:51.144Z,DATA_DUMP_1785116825020_clean_2026-07-25.csv,25-Jul-2026,11,Pl7-R1-M2-H1-P08,25-Jul-2026 12:50:44,25-Jul-2026
74,12:50:56,25-Jul-2026,Rain_out,Climate_model,,Pl7-R1-M2-H1-P08,,,0.14227,2.9165,0.13566,3.4212,3.7041,3.6132,6.0438,2.3397,37.0021,37.9338,61.8944,0.44179,7.5,PSF-00578_20260725125056_a51,0,0,0,93.84048,195.4558,0.51989,0.5,0.8,227.4042,1,56.41,55.02,37.75,36.23,36.23,97.65,156.1,154.2,1.2,1094,3.933,-7,-38,14,,,,,,,,17:44:54,25-Jul-2026,39.2084,-96.5939,335.7,18,0.68,12:41:58,25-Jul-2026,-0.28,1,-0.003,0,-9999,-0.051,0.855,-9999,1,150,0.005,2,0.058905,0,0.02923,0,0,-6.8e-05,standard,0,rectangular,7000,500,-9999,-9999,55537,55537,55537,0,-9999,0,0,0,0,2.4791,2.4664,1.6424,0.92781,0.16535,-0.01863,0.35106,1.0204,93.8405,0.000308,2.3977,-3e-05,1,2.3839,-2.4e-05,1,0.60171,0.60051,0.10664,0,PSF-00578_20260725125056_a51,PFA-00612,PSA-00572,PSF-00578,RHS-0697,3.0.0,2026-06-15T15:17:51.144Z,DATA_DUMP_1785116825020_clean_2026-07-25.csv,25-Jul-2026,12,Pl7-R1-M2-H1-P08,25-Jul-2026 12:50:56,25-Jul-2026
75,12:51:07,25-Jul-2026,Rain_out,Climate_model,,Pl7-R1-M2-H1-P08,,,0.050046,2.9161,0.049202,1.2966,3.6392,3.6047,6.0843,2.4451,36.9173,37.2708,62.312,0.44179,7.5,PSF-00578_20260725125107_95f,0,0,0,116.6085,246.8001,0.52752,0.5,0.8,182.6858,1,55.39,54.86,37.76,36.35,36.35,97.64,156,154.2,1.1,866,3.928,-3,-46,19,,,,,,,,17:45:05,25-Jul-2026,39.2084,-96.5939,335.7,18,0.67,12:41:58,25-Jul-2026,-0.28,1,0.001,0.002,-9999,-2.763,1.833,-9999,1,150,0.005,2,0.058905,0,0.02923,0,0,-6.8e-05,standard,0,rectangular,7000,500,-9999,-9999,55537,55537,55537,0,-9999,0,0,0,0,2.4789,2.4651,1.642,0.92798,0.16528,-0.017267,0.35186,0.83007,116.6085,0.000298,2.3977,-3e-05,1,2.3839,-2.4e-05,1,0.60171,0.60051,0.10664,0,PSF-00578_20260725125107_95f,PFA-00612,PSA-00572,PSF-00578,RHS-0697,3.0.0,2026-06-15T15:17:51.144Z,DATA_DUMP_1785116825020_clean_2026-07-25.csv,25-Jul-2026,13,Pl7-R1-M2-H1-P08,25-Jul-2026 12:51:07,25-Jul-2026
76,12:51:19,25-Jul-2026,Rain_out,Climate_model,,Pl7-R1-M2-H1-P08,,,0.17216,2.9173,0.16257,3.987,3.7936,3.6877,6.0673,2.2737,37.7681,38.8522,62.1386,0.44179,7.5,PSF-00578_20260725125119_444,0,0,0,92.28909,195.316,0.52749,0.5,0.8,193.0563,1,57.69,56.08,37.77,36.3,36.3,97.64,156.2,154.4,1.1,915,3.933,-9,-43,19,,,,,,,,17:45:17,25-Jul-2026,39.2084,-96.5939,335.9,19,0.67,12:41:58,25-Jul-2026,-0.28,1,0.001,0.002,-9999,0.102,-0.675,-9999,1,150,0.005,2,0.058905,0,0.02923,0,0,-6.8e-05,standard,0,rectangular,7000,500,-9999,-9999,55537,55537,55537,0,-9999,0,0,0,0,2.4805,2.4681,1.6432,0.92849,0.16519,-0.018079,0.35283,0.87118,92.2891,0.000308,2.3977,-3e-05,1,2.3839,-2.4e-05,1,0.60171,0.60051,0.10664,0,PSF-00578_20260725125119_444,PFA-00612,PSA-00572,PSF-00578,RHS-0697,3.0.0,2026-06-15T15:17:51.144Z,DATA_DUMP_1785116825020_clean_2026-07-25.csv,25-Jul-2026,14,Pl7-R1-M2-H1-P08,25-Jul-2026 12:51:19,25-Jul-2026
77,12:51:35,25-Jul-2026,Rain_out,Climate_model,,Pl7-R1-M2-H1-P08,,,0.15192,2.915,0.1444,3.8457,3.7183,3.6159,6.1869,2.4686,37.0314,38.0798,63.3617,0.44179,7.5,PSF-00578_20260725125135_9bd,0,0,0,93.07945,215.1418,0.56736,0.5,0.8,201.9818,1,56.51,54.95,37.79,36.65,36.65,97.64,155.9,154.5,0.9,890,3.932,5,-46,17,,,,,,,,17:45:33,25-Jul-2026,39.2084,-96.5939,335.6,19,0.67,12:41:58,25-Jul-2026,-0.28,1,-0.004,-0.001,-0.008,-0.365,-0.387,-1.681,1,150,0.005,2,0.058905,0,0.02923,0,0,-6.8e-05,standard,0,rectangular,7000,500,-9999,-9999,55537,55537,55537,0,-9999,0,0,0,0,2.479,2.4666,1.6409,0.92864,0.16511,-0.013835,0.35404,0.85032,93.0794,0.000304,2.3977,-3e-05,1,2.3839,-2.4e-05,1,0.60171,0.60051,0.10664,0,PSF-00578_20260725125135_9bd,PFA-00612,PSA-00572,PSF-00578,RHS-0697,3.0.0,2026-06-15T15:17:51.144Z,DATA_DUMP_1785116825020_clean_2026-07-25.csv,25-Jul-2026,15,Pl7-R1-M2-H1-P08,25-Jul-2026 12:51:35,25-Jul-2026
78,12:51:46,25-Jul-2026,Rain_out,Climate_model,,Pl7-R1-M2-H1-P08,,,0.11249,2.9171,0.10831,2.6719,3.7559,3.685,6.0437,2.2877,37.7399,38.4669,61.897,0.44179,7.5,PSF-00578_20260725125146_2bb,0,0,0,105.3672,245.7347,0.57122,0.5,0.8,179.3132,1,57.03,55.95,37.8,36.23,36.23,97.64,156.1,154.6,1,785,3.927,2,-49,19,,,,,,,,17:45:45,25-Jul-2026,39.2084,-96.5938,335.2,18,0.67,12:41:58,25-Jul-2026,-0.28,1,0.001,-0.003,-9999,-0.315,1.862,-9999,1,150,0.005,2,0.058905,0,0.02923,0,0,-6.8e-05,standard,0,rectangular,7000,500,-9999,-9999,55537,55537,55537,0,-9999,0,0,0,0,2.4803,2.4672,1.643,0.92877,0.165,-0.019329,0.35495,0.7624,105.3672,0.000309,2.3977,-3e-05,1,2.3839,-2.4e-05,1,0.60171,0.60051,0.10664,0,PSF-00578_20260725125146_2bb,PFA-00612,PSA-00572,PSF-00578,RHS-0697,3.0.0,2026-06-15T15:17:51.144Z,DATA_DUMP_1785116825020_clean_2026-07-25.csv,25-Jul-2026,16,Pl7-R1-M2-H1-P08,25-Jul-2026 12:51:46,25-Jul-2026
79,12:52:00,25-Jul-2026,Rain_out,Climate_model,,Pl7-R1-M2-H1-P08,,,0.086379,2.9162,0.083894,2.1916,3.5975,3.5392,6.0227,2.4252,36.2452,36.8429,61.6794,0.44179,7.5,PSF-00578_20260725125200_d98,0,0,0,87.28695,267.9602,0.67425,0.5,0.8,53.266,1,54.58,53.69,37.82,36.16,36.16,97.64,156,154.6,0.9,197,3.932,0,-71,33,,,,,,,,17:45:58,25-Jul-2026,39.2084,-96.5938,334.8,18,0.67,12:41:58,25-Jul-2026,-0.28,1,-0.003,0,0.009,-0.168,-0.402,-0.592,1,150,0.005,2,0.058905,0,0.02923,0,0,-6.8e-05,standard,0,rectangular,7000,500,-9999,-9999,55537,55537,55537,0,-9999,0,0,0,0,2.4774,2.4641,1.6421,0.92877,0.16491,-0.020288,0.35592,0.27167,87.2869,0.000311,2.3977,-3e-05,1,2.3839,-2.4e-05,1,0.60171,0.60051,0.10664,0,PSF-00578_20260725125200_d98,PFA-00612,PSA-00572,PSF-00578,RHS-0697,3.0.0,2026-06-15T15:17:51.144Z,DATA_DUMP_1785116825020_clean_2026-07-25.csv,25-Jul-2026,17,Pl7-R1-M2-H1-P08,25-Jul-2026 12:52:00,25-Jul-2026
80,12:52:29,25-Jul-2026,Rain_out,Climate_model,,Pl7-R1-M2-H1-P08,,,0.080515,2.917,0.078353,2.0383,3.5742,3.5199,5.9897,2.4156,36.0506,36.6062,61.3463,0.44179,7.5,PSF-00578_20260725125229_d5d,0,0,0,88.52041,272.1805,0.67477,0.5,0.8,53.5826,1,54.05,53.23,37.88,36.06,36.06,97.64,156.1,154.5,1,199,3.931,-1,-72,35,,,,,,,,17:46:27,25-Jul-2026,39.2084,-96.5938,334.5,19,0.67,12:52:20,25-Jul-2026,-0.32,1,-0.001,0.001,-9999,-0.23,-0.276,-9999,1,150,0.005,2,0.058905,0,0.02923,0,0,-6.8e-05,standard,0,rectangular,7000,500,-9999,-9999,55537,55537,55537,0,-9999,0,0,0,0,2.4768,2.4635,1.6429,0.92873,0.16452,-0.022279,0.35814,0.27252,88.5204,0.000314,2.3977,-3e-05,1,2.3839,-2.4e-05,1,0.60171,0.60051,0.10664,0,PSF-00578_20260725125229_d5d,PFA-00612,PSA-00572,PSF-00578,RHS-0697,3.0.0,2026-06-15T15:17:51.144Z,DATA_DUMP_1785116825020_clean_2026-07-25.csv,25-Jul-2026,18,Pl7-R1-M2-H1-P08,25-Jul-2026 12:52:29,25-Jul-2026
81,12:52:42,25-Jul-2026,Rain_out,Climate_model,,Pl7-R1-M2-H1-P08,,,0.082964,2.9151,0.080668,2.0889,3.6068,3.5511,6.0107,2.4039,36.3687,36.9388,61.5589,0.44179,7.5,PSF-00578_20260725125242_6b3,0,0,0,88.45567,265.0591,0.66628,0.5,0.8,47.831,1,54.47,53.63,37.9,36.13,36.13,97.64,155.9,154.6,0.8,179,3.931,-3,-74,36,,,,,,,,17:46:40,25-Jul-2026,39.2084,-96.5938,334.1,19,0.67,12:52:20,25-Jul-2026,-0.32,1,0,0.002,-9999,-0.344,-0.536,-9999,1,150,0.005,2,0.058905,0,0.02923,0,0,-6.8e-05,standard,0,rectangular,7000,500,-9999,-9999,55537,55537,55537,0,-9999,0,0,0,0,2.4773,2.464,1.641,0.92887,0.16437,-0.021789,0.35901,0.2566,88.4557,0.0003,2.3977,-3e-05,1,2.3839,-2.4e-05,1,0.60171,0.60051,0.10664,0,PSF-00578_20260725125242_6b3,PFA-00612,PSA-00572,PSF-00578,RHS-0697,3.0.0,2026-06-15T15:17:51.144Z,DATA_DUMP_1785116825020_clean_2026-07-25.csv,25-Jul-2026,19,Pl7-R1-M2-H1-P08,25-Jul-2026 12:52:42,25-Jul-2026
82,12:52:58,25-Jul-2026,Rain_out,Climate_model,,Pl7-R1-M2-H1-P08,,,0.1883,2.9168,0.17688,5.389,3.6079,3.4645,6.4299,2.822,35.4809,36.9497,65.8501,0.44179,7.5,PSF-00578_20260725125258_5e4,0,0,0,92.4536,154.074,0.39994,0.5,0.8,258.1002,1,54.43,52.27,37.92,37.36,37.36,97.64,156.1,154.3,1.1,1613,3.93,27,54,4,,,,,,,,17:46:53,25-Jul-2026,39.2084,-96.5938,333.9,19,0.67,12:52:20,25-Jul-2026,-0.32,1,-0.002,-0.002,-9999,-0.718,-1.445,-9999,1,150,0.005,2,0.058905,0,0.02923,0,0,-6.8e-05,standard,0,rectangular,7000,500,-9999,-9999,55537,55537,55537,0,-9999,0,0,0,0,2.4756,2.464,1.6427,0.92823,0.16425,-0.00675,0.36018,1.4547,92.4536,0.000301,2.3977,-3e-05,1,2.3839,-2.4e-05,1,0.60171,0.60051,0.10664,0,PSF-00578_20260725125258_5e4,PFA-00612,PSA-00572,PSF-00578,RHS-0697,3.0.0,2026-06-15T15:17:51.144Z,DATA_DUMP_1785116825020_clean_2026-07-25.csv,25-Jul-2026,20,Pl7-R1-M2-H1-P08,25-Jul-2026 12:52:58,25-Jul-2026
83,12:53:13,25-Jul-2026,Rain_out,Climate_model,,Pl7-R1-M2-H1-P08,,,0.19395,2.9149,0.18185,5.7605,3.6055,3.452,6.5378,2.9323,35.3542,36.9267,66.9589,0.44179,7.5,PSF-00578_20260725125313_9f1,0,0,0,87.23724,143.8819,0.39369,0.5,0.8,245.4196,1,54.35,52.04,37.94,37.67,37.67,97.64,155.9,154.6,0.8,1558,3.93,26,58,7,,,,,,,,17:47:11,25-Jul-2026,39.2084,-96.5938,334,19,0.67,12:52:20,25-Jul-2026,-0.32,1,0.003,0.001,0.012,-0.32,-0.699,-3.046,1,150,0.005,2,0.058905,0,0.02923,0,0,-6.8e-05,standard,0,rectangular,7000,500,-9999,-9999,55537,55537,55537,0,-9999,0,0,0,0,2.4753,2.4639,1.6407,0.92881,0.16416,-0.00311,0.3613,1.4089,87.2372,0.000288,2.3977,-3e-05,1,2.3839,-2.4e-05,1,0.60171,0.60051,0.10664,0,PSF-00578_20260725125313_9f1,PFA-00612,PSA-00572,PSF-00578,RHS-0697,3.0.0,2026-06-15T15:17:51.144Z,DATA_DUMP_1785116825020_clean_2026-07-25.csv,25-Jul-2026,21,Pl7-R1-M2-H1-P08,25-Jul-2026 12:53:13,25-Jul-2026
84,12:53:26,25-Jul-2026,Rain_out,Climate_model,,Pl7-R1-M2-H1-P08,,,0.15973,2.9167,0.15144,5.0352,3.6213,3.4873,6.6963,3.0751,35.7138,37.0861,68.5783,0.44179,7.5,PSF-00578_20260725125326_ed3,0,0,0,88.99212,144.5857,0.3845,0.5,0.8,237.643,1,54.55,52.53,37.95,38.11,38.11,97.64,156.1,154.4,1.1,1545,3.93,29,59,8,,,,,,,,17:47:25,25-Jul-2026,39.2084,-96.5939,334,19,0.67,12:52:20,25-Jul-2026,-0.32,1,0.001,0.002,-9999,-1.202,-2.486,-9999,1,150,0.005,2,0.058905,0,0.02923,0,0,-6.8e-05,standard,0,rectangular,7000,500,-9999,-9999,55537,55537,55537,0,-9999,0,0,0,0,2.4759,2.4641,1.6426,0.92848,0.16408,0.002277,0.3622,1.3977,88.9921,0.000292,2.3977,-3e-05,1,2.3839,-2.4e-05,1,0.60171,0.60051,0.10664,0,PSF-00578_20260725125326_ed3,PFA-00612,PSA-00572,PSF-00578,RHS-0697,3.0.0,2026-06-15T15:17:51.144Z,DATA_DUMP_1785116825020_clean_2026-07-25.csv,25-Jul-2026,22,Pl7-R1-M2-H1-P08,25-Jul-2026 12:53:26,25-Jul-2026
86,12:53:52,25-Jul-2026,Rain_out,Climate_model,,Pl7-R1-M2-H1-P08,,,0.1753,2.9159,0.16536,4.2146,3.6324,3.5202,5.9981,2.3656,36.0565,37.2057,61.4358,0.44179,7.5,PSF-00578_20260725125352_6cd,0,0,0,85.87432,265.7708,0.67689,0.5,0.8,81.7619,1,54.65,52.96,37.97,36.09,36.09,97.63,156,154.6,0.9,302,3.928,0,-70,29,,,,,,,,17:47:51,25-Jul-2026,39.2084,-96.5939,333.3,19,0.67,12:52:20,25-Jul-2026,-0.32,1,-0.001,0,0.012,-0.057,-0.228,-0.624,1,150,0.005,2,0.058905,0,0.02923,0,0,-6.8e-05,standard,0,rectangular,7000,500,-9999,-9999,55537,55537,55537,0,-9999,0,0,0,0,2.4765,2.4642,1.6418,0.92895,0.16393,-0.023137,0.36403,0.35897,85.8743,0.000299,2.3977,-3e-05,1,2.3839,-2.4e-05,1,0.60171,0.60051,0.10664,0,PSF-00578_20260725125352_6cd,PFA-00612,PSA-00572,PSF-00578,RHS-0697,3.0.0,2026-06-15T15:17:51.144Z,DATA_DUMP_1785116825020_clean_2026-07-25.csv,25-Jul-2026,23,Pl7-R1-M2-H1-P08,25-Jul-2026 12:53:52,25-Jul-2026
87,12:54:05,25-Jul-2026,Rain_out,Climate_model,,Pl7-R1-M2-H1-P08,,,0.11077,2.9175,0.10672,2.9019,3.5485,3.4713,6.0726,2.5241,35.553,36.344,62.1962,0.44179,7.5,PSF-00578_20260725125405_bac,0,0,0,81.92075,263.3407,0.68892,0.5,0.8,83.4775,1,53.35,52.19,37.98,36.31,36.31,97.64,156.2,154.4,1.2,303,3.928,3,-69,33,,,,,,,,17:48:03,25-Jul-2026,39.2084,-96.5939,333,18,0.68,12:52:20,25-Jul-2026,-0.32,1,-0.006,-0.004,-9999,-0.059,0.072,-9999,1,150,0.005,2,0.058905,0,0.02923,0,0,-6.8e-05,standard,0,rectangular,7000,500,-9999,-9999,55537,55537,55537,0,-9999,0,0,0,0,2.4755,2.4626,1.6435,0.92834,0.16385,-0.020536,0.36481,0.35977,81.9207,0.000315,2.3977,-3e-05,1,2.3839,-2.4e-05,1,0.60171,0.60051,0.10664,0,PSF-00578_20260725125405_bac,PFA-00612,PSA-00572,PSF-00578,RHS-0697,3.0.0,2026-06-15T15:17:51.144Z,DATA_DUMP_1785116825020_clean_2026-07-25.csv,25-Jul-2026,24,Pl7-R1-M2-H1-P08,25-Jul-2026 12:54:05,25-Jul-2026
88,12:54:17,25-Jul-2026,Rain_out,Climate_model,,Pl7-R1-M2-H1-P08,,,0.13033,2.9161,0.12476,3.1786,3.6827,3.5981,6.0462,2.3636,36.8537,37.7198,61.9285,0.44179,7.5,PSF-00578_20260725125417_195,0,0,0,87.65566,272.0092,0.67775,0.5,0.8,93.2643,1,55.32,54.05,38,36.23,36.23,97.63,156,154.4,1,344,3.927,3,-69,29,,,,,,,,17:48:16,25-Jul-2026,39.2084,-96.5938,333.1,19,0.67,12:52:20,25-Jul-2026,-0.32,1,-0.002,-0.002,-9999,-0.187,-0.106,-9999,1,150,0.005,2,0.058905,0,0.02923,0,0,-6.8e-05,standard,0,rectangular,7000,500,-9999,-9999,55537,55537,55537,0,-9999,0,0,0,0,2.4778,2.4651,1.642,0.92836,0.16375,-0.021703,0.36564,0.3941,87.6557,0.000295,2.3977,-3e-05,1,2.3839,-2.4e-05,1,0.60171,0.60051,0.10664,0,PSF-00578_20260725125417_195,PFA-00612,PSA-00572,PSF-00578,RHS-0697,3.0.0,2026-06-15T15:17:51.144Z,DATA_DUMP_1785116825020_clean_2026-07-25.csv,25-Jul-2026,25,Pl7-R1-M2-H1-P08,25-Jul-2026 12:54:17,25-Jul-2026
89,12:54:49,25-Jul-2026,Rain_out,Climate_model,,Pl7-R1-M2-H1-P08,,,0.094596,2.9159,0.091624,2.6422,3.6214,3.551,6.2942,2.6728,36.3676,37.0881,64.4617,0.44179,7.5,PSF-00578_20260725125449_cd0,0,0,0,100.6751,210.7447,0.52229,0.5,0.8,198.8847,1,54.28,53.22,38.04,36.97,36.97,97.64,156,154.5,1,952,3.926,-6,49,220,,,,,,,,17:48:48,25-Jul-2026,39.2084,-96.5938,333.2,19,0.67,12:52:20,25-Jul-2026,-0.32,1,0.004,0.001,-9999,-0.651,0.484,-9999,1,150,0.005,2,0.058905,0,0.02923,0,0,-6.8e-05,standard,0,rectangular,7000,500,-9999,-9999,55537,55537,55537,0,-9999,0,0,0,0,2.4768,2.4637,1.6418,0.92851,0.16349,-0.013134,0.3679,0.90211,100.6751,0.0003,2.3977,-3e-05,1,2.3839,-2.4e-05,1,0.60171,0.60051,0.10664,0,PSF-00578_20260725125449_cd0,PFA-00612,PSA-00572,PSF-00578,RHS-0697,3.0.0,2026-06-15T15:17:51.144Z,DATA_DUMP_1785116825020_clean_2026-07-25.csv,25-Jul-2026,26,Pl7-R1-M2-H1-P08,25-Jul-2026 12:54:49,25-Jul-2026
90,12:55:09,25-Jul-2026,Rain_out,Climate_model,,Pl7-R1-M2-H1-P08,,,0.061329,2.9166,0.060066,1.8605,3.6133,3.5637,6.4814,2.8682,36.4964,37.0036,66.3768,0.44179,7.5,PSF-00578_20260725125509_891,0,0,0,100.6565,214.6,0.53096,0.5,0.8,191.5225,1,54.12,53.37,38.05,37.51,37.51,97.65,156.1,154.4,1,902,3.926,4,45,232,,,,,,,,17:49:06,25-Jul-2026,39.2084,-96.5938,333.4,19,0.67,12:52:20,25-Jul-2026,-0.32,1,-0.004,-0.001,-0.015,-0.274,-0.624,-1.296,1,150,0.005,2,0.058905,0,0.02923,0,0,-6.8e-05,standard,0,rectangular,7000,500,-9999,-9999,55537,55537,55537,0,-9999,0,0,0,0,2.477,2.4635,1.6425,0.92847,0.16341,-0.0066,0.36919,0.86015,100.6565,0.000311,2.3977,-3e-05,1,2.3839,-2.4e-05,1,0.60171,0.60051,0.10664,0,PSF-00578_20260725125509_891,PFA-00612,PSA-00572,PSF-00578,RHS-0697,3.0.0,2026-06-15T15:17:51.144Z,DATA_DUMP_1785116825020_clean_2026-07-25.csv,25-Jul-2026,27,Pl7-R1-M2-H1-P08,25-Jul-2026 12:55:09,25-Jul-2026
91,12:55:23,25-Jul-2026,Rain_out,Climate_model,,Pl7-R1-M2-H1-P08,,,0.053439,2.9169,0.052477,1.5781,3.6802,3.6382,6.4641,2.7839,37.26,37.6897,66.2002,0.44179,7.5,PSF-00578_20260725125523_ad4,0,0,0,100.0417,209.2602,0.52193,0.5,0.8,187.7582,1,55.07,54.44,38.07,37.46,37.46,97.64,156.1,154.3,1.2,899,3.925,7,44,225,,,,,,,,17:49:21,25-Jul-2026,39.2084,-96.5938,333.8,19,0.67,12:52:20,25-Jul-2026,-0.32,1,0,0,-9999,-1.203,-0.017,-9999,1,150,0.005,2,0.058905,0,0.02923,0,0,-6.8e-05,standard,0,rectangular,7000,500,-9999,-9999,55537,55537,55537,0,-9999,0,0,0,0,2.4783,2.4647,1.6428,0.9281,0.16331,-0.007405,0.37017,0.85813,100.0417,0.000311,2.3977,-3e-05,1,2.3839,-2.4e-05,1,0.60171,0.60051,0.10664,0,PSF-00578_20260725125523_ad4,PFA-00612,PSA-00572,PSF-00578,RHS-0697,3.0.0,2026-06-15T15:17:51.144Z,DATA_DUMP_1785116825020_clean_2026-07-25.csv,25-Jul-2026,28,Pl7-R1-M2-H1-P08,25-Jul-2026 12:55:23,25-Jul-2026
92,12:55:46,25-Jul-2026,Rain_out,Climate_model,,Pl7-R1-M2-H1-P08,,,0.13525,2.9161,0.12926,4.2038,3.6486,3.5367,6.6566,3.008,36.222,37.368,68.175,0.44179,7.5,PSF-00578_20260725125546_5f1,0,0,0,87.01837,149.9877,0.41983,0.5,0.8,229.7381,1,54.54,52.87,38.09,38,38,97.64,156,154.3,1.1,1368,3.892,7,-62,208,,,,,,,,17:49:42,25-Jul-2026,39.2084,-96.5938,333.5,19,0.67,12:52:20,25-Jul-2026,-0.32,1,-0.004,-0.005,0.003,-0.25,-0.009,-0.178,1,150,0.005,2,0.058905,0,0.02923,0,0,-6.8e-05,standard,0,rectangular,7000,500,-9999,-9999,55537,55537,55537,0,-9999,0,0,0,0,2.4763,2.4641,1.642,0.92803,0.16319,-0.000887,0.37171,1.2498,87.0184,0.000303,2.3977,-3e-05,1,2.3839,-2.4e-05,1,0.60171,0.60051,0.10664,0,PSF-00578_20260725125546_5f1,PFA-00612,PSA-00572,PSF-00578,RHS-0697,3.0.0,2026-06-15T15:17:51.144Z,DATA_DUMP_1785116825020_clean_2026-07-25.csv,25-Jul-2026,29,Pl7-R1-M2-H1-P08,25-Jul-2026 12:55:46,25-Jul-2026
94,12:56:16,25-Jul-2026,Rain_out,Climate_model,,Pl7-R1-M2-H1-P08,,,0.12457,2.9167,0.11947,3.9766,3.6121,3.5063,6.6905,3.0784,35.9119,36.9958,68.5251,0.44179,7.5,PSF-00578_20260725125616_abe,0,0,0,90.05856,158.8812,0.43317,0.5,0.8,238.8007,1,53.92,52.34,38.12,38.09,38.09,97.64,156.1,154.4,1,1378,3.919,12,-59,195,,,,,,,,17:50:15,25-Jul-2026,39.2084,-96.5938,333.5,18,0.68,12:52:20,25-Jul-2026,-0.32,1,-0.003,-0.003,-9999,-0.561,-1.013,-9999,1,150,0.005,2,0.058905,0,0.02923,0,0,-6.8e-05,standard,0,rectangular,7000,500,-9999,-9999,55537,55537,55537,0,-9999,0,0,0,0,2.4756,2.4633,1.6426,0.9285,0.16302,-3.4e-05,0.37359,1.2583,90.0586,0.000306,2.3977,-3e-05,1,2.3839,-2.4e-05,1,0.60171,0.60051,0.10664,0,PSF-00578_20260725125616_abe,PFA-00612,PSA-00572,PSF-00578,RHS-0697,3.0.0,2026-06-15T15:17:51.144Z,DATA_DUMP_1785116825020_clean_2026-07-25.csv,25-Jul-2026,30,Pl7-R1-M2-H1-P08,25-Jul-2026 12:56:16,25-Jul-2026
95,12:56:30,25-Jul-2026,Rain_out,Climate_model,,Pl7-R1-M2-H1-P08,,,0.1011,2.9167,0.097714,3.1836,3.6988,3.6142,6.7103,3.0115,37.0172,37.8842,68.7285,0.44179,7.5,PSF-00578_20260725125630_cd5,0,0,0,92.10062,160.4601,0.42602,0.5,0.8,232.5111,1,55.17,53.91,38.13,38.15,38.15,97.64,156.1,154.4,1.1,1364,3.925,13,-58,190,,,,,,,,17:50:28,25-Jul-2026,39.2084,-96.5938,332.7,19,0.67,12:52:20,25-Jul-2026,-0.32,1,0.001,0.003,-9999,-1.2,-2.073,-9999,1,150,0.005,2,0.058905,0,0.02923,0,0,-6.8e-05,standard,0,rectangular,7000,500,-9999,-9999,55537,55537,55537,0,-9999,0,0,0,0,2.4776,2.4649,1.6426,0.92836,0.16293,0.000467,0.37445,1.2467,92.1006,0.000296,2.3977,-3e-05,1,2.3839,-2.4e-05,1,0.60171,0.60051,0.10664,0,PSF-00578_20260725125630_cd5,PFA-00612,PSA-00572,PSF-00578,RHS-0697,3.0.0,2026-06-15T15:17:51.144Z,DATA_DUMP_1785116825020_clean_2026-07-25.csv,25-Jul-2026,31,Pl7-R1-M2-H1-P08,25-Jul-2026 12:56:30,25-Jul-2026
96,12:56:52,25-Jul-2026,Rain_out,Climate_model,,Pl7-R1-M2-H1-P08,,,0.024621,2.9163,0.024415,0.66423,3.6749,3.6572,6.1971,2.5222,37.4539,37.6349,63.4652,0.44179,7.5,PSF-00578_20260725125652_66b,0,0,0,95.32285,314.3199,0.69673,0.5,0.8,14.8109,1,54.75,54.48,38.15,36.68,36.68,97.65,156,154.2,1.2,53,3.924,-10,-60,277,,,,,,,,17:50:51,25-Jul-2026,39.2084,-96.5938,332.6,19,0.67,12:52:20,25-Jul-2026,-0.32,1,0,0.001,-9999,-0.095,0.186,-9999,1,150,0.005,2,0.058905,0,0.02923,0,0,-6.8e-05,standard,0,rectangular,7000,500,-9999,-9999,55537,55537,55537,0,-9999,0,0,0,0,2.4784,2.4643,1.6422,0.92791,0.16279,-0.018064,0.37592,0.15105,95.3228,0.000303,2.3977,-3e-05,1,2.3839,-2.4e-05,1,0.60171,0.60051,0.10664,0,PSF-00578_20260725125652_66b,PFA-00612,PSA-00572,PSF-00578,RHS-0697,3.0.0,2026-06-15T15:17:51.144Z,DATA_DUMP_1785116825020_clean_2026-07-25.csv,25-Jul-2026,32,Pl7-R1-M2-H1-P08,25-Jul-2026 12:56:52,25-Jul-2026
98,12:57:25,25-Jul-2026,Rain_out,Climate_model,,Pl7-R1-M2-H1-P08,,,0.032338,2.9164,0.031983,0.82927,3.676,3.654,6.0815,2.4055,37.4176,37.6435,62.2763,0.44179,7.5,PSF-00578_20260725125725_ec3,0,0,0,87.49187,296.9659,0.70538,0.5,0.8,29.8725,1,54.77,54.44,38.15,36.34,36.34,97.65,156.1,154.3,1.1,106,3.924,-9,-43,283,,,,,,,,17:51:23,25-Jul-2026,39.2084,-96.5938,332.7,19,0.67,12:52:20,25-Jul-2026,-0.32,1,0.004,0.001,-9999,-0.059,0.034,-9999,1,150,0.005,2,0.058905,0,0.02923,0,0,-6.8e-05,standard,0,rectangular,7000,500,-9999,-9999,55537,55537,55537,0,-9999,0,0,0,0,2.4783,2.4643,1.6423,0.92809,0.1628,-0.022289,0.37782,0.19511,87.4919,0.000318,2.3977,-3e-05,1,2.3839,-2.4e-05,1,0.60171,0.60051,0.10664,0,PSF-00578_20260725125725_ec3,PFA-00612,PSA-00572,PSF-00578,RHS-0697,3.0.0,2026-06-15T15:17:51.144Z,DATA_DUMP_1785116825020_clean_2026-07-25.csv,25-Jul-2026,33,Pl7-R1-M2-H1-P08,25-Jul-2026 12:57:25,25-Jul-2026
99,12:57:37,25-Jul-2026,Rain_out,Climate_model,,Pl7-R1-M2-H1-P08,,,0.025435,2.9159,0.025215,0.71468,3.6881,3.669,6.3139,2.6258,37.576,37.7708,64.6631,0.44179,7.5,PSF-00578_20260725125737_1ca,0,0,0,88.06837,295.8984,0.70237,0.5,0.8,28.5991,1,54.96,54.68,38.15,37.03,37.03,97.64,156,154.2,1.1,102,3.918,-8,-34,263,,,,,,,,17:51:35,25-Jul-2026,39.2084,-96.5938,332.7,18,0.68,12:52:20,25-Jul-2026,-0.32,1,0.001,0.004,-9999,0.235,0.312,-9999,1,150,0.005,2,0.058905,0,0.02923,0,0,-6.8e-05,standard,0,rectangular,7000,500,-9999,-9999,55537,55537,55537,0,-9999,0,0,0,0,2.4786,2.4646,1.6418,0.92788,0.16283,-0.013751,0.37851,0.1917,88.0684,0.0003,2.3977,-3e-05,1,2.3839,-2.4e-05,1,0.60171,0.60051,0.10664,0,PSF-00578_20260725125737_1ca,PFA-00612,PSA-00572,PSF-00578,RHS-0697,3.0.0,2026-06-15T15:17:51.144Z,DATA_DUMP_1785116825020_clean_2026-07-25.csv,25-Jul-2026,34,Pl7-R1-M2-H1-P08,25-Jul-2026 12:57:37,25-Jul-2026
100,12:57:48,25-Jul-2026,Rain_out,Climate_model,,Pl7-R1-M2-H1-P08,,,0.019409,2.9165,0.019281,0.54029,3.7327,3.7184,6.328,2.5953,38.0793,38.2264,64.8045,0.44179,7.5,PSF-00578_20260725125748_41b,0,0,0,86.83884,288.085,0.69856,0.5,0.8,29.7085,1,55.62,55.41,38.15,37.07,37.07,97.65,156.1,154.5,1,106,3.922,-9,-35,258,,,,,,,,17:51:46,25-Jul-2026,39.2084,-96.5938,333.1,18,0.68,12:52:20,25-Jul-2026,-0.32,1,-0.002,0.003,-9999,0.085,0.341,-9999,1,150,0.005,2,0.058905,0,0.02923,0,0,-6.8e-05,standard,0,rectangular,7000,500,-9999,-9999,55537,55537,55537,0,-9999,0,0,0,0,2.4796,2.4654,1.6424,0.92857,0.16282,-0.01326,0.37911,0.19548,86.8388,0.000312,2.3977,-3e-05,1,2.3839,-2.4e-05,1,0.60171,0.60051,0.10664,0,PSF-00578_20260725125748_41b,PFA-00612,PSA-00572,PSF-00578,RHS-0697,3.0.0,2026-06-15T15:17:51.144Z,DATA_DUMP_1785116825020_clean_2026-07-25.csv,25-Jul-2026,35,Pl7-R1-M2-H1-P08,25-Jul-2026 12:57:48,25-Jul-2026
18,16:13:13,25-Jul-2026,Rain_out,Climate_model,,Pl7-R1-M2-H1-P08,,,0.023568,2.9169,0.023379,0.49691,3.3781,3.3649,5.3585,1.9804,34.4962,34.632,54.9347,0.44179,7.5,PSF-00578_20260725161313_32a,0,0,0,87.03982,219.7763,0.60396,0.5,0.8,188.5673,1,66.19,65.93,33.18,34.05,34.05,97.54,156.1,155.2,0.6,781,3.863,-25,18,6,,,,,,,,21:07:11,25-Jul-2026,39.2084,-96.5939,324,13,0.76,16:06:03,25-Jul-2026,-0.58,1,-0.004,-0.004,0.003,0.365,1.39,2.662,1,150,0.005,2,0.058905,0,0.02923,0,0,-6.8e-05,standard,0,rectangular,7000,500,-9999,-9999,55537,55537,55537,0,-9999,0,0,0,0,2.4939,2.48,1.6428,0.93032,0.1974,0.010691,0.18218,0.75885,87.0398,0.000299,2.3977,-3e-05,1,2.3839,-2.4e-05,1,0.60171,0.60051,0.10664,0,PSF-00578_20260725161313_32a,PFA-00612,PSA-00572,PSF-00578,RHS-0697,3.0.0,2026-06-15T15:17:51.144Z,DATA_DUMP_1785116825020_clean_2026-07-25.csv,25-Jul-2026,65,Pl7-R1-M2-H1-P08,25-Jul-2026 16:13:13,25-Jul-2026
19,16:13:26,25-Jul-2026,Rain_out,Climate_model,,Pl7-R1-M2-H1-P08,,,0.049134,2.9168,0.04832,1.0398,3.4993,3.4716,5.5016,2.0023,35.5883,35.872,56.3984,0.44179,7.5,PSF-00578_20260725161326_30b,0,0,0,94.70058,198.9655,0.52404,0.5,0.8,181.3193,1,68.08,67.55,33.31,34.53,34.53,97.55,156.1,155,0.7,865,3.869,-15,22,3,,,,,,,,21:07:23,25-Jul-2026,39.2084,-96.5939,323.8,13,0.76,16:06:03,25-Jul-2026,-0.58,1,0.004,0.004,0.014,-0.417,-0.805,-1.549,1,150,0.005,2,0.058905,0,0.02923,0,0,-6.8e-05,standard,0,rectangular,7000,500,-9999,-9999,55537,55537,55537,0,-9999,0,0,0,0,2.496,2.4823,1.6427,0.9298,0.19644,0.014918,0.18383,0.82943,94.7006,0.000308,2.3977,-3e-05,1,2.3839,-2.4e-05,1,0.60171,0.60051,0.10664,0,PSF-00578_20260725161326_30b,PFA-00612,PSA-00572,PSF-00578,RHS-0697,3.0.0,2026-06-15T15:17:51.144Z,DATA_DUMP_1785116825020_clean_2026-07-25.csv,25-Jul-2026,66,Pl7-R1-M2-H1-P08,25-Jul-2026 16:13:26,25-Jul-2026
20,16:13:43,25-Jul-2026,Rain_out,Climate_model,,Pl7-R1-M2-H1-P08,,,0.05503,2.9162,0.054011,1.1249,3.5065,3.4766,5.4449,1.9384,35.6411,35.9482,55.8201,0.44179,7.5,PSF-00578_20260725161343_3ef,0,0,0,87.83805,204.3024,0.57006,0.5,0.8,163.3577,1,67.63,67.05,33.46,34.34,34.34,97.54,156,154.7,0.8,716,3.863,-23,24,6,,,,,,,,21:07:41,25-Jul-2026,39.2084,-96.5939,324,13,0.76,16:06:03,25-Jul-2026,-0.58,1,-0.004,0.002,-0.026,-0.031,0.012,-0.153,1,150,0.005,2,0.058905,0,0.02923,0,0,-6.8e-05,standard,0,rectangular,7000,500,-9999,-9999,55537,55537,55537,0,-9999,0,0,0,0,2.4953,2.4817,1.642,0.92917,0.19524,0.010778,0.18591,0.70526,87.8381,0.000304,2.3977,-3e-05,1,2.3839,-2.4e-05,1,0.60171,0.60051,0.10664,0,PSF-00578_20260725161343_3ef,PFA-00612,PSA-00572,PSF-00578,RHS-0697,3.0.0,2026-06-15T15:17:51.144Z,DATA_DUMP_1785116825020_clean_2026-07-25.csv,25-Jul-2026,67,Pl7-R1-M2-H1-P08,25-Jul-2026 16:13:43,25-Jul-2026
21,16:13:55,25-Jul-2026,Rain_out,Climate_model,,Pl7-R1-M2-H1-P08,,,0.05477,2.9171,0.05376,1.1447,3.4942,3.4637,5.4757,1.9815,35.5084,35.8207,56.1347,0.44179,7.5,PSF-00578_20260725161355_2aa,0,0,0,87.56233,223.9215,0.60896,0.5,0.8,353.6608,1,66.98,66.39,33.57,34.44,34.44,97.55,156.1,155.1,0.6,1452,3.867,-7,-41,20,,,,,,,,21:07:53,25-Jul-2026,39.2084,-96.5939,323.7,13,0.76,16:06:03,25-Jul-2026,-0.58,1,0.002,0,-9999,0.472,1.264,-9999,1,150,0.005,2,0.058905,0,0.02923,0,0,-6.8e-05,standard,0,rectangular,7000,500,-9999,-9999,55537,55537,55537,0,-9999,0,0,0,0,2.4944,2.4809,1.643,0.93022,0.1944,0.010681,0.18742,1.3198,87.5623,0.000303,2.3977,-3e-05,1,2.3839,-2.4e-05,1,0.60171,0.60051,0.10664,0,PSF-00578_20260725161355_2aa,PFA-00612,PSA-00572,PSF-00578,RHS-0697,3.0.0,2026-06-15T15:17:51.144Z,DATA_DUMP_1785116825020_clean_2026-07-25.csv,25-Jul-2026,68,Pl7-R1-M2-H1-P08,25-Jul-2026 16:13:55,25-Jul-2026
22,16:14:08,25-Jul-2026,Rain_out,Climate_model,,Pl7-R1-M2-H1-P08,,,0.010376,2.9165,0.010339,0.20932,3.5384,3.5329,5.4225,1.884,36.2177,36.2748,55.5894,0.44179,7.5,PSF-00578_20260725161408_e85,0,0,0,85.92832,219.8668,0.60918,0.5,0.8,360.9495,1,67.38,67.27,33.69,34.26,34.26,97.54,156.1,155.2,0.6,1481,3.866,-8,-41,19,,,,,,,,21:08:06,25-Jul-2026,39.2084,-96.5939,323.4,13,0.76,16:06:03,25-Jul-2026,-0.58,1,-0.003,-0.002,-9999,0.529,1.338,-9999,1,150,0.005,2,0.058905,0,0.02923,0,0,-6.8e-05,standard,0,rectangular,7000,500,-9999,-9999,55537,55537,55537,0,-9999,0,0,0,0,2.4955,2.4814,1.6424,0.93037,0.19351,0.007139,0.18905,1.3444,85.9283,0.000304,2.3977,-3e-05,1,2.3839,-2.4e-05,1,0.60171,0.60051,0.10664,0,PSF-00578_20260725161408_e85,PFA-00612,PSA-00572,PSF-00578,RHS-0697,3.0.0,2026-06-15T15:17:51.144Z,DATA_DUMP_1785116825020_clean_2026-07-25.csv,25-Jul-2026,69,Pl7-R1-M2-H1-P08,25-Jul-2026 16:14:08,25-Jul-2026
23,16:14:21,25-Jul-2026,Rain_out,Climate_model,,Pl7-R1-M2-H1-P08,,,0.1214,2.9161,0.11655,2.2896,3.4476,3.3865,5.2781,1.8305,34.7168,35.3423,54.1079,0.44179,7.5,PSF-00578_20260725161421_474,0,0,0,83.907,210.743,0.60185,0.5,0.8,370.8658,1,65.26,64.11,33.8,33.78,33.78,97.55,156,155,0.6,1541,3.866,-9,-39,17,,,,,,,,21:08:18,25-Jul-2026,39.2084,-96.5939,323.2,13,0.76,16:06:03,25-Jul-2026,-0.58,1,-0.004,-0.001,0.019,0.553,1.347,3.145,1,150,0.005,2,0.058905,0,0.02923,0,0,-6.8e-05,standard,0,rectangular,7000,500,-9999,-9999,55537,55537,55537,0,-9999,0,0,0,0,2.4915,2.4787,1.642,0.92988,0.19272,3.9e-05,0.19052,1.3939,83.907,0.000314,2.3977,-3e-05,1,2.3839,-2.4e-05,1,0.60171,0.60051,0.10664,0,PSF-00578_20260725161421_474,PFA-00612,PSA-00572,PSF-00578,RHS-0697,3.0.0,2026-06-15T15:17:51.144Z,DATA_DUMP_1785116825020_clean_2026-07-25.csv,25-Jul-2026,70,Pl7-R1-M2-H1-P08,25-Jul-2026 16:14:21,25-Jul-2026
24,16:14:38,25-Jul-2026,Rain_out,Climate_model,,Pl7-R1-M2-H1-P08,,,0.10464,2.9163,0.10101,2.0959,3.4967,3.4409,5.4281,1.9314,35.2751,35.8473,55.6471,0.44179,7.5,PSF-00578_20260725161438_bf7,0,0,0,95.97516,236.0945,0.59349,0.5,0.8,167.7896,1,65.63,64.58,33.95,34.28,34.28,97.54,156,155.1,0.6,707,3.866,2,45,15,,,,,,,,21:08:36,25-Jul-2026,39.2084,-96.5939,323.6,13,0.76,16:06:03,25-Jul-2026,-0.58,1,-0.003,-0.003,-0.022,-0.325,1.208,4.449,1,150,0.005,2,0.058905,0,0.02923,0,0,-6.8e-05,standard,0,rectangular,7000,500,-9999,-9999,55537,55537,55537,0,-9999,0,0,0,0,2.492,2.4791,1.6422,0.93011,0.19156,0.004241,0.19268,0.69723,95.9752,0.000313,2.3977,-3e-05,1,2.3839,-2.4e-05,1,0.60171,0.60051,0.10664,0,PSF-00578_20260725161438_bf7,PFA-00612,PSA-00572,PSF-00578,RHS-0697,3.0.0,2026-06-15T15:17:51.144Z,DATA_DUMP_1785116825020_clean_2026-07-25.csv,25-Jul-2026,71,Pl7-R1-M2-H1-P08,25-Jul-2026 16:14:38,25-Jul-2026
25,16:14:52,25-Jul-2026,Rain_out,Climate_model,,Pl7-R1-M2-H1-P08,,,0.11562,2.9169,0.11121,2.4698,3.5409,3.4752,5.6057,2.0648,35.6264,36.3,57.4676,0.44179,7.5,PSF-00578_20260725161452_aea,0,0,0,92.67211,187.838,0.50664,0.5,0.8,194.7361,1,66.01,64.79,34.07,34.86,34.86,97.55,156.1,154.7,0.9,961,3.866,9,37,17,,,,,,,,21:08:50,25-Jul-2026,39.2084,-96.5939,323.9,14,0.72,16:06:03,25-Jul-2026,-0.58,1,0.01,0.002,0.016,-0.201,-0.301,0.445,1,150,0.005,2,0.058905,0,0.02923,0,0,-6.8e-05,standard,0,rectangular,7000,500,-9999,-9999,55537,55537,55537,0,-9999,0,0,0,0,2.4923,2.4796,1.6428,0.92922,0.19066,0.009814,0.19436,0.90957,92.6721,0.000314,2.3977,-3e-05,1,2.3839,-2.4e-05,1,0.60171,0.60051,0.10664,0,PSF-00578_20260725161452_aea,PFA-00612,PSA-00572,PSF-00578,RHS-0697,3.0.0,2026-06-15T15:17:51.144Z,DATA_DUMP_1785116825020_clean_2026-07-25.csv,25-Jul-2026,72,Pl7-R1-M2-H1-P08,25-Jul-2026 16:14:52,25-Jul-2026
26,16:15:03,25-Jul-2026,Rain_out,Climate_model,,Pl7-R1-M2-H1-P08,,,0.027289,2.9177,0.027036,0.64351,3.51,3.4929,5.7221,2.2121,35.8055,35.9809,58.6569,0.44179,7.5,PSF-00578_20260725161503_4a8,0,0,0,103.7925,217.0132,0.52172,0.5,0.8,179.1298,1,65.08,64.76,34.17,35.23,35.23,97.55,156.2,154.8,0.9,858,3.832,12,41,14,,,,,,,,21:09:01,25-Jul-2026,39.2084,-96.5939,323.5,14,0.72,16:06:03,25-Jul-2026,-0.58,1,0,0.001,-9999,-1.736,-2.548,-9999,1,150,0.005,2,0.058905,0,0.02923,0,0,-6.8e-05,standard,0,rectangular,7000,500,-9999,-9999,55537,55537,55537,0,-9999,0,0,0,0,2.4922,2.4784,1.6437,0.92931,0.18994,0.013161,0.19561,0.82387,103.7925,0.00031,2.3977,-3e-05,1,2.3839,-2.4e-05,1,0.60171,0.60051,0.10664,0,PSF-00578_20260725161503_4a8,PFA-00612,PSA-00572,PSF-00578,RHS-0697,3.0.0,2026-06-15T15:17:51.144Z,DATA_DUMP_1785116825020_clean_2026-07-25.csv,25-Jul-2026,73,Pl7-R1-M2-H1-P08,25-Jul-2026 16:15:03,25-Jul-2026
27,16:15:19,25-Jul-2026,Rain_out,Climate_model,,Pl7-R1-M2-H1-P08,,,0.10675,2.9166,0.10298,1.9799,3.5698,3.5172,5.3596,1.7897,36.0546,36.5945,54.9411,0.44179,7.5,PSF-00578_20260725161519_ad2,0,0,0,90.25633,234.4265,0.61499,0.5,0.8,372.9001,1,65.68,64.71,34.31,34.06,34.06,97.55,156.1,154.9,0.8,1516,3.864,3,-52,26,,,,,,,,21:09:17,25-Jul-2026,39.2084,-96.5939,323.5,13,0.73,16:06:03,25-Jul-2026,-0.58,1,0.003,0.002,-0.009,0.254,0.865,2.55,1,150,0.005,2,0.058905,0,0.02923,0,0,-6.8e-05,standard,0,rectangular,7000,500,-9999,-9999,55537,55537,55537,0,-9999,0,0,0,0,2.4922,2.4791,1.6425,0.92958,0.18892,-0.002813,0.19751,1.3733,90.2563,0.000303,2.3977,-3e-05,1,2.3839,-2.4e-05,1,0.60171,0.60051,0.10664,0,PSF-00578_20260725161519_ad2,PFA-00612,PSA-00572,PSF-00578,RHS-0697,3.0.0,2026-06-15T15:17:51.144Z,DATA_DUMP_1785116825020_clean_2026-07-25.csv,25-Jul-2026,74,Pl7-R1-M2-H1-P08,25-Jul-2026 16:15:19,25-Jul-2026
28,16:15:31,25-Jul-2026,Rain_out,Climate_model,,Pl7-R1-M2-H1-P08,,,0.084465,2.9161,0.082088,1.821,3.497,3.4485,5.5605,2.0635,35.352,35.8492,57.003,0.44179,7.5,PSF-00578_20260725161531_a98,0,0,0,90.46376,236.2919,0.61715,0.5,0.8,338.2198,1,64,63.11,34.4,34.72,34.72,97.55,156,154.8,0.8,1370,3.865,4,-60,29,,,,,,,,21:09:29,25-Jul-2026,39.2084,-96.5939,322.6,14,0.72,16:06:03,25-Jul-2026,-0.58,1,0,0.002,-9999,0.238,0.738,-9999,1,150,0.005,2,0.058905,0,0.02923,0,0,-6.8e-05,standard,0,rectangular,7000,500,-9999,-9999,55537,55537,55537,0,-9999,0,0,0,0,2.4901,2.477,1.642,0.92941,0.18822,0.004035,0.19883,1.2515,90.4638,0.000312,2.3977,-3e-05,1,2.3839,-2.4e-05,1,0.60171,0.60051,0.10664,0,PSF-00578_20260725161531_a98,PFA-00612,PSA-00572,PSF-00578,RHS-0697,3.0.0,2026-06-15T15:17:51.144Z,DATA_DUMP_1785116825020_clean_2026-07-25.csv,25-Jul-2026,75,Pl7-R1-M2-H1-P08,25-Jul-2026 16:15:31,25-Jul-2026
29,16:15:56,25-Jul-2026,Rain_out,Climate_model,,Pl7-R1-M2-H1-P08,,,0.022456,2.9159,0.022284,0.51505,3.4324,3.4187,5.5827,2.1503,35.0478,35.1885,57.2333,0.44179,7.5,PSF-00578_20260725161556_dd1,0,0,0,94.38479,236.8984,0.60158,0.5,0.8,174.2263,1,62.09,61.84,34.61,34.79,34.79,97.54,156,154.7,0.8,724,3.864,-8,-68,42,,,,,,,,21:09:54,25-Jul-2026,39.2084,-96.5939,322.5,14,0.72,16:06:03,25-Jul-2026,-0.58,1,-0.005,-0.003,-9999,2.146,2.048,-9999,1,150,0.005,2,0.058905,0,0.02923,0,0,-6.8e-05,standard,0,rectangular,7000,500,-9999,-9999,55537,55537,55537,0,-9999,0,0,0,0,2.4884,2.4745,1.6417,0.92924,0.18669,0.002365,0.20181,0.71163,94.3848,0.000311,2.3977,-3e-05,1,2.3839,-2.4e-05,1,0.60171,0.60051,0.10664,0,PSF-00578_20260725161556_dd1,PFA-00612,PSA-00572,PSF-00578,RHS-0697,3.0.0,2026-06-15T15:17:51.144Z,DATA_DUMP_1785116825020_clean_2026-07-25.csv,25-Jul-2026,76,Pl7-R1-M2-H1-P08,25-Jul-2026 16:15:56,25-Jul-2026
30,16:16:30,25-Jul-2026,Rain_out,Climate_model,,Pl7-R1-M2-H1-P08,,,0.096757,2.9164,0.09365,2.0811,3.6799,3.6246,5.7431,2.0632,37.1551,37.7221,58.8715,0.44179,7.5,PSF-00578_20260725161630_cc9,0,0,0,88.28008,219.9708,0.59867,0.5,0.8,161.6309,1,65.51,64.53,34.9,35.3,35.3,97.55,156,154.9,0.7,675,3.863,12,50,17,,,,,,,,21:10:28,25-Jul-2026,39.2084,-96.5939,322.3,14,0.72,16:16:20,25-Jul-2026,-0.47,1,0.005,0.002,0.013,-0.675,-0.452,2.464,1,150,0.005,2,0.058905,0,0.02923,0,0,-6.8e-05,standard,0,rectangular,7000,500,-9999,-9999,55537,55537,55537,0,-9999,0,0,0,0,2.4918,2.4787,1.6423,0.92968,0.18461,0.0051,0.20565,0.67062,88.2801,0.00031,2.3977,-3e-05,1,2.3839,-2.4e-05,1,0.60171,0.60051,0.10664,0,PSF-00578_20260725161630_cc9,PFA-00612,PSA-00572,PSF-00578,RHS-0697,3.0.0,2026-06-15T15:17:51.144Z,DATA_DUMP_1785116825020_clean_2026-07-25.csv,25-Jul-2026,77,Pl7-R1-M2-H1-P08,25-Jul-2026 16:16:30,25-Jul-2026
31,16:16:44,25-Jul-2026,Rain_out,Climate_model,,Pl7-R1-M2-H1-P08,,,0.082503,2.916,0.080233,1.7647,3.7287,3.6818,5.7696,2.0409,37.7462,38.2269,59.1503,0.44179,7.5,PSF-00578_20260725161644_7bb,0,0,0,85.51383,217.0733,0.60606,0.5,0.8,156.0794,1,65.9,65.08,35.03,35.38,35.38,97.54,156,154.8,0.7,644,3.831,30,44,11,,,,,,,,21:10:39,25-Jul-2026,39.2084,-96.5939,322.2,13,0.74,16:16:20,25-Jul-2026,-0.47,1,-0.005,-0.001,-9999,0.05,-0.876,-9999,1,150,0.005,2,0.058905,0,0.02923,0,0,-6.8e-05,standard,0,rectangular,7000,500,-9999,-9999,55537,55537,55537,0,-9999,0,0,0,0,2.4925,2.4791,1.6419,0.92948,0.18368,0.004537,0.20717,0.64461,85.5138,0.000309,2.3977,-3e-05,1,2.3839,-2.4e-05,1,0.60171,0.60051,0.10664,0,PSF-00578_20260725161644_7bb,PFA-00612,PSA-00572,PSF-00578,RHS-0697,3.0.0,2026-06-15T15:17:51.144Z,DATA_DUMP_1785116825020_clean_2026-07-25.csv,25-Jul-2026,78,Pl7-R1-M2-H1-P08,25-Jul-2026 16:16:44,25-Jul-2026
32,16:16:55,25-Jul-2026,Rain_out,Climate_model,,Pl7-R1-M2-H1-P08,,,0.10755,2.9174,0.10373,2.4805,3.6996,3.6338,5.9174,2.2177,37.2514,37.9265,60.6614,0.44179,7.5,PSF-00578_20260725161655_101,0,0,0,92.13066,221.181,0.58346,0.5,0.8,163.0795,1,65.04,63.88,35.13,35.84,35.84,97.55,156.2,155,0.8,699,3.862,32,41,8,,,,,,,,21:10:53,25-Jul-2026,39.2084,-96.5939,322.7,14,0.72,16:16:20,25-Jul-2026,-0.47,1,0.002,0,-9999,-0.879,-0.887,-9999,1,150,0.005,2,0.058905,0,0.02923,0,0,-6.8e-05,standard,0,rectangular,7000,500,-9999,-9999,55537,55537,55537,0,-9999,0,0,0,0,2.4909,2.478,1.6433,0.92977,0.18298,0.008962,0.20837,0.69051,92.1307,0.000311,2.3977,-3e-05,1,2.3839,-2.4e-05,1,0.60171,0.60051,0.10664,0,PSF-00578_20260725161655_101,PFA-00612,PSA-00572,PSF-00578,RHS-0697,3.0.0,2026-06-15T15:17:51.144Z,DATA_DUMP_1785116825020_clean_2026-07-25.csv,25-Jul-2026,79,Pl7-R1-M2-H1-P08,25-Jul-2026 16:16:55,25-Jul-2026
33,16:17:09,25-Jul-2026,Rain_out,Climate_model,,Pl7-R1-M2-H1-P08,,,0.13817,2.9163,0.13192,3.2238,3.5513,3.4655,5.8206,2.2693,35.5279,36.4074,59.6715,0.44179,7.5,PSF-00578_20260725161709_af7,0,0,0,87.86559,192.9399,0.5446,0.5,0.8,252.9509,1,62.06,60.56,35.24,35.54,35.54,97.54,156,154.7,0.8,1161,3.862,5,-71,34,,,,,,,,21:11:07,25-Jul-2026,39.2084,-96.5939,322.3,13,0.73,16:16:20,25-Jul-2026,-0.47,1,0.006,0.005,-9999,-0.331,-0.058,-9999,1,150,0.005,2,0.058905,0,0.02923,0,0,-6.8e-05,standard,0,rectangular,7000,500,-9999,-9999,55537,55537,55537,0,-9999,0,0,0,0,2.4867,2.4742,1.6422,0.92917,0.18222,0.003983,0.20983,1.0769,87.8656,0.000311,2.3977,-3e-05,1,2.3839,-2.4e-05,1,0.60171,0.60051,0.10664,0,PSF-00578_20260725161709_af7,PFA-00612,PSA-00572,PSF-00578,RHS-0697,3.0.0,2026-06-15T15:17:51.144Z,DATA_DUMP_1785116825020_clean_2026-07-25.csv,25-Jul-2026,80,Pl7-R1-M2-H1-P08,25-Jul-2026 16:17:09,25-Jul-2026
34,16:17:25,25-Jul-2026,Rain_out,Climate_model,,Pl7-R1-M2-H1-P08,,,0.049112,2.9174,0.048299,1.2414,3.636,3.603,6.019,2.383,36.9374,37.2754,61.7055,0.44179,7.5,PSF-00578_20260725161725_201,0,0,0,111.945,257.2478,0.56484,0.5,0.8,271.4011,1,63.08,62.51,35.37,36.15,36.15,97.54,156.2,154.6,1,1201,3.862,5,-69,31,,,,,,,,21:11:23,25-Jul-2026,39.2084,-96.5939,321.9,14,0.72,16:16:20,25-Jul-2026,-0.47,1,0,-0.002,-0.014,-1.107,-1.432,-4.232,1,150,0.005,2,0.058905,0,0.02923,0,0,-6.8e-05,standard,0,rectangular,7000,500,-9999,-9999,55537,55537,55537,0,-9999,0,0,0,0,2.4891,2.4755,1.6433,0.92891,0.18129,0.009868,0.21163,1.1104,111.945,0.000315,2.3977,-3e-05,1,2.3839,-2.4e-05,1,0.60171,0.60051,0.10664,0,PSF-00578_20260725161725_201,PFA-00612,PSA-00572,PSF-00578,RHS-0697,3.0.0,2026-06-15T15:17:51.144Z,DATA_DUMP_1785116825020_clean_2026-07-25.csv,25-Jul-2026,81,Pl7-R1-M2-H1-P08,25-Jul-2026 16:17:25,25-Jul-2026
35,16:17:38,25-Jul-2026,Rain_out,Climate_model,,Pl7-R1-M2-H1-P08,,,0.07612,2.9159,0.074183,1.9494,3.6245,3.5726,6.0607,2.4362,36.6232,37.1548,62.1289,0.44179,7.5,PSF-00578_20260725161738_d47,0,0,0,115.9619,255.6392,0.54638,0.5,0.8,239.3736,1,62.55,61.65,35.46,36.28,36.28,97.55,156,154.6,0.9,1095,3.861,2,-72,34,,,,,,,,21:11:36,25-Jul-2026,39.2084,-96.5939,321.7,14,0.72,16:16:20,25-Jul-2026,-0.47,1,0.005,-0.002,-9999,2.268,12.001,-9999,1,150,0.005,2,0.058905,0,0.02923,0,0,-6.8e-05,standard,0,rectangular,7000,500,-9999,-9999,55537,55537,55537,0,-9999,0,0,0,0,2.488,2.4748,1.6418,0.92899,0.18061,0.010241,0.21305,1.0218,115.9619,0.000308,2.3977,-3e-05,1,2.3839,-2.4e-05,1,0.60171,0.60051,0.10664,0,PSF-00578_20260725161738_d47,PFA-00612,PSA-00572,PSF-00578,RHS-0697,3.0.0,2026-06-15T15:17:51.144Z,DATA_DUMP_1785116825020_clean_2026-07-25.csv,25-Jul-2026,82,Pl7-R1-M2-H1-P08,25-Jul-2026 16:17:38,25-Jul-2026
36,16:17:56,25-Jul-2026,Rain_out,Climate_model,,Pl7-R1-M2-H1-P08,,,0.008074,2.9169,0.008052,0.21343,3.5021,3.4964,5.9625,2.4604,35.8393,35.8976,61.1177,0.44179,7.5,PSF-00578_20260725161756_268,0,0,0,100.6222,322.6547,0.68814,0.5,0.8,8.738,1,60.04,59.94,35.58,35.98,35.98,97.56,156.1,154.6,1,32,3.861,-18,-51,19,,,,,,,,21:11:53,25-Jul-2026,39.2084,-96.5939,321.5,14,0.72,16:16:20,25-Jul-2026,-0.47,1,0.001,-0.001,-9999,0.323,0.975,-9999,1,150,0.005,2,0.058905,0,0.02923,0,0,-6.8e-05,standard,0,rectangular,7000,500,-9999,-9999,55537,55537,55537,0,-9999,0,0,0,0,2.4858,2.4716,1.6428,0.92896,0.17977,0.0051,0.21485,0.13317,100.6222,0.00031,2.3977,-3e-05,1,2.3839,-2.4e-05,1,0.60171,0.60051,0.10664,0,PSF-00578_20260725161756_268,PFA-00612,PSA-00572,PSF-00578,RHS-0697,3.0.0,2026-06-15T15:17:51.144Z,DATA_DUMP_1785116825020_clean_2026-07-25.csv,25-Jul-2026,83,Pl7-R1-M2-H1-P08,25-Jul-2026 16:17:56,25-Jul-2026
37,16:18:06,25-Jul-2026,Rain_out,Climate_model,,Pl7-R1-M2-H1-P08,,,0.004127,2.9172,0.004121,0.11044,3.5005,3.4975,5.9876,2.4872,35.8506,35.8807,61.375,0.44179,7.5,PSF-00578_20260725161806_051,0,0,0,101.7526,324.783,0.68671,0.5,0.8,9.2285,1,59.78,59.73,35.65,36.06,36.06,97.56,156.1,154.7,0.9,34,3.861,-24,-50,18,,,,,,,,21:12:03,25-Jul-2026,39.2084,-96.5939,321.4,14,0.72,16:16:20,25-Jul-2026,-0.47,1,0.002,0.002,-9999,0.437,0.949,-9999,1,150,0.005,2,0.058905,0,0.02923,0,0,-6.8e-05,standard,0,rectangular,7000,500,-9999,-9999,55537,55537,55537,0,-9999,0,0,0,0,2.4855,2.4713,1.6431,0.92905,0.17928,0.005182,0.21593,0.13472,101.7526,0.000316,2.3977,-3e-05,1,2.3839,-2.4e-05,1,0.60171,0.60051,0.10664,0,PSF-00578_20260725161806_051,PFA-00612,PSA-00572,PSF-00578,RHS-0697,3.0.0,2026-06-15T15:17:51.144Z,DATA_DUMP_1785116825020_clean_2026-07-25.csv,25-Jul-2026,84,Pl7-R1-M2-H1-P08,25-Jul-2026 16:18:06,25-Jul-2026
38,16:18:18,25-Jul-2026,Rain_out,Climate_model,,Pl7-R1-M2-H1-P08,,,0.025599,2.9165,0.025376,0.69227,3.4519,3.4335,5.9851,2.5331,35.1893,35.3784,61.3397,0.44179,7.5,PSF-00578_20260725161818_377,0,0,0,100.0811,310.8727,0.67806,0.5,0.8,9.4871,1,58.7,58.39,35.73,36.05,36.05,97.57,156.1,154.7,0.9,35,3.861,-23,-46,17,,,,,,,,21:12:16,25-Jul-2026,39.2084,-96.5939,321,14,0.72,16:16:20,25-Jul-2026,-0.47,1,0,0,0.011,0.099,0.517,1.597,1,150,0.005,2,0.058905,0,0.02923,0,0,-6.8e-05,standard,0,rectangular,7000,500,-9999,-9999,55537,55537,55537,0,-9999,0,0,0,0,2.4838,2.4699,1.6424,0.92912,0.17876,0.004167,0.21706,0.13587,100.0811,0.0003,2.3977,-3e-05,1,2.3839,-2.4e-05,1,0.60171,0.60051,0.10664,0,PSF-00578_20260725161818_377,PFA-00612,PSA-00572,PSF-00578,RHS-0697,3.0.0,2026-06-15T15:17:51.144Z,DATA_DUMP_1785116825020_clean_2026-07-25.csv,25-Jul-2026,85,Pl7-R1-M2-H1-P08,25-Jul-2026 16:18:18,25-Jul-2026
8,09:21:40,26-Jul-2026,Rain_out,Climate_model,,Pl7-R1-M2-H1-P08,,,-0.12179,2.9155,-0.1271,-2.1647,2.5845,2.6427,4.1869,1.6024,27.1152,26.5181,42.9588,0.44179,7.5,PSF-00578_20260726092140_acc,0,0,0,106.2069,184.2949,0.42371,0.5,0.8,253.4139,1,75.76,77.47,26.18,29.7,29.7,97.46,155.9,156.1,-0.1,1495,4.088,5,33,8,,,,,,,,14:15:35,26-Jul-2026,39.2087,-96.5937,256,10,0.9,09:17:53,26-Jul-2026,-4.41,1,-0.003,-0.002,-0.016,-0.022,-0.319,1.491,1,150,0.005,2,0.058905,0,0.02923,0,0,-6.8e-05,standard,0,rectangular,7000,500,-9999,-9999,55537,55537,55537,0,-9999,0,0,0,0,2.5096,2.4978,1.6414,0.93277,0.26015,0.040533,0.21221,1.356,106.2069,0.000273,2.3977,-3e-05,1,2.3839,-2.4e-05,1,0.60171,0.60051,0.10664,0,PSF-00578_20260726092140_acc,PFA-00612,PSA-00572,PSF-00578,RHS-0697,3.0.0,2026-06-15T15:17:51.144Z,DATA_DUMP_1785116825020_clean_2026-07-26.csv,26-Jul-2026,2,Pl7-R1-M2-H1-P08,26-Jul-2026 09:21:40,26-Jul-2026
9,09:21:58,26-Jul-2026,Rain_out,Climate_model,,Pl7-R1-M2-H1-P08,,,-0.10333,2.9165,-0.10713,-1.7771,2.6105,2.6582,4.1712,1.5607,27.272,26.7824,42.7938,0.44179,7.5,PSF-00578_20260726092158_65b,0,0,0,102.8202,182.0941,0.43535,0.5,0.8,250.5322,1,75.53,76.91,26.41,29.63,29.63,97.47,156.1,156.1,0,1439,4.086,-5,22,14,,,,,,,,14:15:54,26-Jul-2026,39.2087,-96.5937,257,11,0.88,09:17:53,26-Jul-2026,-4.41,1,-0.002,-0.002,-0.015,-0.117,0.068,-0.518,1,150,0.005,2,0.058905,0,0.02923,0,0,-6.8e-05,standard,0,rectangular,7000,500,-9999,-9999,55537,55537,55537,0,-9999,0,0,0,0,2.5089,2.4975,1.6424,0.93268,0.25787,0.037255,0.21478,1.3088,102.8202,0.000264,2.3977,-3e-05,1,2.3839,-2.4e-05,1,0.60171,0.60051,0.10664,0,PSF-00578_20260726092158_65b,PFA-00612,PSA-00572,PSF-00578,RHS-0697,3.0.0,2026-06-15T15:17:51.144Z,DATA_DUMP_1785116825020_clean_2026-07-26.csv,26-Jul-2026,3,Pl7-R1-M2-H1-P08,26-Jul-2026 09:21:58,26-Jul-2026
10,09:22:13,26-Jul-2026,Rain_out,Climate_model,,Pl7-R1-M2-H1-P08,,,-0.11729,2.9161,-0.12221,-2.0387,2.6439,2.6987,4.2127,1.5688,27.6871,27.1254,43.2207,0.44179,7.5,PSF-00578_20260726092213_71b,0,0,0,87.22579,193.5954,0.54944,0.5,0.8,320.9788,1,75.71,77.27,26.58,29.8,29.8,97.47,156,156.2,-0.1,1460,4.086,-2,29,15,,,,,,,,14:16:09,26-Jul-2026,39.2087,-96.5937,257.3,14,0.72,09:17:53,26-Jul-2026,-4.41,1,-0.001,0.001,-0.018,-0.593,8.868,-2.24,1,150,0.005,2,0.058905,0,0.02923,0,0,-6.8e-05,standard,0,rectangular,7000,500,-9999,-9999,55537,55537,55537,0,-9999,0,0,0,0,2.5094,2.4977,1.642,0.93285,0.25607,0.037263,0.2168,1.327,87.2258,0.000274,2.3977,-3e-05,1,2.3839,-2.4e-05,1,0.60171,0.60051,0.10664,0,PSF-00578_20260726092213_71b,PFA-00612,PSA-00572,PSF-00578,RHS-0697,3.0.0,2026-06-15T15:17:51.144Z,DATA_DUMP_1785116825020_clean_2026-07-26.csv,26-Jul-2026,4,Pl7-R1-M2-H1-P08,26-Jul-2026 09:22:13,26-Jul-2026
11,09:23:10,26-Jul-2026,Rain_out,Climate_model,,Pl7-R1-M2-H1-P08,,,-0.15861,2.9163,-0.16773,-1.9074,2.6832,2.7344,3.7551,1.0718,28.0524,27.5272,38.5232,0.44179,7.5,PSF-00578_20260726092310_a7f,0,0,0,87.95464,296.3523,0.70321,0.5,0.8,50.5635,1,73.84,75.25,27.26,27.82,27.82,97.47,156,156.2,-0.1,180,4.052,3,-42,4,,,,,,,,14:17:05,26-Jul-2026,39.2086,-96.5937,258.9,14,0.72,09:17:53,26-Jul-2026,-4.41,1,-0.001,-0.003,-0.014,0.584,0.357,-0.078,1,150,0.005,2,0.058905,0,0.02923,0,0,-6.8e-05,standard,0,rectangular,7000,500,-9999,-9999,55537,55537,55537,0,-9999,0,0,0,0,2.5067,2.4952,1.6422,0.93302,0.24929,0.006726,0.22402,0.25685,87.9546,0.000299,2.3977,-3e-05,1,2.3839,-2.4e-05,1,0.60171,0.60051,0.10664,0,PSF-00578_20260726092310_a7f,PFA-00612,PSA-00572,PSF-00578,RHS-0697,3.0.0,2026-06-15T15:17:51.144Z,DATA_DUMP_1785116825020_clean_2026-07-26.csv,26-Jul-2026,5,Pl7-R1-M2-H1-P08,26-Jul-2026 09:23:10,26-Jul-2026
12,09:23:27,26-Jul-2026,Rain_out,Climate_model,,Pl7-R1-M2-H1-P08,,,-0.18427,2.9174,-0.19669,-2.6169,2.6792,2.7493,3.9321,1.253,28.2041,27.4841,40.3378,0.44179,7.5,PSF-00578_20260726092327_9cf,0,0,0,83.79042,275.1939,0.69552,0.5,0.8,50.0717,1,72.83,74.74,27.47,28.61,28.61,97.48,156.2,156.3,-0.1,180,4.086,-1,-35,15,,,,,,,,14:17:23,26-Jul-2026,39.2086,-96.5937,258.8,13,0.75,09:17:53,26-Jul-2026,-4.41,1,0.002,0.002,0.011,0.005,0.055,-0.192,1,150,0.005,2,0.058905,0,0.02923,0,0,-6.8e-05,standard,0,rectangular,7000,500,-9999,-9999,55537,55537,55537,0,-9999,0,0,0,0,2.506,2.494,1.6433,0.93317,0.24723,0.013389,0.2261,0.25703,83.7904,0.000286,2.3977,-3e-05,1,2.3839,-2.4e-05,1,0.60171,0.60051,0.10664,0,PSF-00578_20260726092327_9cf,PFA-00612,PSA-00572,PSF-00578,RHS-0697,3.0.0,2026-06-15T15:17:51.144Z,DATA_DUMP_1785116825020_clean_2026-07-26.csv,26-Jul-2026,6,Pl7-R1-M2-H1-P08,26-Jul-2026 09:23:27,26-Jul-2026
13,09:23:47,26-Jul-2026,Rain_out,Climate_model,,Pl7-R1-M2-H1-P08,,,-0.20827,2.9172,-0.22428,-2.6917,2.7426,2.8147,3.8728,1.1302,28.8762,28.136,39.7303,0.44179,7.5,PSF-00578_20260726092347_189,0,0,0,89.37192,294.2684,0.69629,0.5,0.8,47.8255,1,73.52,75.45,27.71,28.35,28.35,97.48,156.1,156.2,0,172,4.085,-5,-40,17,,,,,,,,14:17:43,26-Jul-2026,39.2086,-96.5937,259,15,0.69,09:17:53,26-Jul-2026,-4.41,1,-0.002,-0.003,-0.014,0.014,-0.173,-0.441,1,150,0.005,2,0.058905,0,0.02923,0,0,-6.8e-05,standard,0,rectangular,7000,500,-9999,-9999,55537,55537,55537,0,-9999,0,0,0,0,2.5069,2.4948,1.6431,0.93289,0.24489,0.007662,0.22848,0.25012,89.3719,0.000292,2.3977,-3e-05,1,2.3839,-2.4e-05,1,0.60171,0.60051,0.10664,0,PSF-00578_20260726092347_189,PFA-00612,PSA-00572,PSF-00578,RHS-0697,3.0.0,2026-06-15T15:17:51.144Z,DATA_DUMP_1785116825020_clean_2026-07-26.csv,26-Jul-2026,7,Pl7-R1-M2-H1-P08,26-Jul-2026 09:23:47,26-Jul-2026
14,09:24:08,26-Jul-2026,Rain_out,Climate_model,,Pl7-R1-M2-H1-P08,,,-0.25463,2.9153,-0.279,-3.8413,2.6724,2.7756,3.9688,1.2965,28.4712,27.4125,40.7117,0.44179,7.5,PSF-00578_20260726092408_c42,0,0,0,82.44467,277.6576,0.70307,0.5,0.8,57.9064,1,70.6,73.33,27.96,28.77,28.77,97.49,155.9,156,-0.1,206,4.083,2,-25,8,,,,,,,,14:18:04,26-Jul-2026,39.2086,-96.5937,259.4,15,0.69,09:17:53,26-Jul-2026,-4.41,1,0.001,0.003,0.008,-0.08,-0.045,-0.09,1,150,0.005,2,0.058905,0,0.02923,0,0,-6.8e-05,standard,0,rectangular,7000,500,-9999,-9999,55537,55537,55537,0,-9999,0,0,0,0,2.5042,2.4911,1.6412,0.93246,0.24248,0.009649,0.23106,0.27869,82.4447,0.000294,2.3977,-3e-05,1,2.3839,-2.4e-05,1,0.60171,0.60051,0.10664,0,PSF-00578_20260726092408_c42,PFA-00612,PSA-00572,PSF-00578,RHS-0697,3.0.0,2026-06-15T15:17:51.144Z,DATA_DUMP_1785116825020_clean_2026-07-26.csv,26-Jul-2026,8,Pl7-R1-M2-H1-P08,26-Jul-2026 09:24:08,26-Jul-2026
15,09:24:21,26-Jul-2026,Rain_out,Climate_model,,Pl7-R1-M2-H1-P08,,,-0.21382,2.9155,-0.23075,-3.3847,2.6605,2.7514,4.0414,1.3809,28.2229,27.2902,41.4544,0.44179,7.5,PSF-00578_20260726092421_6a7,0,0,0,81.25269,279.2534,0.70904,0.5,0.8,61.6692,1,69.72,72.1,28.1,29.08,29.08,97.49,155.9,156,0,217,4.083,6,-22,5,,,,,,,,14:18:16,26-Jul-2026,39.2086,-96.5938,259.3,15,0.69,09:17:53,26-Jul-2026,-4.41,1,0,0,-0.016,0.154,0.546,1.427,1,150,0.005,2,0.058905,0,0.02923,0,0,-6.8e-05,standard,0,rectangular,7000,500,-9999,-9999,55537,55537,55537,0,-9999,0,0,0,0,2.5026,2.49,1.6414,0.93242,0.24115,0.011654,0.23247,0.28833,81.2527,0.000293,2.3977,-3e-05,1,2.3839,-2.4e-05,1,0.60171,0.60051,0.10664,0,PSF-00578_20260726092421_6a7,PFA-00612,PSA-00572,PSF-00578,RHS-0697,3.0.0,2026-06-15T15:17:51.144Z,DATA_DUMP_1785116825020_clean_2026-07-26.csv,26-Jul-2026,9,Pl7-R1-M2-H1-P08,26-Jul-2026 09:24:21,26-Jul-2026
16,09:24:32,26-Jul-2026,Rain_out,Climate_model,,Pl7-R1-M2-H1-P08,,,-0.24694,2.9162,-0.26978,-4.0563,2.6446,2.7535,4.06,1.4155,28.2427,27.1253,41.6439,0.44179,7.5,PSF-00578_20260726092432_4cb,0,0,0,83.20213,279.5001,0.70232,0.5,0.8,58.6941,1,68.76,71.6,28.23,29.16,29.16,97.49,156,155.9,0.1,209,4.081,8,-25,3,,,,,,,,14:18:28,26-Jul-2026,39.2086,-96.5938,260.1,15,0.69,09:17:53,26-Jul-2026,-4.41,1,-0.007,-0.004,-9999,0.043,0.427,-9999,1,150,0.005,2,0.058905,0,0.02923,0,0,-6.8e-05,standard,0,rectangular,7000,500,-9999,-9999,55537,55537,55537,0,-9999,0,0,0,0,2.5019,2.4888,1.6421,0.93212,0.23987,0.011032,0.23384,0.28122,83.2021,0.00029,2.3977,-3e-05,1,2.3839,-2.4e-05,1,0.60171,0.60051,0.10664,0,PSF-00578_20260726092432_4cb,PFA-00612,PSA-00572,PSF-00578,RHS-0697,3.0.0,2026-06-15T15:17:51.144Z,DATA_DUMP_1785116825020_clean_2026-07-26.csv,26-Jul-2026,10,Pl7-R1-M2-H1-P08,26-Jul-2026 09:24:32,26-Jul-2026
18,09:25:16,26-Jul-2026,Rain_out,Climate_model,,Pl7-R1-M2-H1-P08,,,-0.19394,2.9161,-0.20776,-3.8555,2.678,2.7815,4.4214,1.7434,28.5314,27.4695,45.3519,0.44179,7.5,PSF-00578_20260726092516_039,0,0,0,128.3319,230.6049,0.4435,0.5,0.8,201.4374,1,67.87,70.49,28.67,30.65,30.65,97.49,156,156,0,1136,4.075,-23,2,4,,,,,,,,14:19:12,26-Jul-2026,39.2086,-96.5938,261.2,15,0.69,09:17:53,26-Jul-2026,-4.41,1,0.001,0,-0.009,-0.848,0.796,7.177,1,150,0.005,2,0.058905,0,0.02923,0,0,-6.8e-05,standard,0,rectangular,7000,500,-9999,-9999,55537,55537,55537,0,-9999,0,0,0,0,2.5005,2.4876,1.642,0.93237,0.23571,0.023194,0.23918,1.0554,128.3319,0.000296,2.3977,-3e-05,1,2.3839,-2.4e-05,1,0.60171,0.60051,0.10664,0,PSF-00578_20260726092516_039,PFA-00612,PSA-00572,PSF-00578,RHS-0697,3.0.0,2026-06-15T15:17:51.144Z,DATA_DUMP_1785116825020_clean_2026-07-26.csv,26-Jul-2026,11,Pl7-R1-M2-H1-P08,26-Jul-2026 09:25:16,26-Jul-2026
19,09:25:30,26-Jul-2026,Rain_out,Climate_model,,Pl7-R1-M2-H1-P08,,,-0.17807,2.9173,-0.18964,-3.4929,2.6907,2.7844,4.4208,1.7301,28.5614,27.6004,45.347,0.44179,7.5,PSF-00578_20260726092530_1b9,0,0,0,112.6406,210.0463,0.46373,0.5,0.8,219.4848,1,67.64,70,28.81,30.64,30.64,97.49,156.2,156,0.1,1183,4.044,-23,2,4,,,,,,,,14:19:25,26-Jul-2026,39.2086,-96.5938,261.3,15,0.69,09:17:53,26-Jul-2026,-4.41,1,0.002,0.002,-9999,-6.151,-1.178,-9999,1,150,0.005,2,0.058905,0,0.02923,0,0,-6.8e-05,standard,0,rectangular,7000,500,-9999,-9999,55537,55537,55537,0,-9999,0,0,0,0,2.4998,2.4873,1.6432,0.93237,0.23441,0.021557,0.24085,1.0953,112.6406,0.00029,2.3977,-3e-05,1,2.3839,-2.4e-05,1,0.60171,0.60051,0.10664,0,PSF-00578_20260726092530_1b9,PFA-00612,PSA-00572,PSF-00578,RHS-0697,3.0.0,2026-06-15T15:17:51.144Z,DATA_DUMP_1785116825020_clean_2026-07-26.csv,26-Jul-2026,12,Pl7-R1-M2-H1-P08,26-Jul-2026 09:25:30,26-Jul-2026
20,09:25:42,26-Jul-2026,Rain_out,Climate_model,,Pl7-R1-M2-H1-P08,,,-0.19733,2.9172,-0.21165,-4.0733,2.7035,2.8127,4.5104,1.807,28.85,27.7295,46.2634,0.44179,7.5,PSF-00578_20260726092542_a94,0,0,0,129.7757,224.6618,0.42235,0.5,0.8,150.9766,1,67.52,70.24,28.92,31,31,97.49,156.2,155.7,0.3,894,4.079,-24,7,2,,,,,,,,14:19:38,26-Jul-2026,39.2086,-96.5937,262.4,15,0.69,09:17:53,26-Jul-2026,-4.41,1,0.002,0.004,-9999,2.921,8.682,-9999,1,150,0.005,2,0.058905,0,0.02923,0,0,-6.8e-05,standard,0,rectangular,7000,500,-9999,-9999,55537,55537,55537,0,-9999,0,0,0,0,2.5001,2.4871,1.6431,0.93176,0.23336,0.024368,0.2422,0.85337,129.7757,0.000304,2.3977,-3e-05,1,2.3839,-2.4e-05,1,0.60171,0.60051,0.10664,0,PSF-00578_20260726092542_a94,PFA-00612,PSA-00572,PSF-00578,RHS-0697,3.0.0,2026-06-15T15:17:51.144Z,DATA_DUMP_1785116825020_clean_2026-07-26.csv,26-Jul-2026,13,Pl7-R1-M2-H1-P08,26-Jul-2026 09:25:42,26-Jul-2026
18,12:55:10,26-Jul-2026,Rain_out,Climate_model,,Pl7-R1-M2-H1-P08,,,0.12308,2.9175,0.11809,4.4768,3.2416,3.1223,6.7455,3.504,32.0487,33.2728,69.239,0.44179,7.5,PSF-00578_20260726125510_78a,0,0,0,76.45583,155.3922,0.50798,0.5,0.8,352.2353,1,43.56,41.96,40.07,38.24,38.24,97.42,156.2,154,1.4,1734,3.921,-23,21,9,,,,,,,,17:49:05,26-Jul-2026,39.2084,-96.5938,341.3,10,0.89,12:49:49,26-Jul-2026,-0.34,1,-0.001,-0.003,0.011,0.329,1.292,4.616,1,150,0.005,2,0.058905,0,0.02923,0,0,-6.8e-05,standard,0,rectangular,7000,500,-9999,-9999,55537,55537,55537,0,-9999,0,0,0,0,2.4619,2.4498,1.6434,0.92725,0.15126,-0.022905,0.36155,1.5551,76.4558,0.000313,2.3977,-3e-05,1,2.3839,-2.4e-05,1,0.60171,0.60051,0.10664,0,PSF-00578_20260726125510_78a,PFA-00612,PSA-00572,PSF-00578,RHS-0697,3.0.0,2026-06-15T15:17:51.144Z,DATA_DUMP_1785116825020_clean_2026-07-26.csv,26-Jul-2026,26,Pl7-R1-M2-H1-P08,26-Jul-2026 12:55:10,26-Jul-2026
19,12:55:23,26-Jul-2026,Rain_out,Climate_model,,Pl7-R1-M2-H1-P08,,,0.098903,2.9172,0.09566,3.5442,3.218,3.1236,6.6448,3.4268,32.062,33.0316,68.2059,0.44179,7.5,PSF-00578_20260726125523_d88,0,0,0,76.67291,165.1972,0.53587,0.5,0.8,374.8633,1,43.27,42,40.06,37.97,37.97,97.42,156.1,153.9,1.5,1749,3.924,-21,14,8,,,,,,,,17:49:18,26-Jul-2026,39.2084,-96.5938,342.4,10,0.89,12:49:49,26-Jul-2026,-0.34,1,-0.002,-0.002,-9999,0.456,1.459,-9999,1,150,0.005,2,0.058905,0,0.02923,0,0,-6.8e-05,standard,0,rectangular,7000,500,-9999,-9999,55537,55537,55537,0,-9999,0,0,0,0,2.4619,2.4494,1.6431,0.92704,0.15131,-0.026287,0.36222,1.568,76.6729,0.00032,2.3977,-3e-05,1,2.3839,-2.4e-05,1,0.60171,0.60051,0.10664,0,PSF-00578_20260726125523_d88,PFA-00612,PSA-00572,PSF-00578,RHS-0697,3.0.0,2026-06-15T15:17:51.144Z,DATA_DUMP_1785116825020_clean_2026-07-26.csv,26-Jul-2026,27,Pl7-R1-M2-H1-P08,26-Jul-2026 12:55:23,26-Jul-2026
20,12:55:42,26-Jul-2026,Rain_out,Climate_model,,Pl7-R1-M2-H1-P08,,,0.067559,2.9161,0.066029,2.7142,3.2191,3.1467,7.0133,3.7942,32.3009,33.0441,71.9917,0.44179,7.5,PSF-00578_20260726125542_bf1,0,0,0,77.69,158.515,0.50989,0.5,0.8,367.7247,1,43.28,42.31,40.06,38.96,38.96,97.42,156,153.8,1.4,1803,3.924,-17,14,8,,,,,,,,17:49:37,26-Jul-2026,39.2084,-96.5938,342.4,9,0.96,12:49:49,26-Jul-2026,-0.34,1,0,-0.003,0.009,0.715,1.9,6.301,1,150,0.005,2,0.058905,0,0.02923,0,0,-6.8e-05,standard,0,rectangular,7000,500,-9999,-9999,55537,55537,55537,0,-9999,0,0,0,0,2.4623,2.4494,1.642,0.92687,0.15132,-0.013645,0.3634,1.6132,77.69,0.000309,2.3977,-3e-05,1,2.3839,-2.4e-05,1,0.60171,0.60051,0.10664,0,PSF-00578_20260726125542_bf1,PFA-00612,PSA-00572,PSF-00578,RHS-0697,3.0.0,2026-06-15T15:17:51.144Z,DATA_DUMP_1785116825020_clean_2026-07-26.csv,26-Jul-2026,28,Pl7-R1-M2-H1-P08,26-Jul-2026 12:55:42,26-Jul-2026
21,12:55:57,26-Jul-2026,Rain_out,Climate_model,,Pl7-R1-M2-H1-P08,,,0.12844,2.9164,0.12302,5.3833,3.3027,3.1593,7.3329,4.0302,32.4297,33.9021,75.2715,0.44179,7.5,PSF-00578_20260726125557_79b,0,0,0,94.88225,147.9131,0.35853,0.5,0.8,234.1721,1,44.39,42.46,40.07,39.8,39.8,97.42,156,153.9,1.4,1633,3.925,3,57,16,,,,,,,,17:49:52,26-Jul-2026,39.2084,-96.5939,342.2,10,0.89,12:49:49,26-Jul-2026,-0.34,1,-0.001,0.001,-9999,-0.251,-1.245,-9999,1,150,0.005,2,0.058905,0,0.02923,0,0,-6.8e-05,standard,0,rectangular,7000,500,-9999,-9999,55537,55537,55537,0,-9999,0,0,0,0,2.4625,2.4509,1.6423,0.92704,0.15128,-0.003159,0.36438,1.471,94.8822,0.000314,2.3977,-3e-05,1,2.3839,-2.4e-05,1,0.60171,0.60051,0.10664,0,PSF-00578_20260726125557_79b,PFA-00612,PSA-00572,PSF-00578,RHS-0697,3.0.0,2026-06-15T15:17:51.144Z,DATA_DUMP_1785116825020_clean_2026-07-26.csv,26-Jul-2026,29,Pl7-R1-M2-H1-P08,26-Jul-2026 12:55:57,26-Jul-2026
22,12:56:09,26-Jul-2026,Rain_out,Climate_model,,Pl7-R1-M2-H1-P08,,,0.11708,2.917,0.11256,5.0199,3.4071,3.2735,7.5081,4.1011,33.6036,34.9744,77.0732,0.44179,7.5,PSF-00578_20260726125609_f7a,0,0,0,84.39874,128.8573,0.34502,0.5,0.8,214.8279,1,45.78,43.99,40.07,40.24,40.24,97.42,156.1,153.8,1.5,1557,3.924,8,58,12,,,,,,,,17:50:04,26-Jul-2026,39.2084,-96.5939,342,10,0.89,12:49:49,26-Jul-2026,-0.34,1,0.003,0.005,0.012,-0.005,0.102,-0.992,1,150,0.005,2,0.058905,0,0.02923,0,0,-6.8e-05,standard,0,rectangular,7000,500,-9999,-9999,55537,55537,55537,0,-9999,0,0,0,0,2.4645,2.4526,1.6429,0.9268,0.15125,0.002465,0.36512,1.4073,84.3987,0.000318,2.3977,-3e-05,1,2.3839,-2.4e-05,1,0.60171,0.60051,0.10664,0,PSF-00578_20260726125609_f7a,PFA-00612,PSA-00572,PSF-00578,RHS-0697,3.0.0,2026-06-15T15:17:51.144Z,DATA_DUMP_1785116825020_clean_2026-07-26.csv,26-Jul-2026,30,Pl7-R1-M2-H1-P08,26-Jul-2026 12:56:09,26-Jul-2026
23,12:56:20,26-Jul-2026,Rain_out,Climate_model,,Pl7-R1-M2-H1-P08,,,0.11566,2.9164,0.11125,4.8845,3.3756,3.2456,7.4162,4.0406,33.3137,34.6487,76.123,0.44179,7.5,PSF-00578_20260726125620_7e5,0,0,0,84.07044,131.0402,0.35844,0.5,0.8,220.2992,1,45.34,43.6,40.08,40.01,40.01,97.42,156,153.8,1.4,1537,3.924,7,59,11,,,,,,,,17:50:15,26-Jul-2026,39.2084,-96.5939,342.1,10,0.89,12:49:49,26-Jul-2026,-0.34,1,0.003,0.004,-9999,-0.892,-2.189,-9999,1,150,0.005,2,0.058905,0,0.02923,0,0,-6.8e-05,standard,0,rectangular,7000,500,-9999,-9999,55537,55537,55537,0,-9999,0,0,0,0,2.464,2.4521,1.6423,0.92693,0.15121,-0.000592,0.36577,1.3905,84.0704,0.000306,2.3977,-3e-05,1,2.3839,-2.4e-05,1,0.60171,0.60051,0.10664,0,PSF-00578_20260726125620_7e5,PFA-00612,PSA-00572,PSF-00578,RHS-0697,3.0.0,2026-06-15T15:17:51.144Z,DATA_DUMP_1785116825020_clean_2026-07-26.csv,26-Jul-2026,31,Pl7-R1-M2-H1-P08,26-Jul-2026 12:56:20,26-Jul-2026
24,12:56:34,26-Jul-2026,Rain_out,Climate_model,,Pl7-R1-M2-H1-P08,,,0.080165,2.9152,0.07802,2.895,3.3775,3.3004,6.8034,3.4259,33.8796,34.6715,69.839,0.44179,7.5,PSF-00578_20260726125634_c16,0,0,0,82.15642,175.4594,0.53176,0.5,0.8,209.5505,1,45.34,44.31,40.09,38.4,38.4,97.42,155.9,153.7,1.4,985,3.923,-12,-42,19,,,,,,,,17:50:29,26-Jul-2026,39.2084,-96.5939,342.1,10,0.89,12:49:49,26-Jul-2026,-0.34,1,0,0.003,-9999,0.105,-1.817,-9999,1,150,0.005,2,0.058905,0,0.02923,0,0,-6.8e-05,standard,0,rectangular,7000,500,-9999,-9999,55537,55537,55537,0,-9999,0,0,0,0,2.4649,2.4521,1.6411,0.92656,0.15115,-0.02116,0.36658,0.92983,82.1564,0.000315,2.3977,-3e-05,1,2.3839,-2.4e-05,1,0.60171,0.60051,0.10664,0,PSF-00578_20260726125634_c16,PFA-00612,PSA-00572,PSF-00578,RHS-0697,3.0.0,2026-06-15T15:17:51.144Z,DATA_DUMP_1785116825020_clean_2026-07-26.csv,26-Jul-2026,32,Pl7-R1-M2-H1-P08,26-Jul-2026 12:56:34,26-Jul-2026
25,12:56:45,26-Jul-2026,Rain_out,Climate_model,,Pl7-R1-M2-H1-P08,,,0.10297,2.9167,0.099462,3.8734,3.3438,3.2407,6.9373,3.5935,33.2666,34.3253,71.2133,0.44179,7.5,PSF-00578_20260726125645_10e,0,0,0,84.97524,178.3462,0.52354,0.5,0.8,215.7004,1,44.88,43.49,40.09,38.76,38.76,97.42,156.1,153.8,1.4,1030,3.924,-9,-40,19,,,,,,,,17:50:41,26-Jul-2026,39.2084,-96.5939,342.2,9,0.92,12:49:49,26-Jul-2026,-0.34,1,-0.005,-0.005,-9999,-0.143,0.473,-9999,1,150,0.005,2,0.058905,0,0.02923,0,0,-6.8e-05,standard,0,rectangular,7000,500,-9999,-9999,55537,55537,55537,0,-9999,0,0,0,0,2.4639,2.4515,1.6426,0.92695,0.15112,-0.016661,0.36734,0.9673,84.9752,0.00032,2.3977,-3e-05,1,2.3839,-2.4e-05,1,0.60171,0.60051,0.10664,0,PSF-00578_20260726125645_10e,PFA-00612,PSA-00572,PSF-00578,RHS-0697,3.0.0,2026-06-15T15:17:51.144Z,DATA_DUMP_1785116825020_clean_2026-07-26.csv,26-Jul-2026,33,Pl7-R1-M2-H1-P08,26-Jul-2026 12:56:45,26-Jul-2026
26,12:56:56,26-Jul-2026,Rain_out,Climate_model,,Pl7-R1-M2-H1-P08,,,0.076846,2.9176,0.074874,2.8793,3.282,3.2053,6.8336,3.5517,32.9032,33.6901,70.1485,0.44179,7.5,PSF-00578_20260726125656_c9f,0,0,0,87.15642,183.1999,0.52426,0.5,0.8,213.4994,1,44.03,43,40.1,38.48,38.48,97.42,156.2,153.8,1.5,1018,3.923,-9,-40,20,,,,,,,,17:50:50,26-Jul-2026,39.2084,-96.5939,342.1,10,0.89,12:49:49,26-Jul-2026,-0.34,1,-0.002,-0.002,-9999,-1.002,-1.538,-9999,1,150,0.005,2,0.058905,0,0.02923,0,0,-6.8e-05,standard,0,rectangular,7000,500,-9999,-9999,55537,55537,55537,0,-9999,0,0,0,0,2.4632,2.4504,1.6435,0.927,0.15107,-0.020296,0.36795,0.95736,87.1564,0.000318,2.3977,-3e-05,1,2.3839,-2.4e-05,1,0.60171,0.60051,0.10664,0,PSF-00578_20260726125656_c9f,PFA-00612,PSA-00572,PSF-00578,RHS-0697,3.0.0,2026-06-15T15:17:51.144Z,DATA_DUMP_1785116825020_clean_2026-07-26.csv,26-Jul-2026,34,Pl7-R1-M2-H1-P08,26-Jul-2026 12:56:56,26-Jul-2026
27,12:57:25,26-Jul-2026,Rain_out,Climate_model,,Pl7-R1-M2-H1-P08,,,0.026216,2.9164,0.025982,0.99274,3.2451,3.2186,6.7757,3.5306,33.0411,33.3128,69.5562,0.44179,7.5,PSF-00578_20260726125725_e7a,0,0,0,81.40576,227.6959,0.64248,0.5,0.8,47.9525,1,43.53,43.18,40.1,38.33,38.33,97.41,156,153.7,1.5,187,3.889,6,-44,276,,,,,,,,17:51:21,26-Jul-2026,39.2084,-96.5939,341.9,10,0.89,12:49:49,26-Jul-2026,-0.34,1,0,0.005,-0.005,-0.132,-0.297,-0.051,1,150,0.005,2,0.058905,0,0.02923,0,0,-6.8e-05,standard,0,rectangular,7000,500,-9999,-9999,55537,55537,55537,0,-9999,0,0,0,0,2.4634,2.4498,1.6423,0.92663,0.15107,-0.022293,0.36945,0.26255,81.4058,0.000314,2.3977,-3e-05,1,2.3839,-2.4e-05,1,0.60171,0.60051,0.10664,0,PSF-00578_20260726125725_e7a,PFA-00612,PSA-00572,PSF-00578,RHS-0697,3.0.0,2026-06-15T15:17:51.144Z,DATA_DUMP_1785116825020_clean_2026-07-26.csv,26-Jul-2026,35,Pl7-R1-M2-H1-P08,26-Jul-2026 12:57:25,26-Jul-2026
28,12:57:45,26-Jul-2026,Rain_out,Climate_model,,Pl7-R1-M2-H1-P08,,,0.039599,2.9174,0.039068,1.3811,3.4034,3.3666,6.669,3.2657,34.5592,34.9362,68.4589,0.44179,7.5,PSF-00578_20260726125745_8b2,0,0,0,75.06502,214.7884,0.65052,0.5,0.8,42.5658,1,45.66,45.17,40.1,38.03,38.03,97.42,156.2,153.6,1.7,164,3.917,-1,-64,279,,,,,,,,17:51:40,26-Jul-2026,39.2084,-96.5939,341.7,10,0.89,12:49:49,26-Jul-2026,-0.34,1,0.001,0.002,-9999,-0.103,-0.823,-9999,1,150,0.005,2,0.058905,0,0.02923,0,0,-6.8e-05,standard,0,rectangular,7000,500,-9999,-9999,55537,55537,55537,0,-9999,0,0,0,0,2.466,2.4525,1.6433,0.92625,0.15108,-0.025956,0.37058,0.24333,75.065,0.000319,2.3977,-3e-05,1,2.3839,-2.4e-05,1,0.60171,0.60051,0.10664,0,PSF-00578_20260726125745_8b2,PFA-00612,PSA-00572,PSF-00578,RHS-0697,3.0.0,2026-06-15T15:17:51.144Z,DATA_DUMP_1785116825020_clean_2026-07-26.csv,26-Jul-2026,36,Pl7-R1-M2-H1-P08,26-Jul-2026 12:57:45,26-Jul-2026
1,12:59:10,26-Jul-2026,Rain_out,Climate_model,,Pl7-R1-M2-H1-P08,,,0.14062,2.918,0.13415,5.9847,3.3138,3.1546,7.4197,4.1059,32.3863,34.0209,76.174,0.44179,7.5,PSF-00578_20260726125910_cc7,0,0,0,85.71983,122.2558,0.29885,0.5,0.8,235.1704,1,44.15,42.03,40.23,40.02,40.02,97.4,156.2,153.8,1.6,1967,3.919,5,-33,258,,,,,,,,00:00:00,0000-00-00,39.2083,-96.5939,328.2,7,1.15,12:59:00,26-Jul-2026,-0.37,1,-0.004,-0.002,-9999,-0.549,-1.501,-9999,1,150,0.005,2,0.058905,0,0.02923,0,0,-6.8e-05,standard,0,rectangular,7000,500,-9999,-9999,55537,55537,55537,0,-9999,0,0,0,0,2.4619,2.4506,1.644,0.92681,0.15032,-0.002454,0.32744,1.7505,85.7198,0.000306,2.3977,-3e-05,1,2.3839,-2.4e-05,1,0.60171,0.60051,0.10664,0,PSF-00578_20260726125910_cc7,PFA-00612,PSA-00572,PSF-00578,RHS-0697,3.0.0,2026-06-15T15:17:51.144Z,DATA_DUMP_1785116825020_clean_2026-07-26.csv,26-Jul-2026,37,Pl7-R1-M2-H1-P08,26-Jul-2026 12:59:10,26-Jul-2026
2,12:59:28,26-Jul-2026,Rain_out,Climate_model,,Pl7-R1-M2-H1-P08,,,0.14027,2.9157,0.13383,6.1836,3.408,3.2434,7.6532,4.2452,33.2975,34.9879,78.57,0.44179,7.5,PSF-00578_20260726125928_efe,0,0,0,83.07516,119.8218,0.30668,0.5,0.8,232.2102,1,45.35,43.16,40.25,40.6,40.6,97.41,156,153.8,1.4,1893,3.918,9,-36,242,,,,,,,,17:53:21,26-Jul-2026,39.2084,-96.5938,316.6,7,1.15,12:59:00,26-Jul-2026,-0.37,1,-0.002,-0.002,-9999,-0.394,-0.849,-9999,1,150,0.005,2,0.058905,0,0.02923,0,0,-6.8e-05,standard,0,rectangular,7000,500,-9999,-9999,55537,55537,55537,0,-9999,0,0,0,0,2.4634,2.4521,1.6415,0.92698,0.1502,0.004744,0.32895,1.6884,83.0752,0.000294,2.3977,-3e-05,1,2.3839,-2.4e-05,1,0.60171,0.60051,0.10664,0,PSF-00578_20260726125928_efe,PFA-00612,PSA-00572,PSF-00578,RHS-0697,3.0.0,2026-06-15T15:17:51.144Z,DATA_DUMP_1785116825020_clean_2026-07-26.csv,26-Jul-2026,38,Pl7-R1-M2-H1-P08,26-Jul-2026 12:59:28,26-Jul-2026
3,12:59:56,26-Jul-2026,Rain_out,Climate_model,,Pl7-R1-M2-H1-P08,,,0.15052,2.9172,0.14313,6.195,3.3585,3.1937,7.343,3.9845,32.7863,34.4786,75.3835,0.44179,7.5,PSF-00578_20260726125956_936,0,0,0,80.75702,117.092,0.31031,0.5,0.8,203.0819,1,44.64,42.45,40.28,39.82,39.82,97.41,156.1,153.9,1.5,1636,3.918,12,-27,237,,,,,,,,17:53:52,26-Jul-2026,39.2085,-96.5938,321.9,7,1.15,12:59:00,26-Jul-2026,-0.37,1,-0.001,0.001,-9999,-0.723,-1.195,-9999,1,150,0.005,2,0.058905,0,0.02923,0,0,-6.8e-05,standard,0,rectangular,7000,500,-9999,-9999,55537,55537,55537,0,-9999,0,0,0,0,2.4625,2.4512,1.6431,0.92703,0.15007,-0.00551,0.33137,1.4737,80.757,0.000298,2.3977,-3e-05,1,2.3839,-2.4e-05,1,0.60171,0.60051,0.10664,0,PSF-00578_20260726125956_936,PFA-00612,PSA-00572,PSF-00578,RHS-0697,3.0.0,2026-06-15T15:17:51.144Z,DATA_DUMP_1785116825020_clean_2026-07-26.csv,26-Jul-2026,39,Pl7-R1-M2-H1-P08,26-Jul-2026 12:59:56,26-Jul-2026
51,16:51:33,26-Jul-2026,Rain_out,Climate_model,,Pl7-R1-M2-H1-P08,,,0.065186,2.9171,0.063761,2.6548,3.0995,3.0287,6.9396,3.8401,31.1437,31.871,71.3582,0.44179,7.5,PSF-00578_20260726165133_829,0,0,0,84.77711,249.1175,0.65969,0.5,0.8,130.1647,1,39.66,38.75,40.99,38.77,38.77,97.25,156.1,153.7,1.5,493,3.844,10,44,17,,,,,,,,21:45:27,26-Jul-2026,39.2084,-96.5938,326.7,21,0.62,16:46:48,26-Jul-2026,-0.28,1,-0.001,-0.001,0.01,-0.656,0.567,0.224,1,150,0.005,2,0.058905,0,0.02923,0,0,-6.8e-05,standard,0,rectangular,7000,500,-9999,-9999,55537,55537,55537,0,-9999,0,0,0,0,2.4575,2.4445,1.643,0.92668,0.14604,-0.028138,0.35,0.51882,84.7771,0.000319,2.3977,-3e-05,1,2.3839,-2.4e-05,1,0.60171,0.60051,0.10664,0,PSF-00578_20260726165133_829,PFA-00612,PSA-00572,PSF-00578,RHS-0697,3.0.0,2026-06-15T15:17:51.144Z,DATA_DUMP_1785116825020_clean_2026-07-26.csv,26-Jul-2026,63,Pl7-R1-M2-H1-P08,26-Jul-2026 16:51:33,26-Jul-2026
52,16:51:54,26-Jul-2026,Rain_out,Climate_model,,Pl7-R1-M2-H1-P08,,,0.059625,2.9165,0.058431,2.3912,3.1481,3.0844,6.9215,3.7734,31.7185,32.3735,71.1779,0.44179,7.5,PSF-00578_20260726165154_cf0,0,0,0,84.01823,250.1046,0.66407,0.5,0.8,38.3428,1,40.26,39.45,41,38.72,38.72,97.24,156.1,153.6,1.6,144,3.843,21,68,353,,,,,,,,21:45:49,26-Jul-2026,39.2084,-96.5938,327,18,0.79,16:46:48,26-Jul-2026,-0.28,1,0.002,0.004,-9999,0.02,-0.171,-9999,1,150,0.005,2,0.058905,0,0.02923,0,0,-6.8e-05,standard,0,rectangular,7000,500,-9999,-9999,55537,55537,55537,0,-9999,0,0,0,0,2.4584,2.4453,1.6424,0.92631,0.14599,-0.028862,0.35087,0.22726,84.0182,0.000314,2.3977,-3e-05,1,2.3839,-2.4e-05,1,0.60171,0.60051,0.10664,0,PSF-00578_20260726165154_cf0,PFA-00612,PSA-00572,PSF-00578,RHS-0697,3.0.0,2026-06-15T15:17:51.144Z,DATA_DUMP_1785116825020_clean_2026-07-26.csv,26-Jul-2026,64,Pl7-R1-M2-H1-P08,26-Jul-2026 16:51:54,26-Jul-2026
53,16:52:13,26-Jul-2026,Rain_out,Climate_model,,Pl7-R1-M2-H1-P08,,,0.13813,2.9165,0.13189,5.6225,3.128,2.9782,7.0564,3.9284,30.6277,32.1681,72.5677,0.44179,7.5,PSF-00578_20260726165213_2ca,0,0,0,135.8886,269.7963,0.49633,0.5,0.8,327.3971,1,40.02,38.1,40.99,39.08,39.08,97.24,156.1,153.9,1.4,1649,3.843,5,-65,21,,,,,,,,21:46:07,26-Jul-2026,39.2084,-96.5939,326.9,21,0.62,16:46:48,26-Jul-2026,-0.28,1,0,0.002,0.017,0.451,-2.71,-4.818,1,150,0.005,2,0.058905,0,0.02923,0,0,-6.8e-05,standard,0,rectangular,7000,500,-9999,-9999,55537,55537,55537,0,-9999,0,0,0,0,2.4566,2.445,1.6424,0.9271,0.14603,-0.024222,0.35161,1.4846,135.8886,0.000325,2.3977,-3e-05,1,2.3839,-2.4e-05,1,0.60171,0.60051,0.10664,0,PSF-00578_20260726165213_2ca,PFA-00612,PSA-00572,PSF-00578,RHS-0697,3.0.0,2026-06-15T15:17:51.144Z,DATA_DUMP_1785116825020_clean_2026-07-26.csv,26-Jul-2026,65,Pl7-R1-M2-H1-P08,26-Jul-2026 16:52:13,26-Jul-2026
54,16:52:31,26-Jul-2026,Rain_out,Climate_model,,Pl7-R1-M2-H1-P08,,,0.041754,2.9166,0.041165,1.825,3.0409,2.9923,7.1269,4.086,30.7687,31.2692,73.2849,0.44179,7.5,PSF-00578_20260726165231_e47,0,0,0,93.29868,203.3236,0.54113,0.5,0.8,167.2385,1,38.89,38.27,41,39.26,39.26,97.25,156.1,153.6,1.6,773,3.843,1,26,6,,,,,,,,21:46:26,26-Jul-2026,39.2084,-96.5938,327.8,20,0.7,16:46:48,26-Jul-2026,-0.28,1,0.006,0.004,-9999,0.952,7.681,-9999,1,150,0.005,2,0.058905,0,0.02923,0,0,-6.8e-05,standard,0,rectangular,7000,500,-9999,-9999,55537,55537,55537,0,-9999,0,0,0,0,2.4569,2.4435,1.6425,0.92646,0.146,-0.021938,0.35239,0.75224,93.2987,0.000324,2.3977,-3e-05,1,2.3839,-2.4e-05,1,0.60171,0.60051,0.10664,0,PSF-00578_20260726165231_e47,PFA-00612,PSA-00572,PSF-00578,RHS-0697,3.0.0,2026-06-15T15:17:51.144Z,DATA_DUMP_1785116825020_clean_2026-07-26.csv,26-Jul-2026,66,Pl7-R1-M2-H1-P08,26-Jul-2026 16:52:31,26-Jul-2026
