"ID","Series","Repeat","Ambient Humidity","Ambient Temperature","ECSt mAU","gH+","Leaf Angle","Leaf Temperature Differential","LEF","Light Intensity (PAR)","NPQt","Phi2","PhiNO","PhiNPQ","PS1 Active Centers","PS1 Open Centers","PS1 Over Reduced Centers","PS1 Oxidized Centers","Relative Chlorophyll","Thickness","vH+","time","Leaf position","Plant ID","Plot ID","Time","Time of Day","User","Device ID","Latitude","Longitude","Issues"
6544190,"Whole Data Set",1,38.777,27.88,0.00089,0.955,63.817,-0.17,259.0637085,2172.442,2.536,0.265,0.208,0.527,8.671,0.327,0.351,0.322,69.03,3.48,0.001,"07/22/2026 4:28 PM","Upper",04,"P01","Late",16.481666666666666,"suraj karkee","41:00:13:15",39.20836833333333,-96.59379833333332,""
6544189,"Whole Data Set",1,38.758,28.06,0.00069,132.31,78.788,-1.45,91.4205303,421.487,1.464,0.482,0.21,0.308,3.755,1.156,-0.124,-0.032,69.78,0.33,0.091,"07/22/2026 4:29 PM","Middle",04,"P01","Late",16.491111111111113,"suraj karkee","41:00:13:15",39.208378333333336,-96.59381666666668,""
6544188,"Whole Data Set",1,38.99,28.29,0.00085,113.341,50.329,-1.62,112.57697790000002,552.254,1.72,0.453,0.201,0.346,5.903,0.501,0.384,0.116,69.99,0.32,0.096,"07/22/2026 4:30 PM","Lower",04,"P01","Late",16.5,"suraj karkee","41:00:13:15",39.208385,-96.59380833333334,""
6544187,"Whole Data Set",1,38.146,30.03,0.00108,148.286,82.451,-0.28,151.2285012,842.264,2.877,0.399,0.155,0.446,4.617,0.254,0.345,0.401,64.61,0.22,0.16,"07/22/2026 4:35 PM","Upper",05,"P01","Late",16.598888888888887,"suraj karkee","41:00:13:15",39.208395,-96.59383166666666,""
6544186,"Whole Data Set",1,38.801,30.22,0.00091,150.696,60.004,-2.51,111.5922726,639.131,1.846,0.388,0.215,0.397,5.81,0.653,0.495,-0.148,70.83,0.25,0.137,"07/22/2026 4:36 PM","Middle",05,"P01","Late",16.608055555555556,"suraj karkee","41:00:13:15",39.20839333333333,-96.593835,""
6544185,"Whole Data Set",1,38.645,30.46,0.00111,74.911,64.086,-2.75,84.9627873,384.534,1.227,0.491,0.228,0.28,6.866,0.39,0.589,0.02,70.34,0.23,0.083,"07/22/2026 4:37 PM","Lower",05,"P01","Late",16.618055555555557,"suraj karkee","41:00:13:15",39.20840666666666,-96.59380333333333,""
6544184,"Whole Data Set",1,39.159,31.36,0.00149,136.723,80.334,-2.65,203.8336362,1804.636,5.691,0.251,0.112,0.637,1.715,0.972,-1.851,1.879,64.35,0.61,0.204,"07/22/2026 4:39 PM","Upper",06,"P01","Late",16.660555555555554,"suraj karkee","41:00:13:15",39.20843833333333,-96.59383333333332,""
6544183,"Whole Data Set",1,37.367,31.51,0.00095,137.451,63.477,-3.3,145.1808441,833.654,2.522,0.387,0.174,0.439,4.67,0.366,0.371,0.263,65.76,0.32,0.131,"07/22/2026 4:40 PM","Middle",06,"P01","Late",16.669722222222223,"suraj karkee","41:00:13:15",39.20845833333333,-96.59383000000001,""
6544182,"Whole Data Set",1,36.94,31.66,0.00157,153.275,64.981,-1.97,218.024667,1977.548,6.064,0.245,0.107,0.648,4.905,0.443,0.187,0.371,69.61,0.27,0.241,"07/22/2026 4:40 PM","Lower",06,"P01","Late",16.678055555555556,"suraj karkee","41:00:13:15",39.20845666666666,-96.59382499999998,""
6544181,"Whole Data Set",1,33.418,32.58,0.00129,103.203,69.526,-4.01,123.69793499999999,751.05,2.236,0.366,0.196,0.438,6.11,0.464,0.452,0.084,69.63,0.21,0.133,"07/22/2026 4:44 PM","Upper",08,"P01","Late",16.744722222222222,"suraj karkee","41:00:13:15",39.20845166666666,-96.59385666666667,""
6544180,"Whole Data Set",1,34.245,32.65,0.0013,78.143,74.916,-4.44,123.0839946,662.276,1.892,0.413,0.203,0.384,5.687,0.568,0.404,0.028,70.75,0.31,0.102,"07/22/2026 4:45 PM","Middle",08,"P01","Late",16.75583333333333,"suraj karkee","41:00:13:15",39.20841166666666,-96.59382833333332,""
6544179,"Whole Data Set",1,33.524,32.73,0.00123,182.971,80.05,-3.76,249.8099283,1862.863,4.3,0.298,0.132,0.57,5.341,0.41,0.238,0.352,67.73,0.28,0.225,"07/22/2026 4:45 PM","Lower",08,"P01","Late",16.765555555555554,"suraj karkee","41:00:13:15",39.20842833333334,-96.59383833333335,""
6544178,"Whole Data Set",1,31.786,32.93,0.00119,119.41,69.864,-4.04,158.91948000000002,882.886,2.115,0.4,0.193,0.407,3.598,0.607,0.129,0.264,65.22,0.27,0.142,"07/22/2026 4:49 PM","Upper",01,"P03","Late",16.8175,"suraj karkee","41:00:13:15",39.208436666666664,-96.593805,""
6544177,"Whole Data Set",1,32.894,32.74,0.00033,152.3,73.401,-4.63,58.03008750000001,239.25,1.474,0.539,0.186,0.275,5.028,0.344,0.555,0.1,67.08,0.28,0.05,"07/22/2026 4:49 PM","Middle",01,"P03","Late",16.828055555555554,"suraj karkee","41:00:13:15",39.20845833333333,-96.59381833333333,""
6544176,"Whole Data Set",1,32.755,32.8,0.00148,91.111,41.355,-3.87,152.89005645,979.123,2.458,0.347,0.189,0.464,3.144,0.817,-0.174,0.357,66.28,0.3,0.135,"07/22/2026 4:50 PM","Lower",01,"P03","Late",16.837777777777777,"suraj karkee","41:00:13:15",39.208443333333335,-96.59383666666666,""
6544175,"Whole Data Set",1,36.004,33.2,0.00037,95.232,62.937,-5.53,66.57902684999999,254.653,1.331,0.581,0.18,0.239,5.494,0.465,0.563,-0.027,64.07,0.47,0.035,"07/22/2026 4:53 PM","Upper",02,"P03","Late",16.890833333333333,"suraj karkee","41:00:13:15",39.2074657,-96.5985341,""
6544174,"Whole Data Set",1,32.408,33.3,0.00129,177.658,64.598,-4.33,250.76432384999998,2135.073,5.254,0.261,0.118,0.621,4.483,0.393,0.215,0.392,66.19,0.2,0.229,"07/22/2026 4:54 PM","Middle",02,"P03","Late",16.90138888888889,"suraj karkee","41:00:13:15",39.20845166666666,-96.59382,""
6544173,"Whole Data Set",1,33.715,33.36,0.00026,190.816,57.905,-4.97,55.6263612,219.174,1.446,0.564,0.178,0.258,5.354,0.569,0.432,-0.001,68.59,0.3,0.05,"07/22/2026 4:54 PM","Lower",02,"P03","Late",16.910833333333333,"suraj karkee","41:00:13:15",39.208485,-96.59381833333333,""
6544172,"Whole Data Set",1,32.168,33.78,0.0007,144.066,72.057,-5.07,108.42448230000001,473.366,1.658,0.509,0.185,0.306,4.425,0.461,0.472,0.068,65.59,0.66,0.101,"07/22/2026 4:57 PM","Upper",05,"P03","Late",16.964444444444442,"suraj karkee","41:00:13:15",39.20846166666667,-96.59380166666666,""
6544171,"Whole Data Set",1,32.38,33.74,0.00028,251.574,68.183,-5.35,55.6923906,225.841,1.511,0.548,0.18,0.272,4.904,0.579,0.521,-0.1,68.02,0.27,0.07,"07/22/2026 4:58 PM","Middle",05,"P03","Late",16.973333333333333,"suraj karkee","41:00:13:15",39.208466666666666,-96.593835,""
6544170,"Whole Data Set",1,33.329,33.82,0.00073,148.847,54.621,-4.13,101.47987395000001,491.309,2.614,0.459,0.15,0.391,4.064,0.682,0.303,0.015,67.47,0.27,0.109,"07/22/2026 4:59 PM","Lower",05,"P03","Late",16.983333333333334,"suraj karkee","41:00:13:15",39.208455,-96.59383333333332,""
6544169,"Whole Data Set",1,32.378,34.05,0.00032,176.086,77.5,-4.76,56.353257,243.164,1.748,0.515,0.176,0.308,4.386,0.524,0.36,0.116,67.83,0.32,0.056,"07/22/2026 5:02 PM","Upper",10,"P03","Late",17.045555555555556,"suraj karkee","41:00:13:15",39.20843166666667,-96.59382833333332,""
6544168,"Whole Data Set",1,31.617,34.12,0.00087,104.005,58.254,-5.07,85.76260289999999,397.878,1.668,0.479,0.195,0.326,5.132,0.46,0.446,0.094,68.95,0.2,0.09,"07/22/2026 5:03 PM","Middle",10,"P03","Late",17.054722222222225,"suraj karkee","41:00:13:15",39.208459999999995,-96.59381333333334,""
6544167,"Whole Data Set",1,32.137,34.18,0.00075,137.896,55.864,-5.65,112.2754968,588.446,2.15,0.424,0.183,0.393,3.813,0.926,0.297,-0.223,71.57,0.32,0.103,"07/22/2026 5:03 PM","Lower",10,"P03","Late",17.064722222222223,"suraj karkee","41:00:13:15",39.208486666666666,-96.59384166666665,""
6544166,"Whole Data Set",1,34.015,34.52,0.00151,100.486,80.661,-4.91,165.7645857,1143.993,2.182,0.322,0.213,0.465,5.978,0.316,0.295,0.389,69.43,0.25,0.152,"07/22/2026 5:07 PM","Upper",05,"P02","Late",17.12666666666667,"suraj karkee","41:00:13:15",39.20839333333333,-96.59393166666665,""
6544165,"Whole Data Set",1,31.958,34.54,0.0002,263.416,91.557,-4.67,48.2426685,183.258,0.8,0.585,0.23,0.184,4.943,0.617,0.775,-0.392,69.25,0.3,0.053,"07/22/2026 5:08 PM","Middle",05,"P02","Late",17.136388888888888,"suraj karkee","41:00:13:15",39.20841166666666,-96.59389333333333,""
6544164,"Whole Data Set",1,31.723,34.6,0.00093,153.99,53.659,-5.67,131.90667750000003,751.605,2.356,0.39,0.182,0.428,3.286,0.706,-0.016,0.31,70.6,0.29,0.143,"07/22/2026 5:08 PM","Lower",05,"P02","Late",17.14527777777778,"suraj karkee","41:00:13:15",39.20841666666667,-96.59390333333334,""
6544163,"Whole Data Set",1,35.006,34.97,0.00025,442.777,76.622,-5,53.79639300000001,216.18,1.511,0.553,0.178,0.269,3.309,0.627,0.197,0.176,65.29,0.27,0.111,"07/22/2026 5:11 PM","Upper",07,"P02","Late",17.195555555555554,"suraj karkee","41:00:13:15",39.20842833333334,-96.59387,""
6544162,"Whole Data Set",1,34.736,35.05,0.00127,173.662,40.136,-4.04,245.92480920000003,1994.524,5.568,0.274,0.111,0.616,4.211,0.411,0.136,0.453,64.87,0.38,0.221,"07/22/2026 5:12 PM","Middle",07,"P02","Late",17.204166666666666,"suraj karkee","41:00:13:15",39.208414999999995,-96.59389666666667,""
6544161,"Whole Data Set",1,32.517,35.16,0.00022,278.923,85.261,-5.29,46.3550472,173.712,1.045,0.593,0.199,0.208,5.59,0.53,0.474,-0.004,69.34,0.51,0.061,"07/22/2026 5:12 PM","Lower",07,"P02","Late",17.21361111111111,"suraj karkee","41:00:13:15",39.20840333333333,-96.59391,""
6544160,"Whole Data Set",1,32.453,35.46,0.0014,168.54,94.876,-4.63,218.74268205000004,2141.387,5.686,0.227,0.116,0.657,4.604,0.456,0.254,0.29,66.87,0.27,0.236,"07/22/2026 5:16 PM","Upper",09,"P02","Late",17.27777777777778,"suraj karkee","41:00:13:15",39.208459999999995,-96.59388499999999,""
6544159,"Whole Data Set",1,30.882,35.46,0.00121,176.872,74.608,-5.45,250.81414874999996,2371.765,4.582,0.235,0.137,0.628,5.079,0.362,0.359,0.279,71.89,0.3,0.214,"07/22/2026 5:17 PM","Middle",09,"P02","Late",17.28805555555556,"suraj karkee","41:00:13:15",39.20843333333333,-96.59389166666666,""
6544158,"Whole Data Set",1,31.579,35.48,0.00027,114.525,51.831,-6.37,51.84431595000001,214.543,1.64,0.537,0.176,0.288,7.061,0.372,0.624,0.004,71.13,0.33,0.031,"07/22/2026 5:17 PM","Lower",09,"P02","Late",17.296666666666667,"suraj karkee","41:00:13:15",39.20846166666667,-96.59387333333333,""
6544157,"Whole Data Set",1,31.132,35.61,0.00037,224.287,81.415,-5.6,65.0405214,288.492,1.725,0.501,0.183,0.316,11.885,0.28,0.77,-0.051,63.16,0.34,0.083,"07/22/2026 5:21 PM","Upper",11,"P02","Late",17.35,"suraj karkee","41:00:13:15",39.20841666666667,-96.59391,""
6544156,"Whole Data Set",1,30.904,35.62,0.00093,210.85,59.59,-7.13,213.60929040000002,1798.058,3.226,0.264,0.174,0.562,6.04,0.365,0.386,0.249,69.18,0.39,0.196,"07/22/2026 5:21 PM","Middle",11,"P02","Late",17.35888888888889,"suraj karkee","41:00:13:15",39.208443333333335,-96.59388499999999,""
6544155,"Whole Data Set",1,31.557,35.68,0.00112,174.045,57.265,-4.57,218.4071148,1691.112,5.109,0.287,0.117,0.596,5.561,0.444,0.334,0.222,68.62,0.3,0.195,"07/22/2026 5:22 PM","Lower",11,"P02","Late",17.375833333333333,"suraj karkee","41:00:13:15",39.20841333333333,-96.59390333333334,""
6543669,"Whole Data Set",1,52.465,25.54,0.00068,104.509,66.789,-1.59,66.6841446,284.428,1.329,0.521,0.206,0.273,5.455,0.334,0.728,-0.062,70.14,0.32,0.071,"07/22/2026 9:07 AM","Upper",04,"P01","Morning",9.1325,"suraj karkee","41:00:13:15",39.208345,-96.59375666666668,""
6543668,"Whole Data Set",1,52.402,25.71,0.00089,140.917,65.69,-1.28,137.09698874999998,1194.745,1.867,0.255,0.26,0.485,6.358,0.337,0.556,0.107,67.28,0.26,0.125,"07/22/2026 9:08 AM","Middle",04,"P01","Morning",9.141944444444444,"suraj karkee","41:00:13:15",39.208351666666665,-96.59386166666667,""
6543667,"Whole Data Set",1,52.475,25.93,0.00048,135.707,57.683,-2.16,62.26716375000001,257.675,1.243,0.537,0.206,0.256,5.962,0.278,0.647,0.074,70.43,0.23,0.065,"07/22/2026 9:09 AM","Lower",04,"P01","Morning",9.151111111111112,"suraj karkee","41:00:13:15",39.208373333333334,-96.59382333333333,""
6543666,"Whole Data Set",1,52.445,26.18,0.00034,254.977,83.729,-1.27,60.301575,268.007,1.147,0.5,0.233,0.267,4.867,0.369,0.653,-0.021,64.51,0.18,0.087,"07/22/2026 9:09 AM","Upper",05,"P01","Morning",9.160833333333334,"suraj karkee","41:00:13:15",39.20838166666667,-96.593845,""
6543665,"Whole Data Set",1,52.768,26.43,0.00121,89.423,67.961,-1.92,111.2072544,702.066,1.757,0.352,0.235,0.413,4.364,0.536,0.268,0.196,70.22,0.37,0.108,"07/22/2026 9:10 AM","Middle",05,"P01","Morning",9.170555555555556,"suraj karkee","41:00:13:15",39.20834166666667,-96.59383000000001,""
6543664,"Whole Data Set",1,52.766,26.72,0.00094,108.191,56.567,-2.15,116.6844195,556.435,1.594,0.466,0.206,0.328,6.886,0.332,0.543,0.125,66.56,0.28,0.102,"07/22/2026 9:10 AM","Lower",05,"P01","Morning",9.181666666666667,"suraj karkee","41:00:13:15",39.20835,-96.59385833333333,""
6543663,"Whole Data Set",1,47.597,28.22,0.00034,189.32,71.787,-1.79,62.470022400000005,255.188,1.218,0.544,0.206,0.25,4.976,0.357,0.569,0.074,59.68,0.33,0.064,"07/22/2026 9:16 AM","Upper",06,"P01","Morning",9.276944444444446,"suraj karkee","41:00:13:15",39.20841,-96.59382166666667,""
6543662,"Whole Data Set",1,47.172,28.32,0.00089,154.378,56.415,-2.55,153.12232845000003,1246.417,1.862,0.273,0.254,0.473,5.19,0.307,0.453,0.24,64.95,0.21,0.137,"07/22/2026 9:17 AM","Middle",06,"P01","Morning",9.286111111111111,"suraj karkee","41:00:13:15",39.20838166666667,-96.59383333333332,""
6543661,"Whole Data Set",1,47.467,28.43,0.0004,154.144,57.008,-2.62,64.4817996,285.444,1.396,0.502,0.208,0.29,4.85,0.352,0.602,0.046,70.05,0.33,0.062,"07/22/2026 9:17 AM","Lower",06,"P01","Morning",9.295,"suraj karkee","41:00:13:15",39.20838166666667,-96.59381,""
6543660,"Whole Data Set",1,48.321,29.61,0.00033,230.047,72.797,-3.08,68.22153180000001,308.137,1.405,0.492,0.211,0.297,5.81,0.427,0.743,-0.17,69.56,0.25,0.076,"07/22/2026 9:22 AM","Upper",08,"P01","Morning",9.369444444444445,"suraj karkee","41:00:13:15",39.20840666666666,-96.59379833333332,""
6543659,"Whole Data Set",1,45.538,30.67,0.00084,121.434,64.6,-3.92,126.9545508,719.697,1.765,0.392,0.22,0.388,5.408,0.347,0.401,0.252,71.3,0.25,0.102,"07/22/2026 9:26 AM","Middle",08,"P01","Morning",9.4375,"suraj karkee","41:00:13:15",39.208385,-96.59387166666666,""
6543658,"Whole Data Set",1,45.563,30.81,0.00048,126.441,60.43,-4.76,62.12230200000001,281.16,1.54,0.491,0.201,0.309,4.589,0.467,0.542,-0.01,68.53,0.34,0.061,"07/22/2026 9:26 AM","Lower",08,"P01","Morning",9.446111111111112,"suraj karkee","41:00:13:15",39.20839333333333,-96.59383333333332,""
6543657,"Whole Data Set",1,39.854,31.44,0.00061,179.546,81.045,-5.05,148.88411100000002,837.604,1.916,0.395,0.207,0.397,3.904,0.329,0.312,0.36,64.13,0.3,0.11,"07/22/2026 9:30 AM","Upper",01,"P03","Morning",9.51388888888889,"suraj karkee","41:00:13:15",39.20844,-96.59385333333333,""
6543656,"Whole Data Set",1,40.651,31.46,0.00045,185.286,73.971,-4.89,101.34368145,451.319,1.596,0.499,0.193,0.308,4.887,0.486,0.496,0.019,67.97,0.24,0.083,"07/22/2026 9:31 AM","Middle",01,"P03","Morning",9.523055555555556,"suraj karkee","41:00:13:15",39.20845,-96.59383166666666,""
6543654,"Whole Data Set",1,40.382,31.5,0.00055,217.707,47.502,-4.43,155.23711740000002,763.211,2.264,0.452,0.168,0.38,3.535,0.537,0.309,0.155,64.27,0.23,0.12,"07/22/2026 9:31 AM","Lower",01,"P03","Morning",9.53277777777778,"suraj karkee","41:00:13:15",39.20844833333333,-96.59384166666665,""
6543653,"Whole Data Set",1,42.675,31.8,0.00111,151.035,64.008,-5.69,189.55910880000002,1385.666,3.817,0.304,0.144,0.551,3.608,0.728,-0.006,0.278,63.12,0.29,0.168,"07/22/2026 9:34 AM","Upper",02,"P03","Morning",9.580277777777777,"suraj karkee","41:00:13:15",39.20843,-96.59382499999998,""
6543652,"Whole Data Set",1,39.406,31.89,0.00049,165.954,51.291,-5.22,87.90732855,383.791,1.518,0.509,0.195,0.296,4.681,0.55,0.521,-0.071,64.77,0.27,0.081,"07/22/2026 9:35 AM","Middle",02,"P03","Morning",9.593611111111112,"suraj karkee","41:00:13:15",39.20845833333333,-96.59382666666667,""
6543651,"Whole Data Set",1,39.205,31.9,0.00043,190.413,48.962,-5.89,108.72333000000002,473.74,1.532,0.51,0.193,0.296,3.816,0.409,0.256,0.335,66.76,0.3,0.082,"07/22/2026 9:36 AM","Lower",02,"P03","Morning",9.6025,"suraj karkee","41:00:13:15",39.208441666666666,-96.59382333333333,""
6543650,"Whole Data Set",1,39.517,31.93,0.00059,105.647,73.59,-5.18,56.533276799999996,242.528,1.387,0.518,0.202,0.28,4.551,0.568,0.42,0.013,66.25,0.26,0.062,"07/22/2026 9:40 AM","Upper",05,"P03","Morning",9.672222222222222,"suraj karkee","41:00:13:15",39.20848,-96.59382666666667,""
6543649,"Whole Data Set",1,39.074,31.89,0.00066,153.546,78.022,-5.78,107.95393800000001,563.14,2.49,0.426,0.164,0.41,6.13,0.315,0.504,0.18,69.09,0.25,0.101,"07/22/2026 9:40 AM","Middle",05,"P03","Morning",9.681944444444444,"suraj karkee","41:00:13:15",39.208470000000005,-96.59380000000002,""
6543648,"Whole Data Set",1,37.992,31.88,0.00051,177.244,50.933,-5.93,89.2861461,398.421,1.666,0.498,0.188,0.313,4.051,0.372,0.466,0.163,68.41,0.27,0.09,"07/22/2026 9:41 AM","Lower",05,"P03","Morning",9.690833333333334,"suraj karkee","41:00:13:15",39.208485,-96.59381333333334,""
6543647,"Whole Data Set",1,38.773,31.71,-0.00004,-827.833,111.507,-6.24,31.6726605,120.314,1.015,0.585,0.206,0.209,5.43,0.457,0.668,-0.125,67.83,0.23,0.033,"07/22/2026 9:44 AM","Upper",10,"P03","Morning",9.739444444444443,"suraj karkee","41:00:13:15",39.208459999999995,-96.59382833333332,""
6543646,"Whole Data Set",1,38.229,31.58,0.00028,183.432,56.069,-6.15,54.77497739999999,212.801,1.357,0.572,0.182,0.246,6.346,0.336,0.64,0.023,69.45,0.21,0.051,"07/22/2026 9:45 AM","Middle",10,"P03","Morning",9.750277777777777,"suraj karkee","41:00:13:15",39.20849166666667,-96.59380166666666,""
6543645,"Whole Data Set",1,37.905,31.55,0.00054,137.608,60.358,-6.88,92.04931800000001,383.06,1.559,0.534,0.182,0.284,5.825,0.182,0.565,0.253,72.45,0.34,0.074,"07/22/2026 9:45 AM","Lower",10,"P03","Morning",9.759444444444444,"suraj karkee","41:00:13:15",39.208463333333334,-96.59381,""
6543644,"Whole Data Set",1,40.141,31.6,0.00033,182.766,74.801,-5.13,82.8240957,378.711,1.575,0.486,0.199,0.314,5.284,0.416,0.579,0.005,68.91,0.26,0.06,"07/22/2026 9:48 AM","Upper",05,"P02","Morning",9.805277777777778,"suraj karkee","41:00:13:15",39.208423333333336,-96.5939,""
6543643,"Whole Data Set",1,40.345,31.62,0.00051,141.276,74.978,-5.51,72.2747016,326.444,1.442,0.492,0.208,0.3,5.552,0.409,0.592,-0.001,68.39,0.31,0.072,"07/22/2026 9:48 AM","Middle",05,"P02","Morning",9.81388888888889,"suraj karkee","41:00:13:15",39.20844,-96.59398833333334,""
6543642,"Whole Data Set",1,40.585,31.66,0.00073,126.385,64.619,-5.65,108.2522826,520.694,2.197,0.462,0.168,0.37,4.046,0.392,0.213,0.395,68.58,0.36,0.092,"07/22/2026 9:49 AM","Lower",05,"P02","Morning",9.822222222222223,"suraj karkee","41:00:13:15",39.2084,-96.59395833333335,""
6543641,"Whole Data Set",1,41.328,31.87,0.0005,179.923,69.521,-5.62,114.16220460000001,538.628,1.978,0.471,0.178,0.351,4.608,0.475,0.431,0.094,65.83,0.32,0.09,"07/22/2026 9:52 AM","Upper",07,"P02","Morning",9.868333333333334,"suraj karkee","41:00:13:15",39.20847166666667,-96.59389833333334,""
6543640,"Whole Data Set",1,40.463,31.88,0.00045,205.599,32.126,-5.41,131.47312499999998,695.625,2.127,0.42,0.185,0.394,3.918,0.353,0.436,0.211,64.11,0.22,0.093,"07/22/2026 9:52 AM","Middle",07,"P02","Morning",9.877222222222223,"suraj karkee","41:00:13:15",39.20844,-96.59390166666665,""
6543639,"Whole Data Set",1,41.18,31.93,0.00066,116.496,86.824,-5.54,91.70078400000001,454.865,2.049,0.448,0.181,0.371,4.242,0.407,0.386,0.207,69.51,0.49,0.077,"07/22/2026 9:53 AM","Lower",07,"P02","Morning",9.886111111111111,"suraj karkee","41:00:13:15",39.208459999999995,-96.59388499999999,""
6543638,"Whole Data Set",1,40.544,32.14,0.0005,118.87,84.407,-5.29,68.0145534,300.484,1.675,0.503,0.186,0.311,2.854,0.592,0.046,0.362,66.67,0.21,0.059,"07/22/2026 9:56 AM","Upper",09,"P02","Morning",9.943611111111112,"suraj karkee","41:00:13:15",39.208455,-96.59388166666668,""
6543637,"Whole Data Set",1,40.427,32.14,0.00089,88.289,68.468,-5.67,81.7915392,405.712,2.161,0.448,0.174,0.377,5.613,0.347,0.582,0.071,71.07,0.29,0.079,"07/22/2026 9:57 AM","Middle",08,"P02","Morning",9.952222222222222,"suraj karkee","41:00:13:15",39.20847166666667,-96.59387,""
6543636,"Whole Data Set",1,40.074,32.19,0.00087,116.983,40.528,-6.14,117.74420999999998,615.656,2.262,0.425,0.176,0.399,6.695,0.369,0.539,0.092,70.94,0.26,0.102,"07/22/2026 9:57 AM","Lower",09,"P02","Morning",9.960833333333333,"suraj karkee","41:00:13:15",39.20843166666667,-96.59385833333333,""
6543635,"Whole Data Set",1,40.044,32.38,0.00074,111.361,68.024,-6.75,112.77288539999999,585.529,2.303,0.428,0.173,0.399,4.167,0.726,0.387,-0.112,64.49,0.5,0.082,"07/22/2026 10:00 AM","Upper",11,"P02","Morning",10.009166666666667,"suraj karkee","41:00:13:15",39.208435,-96.59390166666665,""
6543634,"Whole Data Set",1,39.473,32.39,0.00052,163.508,50.384,-5.92,83.30624730000001,399.838,1.863,0.463,0.188,0.35,4.031,0.593,0.365,0.042,71.04,0.27,0.085,"07/22/2026 10:01 AM","Middle",11,"P02","Morning",10.017777777777779,"suraj karkee","41:00:13:15",39.20844833333333,-96.59390166666665,""
6543633,"Whole Data Set",1,39.584,32.43,0.00033,159.883,48.328,-6.04,59.18816745,242.227,1.446,0.543,0.187,0.27,5.183,0.303,0.579,0.118,71.61,0.23,0.053,"07/22/2026 10:01 AM","Lower",11,"P02","Morning",10.026666666666667,"suraj karkee","41:00:13:15",39.208435,-96.59390333333334,""
6543632,"Whole Data Set",1,36.056,32.04,0.00061,163.381,69.794,-3.37,119.031651,645.158,2.116,0.41,0.189,0.401,4.49,0.48,0.397,0.123,68.79,0.3,0.1,"07/22/2026 12:11 PM","Upper",04,"P01","Noon",12.192222222222222,"suraj karkee","41:00:13:15",39.208398333333335,-96.59382333333333,""
6543631,"Whole Data Set",1,35.516,32.13,0.00066,197.13,74.805,-4.32,147.90564,893.15,2.399,0.368,0.186,0.446,5.597,0.348,0.444,0.208,69.61,0.33,0.13,"07/22/2026 12:12 PM","Middle",04,"P01","Noon",12.201944444444443,"suraj karkee","41:00:13:15",39.208385,-96.59382333333333,""
6543630,"Whole Data Set",1,35.417,32.23,0.0005,209.82,54.191,-4.98,117.96412500000001,569.875,1.848,0.46,0.19,0.351,5.493,0.479,0.427,0.094,70.33,0.27,0.105,"07/22/2026 12:12 PM","Lower",04,"P01","Noon",12.210833333333333,"suraj karkee","41:00:13:15",39.208380000000005,-96.593845,""
6543629,"Whole Data Set",1,34.429,32.55,0.00081,153.21,78.888,-4.66,111.9000078,522.409,1.303,0.476,0.227,0.296,4.34,0.639,0.409,-0.048,65.8,0.3,0.124,"07/22/2026 12:15 PM","Upper",05,"P01","Noon",12.256944444444445,"suraj karkee","41:00:13:15",39.208378333333336,-96.593835,""
6543628,"Whole Data Set",1,35.027,32.6,0.00058,205.96,67.714,-5.07,117.25579080000001,597.634,1.775,0.436,0.203,0.361,4.059,0.513,-0.097,0.584,70.02,0.27,0.119,"07/22/2026 12:15 PM","Middle",05,"P01","Noon",12.265833333333333,"suraj karkee","41:00:13:15",39.20838833333333,-96.593845,""
6543627,"Whole Data Set",1,34.924,32.64,0.00094,142.552,63.369,-5.75,149.65881885000002,877.507,1.635,0.379,0.236,0.385,7.005,0.539,0.457,0.005,68.7,0.27,0.134,"07/22/2026 12:16 PM","Lower",05,"P01","Noon",12.274166666666668,"suraj karkee","41:00:13:15",39.208376666666666,-96.59382333333333,""
6543626,"Whole Data Set",1,33.235,32.86,0.00037,177.507,76.242,-5.19,105.69855240000001,466.043,1.513,0.504,0.197,0.299,6.009,0.46,0.449,0.091,65.75,0.48,0.066,"07/22/2026 12:18 PM","Upper",06,"P01","Noon",12.314444444444446,"suraj karkee","41:00:13:15",39.20840666666666,-96.59384,""
6543625,"Whole Data Set",1,33.823,32.9,0.0007,227.362,55.002,-4.69,228.38417955,1872.769,4.036,0.271,0.145,0.584,4.157,0.454,0.275,0.272,64.4,0.25,0.159,"07/22/2026 12:19 PM","Middle",06,"P01","Noon",12.323333333333332,"suraj karkee","41:00:13:15",39.208373333333334,-96.59382,""
6543624,"Whole Data Set",1,33.351,32.96,0.00057,183.246,66.75,-5.89,119.72169495,620.159,1.83,0.429,0.202,0.369,4.418,0.597,0.366,0.037,68.54,0.31,0.104,"07/22/2026 12:19 PM","Lower",06,"P01","Noon",12.331388888888888,"suraj karkee","41:00:13:15",39.20841666666667,-96.593845,""
6543623,"Whole Data Set",1,36.554,33.37,0.00049,191.805,77.889,-4.94,85.38204465,444.351,1.854,0.427,0.201,0.373,5.085,0.45,0.512,0.038,69.94,0.21,0.094,"07/22/2026 12:22 PM","Upper",08,"P01","Noon",12.381666666666668,"suraj karkee","41:00:13:15",39.20840833333333,-96.59380166666666,""
6543622,"Whole Data Set",1,35.786,33.46,0.00092,190.671,61.225,-4.35,229.24079325,2096.395,3.35,0.243,0.174,0.583,5.387,0.44,0.261,0.299,71.5,0.24,0.175,"07/22/2026 12:23 PM","Middle",08,"P01","Noon",12.390555555555554,"suraj karkee","41:00:13:15",39.20841666666667,-96.59383666666666,""
6543621,"Whole Data Set",1,35.807,33.58,0.0006,174.967,66.787,-4.83,111.34513125,659.823,1.991,0.375,0.209,0.416,4.642,0.464,0.45,0.086,68.87,0.28,0.105,"07/22/2026 12:23 PM","Lower",08,"P01","Noon",12.399166666666666,"suraj karkee","41:00:13:15",39.20843333333333,-96.59384999999999,""
6543620,"Whole Data Set",1,31.226,34.16,0.00102,208.919,77.489,-5.67,201.24449189999999,1057.234,2.525,0.423,0.164,0.413,4.165,0.544,0.309,0.147,65.5,0.45,0.213,"07/22/2026 12:27 PM","Upper",01,"P02","Noon",12.455277777777777,"suraj karkee","41:00:13:15",39.208465000000004,-96.59385333333333,""
6543619,"Whole Data Set",1,31.105,34.16,0.00059,179.846,70.721,-6.77,126.3770163,613.183,2.164,0.458,0.171,0.371,4.718,0.559,0.42,0.021,67.36,0.25,0.106,"07/22/2026 12:27 PM","Middle",01,"P02","Noon",12.464166666666666,"suraj karkee","41:00:13:15",39.20844833333333,-96.59384999999999,""
6543618,"Whole Data Set",1,30.796,34.17,0.00082,188.615,42.054,-6.88,190.442016,1113.696,3.471,0.38,0.139,0.481,4.9,0.511,0.457,0.032,64.87,0.29,0.155,"07/22/2026 12:28 PM","Lower",01,"P02","Noon",12.473333333333333,"suraj karkee","41:00:13:15",39.208455,-96.59385833333333,""
6543617,"Whole Data Set",1,33.147,34.28,0.00134,135.574,72.938,-5.05,178.31056185,1644.173,5.259,0.241,0.121,0.637,4.931,0.501,0.165,0.334,63.54,0.3,0.182,"07/22/2026 12:31 PM","Upper",02,"P02","Noon",12.517222222222223,"suraj karkee","41:00:13:15",39.20843833333333,-96.59383833333335,""
6543616,"Whole Data Set",1,30.565,34.31,0.00081,182.94,78.755,-5.6,150.766506,712.844,2.088,0.47,0.172,0.359,3.949,0.724,0.26,0.016,65.3,0.26,0.148,"07/22/2026 12:31 PM","Middle",02,"P02","Noon",12.527222222222223,"suraj karkee","41:00:13:15",39.208483333333334,-96.59383000000001,""
6543615,"Whole Data Set",1,31.567,34.27,0.00161,154.651,55.207,-4.84,235.12191074999998,2548.747,6.672,0.205,0.104,0.691,5.886,0.336,0.244,0.42,67.7,0.28,0.249,"07/22/2026 12:32 PM","Lower",02,"P02","Noon",12.536111111111111,"suraj karkee","41:00:13:15",39.20845666666666,-96.59386666666666,""
6543614,"Whole Data Set",1,31.098,34.57,0.00062,132.848,73.191,-5.76,86.501925,391.5,1.581,0.491,0.197,0.312,3.078,0.82,-0.348,0.529,66.31,0.33,0.082,"07/22/2026 12:35 PM","Upper",05,"P02","Noon",12.59388888888889,"suraj karkee","41:00:13:15",39.20845166666666,-96.59381666666668,""
6543613,"Whole Data Set",1,31.755,34.55,0.00086,148.87,75.465,-6.06,120.40080840000002,625.134,2.599,0.428,0.159,0.413,5.022,0.589,0.368,0.043,68.72,0.24,0.128,"07/22/2026 12:36 PM","Middle",05,"P02","Noon",12.602777777777778,"suraj karkee","41:00:13:15",39.20847333333334,-96.59383000000001,""
6543612,"Whole Data Set",1,32.009,34.58,0.00059,187.105,60.579,-6.77,128.62266885,654.069,2.544,0.437,0.159,0.404,4.345,0.483,0.383,0.133,67.6,0.25,0.11,"07/22/2026 12:36 PM","Lower",05,"P02","Noon",12.611666666666666,"suraj karkee","41:00:13:15",39.20845333333333,-96.59380166666666,""
6543611,"Whole Data Set",1,31.948,34.57,0.00071,177.709,60.808,-6.76,147.864681,784.22,2.868,0.419,0.15,0.431,3.843,0.671,0.025,0.304,67.72,0.41,0.126,"07/22/2026 12:39 PM","Upper",10,"P02","Noon",12.661944444444444,"suraj karkee","41:00:13:15",39.208481666666664,-96.59381333333334,""
6543610,"Whole Data Set",1,31.358,34.53,0.00063,138.411,60.599,-5.6,97.97041800000001,478.488,2.498,0.455,0.156,0.39,5.282,0.567,0.411,0.023,68.63,0.19,0.087,"07/22/2026 12:40 PM","Middle",10,"P02","Noon",12.671111111111111,"suraj karkee","41:00:13:15",39.208475,-96.59382833333332,""
6543609,"Whole Data Set",1,30.303,34.5,0.00061,150.702,57.663,-6.79,132.20394345,637.281,2.113,0.461,0.173,0.366,4.499,0.424,0.26,0.316,72.11,0.36,0.092,"07/22/2026 12:40 PM","Lower",10,"P02","Noon",12.680555555555555,"suraj karkee","41:00:13:15",39.20844666666667,-96.593835,""
6543608,"Whole Data Set",1,37.526,34.91,0.00035,321.755,79.342,-5.72,115.3679166,577.417,2.209,0.444,0.173,0.383,4.747,0.67,0.375,-0.045,69.98,0.38,0.113,"07/22/2026 12:54 PM","Upper",03,"P02","Noon",12.9125,"suraj karkee","41:00:13:15",39.208405,-96.593895,""
6543607,"Whole Data Set",1,33.842,34.93,0.00056,205.993,80.619,-6.68,100.36154565000001,477.571,1.631,0.467,0.203,0.331,6.099,0.486,0.428,0.086,68.35,0.39,0.115,"07/22/2026 12:55 PM","Middle",03,"P02","Noon",12.921944444444444,"suraj karkee","41:00:13:15",39.2084,-96.59389000000002,""
6543606,"Whole Data Set",1,33.257,34.96,0.00067,175.759,61.018,-7.43,121.340268,687.87,2.397,0.392,0.179,0.429,4.546,0.69,0.302,0.008,68.82,0.37,0.118,"07/22/2026 12:55 PM","Lower",03,"P02","Noon",12.930555555555555,"suraj karkee","41:00:13:15",39.208398333333335,-96.59391499999998,""
6543605,"Whole Data Set",1,35.143,35.19,0.00066,187.777,72.304,-5.5,119.72076525,634.955,2.568,0.419,0.163,0.418,4.312,0.618,0.307,0.075,66.5,0.24,0.124,"07/22/2026 12:58 PM","Upper",07,"P02","Noon",12.97638888888889,"suraj karkee","41:00:13:15",39.20845,-96.593935,""
6543604,"Whole Data Set",1,34.845,35.21,0.00049,277.821,38.952,-5.1,165.94002855000002,943.109,2.994,0.391,0.153,0.457,3.747,0.212,0.308,0.48,64.96,0.33,0.136,"07/22/2026 12:59 PM","Middle",07,"P02","Noon",12.985,"suraj karkee","41:00:13:15",39.208425000000005,-96.59391833333332,""
6543603,"Whole Data Set",1,35.1,35.25,0.00077,132.423,91.314,-6.58,107.7082056,586.646,2.439,0.408,0.172,0.42,6.179,0.231,0.533,0.236,69.74,0.44,0.102,"07/22/2026 12:59 PM","Lower",07,"P02","Noon",12.993333333333332,"suraj karkee","41:00:13:15",39.20844833333333,-96.59391666666667,""
6543602,"Whole Data Set",1,36.466,35.41,0.0008,154.047,93.561,-4.98,108.6918552,678.476,2.252,0.356,0.198,0.446,4.681,0.589,0.36,0.052,66.88,0.22,0.123,"07/22/2026 1:02 PM","Upper",09,"P02","Noon",13.045277777777777,"suraj karkee","41:00:13:15",39.20845666666666,-96.59391333333333,""
6543601,"Whole Data Set",1,34.573,35.43,0.00085,157.386,80.083,-6.94,139.3235226,877.076,3.049,0.353,0.16,0.487,3.666,0.499,0.066,0.435,66.27,0.31,0.134,"07/22/2026 1:03 PM","Middle",09,"P02","Noon",13.053333333333335,"suraj karkee","41:00:13:15",39.208459999999995,-96.59393666666668,""
6543600,"Whole Data Set",1,33.09,35.47,0.00081,150.008,39.739,-7.26,139.50885960000002,782.878,2.751,0.396,0.161,0.443,-7.22,-0.632,1.184,0.448,71.95,0.36,0.122,"07/22/2026 1:03 PM","Lower",09,"P02","Noon",13.061666666666667,"suraj karkee","41:00:13:15",39.20843166666667,-96.593895,""
6543599,"Whole Data Set",1,33.328,35.61,0.00097,144.6,84.419,-6.14,167.72751045,1038.239,2.756,0.359,0.171,0.47,2.853,0.912,-0.078,0.166,63.32,0.96,0.14,"07/22/2026 1:06 PM","Upper",11,"P02","Noon",13.115,"suraj karkee","41:00:13:15",39.20841166666666,-96.59394833333333,""
6543598,"Whole Data Set",1,32.908,35.62,0.00058,210.614,60.583,-7.19,122.53273200000001,694.63,2.307,0.392,0.184,0.424,5.265,0.459,0.416,0.125,68.67,0.28,0.122,"07/22/2026 1:07 PM","Middle",11,"P02","Noon",13.123333333333333,"suraj karkee","41:00:13:15",39.20843333333333,-96.59390166666665,""
6543597,"Whole Data Set",1,33.499,35.65,0.0006,145.122,53.396,-6.84,98.56638,497.81,2.223,0.44,0.174,0.386,5.102,0.485,0.397,0.118,70.6,0.28,0.087,"07/22/2026 1:07 PM","Lower",11,"P02","Noon",13.131944444444445,"suraj karkee","41:00:13:15",39.20841,-96.593935,""
6541584,"Whole Data Set",1,32.698,36.71,0.00089,153.724,82.018,-3.64,135.5399694,720.574,2.19,0.418,0.182,0.399,4.786,0.637,0.187,0.177,69.53,0.3,0.137,"07/21/2026 4:25 PM","Upper",05,"P02","Late",16.425833333333333,"suraj karkee","41:00:13:15",39.20843,-96.59392333333332,""
6541583,"Whole Data Set",1,34.565,36.92,0.00024,236.502,97.999,-1.89,59.079758850000005,251.993,1.306,0.521,0.208,0.272,5.483,0.557,0.417,0.026,71.09,0.29,0.057,"07/21/2026 4:27 PM","Middle",05,"P02","Late",16.450833333333332,"suraj karkee","41:00:13:15",39.20841666666667,-96.59388499999999,""
6541582,"Whole Data Set",1,33.496,37.1,0.0004,207.899,65.671,-2.89,71.1992754,306.036,1.76,0.517,0.175,0.308,5.482,0.793,0.513,-0.306,69.04,0.25,0.083,"07/21/2026 4:27 PM","Lower",05,"P02","Late",16.4625,"suraj karkee","41:00:13:15",39.208385,-96.59392166666666,""
6541581,"Whole Data Set",1,31.438,37.64,0.00027,250.062,96.295,-2.43,61.80148665000001,253.857,1.468,0.541,0.186,0.273,4.935,0.695,0.402,-0.096,67.43,0.25,0.068,"07/21/2026 4:31 PM","Upper",07,"P02","Late",16.531666666666666,"suraj karkee","41:00:13:15",39.208423333333336,-96.59392666666666,""
6541580,"Whole Data Set",1,30.863,37.69,0.00118,207.391,42.539,-3.64,270.68422815,2322.473,6.251,0.259,0.102,0.639,4.549,0.422,0.177,0.401,66.1,0.3,0.245,"07/21/2026 4:32 PM","Middle",07,"P02","Late",16.540277777777778,"suraj karkee","41:00:13:15",39.20841,-96.59391,""
6541579,"Whole Data Set",1,29.502,37.73,0.00022,253.555,92.45,-3.84,51.180749999999996,197.8,1.006,0.575,0.212,0.213,3.252,1.132,0.118,-0.251,70.68,0.34,0.056,"07/21/2026 4:32 PM","Lower",07,"P02","Late",16.54888888888889,"suraj karkee","41:00:13:15",39.20842833333334,-96.593935,""
6541578,"Whole Data Set",1,33.039,37.78,0.00108,199.164,92.661,-3.73,206.5715289,1752.091,6.033,0.262,0.105,0.633,3.028,0.671,-0.163,0.492,68.23,0.25,0.215,"07/21/2026 4:35 PM","Upper",09,"P02","Late",16.596666666666664,"suraj karkee","41:00:13:15",39.20842666666667,-96.59388333333332,""
6541577,"Whole Data Set",1,33.248,37.83,0.00105,200.166,71.457,-3.4,229.55180220000003,2237.347,5.769,0.228,0.114,0.658,3.835,0.435,0.273,0.292,68.76,0.23,0.21,"07/21/2026 4:36 PM","Middle",09,"P02","Late",16.6075,"suraj karkee","41:00:13:15",39.20844666666667,-96.59385833333333,""
6541576,"Whole Data Set",1,31.707,37.86,0.0003,190.119,48.258,-4.01,62.06670269999999,274.753,2.186,0.502,0.156,0.342,4.765,0.472,0.437,0.091,72.23,0.36,0.057,"07/21/2026 4:36 PM","Lower",09,"P02","Late",16.615833333333335,"suraj karkee","41:00:13:15",39.208420000000004,-96.59386166666667,""
6541575,"Whole Data Set",1,32.192,38.09,0.00033,241.447,76.927,-3.28,67.7399229,304.723,1.731,0.494,0.185,0.321,3.58,0.688,0.334,-0.022,64.4,0.25,0.08,"07/21/2026 4:39 PM","Upper",11,"P02","Late",16.658055555555553,"suraj karkee","41:00:13:15",39.20838833333333,-96.59393166666665,""
6541574,"Whole Data Set",1,31.315,38.14,0.00087,230.696,56.298,-5.17,215.9503488,1610.368,3.514,0.298,0.155,0.546,5.319,0.29,0.429,0.281,72.63,0.31,0.201,"07/21/2026 4:39 PM","Middle",11,"P02","Late",16.66638888888889,"suraj karkee","41:00:13:15",39.20840666666666,-96.59390333333334,""
6541573,"Whole Data Set",1,30.257,38.2,0.00125,204.192,45.551,-7.37,237.22229159999998,1869.364,4.715,0.282,0.126,0.593,5.441,0.385,0.382,0.232,68.56,0.29,0.255,"07/21/2026 4:40 PM","Lower",11,"P02","Late",16.676111111111112,"suraj karkee","41:00:13:15",39.208435,-96.59390499999999,""
6541572,"Whole Data Set",1,34.023,38.37,0.00024,233.635,77.54,-3.82,48.26262150000001,202.359,1.719,0.53,0.173,0.297,4.183,0.531,0.456,0.013,66.22,0.21,0.056,"07/21/2026 4:44 PM","Middle",01,"P03","Late",16.739444444444445,"suraj karkee","41:00:13:15",39.20843,-96.59383166666666,""
6541571,"Whole Data Set",1,34.669,38.45,0.00111,138.663,42.274,-3.8,139.059306,846.632,3.408,0.365,0.144,0.491,3.562,0.626,0.152,0.223,64.34,0.25,0.154,"07/21/2026 4:44 PM","Lower",01,"P03","Late",16.749444444444446,"suraj karkee","41:00:13:15",39.20842833333334,-96.59383000000001,""
6541570,"Whole Data Set",1,34.528,38.52,0.00088,147.986,73.532,-5.11,136.262106,738.548,2.438,0.41,0.172,0.418,4.284,0.602,0.293,0.105,65.09,0.33,0.13,"07/21/2026 4:45 PM","Upper",01,"P03","Late",16.75861111111111,"suraj karkee","41:00:13:15",39.20843833333333,-96.59385499999999,""
6541569,"Whole Data Set",1,31.991,39.01,0.00021,278.568,64.198,-3.46,52.938265050000005,231.121,2.067,0.509,0.16,0.331,3.694,0.683,0.329,-0.012,63.49,0.23,0.058,"07/21/2026 4:50 PM","Upper",02,"P03","Late",16.84361111111111,"suraj karkee","41:00:13:15",39.20845166666666,-96.593875,""
6541568,"Whole Data Set",1,32.639,39.12,0.0014,185.985,58.327,-3.53,197.6884704,2033.832,8.656,0.216,0.081,0.702,4.609,0.371,0.172,0.457,65.81,0.26,0.26,"07/21/2026 4:51 PM","Middle",02,"P03","Late",16.852777777777778,"suraj karkee","41:00:13:15",39.20844666666667,-96.593835,""
6541567,"Whole Data Set",1,32.675,39.27,0.00023,238.089,55.141,-5.82,65.8877535,265.73,1.7,0.551,0.166,0.283,3.847,0.466,0.44,0.094,66.55,0.29,0.055,"07/21/2026 4:51 PM","Lower",02,"P03","Late",16.864444444444445,"suraj karkee","41:00:13:15",39.20843,-96.59383166666666,""
6541566,"Whole Data Set",1,34.549,39.45,0.00052,199.824,69.644,-4.42,82.1726325,372.665,2.066,0.49,0.167,0.344,4.571,0.491,0.397,0.112,65.49,0.25,0.104,"07/21/2026 4:54 PM","Upper",05,"P03","Late",16.90111111111111,"suraj karkee","41:00:13:15",39.208483333333334,-96.59382166666667,""
6541565,"Whole Data Set",1,33.15,39.49,0.00019,262.492,70.118,-4.62,51.84616005,209.861,1.828,0.549,0.16,0.292,4.742,0.544,0.454,0.002,67.9,0.25,0.05,"07/21/2026 4:54 PM","Middle",05,"P03","Late",16.910277777777775,"suraj karkee","41:00:13:15",39.208466666666666,-96.59382833333332,""
6541564,"Whole Data Set",1,32.828,39.56,0.00047,201.404,50.416,-5.31,88.136055,399.71,2.354,0.49,0.152,0.358,4.677,0.63,0.386,-0.017,68.46,0.24,0.095,"07/21/2026 4:55 PM","Lower",05,"P03","Late",16.92,"suraj karkee","41:00:13:15",39.208475,-96.59383666666666,""
6541563,"Whole Data Set",1,35.618,39.67,0.0003,182.429,77.965,-4.68,58.58801235,255.787,2.022,0.509,0.163,0.329,4.12,0.657,0.413,-0.07,67.21,0.24,0.055,"07/21/2026 4:57 PM","Upper",11,"P03","Late",16.96611111111111,"suraj karkee","41:00:13:15",39.20845166666666,-96.59380333333333,""
6541562,"Whole Data Set",1,35.717,39.69,0.00095,136.244,64.769,-6.02,108.30735360000001,539.648,2.033,0.446,0.183,0.371,4.327,0.561,0.41,0.03,69.26,0.2,0.129,"07/21/2026 4:58 PM","Middle",11,"P03","Late",16.974999999999998,"suraj karkee","41:00:13:15",39.20844833333333,-96.59381833333333,""
6541561,"Whole Data Set",1,34.547,39.74,0.00067,192.263,47.762,-5.27,142.6618053,767.618,2.476,0.413,0.169,0.418,4.995,0.603,0.36,0.036,72.44,0.26,0.129,"07/21/2026 4:59 PM","Lower",11,"P03","Late",16.983611111111113,"suraj karkee","41:00:13:15",39.208441666666666,-96.59385666666667,""
6541560,"Whole Data Set",1,30.092,39.76,0.00095,184.754,77.044,-5.37,151.62706305,913.141,3.34,0.369,0.145,0.486,4.321,0.649,0.15,0.201,70.26,0.25,0.176,"07/21/2026 5:04 PM","Upper",04,"P01","Late",17.07638888888889,"suraj karkee","41:00:13:15",39.208421666666666,-96.59382833333332,""
6541559,"Whole Data Set",1,28.515,39.71,0.00018,315.958,70.332,-5.2,42.79922010000001,170.142,1.52,0.559,0.175,0.266,3.999,0.806,0.208,-0.014,70.25,0.27,0.057,"07/21/2026 5:05 PM","Middle",04,"P01","Late",17.085277777777776,"suraj karkee","41:00:13:15",39.20838333333334,-96.59384833333334,""
6541558,"Whole Data Set",1,28.755,39.69,0.00046,207.911,53.483,-6.24,81.46286280000001,357.764,1.94,0.506,0.168,0.326,4.939,0.435,0.371,0.193,70.58,0.24,0.096,"07/21/2026 5:05 PM","Lower",04,"P01","Late",17.09361111111111,"suraj karkee","41:00:13:15",39.208378333333336,-96.59387833333334,""
6541557,"Whole Data Set",1,31.071,39.54,0.00114,165.427,73.355,-3.69,124.10288235,723.843,3.319,0.381,0.143,0.475,3.78,0.678,0.103,0.22,64.85,0.2,0.189,"07/21/2026 5:08 PM","Upper",05,"P01","Late",17.145833333333332,"suraj karkee","41:00:13:15",39.20836666666666,-96.59386,""
6541556,"Whole Data Set",1,30.09,39.53,0.00062,210.941,74.684,-7.16,98.9006256,473.662,1.919,0.464,0.184,0.352,5.076,0.704,0.521,-0.224,70.36,0.32,0.131,"07/21/2026 5:09 PM","Middle",05,"P01","Late",17.153888888888886,"suraj karkee","41:00:13:15",39.208365,-96.59383833333335,""
6541555,"Whole Data Set",1,30.32,39.52,0.00021,251.504,61.46,-5.93,47.622374099999995,180.593,1.406,0.586,0.172,0.242,4.918,0.497,0.484,0.019,68.9,0.24,0.053,"07/21/2026 5:09 PM","Lower",05,"P01","Late",17.163888888888888,"suraj karkee","41:00:13:15",39.20841166666666,-96.593835,""
6541554,"Whole Data Set",1,28.355,39.29,0.00054,176.129,71.761,-6.18,86.272965,407.91,2.547,0.47,0.149,0.381,3.247,0.992,-0.138,0.146,64.46,0.41,0.095,"07/21/2026 5:12 PM","Upper",06,"P01","Late",17.205555555555556,"suraj karkee","41:00:13:15",39.208405,-96.59382333333333,""
6541553,"Whole Data Set",1,28.543,39.19,0.00024,299.665,67.865,-4.54,58.8354489,251.918,1.826,0.519,0.17,0.311,4.646,0.603,0.406,-0.009,63.85,0.24,0.072,"07/21/2026 5:12 PM","Middle",06,"P01","Late",17.215555555555554,"suraj karkee","41:00:13:15",39.208421666666666,-96.59384,""
6541552,"Whole Data Set",1,30.149,39.14,0.00142,182.322,66.378,-4.19,215.8501779,1888.453,6.359,0.254,0.101,0.645,4.977,0.354,0.182,0.464,68.39,0.29,0.259,"07/21/2026 5:13 PM","Lower",06,"P01","Late",17.223888888888887,"suraj karkee","41:00:13:15",39.208423333333336,-96.59382,""
6541551,"Whole Data Set",1,31.271,38.92,0.00103,134.824,76.207,-4.67,119.67889500000001,625.772,1.946,0.425,0.195,0.38,6.155,0.464,0.502,0.035,70.23,0.25,0.139,"07/21/2026 5:16 PM","Upper",08,"P01","Late",17.272777777777776,"suraj karkee","41:00:13:15",39.208391666666664,-96.593805,""
6541550,"Whole Data Set",1,30.398,38.88,0.00025,294.914,60.319,-5.13,62.0216856,257.138,1.767,0.536,0.168,0.296,5.414,0.716,0.378,-0.094,70.7,0.26,0.074,"07/21/2026 5:16 PM","Middle",08,"P01","Late",17.281666666666666,"suraj karkee","41:00:13:15",39.20844666666667,-96.59383833333335,""
6541549,"Whole Data Set",1,29.78,38.85,0.00035,198.316,67.368,-4.64,66.2828643,280.029,1.584,0.526,0.183,0.291,4.313,0.873,0.292,-0.164,68.22,0.24,0.069,"07/21/2026 5:17 PM","Lower",08,"P01","Late",17.291666666666668,"suraj karkee","41:00:13:15",39.20845,-96.59383833333335,""
6539411,"Whole Data Set",1,59.029,24.77,0.00043,107.106,71.239,1.84,59.173112249999996,231.915,1.093,0.567,0.207,0.226,6.213,0.254,0.698,0.048,68.62,0.22,0.046,"07/21/2026 9:13 AM","Upper",05,"P02","Morning",9.22861111111111,"suraj karkee","41:00:13:15",39.20843166666667,-96.59386,""
6539410,"Whole Data Set",1,58.445,25.1,0.0006,143.821,81.766,1.19,80.518662,365.164,1.601,0.49,0.196,0.314,6.401,0.315,0.781,-0.095,70.27,0.28,0.086,"07/21/2026 9:14 AM","Middle",05,"P02","Morning",9.23861111111111,"suraj karkee","41:00:13:15",39.2084,-96.59391499999998,""
6539409,"Whole Data Set",1,58.208,25.42,0.00105,90.374,48.586,1.15,111.59183700000001,539.091,1.629,0.46,0.206,0.335,6.918,0.272,0.605,0.124,70.09,0.24,0.095,"07/21/2026 9:14 AM","Lower",05,"P02","Morning",9.248055555555554,"suraj karkee","41:00:13:15",39.20839333333333,-96.59389666666667,""
6539408,"Whole Data Set",1,57.771,25.92,0.00071,153.167,70.592,1.01,160.05493575,771.535,2.393,0.461,0.159,0.38,5.368,0.357,0.512,0.131,66.37,0.23,0.109,"07/21/2026 9:15 AM","Upper",07,"P02","Morning",9.262222222222222,"suraj karkee","41:00:13:15",39.20837166666667,-96.5939,""
6539407,"Whole Data Set",1,56.9,26.23,0.00037,144.934,60.389,0.8,83.88748800000002,345.216,1.347,0.54,0.196,0.264,5.086,0.218,0.679,0.104,64.22,0.25,0.054,"07/21/2026 9:16 AM","Middle",07,"P02","Morning",9.271666666666668,"suraj karkee","41:00:13:15",39.208435,-96.59389833333334,""
6539406,"Whole Data Set",1,56.657,26.53,0.00076,128.472,81.973,0.36,106.18908300000001,518.628,2.551,0.455,0.153,0.391,4.633,0.546,0.411,0.042,55.93,0.31,0.098,"07/21/2026 9:16 AM","Lower",07,"P02","Morning",9.280555555555557,"suraj karkee","41:00:13:15",39.20841,-96.59392166666666,""
6539405,"Whole Data Set",1,56.217,26.93,0.00073,90.773,88.217,0.5,57.2915511,245.781,1.089,0.518,0.231,0.251,4.897,0.317,0.621,0.061,68.13,0.27,0.066,"07/21/2026 9:17 AM","Upper",09,"P02","Morning",9.292777777777777,"suraj karkee","41:00:13:15",39.20844833333333,-96.59388333333332,""
6539404,"Whole Data Set",1,56.452,27.22,0.00074,86.213,69.74,0.17,65.60751015000001,303.107,1.553,0.481,0.203,0.316,6.651,0.231,0.691,0.078,69.61,0.26,0.064,"07/21/2026 9:18 AM","Middle",09,"P02","Morning",9.301944444444445,"suraj karkee","41:00:13:15",39.20845166666666,-96.59388166666668,""
6539403,"Whole Data Set",1,56.289,27.51,0.00059,140.713,43.762,-0.02,89.1721944,399.517,1.676,0.496,0.188,0.316,6.333,0.392,0.556,0.052,71.11,0.26,0.083,"07/21/2026 9:18 AM","Lower",09,"P02","Morning",9.310555555555556,"suraj karkee","41:00:13:15",39.208396666666665,-96.59382333333333,""
6539402,"Whole Data Set",1,56.134,27.86,0.00083,138.957,68.475,-0.01,146.9377728,738.752,2.49,0.442,0.16,0.398,4.783,0.359,0.42,0.221,66.51,0.22,0.115,"07/21/2026 9:19 AM","Upper",11,"P02","Morning",9.321666666666667,"suraj karkee","41:00:13:15",39.208425000000005,-96.59390166666665,""
6539401,"Whole Data Set",1,54.422,28.16,0.00058,133.988,58.406,-0.45,81.77288850000001,340.295,1.441,0.534,0.191,0.275,4.828,0.452,0.504,0.044,66.38,0.21,0.078,"07/21/2026 9:19 AM","Middle",11,"P02","Morning",9.330833333333333,"suraj karkee","41:00:13:15",39.208425000000005,-96.59393,""
6539400,"Whole Data Set",1,53.279,28.4,0.00145,122.289,75.63,0.13,218.5191783,1753.062,3.927,0.277,0.147,0.576,3.255,0.497,-0.383,0.885,67.65,0.36,0.177,"07/21/2026 9:20 AM","Lower",11,"P02","Morning",9.339444444444444,"suraj karkee","41:00:13:15",39.208435,-96.59390666666668,""
6539399,"Whole Data Set",1,44.61,33.04,0.00142,135.869,80.315,-2.99,212.0420925,1346.299,2.392,0.35,0.192,0.458,4.046,0.509,-0.056,0.547,64.33,0.27,0.193,"07/21/2026 9:40 AM","Upper",01,"P03","Morning",9.672777777777776,"suraj karkee","41:00:13:15",39.208418333333334,-96.59383666666666,""
6539398,"Whole Data Set",1,43.846,33.13,0.00039,196.68,72.821,-2.77,87.21024840000001,374.856,1.648,0.517,0.182,0.301,4.655,0.625,0.368,0.007,68.54,0.22,0.077,"07/21/2026 9:40 AM","Middle",01,"P03","Morning",9.682777777777778,"suraj karkee","41:00:13:15",39.20845,-96.59386166666667,""
6539397,"Whole Data Set",1,42.262,33.23,0.00124,199.552,49.541,-1.42,208.4879664,2068.333,7.23,0.224,0.094,0.681,4.711,0.344,0.266,0.39,64.15,0.24,0.247,"07/21/2026 9:41 AM","Lower",01,"P03","Morning",9.6925,"suraj karkee","41:00:13:15",39.208423333333336,-96.59382666666667,""
6539396,"Whole Data Set",1,43.39,33.34,0.00081,266.812,63.95,-3.37,212.04408959999998,1402.408,2.782,0.336,0.176,0.489,3.977,0.687,0.132,0.181,66.13,0.32,0.216,"07/21/2026 9:42 AM","Upper",02,"P03","Morning",9.701944444444443,"suraj karkee","41:00:13:15",39.20841,-96.59384,""
6539395,"Whole Data Set",1,39.85,33.44,0.00027,308.789,62.974,-2.97,57.717136800000006,230.684,1.436,0.556,0.182,0.262,3.351,0.903,0.238,-0.141,67,0.23,0.083,"07/21/2026 9:42 AM","Middle",02,"P03","Morning",9.711388888888887,"suraj karkee","41:00:13:15",39.20845666666666,-96.59384166666665,""
6539394,"Whole Data Set",1,41.705,33.53,0.0006,162.291,53.008,-3.98,103.73182695,469.481,2.051,0.491,0.167,0.342,4.695,0.618,0.326,0.056,66.56,0.23,0.097,"07/21/2026 9:43 AM","Lower",02,"P03","Morning",9.721388888888889,"suraj karkee","41:00:13:15",39.208418333333334,-96.59382166666667,""
6539393,"Whole Data Set",1,41.728,33.65,0.00023,217.856,79.505,-3,56.66308065,214.511,1.051,0.587,0.201,0.212,5.021,0.618,0.485,-0.103,65.23,0.22,0.05,"07/21/2026 9:43 AM","Upper",05,"P03","Morning",9.733055555555556,"suraj karkee","41:00:13:15",39.208455,-96.59383166666666,""
6539392,"Whole Data Set",1,42.787,33.77,0.00095,163.33,74.317,-2.84,151.19769689999998,1108.894,3.617,0.303,0.151,0.546,6.118,0.353,0.466,0.181,68.23,0.23,0.155,"07/21/2026 9:44 AM","Middle",05,"P03","Morning",9.743055555555555,"suraj karkee","41:00:13:15",39.208463333333334,-96.593835,""
6539391,"Whole Data Set",1,42.476,33.88,0.00037,189.085,50.932,-3.45,65.1073572,269.931,1.541,0.536,0.182,0.281,4.479,0.45,0.507,0.043,67.41,0.23,0.07,"07/21/2026 9:45 AM","Lower",05,"P03","Morning",9.751666666666667,"suraj karkee","41:00:13:15",39.20846166666667,-96.59382833333332,""
6539390,"Whole Data Set",1,41.354,34.01,0.00158,161.79,69.706,-3,245.47988295,2446.237,7.126,0.223,0.096,0.682,4.572,0.481,0.112,0.407,65.45,0.39,0.256,"07/21/2026 9:45 AM","Upper",10,"P03","Morning",9.7625,"suraj karkee","41:00:13:15",39.208481666666664,-96.59383666666666,""
6539389,"Whole Data Set",1,41.641,34.13,0.0008,181.387,57.086,-4.02,147.49378560000002,853.552,3.085,0.384,0.151,0.465,5.015,0.546,0.316,0.139,68.8,0.2,0.145,"07/21/2026 9:46 AM","Middle",10,"P03","Morning",9.772777777777778,"suraj karkee","41:00:13:15",39.20848,-96.59382166666667,""
6539388,"Whole Data Set",1,41.686,34.24,0.00067,185.767,52.698,-3.77,132.7519314,717.772,3.113,0.411,0.143,0.446,5.358,0.835,0.197,-0.032,72.4,0.26,0.124,"07/21/2026 9:46 AM","Lower",10,"P03","Morning",9.781944444444445,"suraj karkee","41:00:13:15",39.208445,-96.59382333333333,""
6539387,"Whole Data Set",1,40.311,34.47,0.00004,448.276,63.898,-0.42,171.91138139999998,1021.458,1.273,0.374,0.276,0.351,6.89,0.47,0.57,-0.04,70.19,0.07,0.018,"07/21/2026 9:48 AM","Upper",04,"P01","Morning",9.803333333333335,"suraj karkee","41:00:13:15",39.208378333333336,-96.59382166666667,""
6539386,"Whole Data Set",1,39.957,34.68,0.00057,272.632,65.224,-3.99,134.243046,761.015,2.039,0.392,0.2,0.408,4.763,0.678,0.355,-0.033,70.64,0.27,0.155,"07/21/2026 9:50 AM","Middle",04,"P01","Morning",9.834444444444445,"suraj karkee","41:00:13:15",39.20837166666667,-96.59381499999999,""
6539385,"Whole Data Set",1,38.396,34.72,0.00039,217.135,47.32,-4.39,77.053482,320.056,1.408,0.535,0.193,0.272,4.926,0.527,0.387,0.086,70.89,0.2,0.085,"07/21/2026 9:50 AM","Lower",04,"P01","Morning",9.844722222222222,"suraj karkee","41:00:13:15",39.20838666666667,-96.59382,""
6539384,"Whole Data Set",1,38.752,34.69,0.00038,248.153,79.655,-2.5,65.0388618,274.252,1.283,0.527,0.207,0.266,3.542,0.835,0.261,-0.096,64.84,0.19,0.094,"07/21/2026 9:53 AM","Upper",05,"P01","Morning",9.893888888888888,"suraj karkee","41:00:13:15",39.20836333333333,-96.59382666666667,""
6539383,"Whole Data Set",1,39.709,34.71,0.00105,140.301,67.291,-4.42,122.0587056,652.023,1.701,0.416,0.216,0.368,6.052,0.507,0.447,0.046,69.9,0.29,0.147,"07/21/2026 9:54 AM","Middle",05,"P01","Morning",9.903055555555556,"suraj karkee","41:00:13:15",39.20835,-96.59384166666665,""
6539382,"Whole Data Set",1,41.19,34.84,0.00083,140.53,68.485,-3.29,105.35754375,538.225,1.866,0.435,0.197,0.368,5.014,0.539,0.397,0.064,70.5,0.25,0.117,"07/21/2026 9:55 AM","Lower",05,"P01","Morning",9.926944444444445,"suraj karkee","41:00:13:15",39.20835666666667,-96.59382,""
6539381,"Whole Data Set",1,39.41,34.99,0.00029,179.255,74.223,-4.56,45.65307825,173.421,1.083,0.585,0.199,0.216,5.719,0.613,0.589,-0.202,65.26,0.25,0.052,"07/21/2026 9:57 AM","Upper",06,"P01","Morning",9.960277777777778,"suraj karkee","41:00:13:15",39.20838833333333,-96.59382666666667,""
6539380,"Whole Data Set",1,40.141,35,0.00094,174.247,58.841,-4.39,182.43808380000002,1259.062,2.84,0.322,0.177,0.501,5.111,0.379,0.388,0.233,66.82,0.25,0.164,"07/21/2026 9:58 AM","Middle",06,"P01","Morning",9.96861111111111,"suraj karkee","41:00:13:15",39.208373333333334,-96.59382833333332,""
6539379,"Whole Data Set",1,39.956,35.21,0.00021,242.506,60.305,-5.34,44.301095999999994,169.736,1.293,0.58,0.183,0.237,4.663,0.613,0.303,0.085,69.93,0.32,0.051,"07/21/2026 10:01 AM","Lower",06,"P01","Morning",10.018611111111111,"suraj karkee","41:00:13:15",39.208378333333336,-96.59379666666668,""
6539377,"Whole Data Set",1,37.407,35.22,0.00026,248.356,61.79,-4.47,51.07675320000001,203.412,1.587,0.558,0.171,0.271,8.884,0.317,0.642,0.04,67.94,0.23,0.065,"07/21/2026 10:01 AM","Upper",08,"P01","Morning",10.028055555555556,"suraj karkee","41:00:13:15",39.208385,-96.59379666666668,""
6539376,"Whole Data Set",1,36.773,35.22,0.00082,192.918,65.53,-4.47,171.6089625,1016.942,3.182,0.375,0.15,0.476,4.855,0.644,0.168,0.187,71.05,0.26,0.158,"07/21/2026 10:02 AM","Middle",08,"P01","Morning",10.040833333333333,"suraj karkee","41:00:13:15",39.20836166666666,-96.59381333333334,""
6539375,"Whole Data Set",1,37.399,35.26,0.00031,275.13,62.519,-4.57,66.48066000000001,274.6,1.387,0.538,0.193,0.268,3.656,0.717,0.241,0.041,68.81,0.25,0.085,"07/21/2026 10:03 AM","Lower",08,"P01","Morning",10.055833333333334,"suraj karkee","41:00:13:15",39.20838666666667,-96.59383166666666,""
6539374,"Whole Data Set",1,33.053,33.8,0.00066,193.314,74.328,-2.73,146.51836874999998,868.257,2.867,0.375,0.162,0.463,5.079,0.381,0.402,0.217,70.18,0.26,0.128,"07/21/2026 12:00 PM","Upper",05,"P02","Noon",12.009444444444444,"suraj karkee","41:00:13:15",39.208435,-96.59389000000002,""
6539373,"Whole Data Set",1,32.502,33.95,0.00071,137.861,88.676,-2.4,73.93958459999999,330.604,1.555,0.497,0.197,0.306,4.859,0.498,0.463,0.038,68.23,0.29,0.098,"07/21/2026 12:01 PM","Middle",05,"P02","Noon",12.01888888888889,"suraj karkee","41:00:13:15",39.20842833333334,-96.593895,""
6539372,"Whole Data Set",1,32.729,34.11,0.00039,220.918,54.746,-2.82,82.96399575000001,348.515,1.913,0.529,0.162,0.309,5.512,0.699,0.334,-0.033,69.39,0.26,0.086,"07/21/2026 12:01 PM","Lower",05,"P02","Noon",12.028333333333334,"suraj karkee","41:00:13:15",39.20840666666666,-96.59390833333333,""
6539371,"Whole Data Set",1,33.542,34.28,0.00145,227.632,70.563,-1.83,197.22355199999998,1369.608,3.431,0.32,0.153,0.526,5.187,0.445,0.293,0.262,66.8,0.22,0.33,"07/21/2026 12:02 PM","Upper",07,"P02","Noon",12.038055555555555,"suraj karkee","41:00:13:15",39.208425000000005,-96.59388333333332,""
6539370,"Whole Data Set",1,32.335,34.46,0.00072,244.145,43.208,-2.39,200.86648920000002,1430.673,4.238,0.312,0.131,0.557,4.219,0.39,0.342,0.268,64.86,0.28,0.176,"07/21/2026 12:02 PM","Middle",07,"P02","Noon",12.047222222222222,"suraj karkee","41:00:13:15",39.20845166666666,-96.59390499999999,""
6539369,"Whole Data Set",1,33.053,34.62,0.00126,130.56,86.426,-2.99,162.54135135,1071.819,3.619,0.337,0.144,0.52,4.629,0.584,0.196,0.219,68.48,0.34,0.165,"07/21/2026 12:03 PM","Lower",07,"P02","Noon",12.056111111111111,"suraj karkee","41:00:13:15",39.208445,-96.59392166666666,""
6539368,"Whole Data Set",1,32.398,34.85,0.00092,137.861,96.477,-2.7,108.05757885,595.851,2.049,0.403,0.196,0.401,5.208,0.565,0.405,0.03,66.67,0.23,0.127,"07/21/2026 12:04 PM","Upper",08,"P02","Noon",12.066944444444443,"suraj karkee","41:00:13:15",39.208455,-96.593895,""
6539367,"Whole Data Set",1,31.586,35.06,0.00053,150.144,73.202,-2.77,66.7941867,291.614,1.65,0.509,0.185,0.306,5.75,0.266,0.613,0.121,67.45,0.25,0.08,"07/21/2026 12:04 PM","Middle",09,"P02","Noon",12.076944444444445,"suraj karkee","41:00:13:15",39.20845666666666,-96.59387833333334,""
6539366,"Whole Data Set",1,31.168,35.26,0.00094,221.662,45.535,-3.37,259.98032025,2027.137,4.637,0.285,0.127,0.588,6.128,0.422,0.32,0.257,70.96,0.33,0.208,"07/21/2026 12:05 PM","Lower",09,"P02","Noon",12.085833333333333,"suraj karkee","41:00:13:15",39.208420000000004,-96.593845,""
6539365,"Whole Data Set",1,31.613,35.45,0.00133,139.434,82.347,-4.06,205.7085459,1598.357,3.42,0.286,0.161,0.552,3.82,0.633,0.093,0.274,68.05,0.37,0.185,"07/21/2026 12:05 PM","Upper",11,"P02","Noon",12.095,"suraj karkee","41:00:13:15",39.20843833333333,-96.59389833333334,""
6539364,"Whole Data Set",1,30.64,35.61,0.00048,186.268,58.854,-4.22,66.43222200000001,280.66,1.684,0.526,0.176,0.297,5.663,0.521,0.465,0.014,69.29,0.23,0.089,"07/21/2026 12:06 PM","Middle",11,"P02","Noon",12.10388888888889,"suraj karkee","41:00:13:15",39.208465000000004,-96.59392166666666,""
6539363,"Whole Data Set",1,29.989,35.76,0.00068,204.488,55.431,-4.33,127.79020799999999,682.64,2.635,0.416,0.161,0.424,5.188,0.503,0.4,0.098,71.62,0.25,0.139,"07/21/2026 12:06 PM","Lower",11,"P02","Noon",12.111944444444443,"suraj karkee","41:00:13:15",39.208463333333334,-96.59390499999999,""
6539362,"Whole Data Set",1,28.33,37.5,0.00116,238.009,74.397,-3.57,263.8689858,1809.801,4.546,0.324,0.122,0.554,4.248,0.834,0.147,0.019,65.41,0.38,0.276,"07/21/2026 12:19 PM","Upper",01,"P01","Noon",12.31861111111111,"suraj karkee","41:00:13:15",39.208468333333336,-96.59381666666668,""
6539361,"Whole Data Set",1,29.406,37.54,0.00048,214.292,71.214,-4.25,114.94113705,522.341,2.131,0.489,0.163,0.348,4.119,0.828,0.12,0.052,67.22,0.24,0.103,"07/21/2026 12:19 PM","Middle",01,"P01","Noon",12.328333333333333,"suraj karkee","41:00:13:15",39.20847166666667,-96.593805,""
6539360,"Whole Data Set",1,27.418,37.59,0.00036,247.079,48.219,-4.66,87.1833888,401.952,2.613,0.482,0.143,0.374,2.687,1.199,-0.195,-0.004,64.5,0.25,0.089,"07/21/2026 12:20 PM","Lower",01,"P01","Noon",12.3375,"suraj karkee","41:00:13:15",39.20845833333333,-96.59381666666668,""
6539359,"Whole Data Set",1,28.531,37.63,0.00108,185.316,69.506,-4.92,184.32066825,1222.691,2.851,0.335,0.173,0.493,4.207,0.413,0.228,0.358,65.2,0.35,0.2,"07/21/2026 12:20 PM","Upper",02,"P01","Noon",12.346666666666668,"suraj karkee","41:00:13:15",39.20848,-96.59382666666667,""
6539358,"Whole Data Set",1,29.235,37.7,0.00042,179.927,61.381,-5.19,74.2481343,308.981,1.713,0.534,0.172,0.294,4.133,0.68,0.323,-0.003,67.24,0.22,0.076,"07/21/2026 12:21 PM","Middle",02,"P01","Noon",12.355277777777777,"suraj karkee","41:00:13:15",39.208483333333334,-96.59381333333334,""
6539357,"Whole Data Set",1,31.772,37.76,0.00132,202.362,56.823,-3.15,207.077625,2000.75,7.331,0.23,0.092,0.677,4.006,0.539,0.07,0.391,67.56,0.28,0.267,"07/21/2026 12:21 PM","Lower",02,"P01","Noon",12.36361111111111,"suraj karkee","41:00:13:15",39.208485,-96.59383000000001,""
6539356,"Whole Data Set",1,32.635,37.86,0.00026,405.505,70.378,-5.79,69.53799420000001,281.987,1.366,0.548,0.191,0.261,3.622,0.837,0.182,-0.019,66.33,0.4,0.105,"07/21/2026 12:22 PM","Upper",05,"P01","Noon",12.374444444444444,"suraj karkee","41:00:13:15",39.208511666666666,-96.59382166666667,""
6539355,"Whole Data Set",1,33.293,37.96,0.00063,196.469,78.844,-5.03,111.97730115000002,580.043,2.752,0.429,0.152,0.419,4.911,0.624,0.383,-0.007,68.84,0.23,0.124,"07/21/2026 12:23 PM","Middle",05,"P01","Noon",12.383888888888889,"suraj karkee","41:00:13:15",39.208486666666666,-96.59380833333334,""
6539354,"Whole Data Set",1,33.673,38.05,0.00082,216.944,49.76,-4.94,157.20871319999998,1134.262,4.413,0.308,0.128,0.564,4.81,0.445,0.464,0.091,68.04,0.28,0.178,"07/21/2026 12:23 PM","Lower",05,"P01","Noon",12.393055555555556,"suraj karkee","41:00:13:15",39.20850666666667,-96.59382499999998,""
6539353,"Whole Data Set",1,32.98,38.14,0.00059,431.974,72.649,-7.45,233.41242375000004,1886.161,4.618,0.275,0.129,0.596,0,"null","null","null",68.22,3.42,0.255,"07/21/2026 12:24 PM","Upper",11,"P01","Noon",12.4025,"suraj karkee","41:00:13:15",39.2085,-96.59380000000002,""
6539352,"Whole Data Set",1,33.883,38.26,0.00076,217.759,57.782,-5.89,165.5773245,931.518,2.829,0.395,0.158,0.447,4.869,0.602,0.339,0.059,69.81,3.12,0.165,"07/21/2026 12:24 PM","Middle",10,"P01","Noon",12.413611111111111,"suraj karkee","41:00:13:15",39.20852333333333,-96.59384833333334,""
6539351,"Whole Data Set",1,34.53,38.37,0.00042,205.212,59.896,-5.56,90.13313699999999,388.924,1.952,0.515,0.164,0.321,4.069,0.87,0.125,0.005,73.85,0.37,0.086,"07/21/2026 12:25 PM","Lower",10,"P01","Noon",12.422777777777776,"suraj karkee","41:00:13:15",39.2085,-96.59382166666667,""
6539350,"Whole Data Set",1,29.72,38.66,0.00123,151.549,56.076,-2.67,119.07128519999999,609.684,1.817,0.434,0.201,0.365,4.983,0.54,0.361,0.099,71.19,0.25,0.186,"07/21/2026 12:27 PM","Upper",04,"P01","Noon",12.452777777777778,"suraj karkee","41:00:13:15",39.20844,-96.59381333333334,""
6539349,"Whole Data Set",1,29.506,38.73,0.00053,170.452,73.045,-5.96,79.5975336,362.466,2.518,0.488,0.146,0.367,4.857,0.682,0.245,0.073,70.27,0.29,0.09,"07/21/2026 12:27 PM","Middle",04,"P01","Noon",12.462499999999999,"suraj karkee","41:00:13:15",39.20840666666666,-96.59383666666666,""
6539348,"Whole Data Set",1,30.26,38.8,0.00082,202.951,53.712,-5.39,152.3510847,935.243,2.994,0.362,0.16,0.478,4.459,0.502,0.327,0.172,70.77,0.22,0.166,"07/21/2026 12:28 PM","Lower",04,"P01","Noon",12.470833333333333,"suraj karkee","41:00:13:15",39.20840833333333,-96.593835,""
6539347,"Whole Data Set",1,29.891,38.89,0.00063,167.589,76.25,-4.02,81.45478125,381.075,1.815,0.475,0.186,0.338,1.699,2.161,-0.974,-0.187,65.44,0.17,0.106,"07/21/2026 12:29 PM","Upper",05,"P01","Noon",12.48361111111111,"suraj karkee","41:00:13:15",39.208414999999995,-96.59382499999998,""
6539346,"Whole Data Set",1,27.716,38.93,0.00101,176.367,67.618,-6.34,139.37989725,761.015,2.182,0.407,0.186,0.407,4.47,0.958,0.16,-0.118,71.53,0.25,0.178,"07/21/2026 12:29 PM","Middle",05,"P01","Noon",12.4925,"suraj karkee","41:00:13:15",39.20840833333333,-96.593835,""
6539345,"Whole Data Set",1,27.985,38.97,0.00083,224.718,59.204,-6.68,235.9111203,1735.917,2.559,0.302,0.196,0.502,4.934,0.593,0.274,0.133,69.9,0.28,0.187,"07/21/2026 12:30 PM","Lower",05,"P01","Noon",12.5025,"suraj karkee","41:00:13:15",39.20838666666667,-96.59385166666668,""
6539344,"Whole Data Set",1,25.263,39.01,0.00063,140.013,69.097,-5.56,60.55388325,263.335,1.749,0.511,0.178,0.311,5.729,0.405,0.539,0.055,65.85,0.21,0.088,"07/21/2026 12:30 PM","Upper",06,"P01","Noon",12.512222222222222,"suraj karkee","41:00:13:15",39.208455,-96.59380666666667,""
6539343,"Whole Data Set",1,26.522,39.02,0.0008,263.735,62.372,-6.17,224.9800578,1712.177,4.814,0.292,0.122,0.586,4.646,0.496,0.221,0.283,65.1,0.23,0.211,"07/21/2026 12:31 PM","Middle",06,"P01","Noon",12.521111111111113,"suraj karkee","41:00:13:15",39.20845166666666,-96.59381333333334,""
6539342,"Whole Data Set",1,26.621,39.04,0.00096,130.516,62.277,-6.07,96.1726302,479.186,2.012,0.446,0.184,0.37,4.292,0.522,0.306,0.172,71.47,0.25,0.125,"07/21/2026 12:31 PM","Lower",06,"P01","Noon",12.529722222222222,"suraj karkee","41:00:13:15",39.20842833333334,-96.59381,""
6539341,"Whole Data Set",1,24.102,39.04,0.00051,216.425,75.62,-5.63,80.0448912,333.104,1.711,0.534,0.172,0.294,4.524,0.486,0.37,0.144,69.85,0.24,0.11,"07/21/2026 12:32 PM","Upper",08,"P01","Noon",12.541944444444445,"suraj karkee","41:00:13:15",39.20845666666666,-96.59381666666668,""
6539340,"Whole Data Set",1,25.552,38.99,0.00098,213.797,65.014,-6.54,235.43106705000005,1888.737,5.05,0.277,0.119,0.603,4.872,0.464,0.145,0.39,70.62,0.28,0.21,"07/21/2026 12:33 PM","Middle",08,"P01","Noon",12.550833333333333,"suraj karkee","41:00:13:15",39.20840666666666,-96.59382166666667,""
6539339,"Whole Data Set",1,26.256,39,0.00102,133.121,58.539,-6.71,115.29555030000002,590.351,1.994,0.434,0.189,0.377,4.898,0.486,0.351,0.163,69.9,0.31,0.136,"07/21/2026 12:33 PM","Lower",08,"P01","Noon",12.56,"suraj karkee","41:00:13:15",39.208418333333334,-96.59382499999998,""
6536606,"Whole Data Set",1,57.148,28.1,0.0012,134.805,61.523,4.49,195.4832328,1203.344,2.368,0.361,0.19,0.449,4.49,0.307,0.266,0.427,64.11,0.28,0.162,"07/20/2026 4:24 PM","Upper",01,"P03","Late",16.40722222222222,"suraj karkee","41:00:13:15",39.20835,-96.59377166666667,""
6536605,"Whole Data Set",1,55.385,28.74,0.00022,237.276,83.275,4.55,44.901639,166.58,0.89,0.599,0.212,0.189,5.342,0.398,0.657,-0.055,68.29,0.19,0.052,"07/20/2026 4:25 PM","Middle",01,"P03","Late",16.421111111111113,"suraj karkee","41:00:13:15",39.208418333333334,-96.59380000000002,""
6536604,"Whole Data Set",1,54.062,29.36,0.00175,105.336,40.363,4.23,177.6197241,1445.826,4.223,0.273,0.139,0.588,4.056,0.395,0.154,0.451,64.29,0.22,0.184,"07/20/2026 4:25 PM","Lower",01,"P03","Late",16.431944444444447,"suraj karkee","41:00:13:15",39.20842666666667,-96.59381833333333,""
6536603,"Whole Data Set",1,53.607,29.9,0.00034,165.337,79.029,3.85,49.4361027,187.471,1.006,0.586,0.206,0.208,5.059,0.497,0.603,-0.1,65.39,0.29,0.056,"07/20/2026 4:26 PM","Upper",02,"P03","Late",16.442777777777778,"suraj karkee","41:00:13:15",39.208420000000004,-96.59381499999999,""
6536602,"Whole Data Set",1,52.932,30.36,0.00118,231.913,54.754,3.53,268.36991370000004,2242.021,5.465,0.266,0.114,0.62,6.62,0.43,0.592,-0.022,64.45,0.23,0.274,"07/20/2026 4:27 PM","Middle",02,"P03","Late",16.451944444444443,"suraj karkee","41:00:13:15",39.20843333333333,-96.59380666666667,""
6536601,"Whole Data Set",1,52.452,30.81,0.00055,239.356,57.875,4.7,95.47135515000001,454.301,1.635,0.467,0.202,0.331,0,"null","null","null",65.99,3.54,0.132,"07/20/2026 4:27 PM","Lower",02,"P03","Late",16.460555555555555,"suraj karkee","41:00:13:15",39.20840333333333,-96.59384999999999,""
6536600,"Whole Data Set",1,51.302,31.4,0.00064,146.415,71.005,2.95,73.8563184,314.416,1.618,0.522,0.182,0.295,4.821,0.591,0.511,-0.102,66.46,0.24,0.094,"07/20/2026 4:28 PM","Upper",05,"P03","Late",16.472499999999997,"suraj karkee","41:00:13:15",39.20848,-96.59382,""
6536599,"Whole Data Set",1,50.632,31.85,0.00017,259.806,78.124,2.84,46.06983,170.629,1.193,0.6,0.182,0.218,4.897,0.345,0.64,0.015,66.71,0.21,0.044,"07/20/2026 4:28 PM","Middle",05,"P03","Late",16.481944444444444,"suraj karkee","41:00:13:15",39.20842666666667,-96.59382499999998,""
6536598,"Whole Data Set",1,49.746,32.31,0.00095,260.442,52.232,3.72,167.445819,1078.556,4.284,0.345,0.124,0.531,4.477,0.555,0.177,0.268,66.52,0.24,0.247,"07/20/2026 4:29 PM","Lower",05,"P03","Late",16.491111111111113,"suraj karkee","41:00:13:15",39.20843333333333,-96.59382166666667,""
6536597,"Whole Data Set",1,50.097,32.81,0.00021,472.922,74.771,2.4,58.843525500000005,236.035,1.39,0.554,0.187,0.259,4.61,0.65,0.359,-0.01,68.48,0.26,0.099,"07/20/2026 4:30 PM","Upper",10,"P03","Late",16.501666666666665,"suraj karkee","41:00:13:15",39.208420000000004,-96.59381166666665,""
6536596,"Whole Data Set",1,49.372,33.23,0.00114,127.126,62.519,1.54,111.626505,583.668,1.896,0.425,0.199,0.377,4.72,0.411,0.469,0.12,68.58,0.18,0.145,"07/20/2026 4:30 PM","Middle",10,"P03","Late",16.511388888888888,"suraj karkee","41:00:13:15",39.208425000000005,-96.59381333333334,""
6536595,"Whole Data Set",1,48.588,33.69,0.00038,197.713,52.634,2.04,70.59121290000002,294.314,1.664,0.533,0.175,0.292,4.842,0.726,0.421,-0.148,72.11,0.32,0.075,"07/20/2026 4:31 PM","Lower",10,"P03","Late",16.52138888888889,"suraj karkee","41:00:13:15",39.20843,-96.59383000000001,""
6536594,"Whole Data Set",1,41.117,38.59,0.00139,184.331,59.713,-2.04,228.8047365,1753.293,5.6,0.29,0.108,0.602,3.503,1.007,-0.085,0.078,67.31,0.32,0.256,"07/20/2026 4:50 PM","Upper",04,"P01","Late",16.840833333333332,"suraj karkee","41:00:13:15",39.20837166666667,-96.593845,""
6536593,"Whole Data Set",1,41.441,38.71,0.00016,242.705,77.22,-1.56,43.1000109,161.514,1.353,0.593,0.173,0.234,4.685,0.699,0.319,-0.018,69.92,0.23,0.039,"07/20/2026 4:50 PM","Middle",04,"P01","Late",16.849722222222223,"suraj karkee","41:00:13:15",39.20838333333334,-96.59382499999998,""
6536592,"Whole Data Set",1,39.281,38.82,0.00022,180.877,70.105,-1.45,56.402750250000004,228.305,1.654,0.549,0.17,0.281,6.003,0.557,0.638,-0.195,70.95,0.21,0.04,"07/20/2026 4:51 PM","Lower",04,"P01","Late",16.859166666666667,"suraj karkee","41:00:13:15",39.208373333333334,-96.59386500000001,""
6536591,"Whole Data Set",1,39.522,38.96,0.00054,232.415,81.92,-1.93,63.095266800000005,261.589,1.712,0.536,0.171,0.293,4.345,0.771,0.32,-0.092,66.74,0.19,0.126,"07/20/2026 4:52 PM","Upper",05,"P01","Late",16.868333333333332,"suraj karkee","41:00:13:15",39.20835833333333,-96.59384333333334,""
6536590,"Whole Data Set",1,38.372,39.05,0.00054,258.718,78.157,-3.14,76.3214427,317.609,1.671,0.534,0.174,0.291,5.451,0.606,0.474,-0.08,71.18,0.26,0.14,"07/20/2026 4:52 PM","Middle",05,"P01","Late",16.8775,"suraj karkee","41:00:13:15",39.20834833333333,-96.593835,""
6536589,"Whole Data Set",1,35.627,39.15,0.00051,146.88,69.311,-2.9,64.48252860000001,291.249,1.913,0.492,0.175,0.334,5.062,0.587,0.509,-0.096,69.36,0.24,0.075,"07/20/2026 4:53 PM","Lower",05,"P01","Late",16.888333333333332,"suraj karkee","41:00:13:15",39.208385,-96.59383833333335,""
6536588,"Whole Data Set",1,37.617,39.27,0.00098,213.889,75.848,-3.98,139.52916945,909.281,4.292,0.341,0.124,0.534,4.753,0.514,0.351,0.135,64.39,0.4,0.21,"07/20/2026 4:53 PM","Upper",06,"P01","Late",16.898055555555555,"suraj karkee","41:00:13:15",39.20841,-96.59381499999999,""
6536587,"Whole Data Set",1,38.626,39.36,0.00065,212.872,62.827,-2.53,98.5968099,499.098,3.031,0.439,0.139,0.422,3.912,0.853,0.235,-0.088,65.25,0.22,0.138,"07/20/2026 4:54 PM","Middle",06,"P01","Late",16.90722222222222,"suraj karkee","41:00:13:15",39.2084,-96.59381,""
6536586,"Whole Data Set",1,37.873,39.45,0.0013,215.197,70.513,-3.08,219.6139482,1718.419,5.643,0.284,0.108,0.608,4.548,0.57,0.188,0.242,70.21,0.28,0.28,"07/20/2026 4:54 PM","Lower",06,"P01","Late",16.91638888888889,"suraj karkee","41:00:13:15",39.20840166666667,-96.59381,""
6536585,"Whole Data Set",1,37.867,39.53,0.0007,175.994,76.486,-3.76,86.5741005,396.674,1.558,0.485,0.201,0.314,4.407,0.47,0.211,0.319,69.39,0.22,0.123,"07/20/2026 4:55 PM","Upper",08,"P01","Late",16.926111111111112,"suraj karkee","41:00:13:15",39.20838166666667,-96.59381333333334,""
6536584,"Whole Data Set",1,37.334,39.65,0.00015,317.335,70.694,-3.62,40.0816701,154.101,1.613,0.578,0.161,0.26,5.168,0.534,0.507,-0.04,71.12,0.22,0.048,"07/20/2026 4:56 PM","Middle",08,"P01","Late",16.935277777777777,"suraj karkee","41:00:13:15",39.20838833333333,-96.59382333333333,""
6536583,"Whole Data Set",1,37.877,39.79,0.00133,219.62,60.637,-2.1,215.97936165000002,2059.889,7.457,0.233,0.091,0.676,3.899,0.545,0.113,0.342,67.94,0.29,0.292,"07/20/2026 4:56 PM","Lower",08,"P01","Late",16.944444444444446,"suraj karkee","41:00:13:15",39.20838166666667,-96.59384666666668,""
6536582,"Whole Data Set",1,35.64,39.95,0.00136,136.18,78.398,-3.4,177.02734680000003,1184.922,2.851,0.332,0.173,0.494,4.36,0.578,0.208,0.214,69.55,0.27,0.185,"07/20/2026 4:57 PM","Upper",05,"P02","Late",16.960277777777776,"suraj karkee","41:00:13:15",39.208420000000004,-96.593935,""
6536581,"Whole Data Set",1,33.939,40.05,0.00026,319.784,81.207,-3.02,49.77365399999999,185.896,0.938,0.595,0.209,0.196,4.687,0.799,0.36,-0.159,70.22,0.28,0.083,"07/20/2026 4:58 PM","Middle",05,"P02","Late",16.970555555555553,"suraj karkee","41:00:13:15",39.20841,-96.59391333333333,""
6536580,"Whole Data Set",1,34.88,40.15,0.00067,240.765,51.12,-4.04,141.42914280000002,810.018,4.033,0.388,0.122,0.491,5.145,0.405,0.223,0.372,69.81,0.25,0.161,"07/20/2026 4:58 PM","Lower",05,"P02","Late",16.979444444444443,"suraj karkee","41:00:13:15",39.20838666666667,-96.59391666666667,""
6536579,"Whole Data Set",1,34.174,40.26,0.00002,-199.793,77.016,-1.13,590.523849,1921.34,12.331,0.683,0.024,0.293,-10.059,-29.311,43.789,-13.478,66.94,0.1,-0.004,"07/20/2026 4:59 PM","Upper",07,"P02","Late",16.988055555555558,"suraj karkee","41:00:13:15",39.20840833333333,-96.593875,""
6536578,"Whole Data Set",1,32.932,40.34,0.00128,232.583,46.187,-4.01,239.95348875000005,2369.911,8.475,0.225,0.082,0.693,3.874,0.572,0.013,0.415,66.04,0.27,0.298,"07/20/2026 4:59 PM","Middle",07,"P02","Late",16.998055555555556,"suraj karkee","41:00:13:15",39.208421666666666,-96.59389333333333,""
6536577,"Whole Data Set",1,34.771,40.46,0.00029,218.46,100.901,-5.55,58.0590396,221.684,1.16,0.582,0.194,0.225,3.854,0.93,0.372,-0.302,69.93,0.36,0.063,"07/20/2026 5:00 PM","Lower",07,"P02","Late",17.0075,"suraj karkee","41:00:13:15",39.208405,-96.59387999999998,""
6536576,"Whole Data Set",1,33.132,40.6,0.00156,157.522,94.72,-2.25,231.81317775000002,2230.045,5.456,0.231,0.119,0.65,3.931,0.44,0.117,0.442,68.03,0.22,0.246,"07/20/2026 5:01 PM","Upper",09,"P02","Late",17.01888888888889,"suraj karkee","41:00:13:15",39.20844,-96.59388166666668,""
6536575,"Whole Data Set",1,34.904,40.8,0.00121,210.275,71.923,-3.35,277.09510365,2341.319,5.454,0.263,0.114,0.623,5.192,0.358,0.394,0.248,71.31,0.25,0.254,"07/20/2026 5:02 PM","Middle",09,"P02","Late",17.041944444444447,"suraj karkee","41:00:13:15",39.20845,-96.59386166666667,""
6536574,"Whole Data Set",1,35.539,40.85,0.00015,342.703,30.149,-3.82,46.03475925,181.061,1.617,0.565,0.166,0.269,5.201,0.586,0.507,-0.092,73.31,0.31,0.051,"07/20/2026 5:03 PM","Lower",09,"P02","Late",17.05138888888889,"suraj karkee","41:00:13:15",39.208425000000005,-96.59387333333333,""
6536573,"Whole Data Set",1,35.036,40.93,0.00018,189.049,83.717,-4.76,56.36707245000001,224.079,1.38,0.559,0.185,0.256,3.899,0.847,0.24,-0.087,64.84,0.29,0.034,"07/20/2026 5:03 PM","Upper",11,"P02","Late",17.06388888888889,"suraj karkee","41:00:13:15",39.20844,-96.5939,""
6536572,"Whole Data Set",1,35.395,41.03,0.00078,282.41,70.312,-4.48,229.58648595,1630.007,3.682,0.313,0.147,0.54,4.473,0.583,0.3,0.117,71.07,0.25,0.22,"07/20/2026 5:04 PM","Middle",11,"P02","Late",17.07361111111111,"suraj karkee","41:00:13:15",39.20842833333334,-96.59390499999999,""
6536571,"Whole Data Set",1,34.054,41.11,0.00125,228.258,37.735,-5.45,262.37970045,2419.361,7.109,0.241,0.094,0.665,4.732,0.359,0.171,0.47,69.96,0.27,0.285,"07/20/2026 5:04 PM","Lower",11,"P02","Late",17.083055555555557,"suraj karkee","41:00:13:15",39.208436666666664,-96.59388666666668,""
6535644,"Whole Data Set",1,67.709,24.82,0.00072,95.471,64.482,4.65,77.96116530000002,328.742,1.404,0.527,0.197,0.276,4.335,0.589,0.244,0.167,66.39,0.37,0.069,"07/20/2026 9:22 AM","Upper",01,"P03","Morning",9.373055555555556,"suraj karkee","41:00:13:15",39.20844833333333,-96.59379499999999,""
6535643,"Whole Data Set",1,67.508,25.19,0.00081,66.434,74.967,4.18,48.3041475,207.225,1.699,0.518,0.179,0.304,5.409,0.329,0.652,0.019,67.53,0.2,0.054,"07/20/2026 9:23 AM","Middle",01,"P03","Morning",9.38361111111111,"suraj karkee","41:00:13:15",39.20842833333334,-96.59385499999999,""
6535642,"Whole Data Set",1,67.461,25.57,0.00277,52.408,58.145,5.58,92.3023494,1738.274,13.38,0.118,0.061,0.821,4.136,0.301,0.074,0.624,65.85,0.22,0.145,"07/20/2026 9:23 AM","Lower",01,"P03","Morning",9.393055555555556,"suraj karkee","41:00:13:15",39.208423333333336,-96.59387,""
6535641,"Whole Data Set",1,67.515,25.93,0.00233,94.613,86.875,6.88,176.6946726,2205.926,8.078,0.178,0.091,0.731,4.12,0.377,0.03,0.593,62.4,0.25,0.22,"07/20/2026 9:24 AM","Upper",02,"P03","Morning",9.401944444444444,"suraj karkee","41:00:13:15",39.20842833333334,-96.59385666666667,""
6535640,"Whole Data Set",1,67.433,26.32,0.00091,46.964,52.334,3.69,35.34035625,165.335,2.249,0.475,0.162,0.364,6.213,0.238,0.671,0.091,68.07,0.17,0.043,"07/20/2026 9:24 AM","Middle",02,"P03","Morning",9.411111111111111,"suraj karkee","41:00:13:15",39.208459999999995,-96.59388333333332,""
6535639,"Whole Data Set",1,66.975,26.76,0.00097,69.26,53.865,2.99,64.4777307,293.014,2.135,0.489,0.163,0.348,3.276,0.526,0.38,0.094,65.94,0.18,0.067,"07/20/2026 9:25 AM","Lower",02,"P03","Morning",9.420833333333333,"suraj karkee","41:00:13:15",39.20842666666667,-96.59387166666666,""
6535638,"Whole Data Set",1,67.108,27.19,0.00032,220.788,66.431,2.5,45.5015808,169.088,0.919,0.598,0.21,0.193,5.728,0.468,0.561,-0.029,65.16,0.22,0.071,"07/20/2026 9:25 AM","Upper",05,"P03","Morning",9.430833333333332,"suraj karkee","41:00:13:15",39.208466666666666,-96.59386,""
6535637,"Whole Data Set",1,66.499,27.56,0.00179,126.799,84.382,3.09,207.47804715000004,1701.337,3.212,0.271,0.173,0.556,5.462,0.347,0.234,0.42,67.28,0.22,0.227,"07/20/2026 9:26 AM","Middle",05,"P03","Morning",9.439722222222223,"suraj karkee","41:00:13:15",39.20843333333333,-96.59384833333334,""
6535636,"Whole Data Set",1,65.341,27.96,0.00045,104.689,47.498,2.09,41.93439120000001,166.704,1.475,0.559,0.178,0.263,4.391,0.403,0.571,0.026,68.67,0.22,0.047,"07/20/2026 9:26 AM","Lower",05,"P03","Morning",9.449166666666667,"suraj karkee","41:00:13:15",39.20845166666666,-96.59385333333333,""
6535635,"Whole Data Set",1,64.368,28.52,0.00159,173.997,78.782,3.21,274.1205456,2307.412,4.423,0.264,0.136,0.6,4.861,0.46,0.276,0.264,66.43,0.21,0.277,"07/20/2026 9:27 AM","Upper",10,"P03","Morning",9.46361111111111,"suraj karkee","41:00:13:15",39.20845,-96.59385833333333,""
6535634,"Whole Data Set",1,63.714,28.86,-0.00166,177.057,53.589,1.43,178.750044,1203.704,3.481,0.33,0.149,0.52,0,"null","null","null",67.57,4.24,-0.294,"07/20/2026 9:28 AM","Middle",10,"P03","Morning",9.473333333333333,"suraj karkee","41:00:13:15",39.208488333333335,-96.59384333333334,""
6535633,"Whole Data Set",1,63.157,29.24,0.00155,157.596,57.136,2.31,225.7961472,1960.036,5.251,0.256,0.119,0.625,4.44,0.54,0.206,0.254,70.2,0.23,0.244,"07/20/2026 9:29 AM","Lower",10,"P03","Morning",9.483333333333333,"suraj karkee","41:00:13:15",39.20843166666667,-96.59385666666667,""
6535632,"Whole Data Set",1,49.424,36.95,0.00022,289.611,62.335,-3.46,46.2588714,176.932,1.316,0.581,0.181,0.238,4.526,0.634,0.421,-0.056,69.39,0.23,0.064,"07/20/2026 9:51 AM","Upper",04,"P01","Morning",9.859166666666667,"suraj karkee","41:00:13:15",39.208376666666666,-96.59383666666666,""
6535631,"Whole Data Set",1,49.886,37.02,0.00036,235.232,73.498,-5.47,78.19035840000001,314.776,1.621,0.552,0.171,0.277,2.89,0.927,-0.051,0.125,69.54,0.35,0.085,"07/20/2026 9:52 AM","Middle",04,"P01","Morning",9.867777777777778,"suraj karkee","41:00:13:15",39.208385,-96.59383833333335,""
6535630,"Whole Data Set",1,49.355,37.09,0.00016,324.592,47.878,-3,45.733030199999995,177.673,1.441,0.572,0.175,0.252,4.088,0.736,0.475,-0.21,70.99,0.2,0.052,"07/20/2026 9:52 AM","Lower",04,"P01","Morning",9.87638888888889,"suraj karkee","41:00:13:15",39.20840666666666,-96.59383666666666,""
6535629,"Whole Data Set",1,49.315,37.17,0.00115,208.044,73.454,-1.92,199.9475325,1532.165,5.403,0.29,0.111,0.599,3.252,0.725,-0.079,0.354,62.37,0.19,0.239,"07/20/2026 9:53 AM","Upper",05,"P01","Morning",9.885555555555555,"suraj karkee","41:00:13:15",39.20837166666667,-96.59382,""
6535628,"Whole Data Set",1,47.811,37.22,0.00092,184.237,75.599,-2.45,129.437937,698.155,1.928,0.412,0.201,0.387,3.455,0.809,0.124,0.067,71.58,0.42,0.169,"07/20/2026 9:53 AM","Middle",05,"P01","Morning",9.895277777777777,"suraj karkee","41:00:13:15",39.20838333333334,-96.593835,""
6535627,"Whole Data Set",1,47.049,37.26,0.00035,174.532,65.538,-5.63,64.03912245000001,260.163,1.54,0.547,0.179,0.275,5.315,0.444,0.534,0.021,70.89,0.29,0.061,"07/20/2026 9:54 AM","Lower",05,"P01","Morning",9.904444444444445,"suraj karkee","41:00:13:15",39.208369999999995,-96.59381333333334,""
6535626,"Whole Data Set",1,48.132,37.31,0.00019,350.06,76.052,-4.08,45.8762859,170.766,0.93,0.597,0.209,0.194,4.702,0.657,0.418,-0.075,62.43,0.32,0.067,"07/20/2026 9:54 AM","Upper",06,"P01","Morning",9.914722222222222,"suraj karkee","41:00:13:15",39.208396666666665,-96.59382499999998,""
6535625,"Whole Data Set",1,47.562,37.36,0.00115,245.645,58.377,-3.51,291.95032769999995,2300.633,2.977,0.282,0.181,0.538,3.601,0.497,-0.009,0.511,66.65,0.21,0.282,"07/20/2026 9:55 AM","Middle",06,"P01","Morning",9.92361111111111,"suraj karkee","41:00:13:15",39.20839,-96.593845,""
6535624,"Whole Data Set",1,47.687,37.41,0.0002,294.569,62.031,-3.56,44.317062,170.68,1.299,0.577,0.184,0.239,4.719,0.694,0.39,-0.084,70.03,0.23,0.059,"07/20/2026 9:55 AM","Lower",06,"P01","Morning",9.932777777777778,"suraj karkee","41:00:13:15",39.208405,-96.59381166666665,""
6535623,"Whole Data Set",1,48.209,37.47,0.00022,280.355,75.852,-4.62,44.747690399999996,171.152,1.429,0.581,0.172,0.246,5.841,0.586,0.59,-0.177,71.46,0.21,0.062,"07/20/2026 9:56 AM","Upper",08,"P01","Morning",9.942222222222222,"suraj karkee","41:00:13:15",39.208420000000004,-96.59382166666667,""
6535622,"Whole Data Set",1,48.899,37.54,0.0003,255.345,69.263,-3.45,77.24345265,322.049,1.653,0.533,0.176,0.291,4.673,0.627,0.322,0.051,69.91,0.22,0.077,"07/20/2026 9:57 AM","Middle",08,"P01","Morning",9.95111111111111,"suraj karkee","41:00:13:15",39.20838333333334,-96.59382333333333,""
6535621,"Whole Data Set",1,48.894,37.59,0.0002,363.402,58.544,-2.56,41.392000349999996,152.541,1.038,0.603,0.195,0.202,5.009,0.632,0.439,-0.071,69.86,0.22,0.073,"07/20/2026 9:57 AM","Lower",08,"P01","Morning",9.960277777777778,"suraj karkee","41:00:13:15",39.208391666666664,-96.593835,""
6535619,"Whole Data Set",1,47.342,37.67,0.00016,244.315,75.19,-5.74,51.0532533,197.651,1.465,0.574,0.173,0.253,5.044,0.46,0.411,0.129,69.37,0.29,0.039,"07/20/2026 9:58 AM","Upper",05,"P02","Morning",9.975,"suraj karkee","41:00:13:15",39.208375000000004,-96.59392166666666,""
6535618,"Whole Data Set",1,47.767,37.71,0.00079,275.212,91.094,-3.42,224.90104455000002,1483.027,3.692,0.337,0.141,0.521,3.966,0.513,0.107,0.38,70,0.28,0.217,"07/20/2026 9:59 AM","Middle",05,"P02","Morning",9.984166666666665,"suraj karkee","41:00:13:15",39.208398333333335,-96.59391833333332,""
6535617,"Whole Data Set",1,46.583,37.77,0.00142,177.055,53.878,-4.1,292.81517775,2078.915,2.767,0.313,0.182,0.505,3.658,0.621,-0.106,0.485,70.19,0.34,0.251,"07/20/2026 9:59 AM","Lower",05,"P02","Morning",9.993055555555555,"suraj karkee","41:00:13:15",39.20840166666667,-96.593925,""
6535616,"Whole Data Set",1,42.993,37.78,0.00114,247.595,74.684,-5.11,342.45681525,2205.841,3.772,0.345,0.137,0.518,3.96,0.599,0.093,0.309,67.25,0.34,0.282,"07/20/2026 10:00 AM","Upper",07,"P02","Morning",10.004166666666666,"suraj karkee","41:00:13:15",39.20840166666667,-96.59389333333333,""
6535615,"Whole Data Set",1,43.374,37.75,0.00025,369.179,47.266,-6.02,85.61459025,358.295,1.695,0.531,0.174,0.295,4.289,0.578,0.393,0.029,65.91,0.32,0.092,"07/20/2026 10:00 AM","Middle",07,"P02","Morning",10.012777777777778,"suraj karkee","41:00:13:15",39.20841666666667,-96.59387833333334,""
6535614,"Whole Data Set",1,45.6,37.78,0.00104,222.676,82.367,-4.97,228.29859720000002,1565.834,3.838,0.324,0.14,0.537,5.51,0.476,0.388,0.136,67.16,0.28,0.232,"07/20/2026 10:01 AM","Lower",07,"P02","Morning",10.021666666666668,"suraj karkee","41:00:13:15",39.20841333333333,-96.59388333333332,""
6535613,"Whole Data Set",1,46.013,37.82,0.00021,270.633,84.339,-6.49,59.893776,218.91,1.166,0.608,0.181,0.211,4.751,0.479,0.566,-0.044,68.7,0.21,0.057,"07/20/2026 10:01 AM","Upper",09,"P02","Morning",10.031666666666668,"suraj karkee","41:00:13:15",39.20844,-96.59389833333334,""
6535612,"Whole Data Set",1,42.796,37.85,0.00021,178.34,69.917,-5,52.4331144,196.821,1.078,0.592,0.197,0.212,4.829,0.586,0.473,-0.059,69.19,0.26,0.037,"07/20/2026 10:02 AM","Middle",09,"P02","Morning",10.040555555555555,"suraj karkee","41:00:13:15",39.20842833333334,-96.59387333333333,""
6535611,"Whole Data Set",1,40.826,37.89,0.00119,235.28,48.018,-6.56,255.70252125,1838.925,3.592,0.309,0.15,0.54,5.442,0.42,0.415,0.165,71.96,0.31,0.28,"07/20/2026 10:02 AM","Lower",09,"P02","Morning",10.049722222222222,"suraj karkee","41:00:13:15",39.20842666666667,-96.59388166666668,""
6535610,"Whole Data Set",1,42.549,37.92,0.00104,224.646,84.41,-4.33,276.62748750000003,2251.75,5.061,0.273,0.12,0.607,1.877,1.713,-1.1,0.387,63.72,0.65,0.234,"07/20/2026 10:03 AM","Upper",11,"P02","Morning",10.059722222222224,"suraj karkee","41:00:13:15",39.208425000000005,-96.593925,""
6535609,"Whole Data Set",1,43.804,37.96,0.0002,208.482,64.17,-5.41,59.490827550000006,239.063,1.529,0.553,0.177,0.27,4.487,0.539,0.499,-0.038,65.9,0.21,0.042,"07/20/2026 10:04 AM","Middle",11,"P02","Morning",10.068055555555555,"suraj karkee","41:00:13:15",39.20844,-96.5939,""
6535608,"Whole Data Set",1,44.409,38.01,0.0002,359.701,55.838,-5.3,46.433204999999994,179.452,1.485,0.575,0.171,0.254,4.452,0.699,0.419,-0.118,71.28,0.22,0.072,"07/20/2026 10:04 AM","Lower",11,"P02","Morning",10.076666666666666,"suraj karkee","41:00:13:15",39.20843,-96.59390499999999,""
6535597,"Whole Data Set",1,43.248,39.61,0.00095,264.31,62.547,-3.84,228.45468555000002,1859.623,6.202,0.273,0.101,0.626,3.173,0.684,-0.064,0.38,63.31,0.25,0.251,"07/20/2026 12:24 PM","Upper",01,"P03","Noon",12.415555555555557,"suraj karkee","41:00:13:15",39.208418333333334,-96.59383166666666,""
6535596,"Whole Data Set",1,42.808,39.68,0.00026,427.115,83.46,-3.83,100.958085,444.26,1.961,0.505,0.167,0.328,3.997,0.759,0.177,0.064,68.3,3.39,0.111,"07/20/2026 12:25 PM","Middle",01,"P03","Noon",12.426944444444445,"suraj karkee","41:00:13:15",39.20842666666667,-96.59381666666668,""
6535595,"Whole Data Set",1,41.016,39.75,0.00121,259.927,42.678,-2.8,247.87524060000004,2437.318,8.917,0.226,0.078,0.696,2.832,0.704,0.033,0.263,63.83,0.24,0.315,"07/20/2026 12:26 PM","Lower",01,"P03","Noon",12.436944444444444,"suraj karkee","41:00:13:15",39.208421666666666,-96.59384,""
6535594,"Whole Data Set",1,39.002,39.81,0.00095,186.056,90.862,-5.16,156.23053875,809.275,2.483,0.429,0.164,0.407,4.121,0.813,0.191,-0.004,63.1,0.28,0.177,"07/20/2026 12:26 PM","Upper",02,"P03","Noon",12.4475,"suraj karkee","41:00:13:15",39.20840333333333,-96.59380333333333,""
6535593,"Whole Data Set",1,38.823,39.84,0.00067,240.691,55.525,-4.85,160.32016935,875.349,2.541,0.407,0.168,0.426,4.073,0.608,0.298,0.093,65.23,0.26,0.161,"07/20/2026 12:27 PM","Middle",02,"P03","Noon",12.456944444444444,"suraj karkee","41:00:13:15",39.208421666666666,-96.59382666666667,""
6535592,"Whole Data Set",1,40.266,39.89,0.00115,271.622,54.505,-3.82,248.57655795000002,2132.789,6.839,0.259,0.094,0.646,3.904,0.59,0.069,0.341,65.93,0.27,0.312,"07/20/2026 12:27 PM","Lower",02,"P03","Noon",12.465277777777777,"suraj karkee","41:00:13:15",39.20844,-96.59383166666666,""
6535591,"Whole Data Set",1,40.985,39.96,0.00023,321.221,74.29,-5.15,55.04715899999999,216.508,1.534,0.565,0.172,0.263,4.821,0.706,0.455,-0.161,65.36,0.2,0.074,"07/20/2026 12:28 PM","Upper",05,"P03","Noon",12.479166666666666,"suraj karkee","41:00:13:15",39.208441666666666,-96.59381499999999,""
6535590,"Whole Data Set",1,39.613,40.02,0.00087,190.618,82.643,-4.25,140.68845629999998,720.371,2.362,0.434,0.168,0.398,4.803,0.627,0.293,0.08,66.85,0.27,0.166,"07/20/2026 12:29 PM","Middle",05,"P03","Noon",12.48861111111111,"suraj karkee","41:00:13:15",39.20843333333333,-96.59381166666665,""
6535589,"Whole Data Set",1,39.015,40.09,0.00061,314.81,53.295,-3.76,162.64553760000004,1075.698,3.997,0.336,0.133,0.531,3.941,0.514,0.268,0.218,68.49,0.21,0.192,"07/20/2026 12:29 PM","Lower",05,"P03","Noon",12.497777777777777,"suraj karkee","41:00:13:15",39.20845,-96.59383333333332,""
6535588,"Whole Data Set",1,39.602,40.18,0.00081,273.754,76.767,-5.19,241.80410655,1585.081,3.916,0.339,0.134,0.526,4.15,0.697,0.055,0.248,68.26,0.29,0.222,"07/20/2026 12:30 PM","Upper",10,"P03","Noon",12.509166666666667,"suraj karkee","41:00:13:15",39.20844666666667,-96.59379833333332,""
6535587,"Whole Data Set",1,37.635,40.23,0.00163,11.074,70.007,-5.88,174.63123990000003,832.767,2.267,0.466,0.163,0.37,4.023,0.933,0.179,-0.112,68.07,0.16,0.018,"07/20/2026 12:31 PM","Middle",10,"P03","Noon",12.519444444444446,"suraj karkee","41:00:13:15",39.20845666666666,-96.59380666666667,""
6535586,"Whole Data Set",1,36.673,40.32,0.00118,195.633,51.863,-3.95,193.51226115,1741.001,6.511,0.247,0.1,0.652,4.448,0.55,0.19,0.26,72.25,0.23,0.231,"07/20/2026 12:31 PM","Lower",10,"P03","Noon",12.529166666666667,"suraj karkee","41:00:13:15",39.20843166666667,-96.59381166666665,""
6535585,"Whole Data Set",1,37.798,40.46,0.0006,247.298,65.266,-5.21,139.33270754999998,735.459,2.486,0.421,0.166,0.413,4.108,0.692,0.249,0.059,71.16,0.28,0.148,"07/20/2026 12:32 PM","Upper",04,"P01","Noon",12.544444444444444,"suraj karkee","41:00:13:15",39.20836666666666,-96.59382666666667,""
6535584,"Whole Data Set",1,36.967,40.51,0.00026,315.838,70.533,-5.34,68.9665428,284.868,1.805,0.538,0.165,0.297,4.909,0.745,0.358,-0.103,70.26,0.25,0.082,"07/20/2026 12:33 PM","Middle",04,"P01","Noon",12.553055555555556,"suraj karkee","41:00:13:15",39.20838833333333,-96.593845,""
6535583,"Whole Data Set",1,38.34,40.56,0.00061,266.712,59.005,-4.71,136.99152,761.064,2.94,0.4,0.152,0.448,4.374,0.518,0.344,0.137,71.03,0.2,0.163,"07/20/2026 12:33 PM","Lower",04,"P01","Noon",12.561666666666667,"suraj karkee","41:00:13:15",39.208375000000004,-96.59383333333332,""
6535582,"Whole Data Set",1,36.902,40.61,0.00116,147.219,80.139,-5.06,142.73455905,819.607,2.202,0.387,0.192,0.422,4.188,0.676,0.196,0.129,67.88,0.2,0.171,"07/20/2026 12:34 PM","Upper",05,"P01","Noon",12.571944444444444,"suraj karkee","41:00:13:15",39.20836833333333,-96.59384666666668,""
6535581,"Whole Data Set",1,35.33,40.65,0.0002,277.342,84.438,-4.8,50.540031,194.31,1.472,0.578,0.171,0.251,5.05,0.864,0.36,-0.225,70.95,0.37,0.055,"07/20/2026 12:34 PM","Middle",05,"P01","Noon",12.581111111111111,"suraj karkee","41:00:13:15",39.20835,-96.59387,""
6535580,"Whole Data Set",1,35.659,40.68,0.00117,232.118,69.66,-4.99,240.83177760000004,1932.064,6.071,0.277,0.102,0.621,3.946,0.658,0.07,0.272,69.53,0.22,0.272,"07/20/2026 12:35 PM","Lower",05,"P01","Noon",12.59138888888889,"suraj karkee","41:00:13:15",39.20839333333333,-96.59385666666667,""
6535579,"Whole Data Set",1,37.249,40.71,0.00064,140.887,69.407,-7.6,82.3158882,360.087,1.647,0.508,0.186,0.306,4.619,0.646,0.431,-0.077,62.76,0.33,0.09,"07/20/2026 12:36 PM","Upper",06,"P01","Noon",12.601388888888888,"suraj karkee","41:00:13:15",39.208391666666664,-96.59381666666668,""
6535578,"Whole Data Set",1,37.069,40.73,0.00119,235.703,67.415,-5,277.78116374999996,2165.935,5.17,0.285,0.116,0.599,3.708,0.608,0.018,0.374,66.26,0.21,0.28,"07/20/2026 12:36 PM","Middle",06,"P01","Noon",12.61,"suraj karkee","41:00:13:15",39.208405,-96.59384333333334,""
6535577,"Whole Data Set",1,37.423,40.76,0.00089,166.004,65.539,-4.81,107.7758568,546.808,1.935,0.438,0.192,0.371,3.914,0.532,0.152,0.316,71.93,0.22,0.148,"07/20/2026 12:37 PM","Lower",06,"P01","Noon",12.618333333333334,"suraj karkee","41:00:13:15",39.208425000000005,-96.59382666666667,""
6535576,"Whole Data Set",1,38.383,40.8,0.00022,309.835,73.315,-5.81,46.61407125,180.151,1.456,0.575,0.173,0.252,4.671,0.755,0.376,-0.131,69.61,0.25,0.068,"07/20/2026 12:37 PM","Upper",08,"P01","Noon",12.627500000000001,"suraj karkee","41:00:13:15",39.20843,-96.59384,""
6535575,"Whole Data Set",1,39.211,40.84,0.00083,282.895,69.122,-4.29,246.13859205000003,1946.529,4.968,0.281,0.121,0.599,4.703,0.553,0.23,0.216,71.57,0.23,0.235,"07/20/2026 12:38 PM","Middle",08,"P01","Noon",12.636388888888888,"suraj karkee","41:00:13:15",39.20839333333333,-96.59383166666666,""
6535574,"Whole Data Set",1,39.601,40.87,0.00046,273.101,72.588,-4.84,114.951708,550.535,1.959,0.464,0.181,0.355,4.242,0.973,0.008,0.018,68.84,0.3,0.126,"07/20/2026 12:38 PM","Lower",08,"P01","Noon",12.645,"suraj karkee","41:00:13:15",39.208391666666664,-96.59383333333332,""
6535573,"Whole Data Set",1,38.602,41.09,0.00073,235.296,76.575,-3.32,182.00517390000002,1081.433,3.593,0.374,0.136,0.49,4.59,0.654,0.214,0.132,68.13,0.22,0.172,"07/20/2026 12:57 PM","Upper",05,"P02","Noon",12.95111111111111,"suraj karkee","41:00:13:15",39.20844,-96.59389666666667,""
6535572,"Whole Data Set",1,34.184,41.05,0.00034,280.147,88.892,-5.24,71.14110705,282.811,1.472,0.559,0.178,0.263,5.052,0.706,0.458,-0.164,70.1,0.25,0.095,"07/20/2026 12:59 PM","Middle",05,"P02","Noon",12.993888888888888,"suraj karkee","41:00:13:15",39.208420000000004,-96.59390333333334,""
6535571,"Whole Data Set",1,33.088,41.01,0.00026,292.035,53.945,-5.36,74.55228660000002,317.988,2.233,0.521,0.148,0.331,4.599,0.882,0.135,-0.017,69.58,0.25,0.076,"07/20/2026 1:00 PM","Lower",05,"P02","Noon",13.003055555555555,"suraj karkee","41:00:13:15",39.208420000000004,-96.593925,""
6535570,"Whole Data Set",1,32.444,41,0.00081,218.44,82.342,-5.05,146.6545014,689.004,2.269,0.473,0.161,0.366,4.121,0.663,0.23,0.107,66.98,0.22,0.177,"07/20/2026 1:00 PM","Upper",07,"P02","Noon",13.014722222222222,"suraj karkee","41:00:13:15",39.208395,-96.59392833333335,""
6535569,"Whole Data Set",1,33.22,40.98,0.00085,273.168,43.109,-5.33,228.1296699,2003.774,6.585,0.253,0.099,0.649,3.491,0.463,-0.037,0.574,65.17,0.31,0.232,"07/20/2026 1:01 PM","Middle",07,"P02","Noon",13.023611111111112,"suraj karkee","41:00:13:15",39.208414999999995,-96.59394833333333,""
6535568,"Whole Data Set",1,34.409,40.99,0.00056,183.51,98.991,-6.34,77.165172,369.565,1.86,0.464,0.187,0.348,3.29,0.903,0.086,0.011,70.16,0.36,0.103,"07/20/2026 1:01 PM","Lower",07,"P02","Noon",13.032222222222224,"suraj karkee","41:00:13:15",39.208418333333334,-96.59393,""
6535567,"Whole Data Set",1,32.479,40.98,0.00142,148.623,94.503,-5.69,180.4211748,1066.319,2.15,0.376,0.198,0.426,5.166,0.584,0.333,0.083,68.17,0.23,0.211,"07/20/2026 1:02 PM","Upper",09,"P02","Noon",13.041944444444445,"suraj karkee","41:00:13:15",39.20847833333333,-96.59390333333334,""
6535566,"Whole Data Set",1,32.553,40.99,0.00173,107.942,66.927,-7.18,211.19894235,1471.257,2.061,0.319,0.223,0.459,5.046,0.473,0.272,0.255,71.4,0.33,0.187,"07/20/2026 1:03 PM","Middle",09,"P02","Noon",13.050277777777778,"suraj karkee","41:00:13:15",39.20850666666667,-96.59387333333333,""
6535565,"Whole Data Set",1,32.238,41.01,0.00038,225.017,45.471,-6.54,77.99290200000002,333.303,1.995,0.52,0.16,0.32,5.594,0.691,0.37,-0.061,70.74,0.35,0.086,"07/20/2026 1:03 PM","Lower",09,"P02","Noon",13.058611111111112,"suraj karkee","41:00:13:15",39.20844833333333,-96.59386,""
6535564,"Whole Data Set",1,33.151,41.05,0.00095,180.228,84.639,-6.62,122.34438,679.691,2.912,0.4,0.153,0.447,3.792,0.832,0.106,0.062,63.76,0.29,0.171,"07/20/2026 1:04 PM","Upper",11,"P02","Noon",13.069166666666666,"suraj karkee","41:00:13:15",39.20845333333333,-96.59393166666665,""
6535563,"Whole Data Set",1,33.944,41.1,0.00071,219.536,61.906,-4.99,108.7870392,507.876,1.789,0.476,0.188,0.336,4.163,0.921,0.367,-0.288,70.57,0.23,0.156,"07/20/2026 1:04 PM","Middle",11,"P02","Noon",13.077777777777778,"suraj karkee","41:00:13:15",39.208470000000005,-96.59390833333333,""
6535562,"Whole Data Set",1,34.771,41.13,0.0008,237.669,53.604,-6.22,191.7821124,1315.378,4.177,0.324,0.131,0.545,4.9,0.531,0.218,0.251,70.27,0.24,0.19,"07/20/2026 1:05 PM","Lower",11,"P02","Noon",13.086388888888889,"suraj karkee","41:00:13:15",39.20844666666667,-96.59391,""
6531682,"Whole Data Set",1,69.012,25.99,0.00036,108.947,60.591,3.94,34.5835287,133.889,1.013,0.574,0.212,0.214,6.158,0.337,0.865,-0.203,68.2,0.44,0.039,"07/19/2026 9:10 AM","Upper",04,"P01","Morning",9.169444444444444,"suraj karkee","41:00:13:15",39.20836833333333,-96.59381,""
6531681,"Whole Data Set",1,68.731,26.36,0.00154,91.484,63.144,3.25,120.79322370000003,622.806,1.564,0.431,0.222,0.347,4.273,0.6,0.357,0.043,70.8,0.29,0.141,"07/19/2026 9:10 AM","Middle",04,"P01","Morning",9.179166666666665,"suraj karkee","41:00:13:15",39.208385,-96.59386166666667,""
6531680,"Whole Data Set",1,68.525,26.7,0.00042,85.166,56.427,2.23,36.697038750000004,138.925,1.176,0.587,0.19,0.223,6.125,0.236,0.723,0.04,71.28,0.21,0.036,"07/19/2026 9:11 AM","Lower",04,"P01","Morning",9.187777777777779,"suraj karkee","41:00:13:15",39.208369999999995,-96.59385166666668,""
6531679,"Whole Data Set",1,67.89,27.19,0.0021,97.94,66.263,6.48,128.29134870000001,2244.818,11.559,0.127,0.07,0.803,4.959,0.269,0.183,0.548,62.79,0.2,0.206,"07/19/2026 9:12 AM","Upper",05,"P01","Morning",9.2,"suraj karkee","41:00:13:15",39.20835833333333,-96.59383833333335,""
6531678,"Whole Data Set",1,67.14,27.55,0.00075,97.066,54.567,2.1,62.7330987,267.063,1.589,0.522,0.185,0.294,6.07,0.303,0.647,0.05,71.54,0.22,0.073,"07/19/2026 9:12 AM","Middle",05,"P01","Morning",9.209722222222222,"suraj karkee","41:00:13:15",39.208369999999995,-96.59386500000001,""
6531677,"Whole Data Set",1,66.424,27.92,0.00083,53.145,64.439,2.51,67.0739454,487.102,3.808,0.306,0.144,0.55,7.208,0.287,0.465,0.249,67.53,0.23,0.044,"07/19/2026 9:13 AM","Lower",05,"P01","Morning",9.219722222222222,"suraj karkee","41:00:13:15",39.20831333333333,-96.59393999999999,""
6531676,"Whole Data Set",1,65.855,28.27,0.00023,196.55,67.141,3.16,40.3267608,155.312,0.848,0.577,0.229,0.194,4.282,0.602,0.605,-0.207,60.7,0.29,0.045,"07/19/2026 9:13 AM","Upper",06,"P01","Morning",9.229166666666666,"suraj karkee","41:00:13:15",39.20836333333333,-96.59387666666667,""
6531675,"Whole Data Set",1,65.271,28.61,0.00191,79.385,63.326,1.08,163.76749379999998,1016.558,1.773,0.358,0.232,0.41,4.105,0.544,-0.063,0.519,67.85,0.3,0.152,"07/19/2026 9:14 AM","Middle",06,"P01","Morning",9.238055555555555,"suraj karkee","41:00:13:15",39.20836,-96.59387333333333,""
6531674,"Whole Data Set",1,64.781,28.94,0.00019,256.797,66.827,2.69,41.0320755,157.755,1.09,0.578,0.202,0.22,4.449,0.547,0.524,-0.071,70.57,0.23,0.049,"07/19/2026 9:14 AM","Lower",06,"P01","Morning",9.247499999999999,"suraj karkee","41:00:13:15",39.208376666666666,-96.59384,""
6531673,"Whole Data Set",1,64.808,29.3,0.00042,74.101,64.342,0.35,66.50719245,278.331,1.258,0.531,0.208,0.261,4.712,0.254,0.651,0.094,68.62,0.16,0.031,"07/19/2026 9:15 AM","Upper",08,"P01","Morning",9.257777777777777,"suraj karkee","41:00:13:15",39.20838666666667,-96.59383000000001,""
6531671,"Whole Data Set",1,64.692,29.64,0.00159,132.627,69.239,1.23,245.994273,1918.084,2.7,0.285,0.193,0.522,5.422,0.423,0.265,0.312,71.39,0.22,0.211,"07/19/2026 9:16 AM","Middle",08,"P01","Morning",9.267777777777779,"suraj karkee","41:00:13:15",39.208398333333335,-96.59388333333332,""
6531670,"Whole Data Set",1,64.58,29.92,0.00046,79.115,54.112,4.01,30.235950000000003,134.382,1.937,0.5,0.17,0.33,5.62,0.33,0.668,0.002,70.32,0.23,0.036,"07/19/2026 9:16 AM","Lower",08,"P01","Morning",9.276111111111112,"suraj karkee","41:00:13:15",39.208425000000005,-96.59385833333333,""
6531668,"Whole Data Set",1,48.693,36.61,0.0007,160.646,69.935,-6.92,100.13695874999999,468.477,1.613,0.475,0.201,0.324,3.713,0.599,0.253,0.148,67.32,0.52,0.112,"07/19/2026 9:38 AM","Upper",05,"P02","Morning",9.642777777777777,"suraj karkee","41:00:13:15",39.20841333333333,-96.5939,""
6531667,"Whole Data Set",1,44.784,36.56,0.00172,127.047,84.879,-5.17,215.47202040000002,1491.672,3.402,0.321,0.154,0.524,4.669,0.577,0.736,-0.313,65.42,0.29,0.219,"07/19/2026 9:40 AM","Middle",05,"P02","Morning",9.675555555555555,"suraj karkee","41:00:13:15",39.20841666666667,-96.5939,""
6531666,"Whole Data Set",1,45.292,36.47,0.00126,160.427,66.194,-5.6,258.5705472,2244.536,2.101,0.256,0.24,0.504,3.517,0.502,0.16,0.338,69.87,0.32,0.202,"07/19/2026 9:41 AM","Lower",05,"P02","Morning",9.685277777777777,"suraj karkee","41:00:13:15",39.208425000000005,-96.59390499999999,""
6531665,"Whole Data Set",1,45.143,36.42,0.00133,121.916,92.432,-3.87,96.1339833,2272.671,21.643,0.094,0.04,0.866,3.68,0.385,0.099,0.516,63.45,0.24,0.162,"07/19/2026 9:41 AM","Upper",07,"P02","Morning",9.698333333333334,"suraj karkee","41:00:13:15",39.208420000000004,-96.59388833333333,""
6531664,"Whole Data Set",1,45.249,36.4,0.00064,129.792,37.899,-4.85,142.88230124999998,747.097,2.171,0.425,0.181,0.394,2.8,0.436,-0.092,0.656,40.23,0.24,0.083,"07/19/2026 9:42 AM","Middle",07,"P02","Morning",9.708333333333332,"suraj karkee","41:00:13:15",39.20842666666667,-96.59389333333333,""
6531663,"Whole Data Set",1,45.86,36.41,0.00139,179.153,85.32,-4.3,239.5904688,2146.868,6.745,0.248,0.097,0.655,4.337,0.639,0.083,0.278,67.86,0.28,0.249,"07/19/2026 9:43 AM","Lower",07,"P02","Morning",9.716944444444444,"suraj karkee","41:00:13:15",39.208441666666666,-96.59390333333334,""
6531662,"Whole Data Set",1,45.224,36.39,0.00023,272.294,72.687,-5.96,54.552069,203.06,1.073,0.597,0.195,0.209,4.567,0.028,0.456,0.517,67.31,0.47,0.063,"07/19/2026 9:43 AM","Upper",09,"P02","Morning",9.726944444444445,"suraj karkee","41:00:13:15",39.208463333333334,-96.59391166666667,""
6531661,"Whole Data Set",1,45.983,36.44,0.00016,507.789,71.316,-2.95,47.94446069999999,189.242,1.119,0.563,0.206,0.231,3.586,0.887,0.217,-0.105,69.3,0.27,0.081,"07/19/2026 9:44 AM","Middle",09,"P02","Morning",9.737499999999999,"suraj karkee","41:00:13:15",39.208465000000004,-96.593895,""
6531660,"Whole Data Set",1,45.907,36.51,0.0002,206.951,33.991,-4.96,59.14183140000001,239.829,1.441,0.548,0.185,0.267,5.73,0.504,0.549,-0.053,72.4,0.21,0.041,"07/19/2026 9:44 AM","Lower",09,"P02","Morning",9.746388888888887,"suraj karkee","41:00:13:15",39.20847333333334,-96.59387999999998,""
6531659,"Whole Data Set",1,45.771,36.71,0.00028,147.908,65.174,-5.16,59.599552499999994,231.95,1.085,0.571,0.206,0.223,14.131,0.22,0.527,0.253,51.39,0.21,0.041,"07/19/2026 9:46 AM","Middle",11,"P02","Morning",9.7725,"suraj karkee","41:00:13:15",39.20844666666667,-96.59391333333333,""
6531658,"Whole Data Set",1,46.368,36.82,0.00033,166.988,43.831,-4.49,59.344043400000004,240.649,1.274,0.548,0.199,0.253,5.249,0.294,0.622,0.083,71.7,0.25,0.055,"07/19/2026 9:47 AM","Lower",11,"P02","Morning",9.7875,"suraj karkee","41:00:13:15",39.208459999999995,-96.59389166666666,""
6531657,"Whole Data Set",1,45.669,36.9,0.00141,188.248,80.293,-2.55,247.7013588,2167.116,6.606,0.254,0.098,0.648,2.602,0.597,-1.158,1.56,63.03,0.36,0.265,"07/19/2026 9:48 AM","Upper",11,"P02","Morning",9.800555555555556,"suraj karkee","41:00:13:15",39.20842833333334,-96.59389833333334,""
6531656,"Whole Data Set",1,45.988,37.1,0.00097,148.231,73.191,-4.29,115.0360029,578.361,1.477,0.442,0.225,0.333,4.273,0.454,0.372,0.173,65.84,0.24,0.144,"07/19/2026 9:50 AM","Upper",01,"P03","Morning",9.844444444444445,"suraj karkee","41:00:13:15",39.208436666666664,-96.59379333333332,""
6531655,"Whole Data Set",1,46.785,37.15,0.00071,223.769,81.889,-3.7,189.29895075000002,1278.615,3.846,0.329,0.138,0.532,4.036,0.571,0.353,0.075,67.9,0.2,0.159,"07/19/2026 9:51 AM","Middle",01,"P03","Morning",9.855277777777777,"suraj karkee","41:00:13:15",39.208436666666664,-96.59380000000002,""
6531654,"Whole Data Set",1,47.233,37.19,0.00092,218.921,51.369,-2.54,169.8447366,1147.212,4.293,0.329,0.127,0.544,3.683,0.628,0.181,0.191,65.86,0.19,0.201,"07/19/2026 9:51 AM","Lower",01,"P03","Morning",9.864166666666666,"suraj karkee","41:00:13:15",39.20843833333333,-96.59381499999999,""
6531653,"Whole Data Set",1,47.406,37.25,0.00121,226.279,69.185,-3.44,318.3900471,2190.506,4.537,0.323,0.122,0.555,2.707,0.784,-0.325,0.54,63.8,0.3,0.274,"07/19/2026 9:52 AM","Upper",02,"P03","Morning",9.873333333333333,"suraj karkee","41:00:13:15",39.208435,-96.59382499999998,""
6531652,"Whole Data Set",1,47.306,37.31,0.0002,335.69,62.063,-4.24,49.16997359999999,181.808,1.237,0.601,0.178,0.221,4.599,0.518,0.533,-0.051,66.7,0.18,0.067,"07/19/2026 9:52 AM","Middle",02,"P03","Morning",9.883055555555556,"suraj karkee","41:00:13:15",39.20845,-96.59382666666667,""
6531651,"Whole Data Set",1,47.07,37.36,0.0002,336.765,61.391,-5.29,68.1030189,260.482,1.243,0.581,0.187,0.232,4.696,0.615,0.451,-0.066,66.76,0.22,0.067,"07/19/2026 9:53 AM","Lower",02,"P03","Morning",9.891944444444444,"suraj karkee","41:00:13:15",39.208423333333336,-96.59384999999999,""
6531650,"Whole Data Set",1,47.377,37.43,0.00018,479.633,81.636,-4.32,45.57864240000001,171.091,0.935,0.592,0.211,0.197,3.833,0.737,0.336,-0.072,63.4,0.21,0.086,"07/19/2026 9:54 AM","Upper",05,"P03","Morning",9.902222222222223,"suraj karkee","41:00:13:15",39.20845833333333,-96.59382833333332,""
6531649,"Whole Data Set",1,46.605,37.51,0.00137,160.929,71.416,-4.48,243.46364625000004,1967.383,2.933,0.275,0.184,0.541,4.253,0.591,0.27,0.14,68.5,0.23,0.22,"07/19/2026 9:54 AM","Middle",05,"P03","Morning",9.912777777777778,"suraj karkee","41:00:13:15",39.20846166666667,-96.59382833333332,""
6531648,"Whole Data Set",1,46.072,37.57,0.00026,184.544,45.248,-5.16,58.45577535,223.583,1.329,0.581,0.18,0.239,4.893,0.57,0.437,-0.007,66.53,0.2,0.048,"07/19/2026 9:55 AM","Lower",05,"P03","Morning",9.921944444444444,"suraj karkee","41:00:13:15",39.20847333333334,-96.59384666666668,""
6531647,"Whole Data Set",1,46.594,37.64,0.00039,227.624,79.67,-4.79,96.08855940000001,433.124,2.077,0.493,0.165,0.342,5.083,0.624,0.378,-0.002,68.67,0.4,0.089,"07/19/2026 9:55 AM","Upper",10,"P03","Morning",9.933055555555555,"suraj karkee","41:00:13:15",39.20849666666666,-96.59382499999998,""
6531646,"Whole Data Set",1,47.404,37.7,0.00078,231.98,63.744,-3.85,179.33784480000003,1082.958,3.584,0.368,0.138,0.494,4.962,0.587,0.376,0.037,67.24,0.17,0.181,"07/19/2026 9:56 AM","Middle",10,"P03","Morning",9.9425,"suraj karkee","41:00:13:15",39.20849333333333,-96.593835,""
6531645,"Whole Data Set",1,47.99,37.79,0.0015,186.236,64,-2.02,230.43300390000002,2586.229,8.501,0.198,0.084,0.717,3.932,0.5,0.149,0.351,70.69,0.28,0.279,"07/19/2026 9:57 AM","Lower",10,"P03","Morning",9.951388888888888,"suraj karkee","41:00:13:15",39.208466666666666,-96.59384,""
6531635,"Whole Data Set",1,44.48,38.26,0.00122,131.678,67.263,-3.27,123.33362580000001,624.316,1.577,0.439,0.218,0.343,7.39,1.139,0.453,-0.592,65.38,0.29,0.161,"07/19/2026 12:21 PM","Upper",04,"P01","Noon",12.356388888888889,"suraj karkee","41:00:13:15",39.20839333333333,-96.59384333333334,""
6531634,"Whole Data Set",1,43.145,38.37,0.00037,242.428,68.059,-7.58,80.179281,326.33,1.632,0.546,0.173,0.282,4.82,0.772,0.378,-0.15,68.69,0.23,0.09,"07/19/2026 12:21 PM","Middle",04,"P01","Noon",12.365833333333333,"suraj karkee","41:00:13:15",39.20838833333333,-96.59383166666666,""
6531633,"Whole Data Set",1,42.251,38.47,0.00063,271.955,54.055,-4.22,167.1782976,967.467,2.926,0.384,0.157,0.459,4.249,0.604,0.236,0.16,71.98,0.2,0.171,"07/19/2026 12:22 PM","Lower",04,"P01","Noon",12.374722222222223,"suraj karkee","41:00:13:15",39.208396666666665,-96.59381499999999,""
6531632,"Whole Data Set",1,43.235,38.58,0.00054,182.719,74.159,-3.63,70.272072,300.308,1.433,0.52,0.197,0.282,4.247,0.7,0.322,-0.022,68.17,0.19,0.099,"07/19/2026 12:23 PM","Upper",05,"P01","Noon",12.383888888888889,"suraj karkee","41:00:13:15",39.208376666666666,-96.59382499999998,""
6531631,"Whole Data Set",1,43.454,38.73,0.00057,305.869,84.158,-3.4,101.02839840000001,441.944,1.636,0.508,0.187,0.306,5.224,0.669,0.459,-0.128,70.57,0.19,0.174,"07/19/2026 12:23 PM","Middle",05,"P01","Noon",12.399444444444445,"suraj karkee","41:00:13:15",39.208373333333334,-96.59384,""
6531630,"Whole Data Set",1,42.705,38.82,0.00102,220.892,67.592,-4.13,217.88141130000002,1820.229,5.745,0.266,0.109,0.626,4.746,0.68,0.166,0.154,67.35,0.23,0.225,"07/19/2026 12:24 PM","Lower",05,"P01","Noon",12.410277777777779,"suraj karkee","41:00:13:15",39.20834833333333,-96.59385499999999,""
6531629,"Whole Data Set",1,41.566,38.9,0.00064,121.172,73.689,-4.55,67.200813,292.814,1.666,0.51,0.184,0.306,4.409,0.555,0.365,0.081,66.8,0.19,0.078,"07/19/2026 12:25 PM","Upper",06,"P01","Noon",12.420555555555556,"suraj karkee","41:00:13:15",39.20838666666667,-96.59384666666668,""
6531627,"Whole Data Set",1,41.728,38.94,0.00082,266.377,45.728,-4.93,294.64199955000004,2508.659,4.709,0.261,0.129,0.61,4.495,0.515,0.169,0.316,66.59,0.36,0.218,"07/19/2026 12:25 PM","Middle",06,"P01","Noon",12.429166666666665,"suraj karkee","41:00:13:15",39.20838666666667,-96.59386333333332,""
6531626,"Whole Data Set",1,42.866,39,0.00068,174.285,69.641,-4.57,89.35120800000001,413.663,1.716,0.48,0.191,0.329,4.476,0.62,0.393,-0.013,70.01,0.21,0.119,"07/19/2026 12:26 PM","Lower",06,"P01","Noon",12.438055555555556,"suraj karkee","41:00:13:15",39.208396666666665,-96.59383000000001,""
6531625,"Whole Data Set",1,40.895,39.07,0.00021,286.86,79.363,-4.16,51.691005,199.772,1.502,0.575,0.17,0.255,5.452,0.657,0.544,-0.201,68.4,0.16,0.06,"07/19/2026 12:26 PM","Upper",08,"P01","Noon",12.448611111111111,"suraj karkee","41:00:13:15",39.2084,-96.59386166666667,""
6531624,"Whole Data Set",1,40.572,39.1,0.0009,253.3,66.019,-5.05,257.8561812,2017.654,4.986,0.284,0.12,0.596,4.325,0.638,0.101,0.261,70.65,0.22,0.228,"07/19/2026 12:27 PM","Middle",08,"P01","Noon",12.458055555555555,"suraj karkee","41:00:13:15",39.20839333333333,-96.59384166666665,""
6531623,"Whole Data Set",1,40.928,39.16,0.00077,192.662,62.153,-6.09,113.38027650000001,528.21,1.536,0.477,0.206,0.317,4.366,0.685,0.28,0.035,69.2,0.29,0.148,"07/19/2026 12:28 PM","Lower",08,"P01","Noon",12.466944444444444,"suraj karkee","41:00:13:15",39.20839333333333,-96.59382666666667,""
6531622,"Whole Data Set",1,39.168,40.91,0.00117,196.897,72.614,-4.66,279.25766550000003,2028.015,4.024,0.306,0.138,0.556,8.122,0.494,0.587,-0.08,65.91,0.45,0.23,"07/19/2026 12:45 PM","Upper",05,"P02","Noon",12.758055555555556,"suraj karkee","41:00:13:15",39.20845833333333,-96.59388833333333,""
6531621,"Whole Data Set",1,38.891,40.93,0.00045,251.403,95.801,-5.5,68.2168797,285.486,1.467,0.531,0.19,0.279,4.263,0.484,0.337,0.178,70.03,0.29,0.113,"07/19/2026 12:46 PM","Middle",05,"P02","Noon",12.766944444444444,"suraj karkee","41:00:13:15",39.20842666666667,-96.59388666666668,""
6531620,"Whole Data Set",1,38.372,40.96,0.00105,220.036,53.453,-5.71,194.125005,1437.963,5.652,0.3,0.105,0.595,4.711,0.409,0.249,0.342,70.49,0.27,0.231,"07/19/2026 12:46 PM","Lower",05,"P02","Noon",12.775555555555556,"suraj karkee","41:00:13:15",39.20841333333333,-96.59389333333333,""
6531619,"Whole Data Set",1,39.393,41,0.0011,225.58,69.441,-6.91,246.8611854,1682.762,4.887,0.326,0.114,0.559,3.311,0.865,-0.129,0.264,66.17,0.25,0.248,"07/19/2026 12:47 PM","Upper",07,"P02","Noon",12.785277777777777,"suraj karkee","41:00:13:15",39.208421666666666,-96.59390166666665,""
6531618,"Whole Data Set",1,39.056,41.02,0.00091,256.552,47.706,-5.07,221.85428219999997,1735.949,5.803,0.284,0.105,0.611,3.025,0.564,-0.137,0.573,65.91,0.27,0.233,"07/19/2026 12:47 PM","Middle",07,"P02","Noon",12.793888888888889,"suraj karkee","41:00:13:15",39.20842833333334,-96.59388333333332,""
6531617,"Whole Data Set",1,38.634,41.04,0.00083,201.829,89.828,-6.65,141.60735359999998,819.487,3.322,0.384,0.142,0.473,4.471,0.749,0.175,0.076,69.35,0.3,0.168,"07/19/2026 12:48 PM","Lower",07,"P02","Noon",12.8025,"suraj karkee","41:00:13:15",39.208425000000005,-96.59390833333333,""
6531616,"Whole Data Set",1,39.256,41.09,0.00027,331.04,75.008,-6.44,78.3524646,317.731,1.666,0.548,0.169,0.282,5.101,0.595,0.442,-0.036,68.21,0.27,0.089,"07/19/2026 12:48 PM","Upper",09,"P02","Noon",12.815277777777778,"suraj karkee","41:00:13:15",39.20847666666667,-96.59393833333334,""
6531614,"Whole Data Set",1,39.379,41.11,0.00145,146.35,68.192,-6.5,235.54867049999996,1830.215,2.621,0.286,0.197,0.517,4.303,0.524,0.136,0.341,69.19,0.23,0.212,"07/19/2026 12:49 PM","Middle",09,"P02","Noon",12.824722222222222,"suraj karkee","41:00:13:15",39.208468333333336,-96.59391666666667,""
6531613,"Whole Data Set",1,38.653,41.14,0.00086,238.594,38.383,-5.81,182.50529310000002,1338.506,5.46,0.303,0.108,0.589,4.755,0.571,0.242,0.186,70.11,0.25,0.205,"07/19/2026 12:49 PM","Lower",09,"P02","Noon",12.833055555555555,"suraj karkee","41:00:13:15",39.20845166666666,-96.59390833333333,""
6531612,"Whole Data Set",1,39.008,41.16,0.00094,201.905,79.381,-7.07,161.63596575,1140.289,5.42,0.315,0.107,0.579,5.053,0.619,0.328,0.053,62.92,0.22,0.19,"07/19/2026 12:50 PM","Upper",11,"P02","Noon",12.841944444444445,"suraj karkee","41:00:13:15",39.20842666666667,-96.59393333333334,""
6531611,"Whole Data Set",1,39.736,41.18,0.00086,194.501,58.087,-6.49,133.52676434999998,694.909,1.943,0.427,0.195,0.378,2.846,0.878,-0.238,0.36,67.06,0.2,0.167,"07/19/2026 12:51 PM","Middle",11,"P02","Noon",12.850277777777777,"suraj karkee","41:00:13:15",39.208443333333335,-96.59391499999998,""
6531610,"Whole Data Set",1,39.482,41.2,0.00109,213.684,53.416,-6.99,215.24462505,1362.739,3.603,0.351,0.141,0.508,3.065,1.05,-0.21,0.16,70.34,0.4,0.233,"07/19/2026 12:51 PM","Lower",11,"P02","Noon",12.858888888888888,"suraj karkee","41:00:13:15",39.208436666666664,-96.59395500000001,""
6531609,"Whole Data Set",1,35.262,41.18,0.00104,246.544,68.369,-6.79,298.80437895,2235.723,4.988,0.297,0.117,0.585,2.692,1.204,-0.86,0.656,62.67,0.31,0.256,"07/19/2026 12:52 PM","Upper",01,"P03","Noon",12.870000000000001,"suraj karkee","41:00:13:15",39.20843,-96.59382,""
6531608,"Whole Data Set",1,34.21,41.09,0.00045,197.925,74.226,-7.04,80.33454,343.31,1.671,0.52,0.18,0.3,4.727,0.669,0.455,-0.124,67.52,0.2,0.089,"07/19/2026 12:52 PM","Middle",01,"P03","Noon",12.88,"suraj karkee","41:00:13:15",39.20843166666667,-96.59384,""
6531607,"Whole Data Set",1,34.369,40.93,0.00132,198.394,56.829,-6.32,146.5354287,1060.698,4.56,0.307,0.125,0.568,2.746,1.044,-0.233,0.189,65.91,0.2,0.262,"07/19/2026 12:53 PM","Lower",01,"P03","Noon",12.889166666666666,"suraj karkee","41:00:13:15",39.20842833333334,-96.59384666666668,""
6531606,"Whole Data Set",1,35.553,40.87,0.00091,234.305,75.028,-7.58,219.35102804999997,1365.397,3.474,0.357,0.144,0.499,3.141,0.894,-0.054,0.16,61.2,0.27,0.213,"07/19/2026 12:53 PM","Upper",02,"P03","Noon",12.898055555555555,"suraj karkee","41:00:13:15",39.208443333333335,-96.59381666666668,""
6531605,"Whole Data Set",1,34.592,40.83,0.0006,268.115,70.566,-6.86,150.0315858,788.188,2.776,0.423,0.153,0.424,3.617,0.909,0.149,-0.058,67.6,0.2,0.161,"07/19/2026 12:54 PM","Middle",02,"P03","Noon",12.908333333333333,"suraj karkee","41:00:13:15",39.20843833333333,-96.59382666666667,""
6531604,"Whole Data Set",1,35.254,40.77,0.00094,256.997,54.531,-6.84,262.45223100000004,2090.42,5.655,0.279,0.108,0.612,5.013,0.501,0.252,0.247,67.19,0.25,0.242,"07/19/2026 12:55 PM","Lower",02,"P03","Noon",12.918333333333333,"suraj karkee","41:00:13:15",39.20845666666666,-96.59383833333335,""
6531603,"Whole Data Set",1,36.549,40.73,0.00096,164.051,72.003,-6.64,124.54514640000002,690.192,1.8,0.401,0.214,0.385,1.423,1.633,-1.641,1.008,64.06,0.22,0.157,"07/19/2026 12:55 PM","Upper",05,"P03","Noon",12.928055555555554,"suraj karkee","41:00:13:15",39.208443333333335,-96.593845,""
6531601,"Whole Data Set",1,37.591,40.73,0.00114,153.665,78.007,-6.3,151.7093721,828.334,2.127,0.407,0.19,0.403,4.503,0.651,0.302,0.046,67.35,0.23,0.175,"07/19/2026 12:56 PM","Middle",05,"P03","Noon",12.936666666666667,"suraj karkee","41:00:13:15",39.20846166666667,-96.59382833333332,""
6531600,"Whole Data Set",1,37.602,40.73,0.00104,212.323,54.503,-4.96,196.14632760000003,1579.278,5.522,0.276,0.111,0.613,4.419,0.552,0.262,0.186,68.53,0.2,0.221,"07/19/2026 12:56 PM","Lower",05,"P03","Noon",12.945833333333333,"suraj karkee","41:00:13:15",39.20847666666667,-96.59385333333333,""
6531599,"Whole Data Set",1,37.229,40.76,0.0011,202.717,79.337,-6.47,222.29320049999998,1568.206,3.975,0.315,0.138,0.547,4.744,0.618,0.221,0.161,69.77,0.25,0.223,"07/19/2026 12:57 PM","Upper",10,"P03","Noon",12.956388888888888,"suraj karkee","41:00:13:15",39.20849,-96.59380833333334,""
6531598,"Whole Data Set",1,37.038,40.8,0.00035,263.577,59.732,-9.21,190.53240119999998,1216.682,3.178,0.348,0.156,0.496,0,"null","null","null",68.55,0.16,0.092,"07/19/2026 12:57 PM","Middle",10,"P03","Noon",12.965,"suraj karkee","41:00:13:15",39.208459999999995,-96.59384833333334,""
6531597,"Whole Data Set",1,37.344,40.83,0.0013,222.32,56.924,-5.44,240.88773600000005,2444.32,8.104,0.219,0.086,0.695,3.783,0.721,-0.009,0.288,68.03,0.33,0.289,"07/19/2026 12:58 PM","Lower",10,"P03","Noon",12.974444444444444,"suraj karkee","41:00:13:15",39.20845666666666,-96.59382666666667,""
6531582,"Whole Data Set",1,52.672,31.91,0.00042,192.163,56.135,-0.18,73.2248505,285.477,1.226,0.57,0.193,0.237,5.374,0.534,0.53,-0.064,69.6,0.31,0.081,"07/19/2026 4:21 PM","Upper",04,"P01","Late",16.364444444444445,"suraj karkee","41:00:13:15",39.20836166666666,-96.59381666666668,""
6531581,"Whole Data Set",1,51.857,32.12,0.00028,221.753,64.056,-0.97,41.3246853,151.539,1.072,0.606,0.19,0.204,3.942,0.629,0.49,-0.118,71.01,0.26,0.062,"07/19/2026 4:22 PM","Middle",04,"P01","Late",16.37361111111111,"suraj karkee","41:00:13:15",39.20837166666667,-96.59381499999999,""
6531580,"Whole Data Set",1,51.822,32.34,0.00055,133.065,40.304,-0.75,60.52866075,242.357,1.49,0.555,0.179,0.266,4.719,0.332,0.546,0.122,70.97,0.24,0.073,"07/19/2026 4:22 PM","Lower",04,"P01","Late",16.38222222222222,"suraj karkee","41:00:13:15",39.20834833333333,-96.59381833333333,""
6531579,"Whole Data Set",1,51.304,32.58,0.00031,145.993,80.153,-0.91,40.973447699999994,150.251,1.253,0.606,0.175,0.219,4.223,0.367,0.659,-0.027,62.55,0.15,0.045,"07/19/2026 4:23 PM","Upper",05,"P01","Late",16.392777777777777,"suraj karkee","41:00:13:15",39.20834333333333,-96.59385499999999,""
6531578,"Whole Data Set",1,50.771,32.79,-0.19383,0.387,88.193,-0.24,56.94987284999999,222.417,1.371,0.569,0.182,0.249,5.509,0.529,0.467,0.004,71.13,4.12,-0.075,"07/19/2026 4:24 PM","Middle",05,"P01","Late",16.401944444444442,"suraj karkee","41:00:13:15",39.20836833333333,-96.59384,""
6531577,"Whole Data Set",1,50.958,32.99,0.00024,141.581,62.657,-2.24,33.9546564,126.602,1.333,0.596,0.173,0.231,5.573,0.325,0.69,-0.016,71.12,0.23,0.034,"07/19/2026 4:24 PM","Lower",05,"P01","Late",16.41111111111111,"suraj karkee","41:00:13:15",39.20836166666666,-96.59383666666666,""
6531576,"Whole Data Set",1,50.114,33.19,0.00074,95.857,76.547,-1.3,59.3330652,270.187,2.166,0.488,0.162,0.35,3.093,0.326,0.521,0.153,66.18,0.21,0.071,"07/19/2026 4:25 PM","Upper",06,"P01","Late",16.420833333333334,"suraj karkee","41:00:13:15",39.208418333333334,-96.59382333333333,""
6531575,"Whole Data Set",1,50.419,33.36,0.00034,121.273,56.156,-2.75,47.005492499999995,177.95,1.445,0.587,0.169,0.244,3.666,0.425,0.724,-0.15,66.55,0.26,0.041,"07/19/2026 4:25 PM","Middle",06,"P01","Late",16.429166666666667,"suraj karkee","41:00:13:15",39.20838833333333,-96.593835,""
6531574,"Whole Data Set",1,49.625,33.59,0.00041,145.025,67.234,-1.6,46.639556999999996,183.765,1.616,0.564,0.167,0.269,6.379,0.301,0.753,-0.054,70.41,0.26,0.059,"07/19/2026 4:26 PM","Lower",06,"P01","Late",16.441111111111113,"suraj karkee","41:00:13:15",39.20838833333333,-96.59383666666666,""
6531573,"Whole Data Set",1,47.634,33.78,0.00027,248.092,59.605,-1.37,39.111735599999996,148.827,1.487,0.584,0.167,0.249,5.938,0.427,0.57,0.004,69.84,0.18,0.067,"07/19/2026 4:27 PM","Upper",08,"P01","Late",16.4525,"suraj karkee","41:00:13:15",39.208380000000005,-96.59383833333335,""
6531572,"Whole Data Set",1,48.421,33.9,0.00024,147.391,66.431,-2.35,31.402196999999997,117.085,1.461,0.596,0.164,0.24,5.312,0.353,0.631,0.016,70.6,0.21,0.035,"07/19/2026 4:27 PM","Middle",08,"P01","Late",16.461666666666666,"suraj karkee","41:00:13:15",39.2084,-96.59382333333333,""
6531571,"Whole Data Set",1,48.517,34.03,0.00028,165.651,59.111,-1.96,39.719493,146.135,1.387,0.604,0.166,0.23,4.606,0.42,0.566,0.014,69.06,0.22,0.046,"07/19/2026 4:28 PM","Lower",08,"P01","Late",16.470277777777778,"suraj karkee","41:00:13:15",39.208378333333336,-96.59382499999998,""
6531570,"Whole Data Set",1,48.104,36.01,0.00039,254.506,74.079,-1.58,104.4594225,486.65,1.993,0.477,0.175,0.348,3.629,0.536,0.274,0.19,60.93,0.22,0.099,"07/19/2026 4:45 PM","Upper",05,"P02","Late",16.76527777777778,"suraj karkee","41:00:13:15",39.20841,-96.59391666666667,""
6531569,"Whole Data Set",1,48.381,36.14,0.00023,329.604,86.632,-1.49,60.5039922,223.716,0.865,0.601,0.214,0.185,3.994,0.772,0.382,-0.154,70.41,0.24,0.076,"07/19/2026 4:46 PM","Middle",05,"P02","Late",16.774444444444445,"suraj karkee","41:00:13:15",39.20841166666666,-96.593895,""
6531568,"Whole Data Set",1,48.783,36.32,0.00027,214.278,63.164,-1.97,78.9436152,341.304,1.812,0.514,0.173,0.313,4.164,0.898,0.232,-0.129,69.5,0.32,0.058,"07/19/2026 4:47 PM","Lower",05,"P02","Late",16.783333333333335,"suraj karkee","41:00:13:15",39.208414999999995,-96.59391499999998,""
6531567,"Whole Data Set",1,48.17,36.53,0.00025,218.462,92.288,-2.36,54.486764550000004,219.749,1.475,0.551,0.181,0.268,4.094,0.536,0.482,-0.018,64.8,0.24,0.055,"07/19/2026 4:47 PM","Upper",07,"P02","Late",16.793055555555558,"suraj karkee","41:00:13:15",39.20841166666666,-96.59388333333332,""
6531566,"Whole Data Set",1,47.746,36.71,0.00153,206,55.646,-1.2,233.93363220000003,2341.678,7.602,0.222,0.09,0.688,3.898,0.517,0.217,0.265,65.67,0.22,0.315,"07/19/2026 4:48 PM","Middle",07,"P02","Late",16.801666666666666,"suraj karkee","41:00:13:15",39.20841333333333,-96.59389333333333,""
6531565,"Whole Data Set",1,47.714,36.87,0.00013,304.547,79.689,-2.94,36.88712055,131.999,0.927,0.621,0.196,0.182,4.792,0.713,0.444,-0.157,64.49,0.26,0.04,"07/19/2026 4:48 PM","Lower",07,"P02","Late",16.810277777777777,"suraj karkee","41:00:13:15",39.208420000000004,-96.59389000000002,""
6531564,"Whole Data Set",1,47.408,37.03,0.00071,256.684,63.805,-2.78,199.7362224,1260.961,4.035,0.352,0.129,0.519,3.069,1.021,0.042,-0.063,69.21,0.32,0.182,"07/19/2026 4:49 PM","Upper",09,"P02","Late",16.81972222222222,"suraj karkee","41:00:13:15",39.208436666666664,-96.59390833333333,""
6531563,"Whole Data Set",1,46.15,37.15,0.00114,244.404,66.975,-3.56,256.86114435,2060.659,4.695,0.277,0.127,0.596,0,"null","null","null",67.84,0.3,0.279,"07/19/2026 4:49 PM","Middle",09,"P02","Late",16.828055555555554,"suraj karkee","41:00:13:15",39.208420000000004,-96.59387666666667,""
6531562,"Whole Data Set",1,45.487,37.25,0.00019,262.549,54.438,-3.62,39.36032685,158.743,1.765,0.551,0.163,0.287,4.897,0.399,0.564,0.038,72.48,0.22,0.05,"07/19/2026 4:50 PM","Lower",09,"P02","Late",16.83611111111111,"suraj karkee","41:00:13:15",39.20841166666666,-96.59388166666668,""
6531561,"Whole Data Set",1,46.649,37.59,0.00043,249.597,78.648,-1.64,84.924774,381.256,1.678,0.495,0.189,0.317,3.721,0.831,0.275,-0.106,63.18,0.24,0.107,"07/19/2026 4:51 PM","Upper",11,"P02","Late",16.862222222222222,"suraj karkee","41:00:13:15",39.20843,-96.593925,""
6531560,"Whole Data Set",1,44.715,37.69,0.00075,266.113,48.766,-3.88,213.66356580000001,1452.012,4.249,0.327,0.128,0.545,3.022,0.78,-0.126,0.347,66.38,0.2,0.2,"07/19/2026 4:52 PM","Middle",11,"P02","Late",16.870555555555555,"suraj karkee","41:00:13:15",39.208423333333336,-96.59391166666667,""
6531559,"Whole Data Set",1,44.762,37.8,0.00104,206.827,48.632,-3.33,259.68210255,2299.089,4.217,0.251,0.144,0.606,5.013,0.45,0.305,0.245,69.58,0.21,0.215,"07/19/2026 4:52 PM","Lower",11,"P02","Late",16.878888888888888,"suraj karkee","41:00:13:15",39.208420000000004,-96.59390333333334,""
6531558,"Whole Data Set",1,42.05,37.98,0.00092,171.278,68.066,-3.93,167.24068425000002,970.355,2.988,0.383,0.155,0.463,4.151,0.674,0.177,0.148,63.62,0.28,0.158,"07/19/2026 4:53 PM","Upper",01,"P03","Late",16.89388888888889,"suraj karkee","41:00:13:15",39.20844,-96.59381333333334,""
6531557,"Whole Data Set",1,39.879,38.06,0.00027,335.834,70.431,-3.15,54.3727296,212.352,1.413,0.569,0.179,0.253,4.642,0.537,0.431,0.032,67.69,0.2,0.091,"07/19/2026 4:54 PM","Middle",01,"P03","Late",16.903333333333332,"suraj karkee","41:00:13:15",39.20841166666666,-96.59381333333334,""
6531556,"Whole Data Set",1,39.643,38.11,0.0016,107.029,42.045,-3.72,158.29863840000002,1072.484,2.75,0.328,0.179,0.493,2.914,1.193,0.139,-0.332,66.41,0.22,0.171,"07/19/2026 4:54 PM","Lower",01,"P03","Late",16.912777777777777,"suraj karkee","41:00:13:15",39.208443333333335,-96.59382,""
6531555,"Whole Data Set",1,41.527,38.2,0.00015,382.602,82.673,-4.49,49.25321775,191.015,1.413,0.573,0.177,0.25,3.324,0.638,0.242,0.12,62.05,0.34,0.057,"07/19/2026 4:55 PM","Upper",02,"P03","Late",16.921666666666667,"suraj karkee","41:00:13:15",39.20842666666667,-96.59380666666667,""
6531554,"Whole Data Set",1,40.646,38.29,0.00136,265.811,59.031,-3.6,258.51578085,2288.763,4.97,0.251,0.125,0.623,5.101,0.594,0.121,0.285,67.08,0.2,0.362,"07/19/2026 4:55 PM","Middle",02,"P03","Late",16.930555555555557,"suraj karkee","41:00:13:15",39.208436666666664,-96.59384999999999,""
6531553,"Whole Data Set",1,39.916,38.35,0.00028,264.95,62.003,-4.5,70.2899613,293.058,1.714,0.533,0.172,0.295,4.134,0.618,0.401,-0.019,66.21,0.27,0.074,"07/19/2026 4:56 PM","Lower",02,"P03","Late",16.939166666666665,"suraj karkee","41:00:13:15",39.208425000000005,-96.59381666666668,""
6531552,"Whole Data Set",1,40.357,38.45,0.00085,271.216,87.358,-3.42,224.50627575000001,1635.747,4.64,0.305,0.123,0.572,4.225,-0.112,0.313,0.8,65.12,0.17,0.231,"07/19/2026 4:56 PM","Upper",05,"P03","Late",16.949166666666667,"suraj karkee","41:00:13:15",39.208435,-96.59383000000001,""
6531551,"Whole Data Set",1,40.983,38.57,0.00025,180.118,76.701,-2.76,49.35384675,187.479,1.375,0.585,0.175,0.241,4.943,0.548,0.476,-0.024,67.19,0.21,0.045,"07/19/2026 4:57 PM","Middle",05,"P03","Late",16.961666666666666,"suraj karkee","41:00:13:15",39.20844,-96.59381333333334,""
6531550,"Whole Data Set",1,41.003,38.65,0.00037,256.298,49.589,-3.84,109.1840067,499.241,2.36,0.486,0.153,0.361,4.441,0.83,0.14,0.03,68.05,0.25,0.095,"07/19/2026 4:58 PM","Lower",05,"P03","Late",16.970277777777778,"suraj karkee","41:00:13:15",39.20842666666667,-96.593845,""
6531549,"Whole Data Set",1,41.189,38.73,0.00024,333.251,68.135,-4.48,60.11182800000001,238.539,1.394,0.56,0.184,0.256,4.611,0.922,0.276,-0.198,68.26,0.33,0.08,"07/19/2026 4:58 PM","Upper",10,"P03","Late",16.979444444444443,"suraj karkee","41:00:13:15",39.20843166666667,-96.59382499999998,""
6531548,"Whole Data Set",1,39.266,38.78,0.00045,224.1,52.245,-5.49,100.2706794,407.356,1.556,0.547,0.177,0.276,4.832,0.538,0.514,-0.052,69.2,0.17,0.101,"07/19/2026 4:59 PM","Middle",10,"P03","Late",16.98777777777778,"suraj karkee","41:00:13:15",39.208443333333335,-96.59382499999998,""
6531547,"Whole Data Set",1,38.821,38.8,0.00028,292.273,44.394,-5.43,85.061637,379.57,1.703,0.498,0.186,0.316,4.654,0.637,0.411,-0.049,71.7,0.32,0.082,"07/19/2026 4:59 PM","Lower",10,"P03","Late",16.996666666666666,"suraj karkee","41:00:13:15",39.20845,-96.59383000000001,""
6527165,"Whole Data Set",1,52.469,28.71,0.00109,183.301,68.16,1.86,247.4880102,1478.423,3.106,0.372,0.153,0.475,6.07,0.3,0.562,0.138,66.59,0.29,0.2,"07/17/2026 12:03 PM","Upper",05,"P02","Noon",12.053611111111111,"suraj karkee","41:00:13:15",39.20836666666666,-96.59380000000002,""
6527164,"Whole Data Set",1,51.52,29.25,0.00101,183.711,44.26,1,335.98405260000004,2202.452,1.995,0.339,0.221,0.44,4.987,0.435,0.238,0.326,68.56,0.23,0.186,"07/17/2026 12:04 PM","Middle",05,"P02","Noon",12.071388888888889,"suraj karkee","41:00:13:15",39.2080765,-96.5983996,""
6527163,"Whole Data Set",1,51.391,29.56,0.00111,109.287,94.028,1.69,86.889528,438.836,1.212,0.44,0.253,0.307,6.403,0.481,0.474,0.046,73.44,0.3,0.121,"07/17/2026 12:04 PM","Lower",05,"P02","Noon",12.081111111111111,"suraj karkee","41:00:13:15",39.20840833333333,-96.59388499999999,""
6527162,"Whole Data Set",1,50.303,29.95,-12542.98692,0,74.452,1.2,251.19901620000002,1354.903,1.663,0.412,0.221,0.367,-30.768,-0.43,1.327,0.103,65.41,0.05,0,"07/17/2026 12:05 PM","Upper",07,"P02","Noon",12.091666666666667,"suraj karkee","41:00:13:15",39.208425000000005,-96.59385499999999,""
6527161,"Whole Data Set",1,48.509,30.82,0.00066,304.299,43.368,0.15,257.71566329999996,1981.666,3.59,0.289,0.155,0.556,3.73,0.482,0.288,0.23,64.41,0.26,0.201,"07/17/2026 12:06 PM","Middle",07,"P02","Noon",12.116388888888888,"suraj karkee","41:00:13:15",39.208459999999995,-96.5939,""
6527160,"Whole Data Set",1,47.605,31.12,0.0013,121.545,83.473,-0.29,164.8725975,1083.975,2.962,0.338,0.167,0.495,4.772,0.528,0.237,0.235,67.05,0.23,0.158,"07/17/2026 12:07 PM","Lower",07,"P02","Noon",12.125833333333334,"suraj karkee","41:00:13:15",39.20842833333334,-96.59390166666665,""
6527159,"Whole Data Set",1,48.217,31.53,0.00033,224.281,77.124,-0.06,71.9675226,282.558,1.257,0.566,0.192,0.242,5.004,0.436,0.564,0.001,69.41,0.26,0.074,"07/17/2026 12:08 PM","Upper",09,"P02","Noon",12.13861111111111,"suraj karkee","41:00:13:15",39.208443333333335,-96.59390333333334,""
6527158,"Whole Data Set",1,45.596,31.84,0.00161,100.003,62.721,-0.59,209.71069695,1612.539,2.194,0.289,0.223,0.488,4.642,0.434,0.205,0.361,68.9,0.22,0.161,"07/17/2026 12:08 PM","Middle",09,"P02","Noon",12.14861111111111,"suraj karkee","41:00:13:15",39.208465000000004,-96.59386833333335,""
6527157,"Whole Data Set",1,46.194,32.13,0.0013,177.47,41.335,0.5,241.3542285,2180.255,6.496,0.246,0.101,0.653,5.238,0.491,0.336,0.173,70.37,0.25,0.231,"07/17/2026 12:09 PM","Lower",09,"P02","Noon",12.158333333333333,"suraj karkee","41:00:13:15",39.20845,-96.59386333333332,""
6527156,"Whole Data Set",1,45.583,32.91,0.0012,183.607,77.773,-0.84,211.11412140000002,1288.853,2.479,0.364,0.183,0.453,3.321,0.764,0.079,0.157,65.18,0.26,0.22,"07/17/2026 12:11 PM","Upper",11,"P02","Noon",12.186666666666667,"suraj karkee","41:00:13:15",39.20842833333334,-96.59392166666666,""
6527155,"Whole Data Set",1,44.627,33.46,0.00035,232.932,49.504,-2.31,83.14197569999999,326.431,1.29,0.566,0.19,0.245,3.339,0.609,0.26,0.131,66.15,0.21,0.082,"07/17/2026 12:12 PM","Middle",11,"P02","Noon",12.208888888888888,"suraj karkee","41:00:13:15",39.208425000000005,-96.593895,""
6527154,"Whole Data Set",1,42.363,33.69,0.00189,125.605,62.684,-0.72,260.62722,2145.08,2.161,0.27,0.231,0.499,2.967,0.695,-0.683,0.988,70.05,0.22,0.237,"07/17/2026 12:13 PM","Lower",11,"P02","Noon",12.219166666666666,"suraj karkee","41:00:13:15",39.20842666666667,-96.59393833333334,""
6527153,"Whole Data Set",1,42.064,36.57,0.00118,240.896,69.64,-1.7,297.74898495,2459.719,5.915,0.269,0.106,0.625,3.687,0.722,0.023,0.256,62.31,0.21,0.284,"07/17/2026 12:32 PM","Upper",01,"P03","Noon",12.541944444444445,"suraj karkee","41:00:13:15",39.20846166666667,-96.59383666666666,""
6527151,"Whole Data Set",1,38.687,36.62,0.00052,236.32,81.663,-2.91,94.60127700000001,412.206,1.882,0.51,0.17,0.32,4.255,0.804,0.224,-0.028,67.95,0.2,0.123,"07/17/2026 12:33 PM","Middle",01,"P03","Noon",12.553055555555556,"suraj karkee","41:00:13:15",39.208443333333335,-96.59383666666666,""
6527150,"Whole Data Set",1,40.072,36.68,0.00113,236.748,39.291,-1.87,286.1272719,2024.963,5.585,0.314,0.104,0.581,3.915,0.525,-0.004,0.479,66.56,0.23,0.268,"07/17/2026 12:33 PM","Lower",01,"P03","Noon",12.5625,"suraj karkee","41:00:13:15",39.2077198,-96.5985393,""
6527149,"Whole Data Set",1,37.209,36.76,0.00098,162.366,80.504,-4.09,141.21238005,734.907,1.935,0.427,0.195,0.378,3.984,0.606,0.252,0.142,64.27,0.29,0.159,"07/17/2026 12:34 PM","Upper",02,"P03","Noon",12.573888888888888,"suraj karkee","41:00:13:15",39.20843833333333,-96.59382,""
6527148,"Whole Data Set",1,37.489,36.81,0.00055,348.436,55.224,-3.7,194.08299300000002,1105.886,2.692,0.39,0.165,0.444,4.179,0.454,0.272,0.274,66.99,0.21,0.192,"07/17/2026 12:34 PM","Middle",02,"P03","Noon",12.582777777777778,"suraj karkee","41:00:13:15",39.208468333333336,-96.59383000000001,""
6527147,"Whole Data Set",1,38.66,36.88,0.00106,205.314,60.423,-3.51,214.2315891,1597.551,5.339,0.298,0.111,0.591,3.49,0.698,0.149,0.153,67.58,0.3,0.218,"07/17/2026 12:35 PM","Lower",02,"P03","Noon",12.591944444444445,"suraj karkee","41:00:13:15",39.208455,-96.59385499999999,""
6527146,"Whole Data Set",1,40.146,36.98,0.00103,160.054,63.691,-3.35,130.32584910000003,748.354,1.697,0.387,0.227,0.386,3.46,0.602,0.155,0.243,64.19,0.2,0.165,"07/17/2026 12:36 PM","Upper",05,"P03","Noon",12.6025,"suraj karkee","41:00:13:15",39.20849166666667,-96.59383833333335,""
6527145,"Whole Data Set",1,39.216,37.07,0.00145,160.814,87.577,-4.18,175.75330770000002,1011.821,1.794,0.386,0.22,0.395,4.407,0.494,0.297,0.208,66.56,0.23,0.233,"07/17/2026 12:36 PM","Middle",05,"P03","Noon",12.611388888888888,"suraj karkee","41:00:13:15",39.20845666666666,-96.59383333333332,""
6527144,"Whole Data Set",1,38.984,37.16,0.00083,242.041,55.677,-3.45,203.39161919999998,1467.472,4.287,0.308,0.131,0.561,4.798,0.432,0.366,0.202,68.64,0.2,0.201,"07/17/2026 12:37 PM","Lower",05,"P03","Noon",12.620000000000001,"suraj karkee","41:00:13:15",39.208470000000005,-96.59384333333334,""
6527143,"Whole Data Set",1,37.34,37.34,0.00131,209.271,75.462,-2.17,315.5753475,2003.653,4.714,0.35,0.114,0.537,5.21,0.5,0.22,0.279,69.48,0.26,0.274,"07/17/2026 12:38 PM","Upper",10,"P03","Noon",12.64111111111111,"suraj karkee","41:00:13:15",39.20848,-96.59383666666666,""
6527142,"Whole Data Set",1,36.578,37.44,0.00056,210.073,68.669,-4.51,120.7774368,588.584,2.497,0.456,0.156,0.388,4.589,0.636,0.29,0.074,68.9,0.17,0.118,"07/17/2026 12:39 PM","Middle",10,"P03","Noon",12.650555555555556,"suraj karkee","41:00:13:15",39.20850333333333,-96.59383833333335,""
6527141,"Whole Data Set",1,37.068,37.56,0.001,234.357,67.826,-4.11,256.26680550000003,2165.33,5.816,0.263,0.108,0.629,4.52,0.597,0.151,0.252,71.45,0.27,0.234,"07/17/2026 12:39 PM","Lower",10,"P03","Noon",12.660555555555556,"suraj karkee","41:00:13:15",39.208483333333334,-96.59385666666667,""
6527140,"Whole Data Set",1,36.653,37.78,0.0012,146.458,63.997,-4.93,172.21570380000003,1115.748,2.232,0.343,0.203,0.454,3.94,0.444,0.246,0.31,65.33,0.21,0.176,"07/17/2026 12:40 PM","Upper",04,"P01","Noon",12.680555555555555,"suraj karkee","41:00:13:15",39.208405,-96.59383166666666,""
6527139,"Whole Data Set",1,36.227,37.86,0.00096,147.599,68.689,-6.01,116.7096141,678.939,2.113,0.382,0.198,0.419,3.904,0.618,0.251,0.132,68.6,0.33,0.142,"07/17/2026 12:41 PM","Middle",04,"P01","Noon",12.689444444444444,"suraj karkee","41:00:13:15",39.20838333333334,-96.59385166666668,""
6527138,"Whole Data Set",1,35.474,37.94,0.00072,254.363,48.867,-5.31,215.50741875000003,1473.555,4.076,0.325,0.133,0.542,3.938,0.608,0.172,0.22,69.76,0.21,0.183,"07/17/2026 12:41 PM","Lower",04,"P01","Noon",12.698611111111111,"suraj karkee","41:00:13:15",39.208396666666665,-96.59382,""
6527137,"Whole Data Set",1,36.108,38.05,0.00084,230.543,77.919,-4.3,174.15016470000003,1141.594,3.83,0.339,0.137,0.524,2.445,0.72,-0.178,0.458,64.14,0.21,0.194,"07/17/2026 12:42 PM","Upper",05,"P01","Noon",12.710555555555555,"suraj karkee","41:00:13:15",39.208373333333334,-96.59385499999999,""
6527136,"Whole Data Set",1,36.307,38.26,0.00019,271.192,81.781,-2.87,50.88767084999999,191.343,1.466,0.591,0.166,0.243,4.179,0.954,0.205,-0.159,71.25,0.2,0.052,"07/17/2026 12:44 PM","Middle",05,"P01","Noon",12.742222222222221,"suraj karkee","41:00:13:15",39.208418333333334,-96.59382833333332,""
6527135,"Whole Data Set",1,36.804,38.31,0.0003,246.797,68.841,-6.92,96.71724,358.212,1.347,0.6,0.17,0.229,4.395,0.836,0.34,-0.176,67.95,0.28,0.074,"07/17/2026 12:45 PM","Lower",05,"P01","Noon",12.755833333333333,"suraj karkee","41:00:13:15",39.208369999999995,-96.59384999999999,""
6527134,"Whole Data Set",1,36.6,38.33,0.00036,159.153,72.396,-7.9,53.86757850000001,215.686,1.371,0.555,0.188,0.257,2.428,0.794,0.11,0.096,60.78,0.44,0.057,"07/17/2026 12:46 PM","Upper",06,"P01","Noon",12.768055555555556,"suraj karkee","41:00:13:15",39.20841,-96.59383166666666,""
6527133,"Whole Data Set",1,37.049,38.35,0.00055,188.59,56.631,-7.6,101.2340862,455.394,2.374,0.494,0.15,0.356,4.084,0.665,0.261,0.074,66.98,0.31,0.104,"07/17/2026 12:46 PM","Middle",06,"P01","Noon",12.77638888888889,"suraj karkee","41:00:13:15",39.20840166666667,-96.59383833333335,""
6527132,"Whole Data Set",1,36.326,38.36,0.00041,140.42,64.506,-5.33,45.859363200000004,187.334,1.744,0.544,0.166,0.29,4.43,0.421,0.562,0.017,69.38,0.22,0.058,"07/17/2026 12:47 PM","Lower",06,"P01","Noon",12.785277777777777,"suraj karkee","41:00:13:15",39.208421666666666,-96.59380666666667,""
6527131,"Whole Data Set",1,34.939,38.36,0.00024,242.663,67.69,-7.25,48.38778,180.72,1.351,0.595,0.172,0.233,5.482,0.587,0.485,-0.072,71.07,0.26,0.058,"07/17/2026 12:47 PM","Upper",08,"P01","Noon",12.798333333333334,"suraj karkee","41:00:13:15",39.2084,-96.59380833333334,""
6527129,"Whole Data Set",1,34.683,38.33,0.00061,180.081,69.868,-7.86,105.02062289999999,477.258,2.592,0.489,0.142,0.369,5.354,0.556,0.44,0.004,68.82,0.29,0.11,"07/17/2026 12:48 PM","Middle",08,"P01","Noon",12.807500000000001,"suraj karkee","41:00:13:15",39.20841666666667,-96.59381666666668,""
6527128,"Whole Data Set",1,34.934,38.3,0.00126,115.843,56.24,-7.61,134.501301,661.265,1.566,0.452,0.214,0.335,4.001,0.558,0.354,0.088,68.67,0.27,0.146,"07/17/2026 12:48 PM","Lower",08,"P01","Noon",12.815833333333334,"suraj karkee","41:00:13:15",39.20843166666667,-96.59384666666668,""
6525878,"Whole Data Set",1,64.084,25.76,0.00088,64.968,64.986,1.77,62.90841149999999,340.967,3.155,0.41,0.142,0.448,5.398,0.247,0.54,0.213,66.9,0.18,0.057,"07/17/2026 9:08 AM","Upper",05,"P02","Morning",9.146666666666667,"suraj karkee","41:00:13:15",39.2084,-96.59389666666667,""
6525877,"Whole Data Set",1,59.468,27.49,0.00093,75.923,96.059,-0.46,57.094199999999994,264.325,2.064,0.48,0.17,0.35,5.478,0.342,0.526,0.132,67.86,0.24,0.071,"07/17/2026 9:12 AM","Middle",05,"P02","Morning",9.211944444444443,"suraj karkee","41:00:13:15",39.20838666666667,-96.59387666666667,""
6525876,"Whole Data Set",1,59.335,27.81,0.00174,88.953,63.549,2.02,257.7934125,2291.497,2.54,0.25,0.212,0.538,5.439,-0.128,0.187,0.941,70.06,0.25,0.155,"07/17/2026 9:13 AM","Lower",05,"P02","Morning",9.227777777777778,"suraj karkee","41:00:13:15",39.20838833333333,-96.59387333333333,""
6525875,"Whole Data Set",1,57.83,28.13,0.00128,179.065,70.144,-0.7,401.32968750000003,2378.25,2.124,0.375,0.2,0.425,6.307,0.353,0.221,0.426,67.4,0.54,0.229,"07/17/2026 9:14 AM","Upper",07,"P02","Morning",9.240833333333333,"suraj karkee","41:00:13:15",39.20844833333333,-96.59393333333334,""
6525874,"Whole Data Set",1,57.27,28.32,0.00076,86.353,39.045,-1.29,95.34348135,422.903,1.587,0.501,0.193,0.306,4.102,0.144,0.429,0.426,67.61,0.26,0.066,"07/17/2026 9:15 AM","Middle",07,"P02","Morning",9.251111111111111,"suraj karkee","41:00:13:15",39.20841666666667,-96.59386666666666,""
6525873,"Whole Data Set",1,57.289,28.48,0.0013,156.203,91.092,-1.13,269.6123079,1772.599,3.205,0.338,0.157,0.504,5.828,0.603,0.314,0.084,69.05,0.26,0.203,"07/17/2026 9:15 AM","Lower",07,"P02","Morning",9.260277777777778,"suraj karkee","41:00:13:15",39.20840666666666,-96.59386833333335,""
6525872,"Whole Data Set",1,56.782,28.65,0.0005,114.914,76.958,-2.08,56.27031614999999,219.763,1.044,0.569,0.211,0.22,4.699,0.337,0.523,0.14,69.5,0.46,0.057,"07/17/2026 9:16 AM","Upper",09,"P02","Morning",9.270555555555557,"suraj karkee","41:00:13:15",39.208414999999995,-96.59391833333332,""
6525871,"Whole Data Set",1,56.279,28.86,0.00046,91.263,60.186,-2.39,43.826508000000004,180.356,1.561,0.54,0.18,0.28,5.619,0.35,0.628,0.022,65.2,0.27,0.042,"07/17/2026 9:16 AM","Middle",09,"P02","Morning",9.280277777777778,"suraj karkee","41:00:13:15",39.20845166666666,-96.593895,""
6525870,"Whole Data Set",1,55.131,29.17,0.00047,128.878,50.088,-1.64,53.6443893,212.117,1.456,0.562,0.178,0.26,5.327,0.34,0.604,0.056,71.83,0.23,0.061,"07/17/2026 9:17 AM","Lower",09,"P02","Morning",9.294166666666667,"suraj karkee","41:00:13:15",39.208463333333334,-96.59383333333332,""
6525869,"Whole Data Set",1,53.55,31.02,0.00073,237.016,70.574,-2.13,220.02403500000003,1396.978,1.891,0.35,0.225,0.425,4.009,0.528,0.246,0.226,62.71,0.3,0.173,"07/17/2026 9:29 AM","Upper",01,"P03","Morning",9.489722222222222,"suraj karkee","41:00:13:15",39.208301666666664,-96.59413500000001,""
6525868,"Whole Data Set",1,51.809,31.17,0.00042,222.456,75.328,-2.24,68.9008077,259.954,1.196,0.589,0.187,0.224,4.855,0.564,0.397,0.038,67.9,0.26,0.093,"07/17/2026 9:29 AM","Middle",01,"P03","Morning",9.499722222222221,"suraj karkee","41:00:13:15",39.208398333333335,-96.59383666666666,""
6525867,"Whole Data Set",1,51.189,31.34,0.00093,218.812,45.924,-1.73,268.51184639999997,2029.568,4.408,0.294,0.131,0.576,3.849,0.66,0.044,0.296,66.76,0.22,0.203,"07/17/2026 9:30 AM","Lower",01,"P03","Morning",9.508888888888889,"suraj karkee","41:00:13:15",39.208418333333334,-96.59382833333332,""
6525866,"Whole Data Set",1,51.365,31.54,0.00068,315.429,84.127,-2.65,303.49482705,2317.639,2.777,0.291,0.188,0.522,4.594,0.376,0.219,0.405,60.05,0.29,0.214,"07/17/2026 9:31 AM","Upper",02,"P03","Morning",9.519166666666667,"suraj karkee","41:00:13:15",39.208420000000004,-96.59385166666668,""
6525865,"Whole Data Set",1,50.582,31.73,0.00015,-1289.384,41.594,-3.24,46.2922614,168.091,0.918,0.612,0.202,0.186,4.34,0.483,0.537,-0.021,65.29,0.16,-0.193,"07/17/2026 9:31 AM","Middle",02,"P03","Morning",9.530555555555557,"suraj karkee","41:00:13:15",39.208425000000005,-96.59383166666666,""
6525864,"Whole Data Set",1,50.769,31.92,0.00023,245.324,53.965,-3.61,57.95183475,215.715,1.102,0.597,0.192,0.212,4.778,0.429,0.551,0.02,68.51,0.23,0.056,"07/17/2026 9:32 AM","Lower",02,"P03","Morning",9.539444444444444,"suraj karkee","41:00:13:15",39.20841,-96.59385666666667,""
6525863,"Whole Data Set",1,50.712,32.15,0.00021,202.957,72.653,-3.98,39.8488482,147.098,0.873,0.602,0.212,0.185,4.384,0.535,0.494,-0.03,66.59,0.19,0.043,"07/17/2026 9:33 AM","Upper",05,"P03","Morning",9.550833333333333,"suraj karkee","41:00:13:15",39.20841666666667,-96.59385166666668,""
6525862,"Whole Data Set",1,49.916,32.35,0.00207,77.733,85.964,-3.5,199.37840625,1885.375,1.559,0.235,0.299,0.466,5.014,0.386,0.305,0.309,65.26,0.24,0.161,"07/17/2026 9:33 AM","Middle",05,"P03","Morning",9.56,"suraj karkee","41:00:13:15",39.208443333333335,-96.59388333333332,""
6525861,"Whole Data Set",1,50.2,32.56,0.00021,183.316,56.229,-3.99,46.275510600000004,173.122,1.166,0.594,0.188,0.219,4.814,0.411,0.587,0.002,67.64,0.2,0.038,"07/17/2026 9:34 AM","Lower",05,"P03","Morning",9.569722222222222,"suraj karkee","41:00:13:15",39.20844833333333,-96.59381499999999,""
6525860,"Whole Data Set",1,50.438,32.79,0.00083,174.852,69.25,-2.96,222.48799290000002,1232.962,2.935,0.401,0.152,0.447,4.954,0.518,0.398,0.083,66.63,0.71,0.145,"07/17/2026 9:34 AM","Upper",10,"P03","Morning",9.580277777777777,"suraj karkee","41:00:13:15",39.20845833333333,-96.59381833333333,""
6525859,"Whole Data Set",1,49.532,32.96,0.00033,354.677,65.932,-3.21,139.5280512,630.208,1.596,0.492,0.196,0.312,4.934,0.53,0.536,-0.066,67.19,0.18,0.117,"07/17/2026 9:35 AM","Middle",10,"P03","Morning",9.59,"suraj karkee","41:00:13:15",39.2074855,-96.5984735,""
6525858,"Whole Data Set",1,49.564,33.15,0.00072,274.854,59.594,-2.96,327.91545090000005,2593.242,3.285,0.281,0.168,0.551,5.639,0.424,0.329,0.246,70.43,0.29,0.198,"07/17/2026 9:35 AM","Lower",10,"P03","Morning",9.599722222222223,"suraj karkee","41:00:13:15",39.20847666666667,-96.59381333333334,""
6525857,"Whole Data Set",1,44.917,36.44,0.00017,279.893,63.451,-3.81,53.272485,196.65,0.909,0.602,0.208,0.189,2.22,1.144,-0.189,0.046,67.06,0.28,0.048,"07/17/2026 9:57 AM","Upper",04,"P01","Morning",9.95361111111111,"suraj karkee","41:00:13:15",39.208378333333336,-96.59383333333332,""
6525856,"Whole Data Set",1,45.532,36.48,0.00035,248.625,68.482,-3.41,88.8969411,367.191,1.685,0.538,0.172,0.29,4.541,0.639,0.43,-0.069,67.58,0.27,0.087,"07/17/2026 9:57 AM","Middle",04,"P01","Morning",9.962777777777777,"suraj karkee","41:00:13:15",39.20834833333333,-96.59380833333334,""
6525855,"Whole Data Set",1,44.303,36.53,0.00019,250.932,54.681,-5.24,51.110703,199.262,1.348,0.57,0.183,0.247,4.49,0.465,0.493,0.042,69.33,0.21,0.048,"07/17/2026 9:58 AM","Lower",04,"P01","Morning",9.973333333333333,"suraj karkee","41:00:13:15",39.20837166666667,-96.59381666666668,""
6525854,"Whole Data Set",1,43.215,36.56,0.00151,171.682,67.639,-4.05,229.56514019999997,2440.884,7.702,0.209,0.091,0.701,3.488,0.67,0.068,0.262,61.85,0.24,0.259,"07/17/2026 9:58 AM","Upper",05,"P01","Morning",9.982222222222223,"suraj karkee","41:00:13:15",39.20835833333333,-96.59381833333333,""
6525853,"Whole Data Set",1,40.438,36.48,0.00083,232.783,75.771,-4.11,241.12402200000005,1599.496,2.808,0.335,0.175,0.491,4.606,0.532,0.235,0.233,70.83,0.21,0.193,"07/17/2026 10:01 AM","Middle",05,"P01","Morning",10.02638888888889,"suraj karkee","41:00:13:15",39.20836166666666,-96.59381,""
6525852,"Whole Data Set",1,40.769,36.42,0.00049,196.16,68.273,-6.49,73.66267755000001,303.701,1.752,0.539,0.168,0.294,4.32,0.573,0.4,0.027,70.17,0.23,0.096,"07/17/2026 10:02 AM","Lower",05,"P01","Morning",10.036111111111111,"suraj karkee","41:00:13:15",39.20835666666667,-96.59382166666667,""
6525851,"Whole Data Set",1,43.888,36.44,0.00017,312.392,77.846,-4.67,43.961147999999994,158.59,0.723,0.616,0.223,0.161,2.497,1.111,0.042,-0.153,62.07,0.21,0.053,"07/17/2026 10:02 AM","Upper",06,"P01","Morning",10.0475,"suraj karkee","41:00:13:15",39.207754,-96.5983972,""
6525850,"Whole Data Set",1,42.393,36.48,0.00119,219.003,64.807,-4.63,311.13627885000005,2551.343,4.796,0.271,0.126,0.603,4.346,0.378,0.151,0.471,66.64,0.32,0.261,"07/17/2026 10:03 AM","Middle",06,"P01","Morning",10.056111111111111,"suraj karkee","41:00:13:15",39.208380000000005,-96.59383000000001,""
6525849,"Whole Data Set",1,41.532,36.51,0.00018,172.275,71.577,-4.48,47.7305082,177.668,0.94,0.597,0.208,0.195,4.181,0.702,0.394,-0.096,67.41,0.18,0.031,"07/17/2026 10:03 AM","Lower",06,"P01","Morning",10.065555555555557,"suraj karkee","41:00:13:15",39.208376666666666,-96.59382,""
6525848,"Whole Data Set",1,41.84,36.59,0.00021,354.726,83.897,-5,42.5701575,161.71,1.338,0.585,0.177,0.237,5.036,0.62,0.405,-0.025,70.95,0.18,0.074,"07/17/2026 10:04 AM","Upper",08,"P01","Morning",10.075833333333334,"suraj karkee","41:00:13:15",39.20836666666666,-96.59379666666668,""
6525847,"Whole Data Set",1,41.082,36.7,0.0004,239.66,58.781,-5.07,161.0645643,747.226,2.328,0.479,0.157,0.365,4.347,0.932,0.087,-0.019,67.65,0.25,0.096,"07/17/2026 10:05 AM","Middle",08,"P01","Morning",10.086388888888889,"suraj karkee","41:00:13:15",39.208380000000005,-96.59382499999998,""
6525846,"Whole Data Set",1,41.137,36.78,0.00024,337.22,63.158,-5.85,54.266869799999995,210.827,1.318,0.572,0.184,0.243,4.324,0.552,0.323,0.125,71.34,0.25,0.081,"07/17/2026 10:05 AM","Lower",08,"P01","Morning",10.097222222222223,"suraj karkee","41:00:13:15",39.2078798,-96.5983375,""
6520570,"Whole Data Set",1,51.045,29.11,0.00136,155.731,58.146,1.14,267.3335214,1789.381,2.035,0.332,0.22,0.448,3.338,0.333,0.186,0.48,59.13,0.27,0.212,"07/15/2026 4:09 PM","Upper",01,"P01","Late",16.16638888888889,"suraj karkee","41:00:13:15",39.20847666666667,-96.593785,""
6520569,"Whole Data Set",1,51.439,29.48,0.00051,158.805,76.641,0.45,70.97068800000001,294.24,1.137,0.536,0.217,0.247,3.964,0.468,0.459,0.073,63.65,0.2,0.081,"07/15/2026 4:10 PM","Middle",01,"P01","Late",16.17666666666667,"suraj karkee","41:00:13:15",39.208420000000004,-96.59379666666668,""
6520568,"Whole Data Set",1,49.356,30.14,0.00068,131.927,44.02,0.65,87.84518175000001,400.845,1.718,0.487,0.189,0.324,3.536,0.425,0.451,0.124,59.62,0.21,0.09,"07/15/2026 4:11 PM","Lower",01,"P01","Late",16.193055555555556,"suraj karkee","41:00:13:15",39.208414999999995,-96.59382333333333,""
6520567,"Whole Data Set",1,50.659,30.5,0.00054,159.426,81.444,0.11,87.95663415,362.633,1.44,0.539,0.189,0.272,2.706,0.664,0.383,-0.046,58.3,0.26,0.086,"07/15/2026 4:12 PM","Upper",02,"P01","Late",16.203055555555554,"suraj karkee","41:00:13:15",39.208414999999995,-96.59382,""
6520566,"Whole Data Set",1,49.018,30.83,0.00072,303.981,55.239,0.18,289.90281419999997,2198.732,3.458,0.293,0.158,0.548,3.988,0.4,0.335,0.265,66,0.27,0.219,"07/15/2026 4:12 PM","Middle",02,"P01","Late",16.211944444444445,"suraj karkee","41:00:13:15",39.208436666666664,-96.59380666666667,""
6520565,"Whole Data Set",1,48.534,31.17,0.00058,160.004,53.377,-0.16,101.30312970000001,425.554,1.444,0.529,0.193,0.278,3.904,0.476,0.464,0.061,67.72,0.3,0.093,"07/15/2026 4:13 PM","Lower",02,"P01","Late",16.221944444444443,"suraj karkee","41:00:13:15",39.20841,-96.59380666666667,""
6520564,"Whole Data Set",1,46.985,31.53,0.00121,202.673,73.51,-0.46,300.4282548,1940.751,3.112,0.344,0.16,0.496,3.649,0.659,0.412,-0.072,61.46,0.23,0.245,"07/15/2026 4:13 PM","Upper",05,"P01","Late",16.233055555555556,"suraj karkee","41:00:13:15",39.20845833333333,-96.59377833333335,""
6520563,"Whole Data Set",1,47.896,31.86,0.00041,197.331,86.42,-0.79,72.47431800000001,295.512,1.275,0.545,0.2,0.255,3.719,0.558,0.399,0.042,64.06,0.26,0.081,"07/15/2026 4:14 PM","Middle",05,"P01","Late",16.24361111111111,"suraj karkee","41:00:13:15",39.20845166666666,-96.59379666666668,""
6520562,"Whole Data Set",1,48.215,32.18,0.00049,272.18,50.603,-0.03,142.2141525,690.025,2.493,0.458,0.155,0.387,3.744,0.611,0.42,-0.031,67.63,0.24,0.133,"07/15/2026 4:15 PM","Lower",05,"P01","Late",16.253055555555555,"suraj karkee","41:00:13:15",39.20844833333333,-96.59377833333335,""
6520561,"Whole Data Set",1,47.477,32.61,0.00048,205.801,72.882,-1.14,81.42871274999999,365.561,1.773,0.495,0.182,0.323,4.455,0.456,0.453,0.091,66.22,0.34,0.099,"07/15/2026 4:16 PM","Upper",10,"P01","Late",16.266666666666666,"suraj karkee","41:00:13:15",39.20845,-96.59375166666665,""
6520560,"Whole Data Set",1,48.171,32.89,0.00125,130.026,77.469,-1,146.55494700000003,845.916,2.017,0.385,0.204,0.411,4.491,0.429,0.332,0.239,67.55,0.18,0.163,"07/15/2026 4:16 PM","Middle",10,"P01","Late",16.27583333333333,"suraj karkee","41:00:13:15",39.208436666666664,-96.59378833333334,""
6520559,"Whole Data Set",1,47.489,33.2,0.00052,183.547,50.413,-1.39,93.83589450000001,422.97,1.955,0.493,0.172,0.336,3.562,0.727,0.17,0.103,71.06,0.3,0.095,"07/15/2026 4:17 PM","Lower",10,"P01","Late",16.285555555555558,"suraj karkee","41:00:13:15",39.208443333333335,-96.59378,""
6520558,"Whole Data Set",1,43.615,36.36,0.00099,246.476,75.97,-2.99,233.05344300000002,1856.26,4.446,0.279,0.132,0.589,3.388,0.509,0.109,0.382,65.2,0.23,0.244,"07/15/2026 4:38 PM","Upper",04,"P01","Late",16.647777777777776,"suraj karkee","41:00:13:15",39.20838666666667,-96.59381666666668,""
6520557,"Whole Data Set",1,42.953,36.45,0.00023,416.907,62.148,-2.52,68.83263270000002,273.634,1.534,0.559,0.174,0.267,5.242,0.404,0.683,-0.087,62.36,0.31,0.096,"07/15/2026 4:39 PM","Middle",04,"P01","Late",16.65694444444444,"suraj karkee","41:00:13:15",39.20835833333333,-96.59381166666665,""
6520556,"Whole Data Set",1,42.685,36.53,0.00054,218.741,55.594,-3.16,104.86791944999999,468.893,1.869,0.497,0.175,0.328,4.651,0.5,0.426,0.074,69.5,0.24,0.118,"07/15/2026 4:39 PM","Lower",04,"P01","Late",16.66611111111111,"suraj karkee","41:00:13:15",39.20838666666667,-96.593805,""
6520555,"Whole Data Set",1,41.315,36.62,0.00023,351.371,66.053,-3.07,54.920801250000004,232.469,1.359,0.525,0.201,0.274,2.271,1.233,-0.026,-0.207,62.19,0.31,0.081,"07/15/2026 4:40 PM","Upper",05,"P01","Late",16.675833333333333,"suraj karkee","41:00:13:15",39.20838166666667,-96.59383166666666,""
6520554,"Whole Data Set",1,41.012,36.73,0.00038,255.581,74.101,-4.8,77.5410894,313.868,1.517,0.549,0.179,0.272,4.225,0.595,0.415,-0.011,65.84,0.25,0.097,"07/15/2026 4:41 PM","Middle",05,"P01","Late",16.68638888888889,"suraj karkee","41:00:13:15",39.20838333333334,-96.59381499999999,""
6520553,"Whole Data Set",1,40.864,36.82,0.00019,226.178,70.062,-4.97,50.7125529,199.107,1.788,0.566,0.156,0.278,5.297,0.55,0.478,-0.028,69.11,0.22,0.043,"07/15/2026 4:41 PM","Lower",05,"P01","Late",16.697222222222223,"suraj karkee","41:00:13:15",39.208380000000005,-96.59383000000001,""
6520552,"Whole Data Set",1,39.619,36.87,0.00053,191.547,79.105,-6.12,105.70745070000002,434.206,1.919,0.541,0.157,0.302,7.742,0.332,0.763,-0.095,56.1,0.33,0.102,"07/15/2026 4:42 PM","Upper",06,"P01","Late",16.70611111111111,"suraj karkee","41:00:13:15",39.208395,-96.59381666666668,""
6520551,"Whole Data Set",1,38.661,36.89,0.00028,257.13,56.373,-6.28,70.36693559999999,275.301,1.639,0.568,0.164,0.269,5.831,0.358,0.552,0.089,65.05,0.3,0.072,"07/15/2026 4:42 PM","Middle",06,"P01","Late",16.715,"suraj karkee","41:00:13:15",39.208373333333334,-96.59381333333334,""
6520550,"Whole Data Set",1,35.141,36.89,0.00059,132.304,71.727,-6.46,63.236061899999996,267.157,1.998,0.526,0.158,0.316,4.98,0.261,0.511,0.228,67.21,0.21,0.078,"07/15/2026 4:43 PM","Lower",06,"P01","Late",16.724444444444444,"suraj karkee","41:00:13:15",39.20836833333333,-96.59381333333334,""
6520549,"Whole Data Set",1,34.713,36.79,0.00044,190.996,72.847,-4.9,57.05470755000001,227.627,1.453,0.557,0.181,0.263,4.483,0.402,0.575,0.023,67.21,0.22,0.084,"07/15/2026 4:44 PM","Upper",08,"P01","Late",16.734166666666667,"suraj karkee","41:00:13:15",39.208385,-96.59382666666667,""
6520548,"Whole Data Set",1,36.243,36.7,0.00036,197.839,64.128,-5.45,54.275427,220.095,1.808,0.548,0.161,0.291,4.613,0.448,0.54,0.012,68.35,0.21,0.071,"07/15/2026 4:44 PM","Middle",08,"P01","Late",16.74361111111111,"suraj karkee","41:00:13:15",39.208365,-96.59382,""
6520547,"Whole Data Set",1,36.975,36.68,0.00068,146.204,70.763,-6.89,87.37946280000001,374.136,2.048,0.519,0.158,0.323,4.139,0.505,0.461,0.034,67.61,0.23,0.099,"07/15/2026 4:45 PM","Lower",08,"P01","Late",16.752777777777776,"suraj karkee","41:00:13:15",39.20837166666667,-96.59383666666666,""
6520546,"Whole Data Set",1,37.396,36.69,0.00127,184.999,78.244,-2.8,260.630568,1755.088,3.902,0.33,0.137,0.534,4.591,0.491,0.185,0.323,66.91,0.19,0.235,"07/15/2026 4:46 PM","Upper",05,"P02","Late",16.773055555555555,"suraj karkee","41:00:13:15",39.2084,-96.59389666666667,""
6520545,"Whole Data Set",1,38.743,36.73,0.00024,275.871,73.535,-4.18,63.520361099999995,245.917,1.296,0.574,0.186,0.24,5.243,0.524,0.398,0.079,67.58,0.34,0.066,"07/15/2026 4:46 PM","Middle",05,"P02","Late",16.781944444444445,"suraj karkee","41:00:13:15",39.20840333333333,-96.59391833333332,""
6520544,"Whole Data Set",1,39.139,36.85,0.00079,190.279,52.596,-5.22,157.01109390000002,892.362,3.447,0.391,0.137,0.472,4.257,0.56,0.285,0.155,68.46,0.4,0.15,"07/15/2026 4:47 PM","Lower",05,"P02","Late",16.79138888888889,"suraj karkee","41:00:13:15",39.20840166666667,-96.59387999999998,""
6520543,"Whole Data Set",1,39.258,36.99,0.00032,251.699,79.389,-5.1,71.93325060000001,287.503,1.424,0.556,0.183,0.261,3.102,0.683,0.269,0.048,64.54,0.23,0.081,"07/15/2026 4:48 PM","Upper",07,"P02","Late",16.802777777777777,"suraj karkee","41:00:13:15",39.20843166666667,-96.59391499999998,""
6520542,"Whole Data Set",1,37.996,37.13,0.00073,238.46,50.28,-3.84,161.4709404,868.824,3.408,0.413,0.133,0.454,3.533,0.704,0.109,0.188,65.78,0.28,0.174,"07/15/2026 4:48 PM","Middle",07,"P02","Late",16.81222222222222,"suraj karkee","41:00:13:15",39.20843166666667,-96.59389833333334,""
6520541,"Whole Data Set",1,36.576,37.26,0.00014,320.897,80.757,-5.41,64.0837134,248.098,1.196,0.574,0.194,0.232,4.44,0.68,0.375,-0.055,66.86,0.29,0.045,"07/15/2026 4:49 PM","Lower",07,"P02","Late",16.821944444444444,"suraj karkee","41:00:13:15",39.20842666666667,-96.59388666666668,""
6520540,"Whole Data Set",1,38.55,37.43,0.00131,180.357,66.573,-3.68,266.62754520000004,2210.842,5.541,0.268,0.112,0.62,4.893,0.307,0.362,0.33,64.57,0.32,0.236,"07/15/2026 4:49 PM","Upper",09,"P02","Late",16.83277777777778,"suraj karkee","41:00:13:15",39.20840833333333,-96.59389833333334,""
6520539,"Whole Data Set",1,39.477,37.57,0.00089,248.853,78.08,-4.34,308.1431016,2517.509,3.581,0.272,0.159,0.569,4.991,0.494,0.443,0.063,71.35,0.36,0.221,"07/15/2026 4:50 PM","Middle",09,"P02","Late",16.842499999999998,"suraj karkee","41:00:13:15",39.20844833333333,-96.59388333333332,""
6520538,"Whole Data Set",1,40.475,37.71,0.00023,211.111,67.97,-5.16,63.69180480000001,258.752,1.676,0.547,0.169,0.284,4.964,0.469,0.491,0.04,71.17,0.23,0.049,"07/15/2026 4:51 PM","Lower",09,"P02","Late",16.852777777777778,"suraj karkee","41:00:13:15",39.20845666666666,-96.59387666666667,""
6520537,"Whole Data Set",1,40.271,37.86,0.00058,179.334,79.438,-5.09,85.2886557,396.507,1.765,0.478,0.189,0.333,4.544,0.354,0.573,0.073,63.15,0.25,0.104,"07/15/2026 4:51 PM","Upper",11,"P02","Late",16.862222222222222,"suraj karkee","41:00:13:15",39.208418333333334,-96.59390333333334,""
6520536,"Whole Data Set",1,40.103,38,0.00094,242.238,53.079,-4.89,250.24561110000002,2029.567,5.431,0.274,0.113,0.613,3.375,0.558,0.116,0.325,69.12,0.26,0.228,"07/15/2026 4:52 PM","Middle",11,"P02","Late",16.871111111111112,"suraj karkee","41:00:13:15",39.208455,-96.59390333333334,""
6520535,"Whole Data Set",1,39.968,38.12,0.0003,250.439,63.889,-5.23,70.931295,305.475,1.724,0.516,0.178,0.307,4.254,0.593,0.396,0.012,69.84,0.28,0.075,"07/15/2026 4:52 PM","Lower",11,"P02","Late",16.879444444444445,"suraj karkee","41:00:13:15",39.20843833333333,-96.59392000000001,""
6518853,"Whole Data Set",1,57.542,27.99,0.00046,193.681,59.146,-0.42,107.44280639999998,399.936,1.005,0.597,0.201,0.202,3.318,0.541,0.527,-0.069,57.42,0.26,0.089,"07/15/2026 9:08 AM","Upper",01,"P03","Morning",9.1375,"suraj karkee","41:00:13:15",39.20843833333333,-96.59378666666667,""
6518852,"Whole Data Set",1,58.325,28.24,0.0004,174.008,84.624,-1.03,74.23722314999998,288.917,1.285,0.571,0.188,0.241,4.856,0.412,0.593,-0.005,64.66,0.19,0.07,"07/15/2026 9:08 AM","Middle",01,"P03","Morning",9.147499999999999,"suraj karkee","41:00:13:15",39.208443333333335,-96.59385666666667,""
6518851,"Whole Data Set",1,58.052,28.58,0.00099,193.11,48.616,-0.23,247.34735369999999,1814.062,3.831,0.303,0.144,0.553,6.261,0.498,0.556,-0.054,66.12,0.2,0.191,"07/15/2026 9:09 AM","Lower",01,"P03","Morning",9.16,"suraj karkee","41:00:13:15",39.208441666666666,-96.59386500000001,""
6518850,"Whole Data Set",1,57.423,28.8,0.00051,407.824,89.366,-0.63,321.35752440000005,2177.219,2.878,0.328,0.173,0.499,4.564,0.476,0.562,-0.038,55.54,0.26,0.208,"07/15/2026 9:10 AM","Upper",02,"P03","Morning",9.169166666666666,"suraj karkee","41:00:13:15",39.208441666666666,-96.593845,""
6518849,"Whole Data Set",1,56.729,29.82,0.0002,300.994,58.39,-1.65,42.5014695,159.81,0.98,0.591,0.207,0.202,3.465,0.622,0.397,-0.019,65.11,0.17,0.06,"07/15/2026 9:12 AM","Middle",02,"P03","Morning",9.206666666666665,"suraj karkee","41:00:13:15",39.208421666666666,-96.59386500000001,""
6518848,"Whole Data Set",1,56.467,30.08,0.00044,186.815,66.471,-2.19,85.6280682,343.474,1.351,0.554,0.19,0.256,4.222,0.44,0.475,0.085,66.88,0.22,0.082,"07/15/2026 9:13 AM","Lower",02,"P03","Morning",9.217222222222222,"suraj karkee","41:00:13:15",39.20845,-96.593835,""
6518847,"Whole Data Set",1,56.194,30.35,0.00021,257.52,71.86,-2.1,48.82176449999999,181.73,0.8,0.597,0.224,0.179,3.54,0.684,0.419,-0.103,64.69,0.21,0.054,"07/15/2026 9:13 AM","Upper",05,"P03","Morning",9.228055555555555,"suraj karkee","41:00:13:15",39.20845,-96.59384,""
6518846,"Whole Data Set",1,54.836,30.62,0.0005,342.089,76.84,-2.63,187.58436165,1340.367,1.995,0.311,0.23,0.459,5.197,0.413,0.545,0.042,65.62,0.25,0.171,"07/15/2026 9:14 AM","Middle",05,"P03","Morning",9.238333333333333,"suraj karkee","41:00:13:15",39.208455,-96.59384,""
6518845,"Whole Data Set",1,54.861,30.83,0.00033,159.845,51.094,-3.26,54.453772799999996,210.084,1.32,0.576,0.183,0.241,3.752,0.573,0.49,-0.063,65.25,0.22,0.053,"07/15/2026 9:14 AM","Lower",05,"P03","Morning",9.246944444444443,"suraj karkee","41:00:13:15",39.20843833333333,-96.59384666666668,""
6518844,"Whole Data Set",1,54.444,31.19,0.00058,169.055,78.017,-1.68,100.2599424,435.156,1.779,0.512,0.176,0.313,4.579,0.505,0.467,0.028,67.17,0.22,0.098,"07/15/2026 9:15 AM","Upper",10,"P03","Morning",9.2625,"suraj karkee","41:00:13:15",39.208485,-96.59384333333334,""
6518843,"Whole Data Set",1,54.198,31.4,0.00037,249.593,72.043,-1.85,128.5470486,587.778,1.519,0.486,0.204,0.31,5.276,0.465,0.595,-0.06,68.57,0.22,0.092,"07/15/2026 9:16 AM","Middle",10,"P03","Morning",9.272777777777778,"suraj karkee","41:00:13:15",39.20849166666667,-96.59384166666665,""
6518842,"Whole Data Set",1,54.172,31.58,0.0006,142.911,54.38,-3.15,96.73769250000001,419.05,1.592,0.513,0.188,0.299,4.846,0.458,0.497,0.045,70.84,0.22,0.086,"07/15/2026 9:16 AM","Lower",03,"P03","Morning",9.281944444444445,"suraj karkee","41:00:13:15",39.208459999999995,-96.59385333333333,""
6518841,"Whole Data Set",1,45.916,36.73,0.00016,247.264,54.732,-3.84,50.638103099999995,193.349,1.143,0.582,0.195,0.223,3.837,0.739,0.267,-0.006,66.82,0.21,0.04,"07/15/2026 9:40 AM","Upper",04,"P01","Morning",9.668888888888889,"suraj karkee","41:00:13:15",39.208378333333336,-96.59382333333333,""
6518840,"Whole Data Set",1,44.385,36.76,0.00094,236.611,73.844,-4.51,224.9485974,1581.917,4.333,0.316,0.128,0.556,3.645,0.632,0.042,0.327,65.47,0.26,0.222,"07/15/2026 9:40 AM","Middle",04,"P01","Morning",9.678055555555554,"suraj karkee","41:00:13:15",39.20836666666666,-96.59382166666667,""
6518839,"Whole Data Set",1,44.832,36.8,0.00031,228,44.543,-5.55,56.997708300000006,228.631,1.593,0.554,0.172,0.274,3.092,0.625,0.303,0.072,66.07,0.19,0.071,"07/15/2026 9:41 AM","Lower",04,"P01","Morning",9.687222222222223,"suraj karkee","41:00:13:15",39.208385,-96.59382833333332,""
6518838,"Whole Data Set",1,44.993,36.85,0.00107,220.269,68.59,-2.88,210.2896134,1876.748,6.789,0.249,0.096,0.655,2.565,0.624,-0.089,0.465,51.91,0.16,0.236,"07/15/2026 9:41 AM","Upper",05,"P01","Morning",9.696666666666667,"suraj karkee","41:00:13:15",39.20836333333333,-96.59384666666668,""
6518837,"Whole Data Set",1,45.812,36.89,0.00096,144.8,66.818,-3.86,99.37037880000001,518.364,2.097,0.426,0.185,0.389,4.043,0.582,0.259,0.159,67.58,0.26,0.139,"07/15/2026 9:42 AM","Middle",05,"P01","Morning",9.705555555555556,"suraj karkee","41:00:13:15",39.208355,-96.59384666666668,""
6518836,"Whole Data Set",1,45.074,36.94,0.00031,331.104,63.991,-7.07,79.86924,328.68,1.669,0.54,0.173,0.288,4.637,0.651,0.364,-0.015,66.43,0.22,0.103,"07/15/2026 9:42 AM","Lower",05,"P01","Morning",9.714722222222221,"suraj karkee","41:00:13:15",39.208369999999995,-96.59384,""
6518835,"Whole Data Set",1,45.114,36.99,0.00015,345.017,81.996,-3.54,50.51490569999999,198.331,1.027,0.566,0.214,0.22,2.713,0.74,0.155,0.105,56.59,0.2,0.052,"07/15/2026 9:43 AM","Upper",06,"P01","Morning",9.728333333333333,"suraj karkee","41:00:13:15",39.20840166666667,-96.59384166666665,""
6518834,"Whole Data Set",1,45.048,37.04,0.00094,226.32,59.746,-5.49,252.30649095000004,1683.727,2.769,0.333,0.177,0.49,3.325,0.585,0.021,0.395,64.47,0.3,0.213,"07/15/2026 9:44 AM","Middle",06,"P01","Morning",9.738055555555555,"suraj karkee","41:00:13:15",39.208395,-96.593845,""
6518833,"Whole Data Set",1,44.345,37.09,0.00018,535.972,67.281,-2.74,54.159848999999994,207.509,1.123,0.58,0.198,0.222,3.177,0.812,0.208,-0.02,66.01,0.18,0.096,"07/15/2026 9:45 AM","Lower",06,"P01","Morning",9.751111111111111,"suraj karkee","41:00:13:15",39.20845,-96.59383333333332,""
6518832,"Whole Data Set",1,43.533,37.14,0.00022,277.001,77.011,-6.03,53.291686950000006,207.401,1.355,0.571,0.182,0.247,4.288,0.633,0.448,-0.081,67.77,0.18,0.061,"07/15/2026 9:45 AM","Upper",08,"P01","Morning",9.762777777777778,"suraj karkee","41:00:13:15",39.20838166666667,-96.59382833333332,""
6518831,"Whole Data Set",1,42.791,37.16,0.00051,172.101,63.667,-7.01,86.282037,371.585,1.748,0.516,0.176,0.308,4.177,0.592,0.327,0.081,66.62,0.24,0.088,"07/15/2026 9:46 AM","Middle",08,"P01","Morning",9.771666666666668,"suraj karkee","41:00:13:15",39.20836333333333,-96.59382833333332,""
6518830,"Whole Data Set",1,43.225,37.17,0.0002,295.907,51.695,-5.4,50.80583025,189.751,1.047,0.595,0.198,0.207,3.514,0.749,0.257,-0.006,67.99,0.21,0.059,"07/15/2026 9:46 AM","Lower",08,"P01","Morning",9.780000000000001,"suraj karkee","41:00:13:15",39.208396666666665,-96.593835,""
6518829,"Whole Data Set",1,44.784,37.54,0.00027,310.819,84.569,-5.69,65.040102,267.16,1.634,0.541,0.174,0.285,4.096,0.625,0.357,0.018,67.99,0.21,0.084,"07/15/2026 9:56 AM","Upper",05,"P02","Morning",9.942222222222222,"suraj karkee","41:00:13:15",39.208421666666666,-96.59390333333334,""
6518828,"Whole Data Set",1,43.656,37.55,0.00057,390.973,83.924,-6.54,250.90204094999999,1970.177,3.939,0.283,0.145,0.572,3.843,0.319,0.363,0.317,64.45,0.4,0.223,"07/15/2026 9:57 AM","Middle",05,"P02","Morning",9.950833333333332,"suraj karkee","41:00:13:15",39.208423333333336,-96.59390333333334,""
6518827,"Whole Data Set",1,44.127,37.58,0.00059,201.403,52.062,-6.79,133.30342124999999,665.685,2.065,0.445,0.181,0.374,3.858,0.56,0.338,0.102,69.71,0.28,0.119,"07/15/2026 9:57 AM","Lower",05,"P02","Morning",9.959444444444443,"suraj karkee","41:00:13:15",39.208376666666666,-96.59393333333334,""
6518826,"Whole Data Set",1,44.337,37.63,0.00074,257.362,79.026,-5.52,263.6481015,1992.805,4.244,0.294,0.135,0.572,3.499,0.656,0.13,0.214,64.17,0.27,0.19,"07/15/2026 9:58 AM","Upper",07,"P02","Morning",9.973611111111111,"suraj karkee","41:00:13:15",39.20843166666667,-96.59388499999999,""
6518825,"Whole Data Set",1,41.564,37.67,0.00031,233.085,47.915,-8.16,70.68141405,289.263,1.526,0.543,0.181,0.276,3.065,0.456,0.315,0.229,64.21,0.23,0.072,"07/15/2026 9:59 AM","Middle",07,"P02","Morning",9.988055555555555,"suraj karkee","41:00:13:15",39.208405,-96.59390166666665,""
6518824,"Whole Data Set",1,39.605,37.68,0.00075,230.249,78.646,-7.85,233.0991117,1947.361,4.936,0.266,0.124,0.61,3.745,0.619,0.155,0.226,69,0.31,0.173,"07/15/2026 9:59 AM","Lower",07,"P02","Morning",9.997777777777777,"suraj karkee","41:00:13:15",39.20841,-96.59391333333333,""
6518822,"Whole Data Set",1,40.704,37.73,0.00033,168.033,75.266,-8.26,64.35604125,248.719,1.303,0.575,0.185,0.241,3.921,0.628,0.417,-0.045,64.35,0.39,0.055,"07/15/2026 10:00 AM","Upper",09,"P02","Morning",10.010277777777778,"suraj karkee","41:00:13:15",39.20845166666666,-96.59391,""
6518821,"Whole Data Set",1,39.285,37.74,0.0002,288.268,77.03,-5.59,61.71444675,226.683,0.919,0.605,0.206,0.189,4,0.763,0.332,-0.095,68.56,0.23,0.058,"07/15/2026 10:01 AM","Middle",09,"P02","Morning",10.023611111111112,"suraj karkee","41:00:13:15",39.208483333333334,-96.59387333333333,""
6518820,"Whole Data Set",1,39.986,37.77,0.00038,157.191,73.95,-7.52,76.6683927,328.274,1.922,0.519,0.165,0.316,4.661,0.608,0.401,-0.009,69.63,0.23,0.06,"07/15/2026 10:02 AM","Lower",09,"P02","Morning",10.034166666666666,"suraj karkee","41:00:13:15",39.208463333333334,-96.59384833333334,""
6518819,"Whole Data Set",1,41.242,37.82,0.00065,414.112,79.631,-5.67,264.91950045,2326.917,5.962,0.253,0.107,0.639,2.366,0.944,0.13,-0.073,61.31,0.27,0.269,"07/15/2026 10:02 AM","Upper",11,"P02","Morning",10.044722222222221,"suraj karkee","41:00:13:15",39.208443333333335,-96.59391499999998,""
6518818,"Whole Data Set",1,41.581,37.85,0.00031,177.986,56.162,-7.2,65.62595700000001,267.588,1.541,0.545,0.179,0.276,4.096,0.584,0.408,0.008,67.18,0.21,0.055,"07/15/2026 10:03 AM","Middle",11,"P02","Morning",10.054444444444446,"suraj karkee","41:00:13:15",39.208485,-96.59389833333334,""
6518817,"Whole Data Set",1,40.392,37.87,0.0006,221.565,65.095,-7.22,167.71534649999998,850.915,2.548,0.438,0.158,0.403,4.362,0.798,0.295,-0.094,68.95,0.27,0.133,"07/15/2026 10:03 AM","Lower",11,"P02","Morning",10.063055555555556,"suraj karkee","41:00:13:15",39.20842833333334,-96.59393166666665,""
6518816,"Whole Data Set",1,52.292,29.1,0.00088,195.135,77.949,0.91,310.83445800000004,2228.204,3.752,0.31,0.145,0.545,5.173,0.444,0.508,0.048,59.53,0.23,0.172,"07/15/2026 12:03 PM","Upper",01,"P03","Noon",12.061944444444444,"suraj karkee","41:00:13:15",39.20845666666666,-96.59385166666668,""
6518815,"Whole Data Set",1,52.405,29.38,0.00046,264.411,82.498,0.77,117.31286699999998,537.516,1.485,0.485,0.207,0.308,5.032,0.478,0.645,-0.123,66.09,3.49,0.122,"07/15/2026 12:04 PM","Middle",01,"P03","Noon",12.070833333333333,"suraj karkee","41:00:13:15",39.208485,-96.59386833333335,""
6518814,"Whole Data Set",1,51.551,29.73,0.00076,152.047,49.888,-0.12,121.05258210000002,588.634,2.211,0.457,0.169,0.374,3.831,0.577,0.311,0.113,67.34,0.23,0.116,"07/15/2026 12:04 PM","Lower",01,"P03","Noon",12.08,"suraj karkee","41:00:13:15",39.20840166666667,-96.59384999999999,""
6518813,"Whole Data Set",1,52.357,30.09,0.00107,216.623,83.189,-0.3,309.0626982,1979.268,2.592,0.347,0.182,0.471,3.829,0.512,0.016,0.472,56.9,0.31,0.232,"07/15/2026 12:05 PM","Upper",02,"P03","Noon",12.090277777777779,"suraj karkee","41:00:13:15",39.208398333333335,-96.593835,""
6518812,"Whole Data Set",1,47.945,30.52,0.00044,182.618,73.265,-0.87,63.69705,244.05,1.01,0.58,0.209,0.211,4.152,0.582,0.466,-0.047,64.54,0.2,0.08,"07/15/2026 12:06 PM","Middle",02,"P03","Noon",12.102222222222222,"suraj karkee","41:00:13:15",39.208445,-96.59385499999999,""
6518811,"Whole Data Set",1,48.242,30.87,0.00049,260.425,54.15,-0.18,120.2985504,538.972,1.95,0.496,0.171,0.333,4.101,0.734,0.037,0.229,67.05,0.53,0.128,"07/15/2026 12:06 PM","Lower",02,"P03","Noon",12.111944444444443,"suraj karkee","41:00:13:15",39.208423333333336,-96.59384833333334,""
6518810,"Whole Data Set",1,44.471,31.25,0.00067,175.667,65.742,-1.14,104.3120736,467.348,1.237,0.496,0.225,0.279,3.192,0.516,0.186,0.298,60.03,0.23,0.118,"07/15/2026 12:07 PM","Upper",05,"P03","Noon",12.123611111111112,"suraj karkee","41:00:13:15",39.20844666666667,-96.59383333333332,""
6518809,"Whole Data Set",1,45.171,31.5,0.00138,127.226,68.719,-2.39,158.53067460000003,1114.843,1.883,0.316,0.237,0.447,4.814,0.375,0.333,0.292,63.59,0.22,0.176,"07/15/2026 12:07 PM","Middle",05,"P03","Noon",12.1325,"suraj karkee","41:00:13:15",39.208481666666664,-96.593835,""
6518807,"Whole Data Set",1,44.076,31.82,0.00085,169.564,43.473,-2.17,182.1829212,1032.783,1.99,0.392,0.203,0.405,4.263,0.536,0.23,0.234,66.19,0.2,0.144,"07/15/2026 12:08 PM","Lower",05,"P03","Noon",12.144444444444444,"suraj karkee","41:00:13:15",39.208466666666666,-96.59384166666665,""
6518806,"Whole Data Set",1,43.791,32.06,0.00072,224.031,72.616,-2.69,141.58829160000002,624.287,1.79,0.504,0.178,0.318,3.526,1.816,0.612,-1.427,64.98,0.34,0.161,"07/15/2026 12:09 PM","Upper",10,"P03","Noon",12.155555555555557,"suraj karkee","41:00:13:15",39.20847666666667,-96.59385333333333,""
6518805,"Whole Data Set",1,41.618,32.31,0.00082,199.722,58.197,-3.08,184.35787919999999,948.343,2.244,0.432,0.175,0.393,5.069,0.522,0.354,0.125,67.66,0.19,0.164,"07/15/2026 12:09 PM","Middle",10,"P03","Noon",12.165555555555557,"suraj karkee","41:00:13:15",39.208468333333336,-96.59382666666667,""
6518804,"Whole Data Set",1,42.53,32.54,0.00103,178.288,53.139,-2.43,212.2482312,1288.696,3.484,0.366,0.141,0.493,3.157,1.908,-0.45,-0.458,71.69,0.27,0.184,"07/15/2026 12:10 PM","Lower",10,"P03","Noon",12.17611111111111,"suraj karkee","41:00:13:15",39.20845,-96.59380000000002,""
6518803,"Whole Data Set",1,39.134,36.51,0.0007,218.336,70.406,-4.1,128.39161455,581.089,1.736,0.491,0.186,0.323,3.684,0.708,0.162,0.13,62.45,0.23,0.153,"07/15/2026 12:33 PM","Upper",04,"P01","Noon",12.555555555555557,"suraj karkee","41:00:13:15",39.208385,-96.59383333333332,""
6518802,"Whole Data Set",1,39.364,36.54,0.00074,277.664,60.585,-4.03,202.0806945,1297.885,2.953,0.346,0.165,0.488,2.956,0.974,-0.073,0.099,63.17,0.26,0.205,"07/15/2026 12:33 PM","Middle",04,"P01","Noon",12.564166666666667,"suraj karkee","41:00:13:15",39.208353333333335,-96.593835,""
6518801,"Whole Data Set",1,37.88,36.59,0.00057,244.571,61.445,-4.26,141.3654417,614.766,1.73,0.511,0.179,0.31,4.18,0.565,0.412,0.024,67.17,0.19,0.139,"07/15/2026 12:34 PM","Lower",04,"P01","Noon",12.5725,"suraj karkee","41:00:13:15",39.208355,-96.59382166666667,""
6518800,"Whole Data Set",1,37.081,36.65,0.00085,260.893,67.929,-4.36,269.66756385,2227.737,3.956,0.269,0.147,0.583,3.506,0.522,0.047,0.432,58.48,0.19,0.222,"07/15/2026 12:34 PM","Upper",05,"P01","Noon",12.5825,"suraj karkee","41:00:13:15",39.20836166666666,-96.59383666666666,""
6518799,"Whole Data Set",1,37.456,36.7,0.00067,173.38,88.903,-3.89,106.43309145,529.123,1.947,0.447,0.188,0.365,4.646,0.575,0.341,0.084,67.01,0.2,0.116,"07/15/2026 12:35 PM","Middle",05,"P01","Noon",12.59138888888889,"suraj karkee","41:00:13:15",39.20837166666667,-96.59384,""
6518798,"Whole Data Set",1,38.559,36.81,0.00108,232.078,68.128,-2.64,255.23215200000004,2085.23,5.845,0.272,0.106,0.621,4.545,0.548,0.269,0.182,68.27,0.21,0.251,"07/15/2026 12:36 PM","Lower",05,"P01","Noon",12.605277777777777,"suraj karkee","41:00:13:15",39.20838666666667,-96.59384833333334,""
6518797,"Whole Data Set",1,39.405,36.89,0.00024,228.91,85.711,-4.82,60.1180164,242.021,1.366,0.552,0.19,0.259,7.812,0.474,0.835,-0.309,60.6,0.34,0.055,"07/15/2026 12:36 PM","Upper",06,"P01","Noon",12.615,"suraj karkee","41:00:13:15",39.208346666666664,-96.59381,""
6518795,"Whole Data Set",1,39.124,36.97,0.00053,324.649,57.254,-6.86,203.1182487,1145.619,3.079,0.394,0.149,0.458,0,"null","null","null",63.86,0.33,0.172,"07/15/2026 12:37 PM","Middle",06,"P01","Noon",12.625,"suraj karkee","41:00:13:15",39.208355,-96.59386333333332,""
6518794,"Whole Data Set",1,39.816,37.06,0.00124,121.742,59.559,-4.95,135.52199639999998,811.752,2.113,0.371,0.202,0.427,3.476,0.478,0.146,0.376,65.73,0.19,0.151,"07/15/2026 12:38 PM","Lower",06,"P01","Noon",12.633888888888889,"suraj karkee","41:00:13:15",39.208369999999995,-96.59385666666667,""
6518793,"Whole Data Set",1,39.373,37.21,0.00028,326.409,70.26,-5.82,67.53839445,269.453,1.42,0.557,0.183,0.26,3.84,0.668,0.244,0.088,68.24,0.17,0.091,"07/15/2026 12:38 PM","Upper",08,"P01","Noon",12.644166666666667,"suraj karkee","41:00:13:15",39.20835833333333,-96.59384999999999,""
6518792,"Whole Data Set",1,34.992,37.31,0.00053,316.336,77.898,-7.02,192.38081400000004,1125.034,3.386,0.38,0.141,0.478,4.404,0.56,0.282,0.158,67.02,0.24,0.168,"07/15/2026 12:39 PM","Middle",08,"P01","Noon",12.65388888888889,"suraj karkee","41:00:13:15",39.208376666666666,-96.59383833333335,""
6518791,"Whole Data Set",1,33.904,37.41,0.00123,123.017,61.718,-6.22,133.0517313,709.042,1.852,0.417,0.204,0.379,3.726,0.528,0.253,0.219,68.39,0.21,0.151,"07/15/2026 12:39 PM","Lower",08,"P01","Noon",12.662777777777778,"suraj karkee","41:00:13:15",39.20837166666667,-96.59384333333334,""
6518790,"Whole Data Set",1,36.063,37.63,0.00055,247.966,84.204,-4.96,142.802244,787.44,3.204,0.403,0.142,0.455,3.559,0.532,0.37,0.098,67.28,0.2,0.136,"07/15/2026 12:41 PM","Upper",05,"P02","Noon",12.686666666666667,"suraj karkee","41:00:13:15",39.20840666666666,-96.59391666666667,""
6518789,"Whole Data Set",1,37.719,37.71,0.00096,125.467,85.515,-6.08,110.295756,578.07,2.074,0.424,0.187,0.389,4.054,0.527,0.335,0.139,63.21,0.28,0.12,"07/15/2026 12:41 PM","Middle",05,"P02","Noon",12.695555555555556,"suraj karkee","41:00:13:15",39.208396666666665,-96.59391,""
6518788,"Whole Data Set",1,38.137,37.81,0.00102,208.155,43.489,-7.24,260.24470560000003,2190.612,3.237,0.264,0.174,0.563,3.715,0.562,-0.066,0.504,68.53,0.31,0.212,"07/15/2026 12:42 PM","Lower",05,"P02","Noon",12.704722222222221,"suraj karkee","41:00:13:15",39.20841333333333,-96.59394166666668,""
6518787,"Whole Data Set",1,37.941,37.92,0.00109,158.436,76.604,-6.91,196.110423,1203.87,2.563,0.362,0.179,0.459,4.254,0.609,0.153,0.238,65.71,0.35,0.173,"07/15/2026 12:42 PM","Upper",07,"P02","Noon",12.716111111111111,"suraj karkee","41:00:13:15",39.20840166666667,-96.59392833333335,""
6518786,"Whole Data Set",1,37.902,38.04,0.00046,343.951,50.658,-5.19,180.28102500000003,1054.275,3.448,0.38,0.139,0.48,4.04,0.353,0.51,0.137,63.35,0.17,0.158,"07/15/2026 12:43 PM","Middle",07,"P02","Noon",12.725555555555555,"suraj karkee","41:00:13:15",39.20840833333333,-96.593925,""
6518785,"Whole Data Set",1,37.779,38.15,0.00082,165.779,79.437,-6.26,118.96055325,686.641,2.467,0.385,0.177,0.438,3.762,0.895,0.567,-0.462,60.91,0.31,0.136,"07/15/2026 12:44 PM","Lower",07,"P02","Noon",12.735555555555555,"suraj karkee","41:00:13:15",39.20840666666666,-96.59390499999999,""
6518784,"Whole Data Set",1,38.682,38.28,0.00046,160.518,78.232,-7.13,100.17227880000002,433.928,1.672,0.513,0.182,0.305,4.147,0.885,0.347,-0.233,64.82,0.38,0.074,"07/15/2026 12:44 PM","Upper",09,"P02","Noon",12.74611111111111,"suraj karkee","41:00:13:15",39.20841333333333,-96.5939,""
6518783,"Whole Data Set",1,35.773,38.4,0.00066,236.302,86.425,-5.95,137.9795265,840.058,1.544,0.365,0.25,0.385,4.039,0.474,0.445,0.082,70.14,0.24,0.156,"07/15/2026 12:45 PM","Middle",09,"P02","Noon",12.755555555555556,"suraj karkee","41:00:13:15",39.20847166666667,-96.59388333333332,""
6518782,"Whole Data Set",1,36.785,38.53,0.00043,191.266,49.447,-6.68,84.2750415,379.105,2.218,0.494,0.157,0.349,5.104,0.573,0.373,0.054,71.08,0.25,0.082,"07/15/2026 12:45 PM","Lower",09,"P02","Noon",12.765277777777778,"suraj karkee","41:00:13:15",39.208443333333335,-96.59384833333334,""
6518781,"Whole Data Set",1,36.459,38.67,0.00067,277.642,73.5,-7.08,221.1084,1665.6,3.772,0.295,0.148,0.557,3.983,0.496,0.118,0.386,63.27,0.24,0.186,"07/15/2026 12:46 PM","Upper",11,"P02","Noon",12.777500000000002,"suraj karkee","41:00:13:15",39.208435,-96.59395,""
6518780,"Whole Data Set",1,36.454,38.76,0.00087,182.183,52.327,-7.17,173.88954000000004,1133.2,2.646,0.341,0.181,0.478,3.445,0.603,0.072,0.325,65.42,0.19,0.158,"07/15/2026 12:47 PM","Middle",11,"P02","Noon",12.786111111111111,"suraj karkee","41:00:13:15",39.208435,-96.59396333333333,""
6518779,"Whole Data Set",1,35.809,38.85,0.00088,207.995,57.567,-6.4,253.50855750000005,2048.554,4.923,0.275,0.122,0.603,2.67,0.72,-0.342,0.622,69.28,0.25,0.183,"07/15/2026 12:47 PM","Lower",11,"P02","Noon",12.794444444444444,"suraj karkee","41:00:13:15",39.20841333333333,-96.59396666666667,""
6513029,"Whole Data Set",1,53.574,27.52,0.00124,151.927,65.907,3.35,264.81106800000003,2195.78,4.169,0.268,0.142,0.59,4.542,0.441,0.435,0.124,59.5,0.22,0.188,"07/14/2026 4:21 PM","Upper",04,"P01","Late",16.36277777777778,"suraj karkee","41:00:13:15",39.20838333333334,-96.59373166666667,""
6513028,"Whole Data Set",1,53.412,27.83,0.00056,161.592,58.725,2.46,79.830459,344.468,1.254,0.515,0.215,0.27,3.912,0.56,0.444,-0.004,64.36,0.26,0.09,"07/14/2026 4:22 PM","Middle",04,"P01","Late",16.371111111111112,"suraj karkee","41:00:13:15",39.208385,-96.59381,""
6513027,"Whole Data Set",1,53.52,28.15,0.00099,222.278,57.214,2.1,260.71641045,2202.927,4.592,0.263,0.132,0.605,5.611,0.404,0.42,0.176,67.78,0.21,0.22,"07/14/2026 4:22 PM","Lower",04,"P01","Late",16.379722222222224,"suraj karkee","41:00:13:15",39.208351666666665,-96.59380333333333,""
6513026,"Whole Data Set",1,52.348,28.57,0.00097,141.745,54.26,1.72,117.34794,724.37,1.526,0.36,0.253,0.387,3.42,0.486,0.335,0.18,60.65,0.25,0.137,"07/14/2026 4:23 PM","Upper",05,"P01","Late",16.390277777777776,"suraj karkee","41:00:13:15",39.208345,-96.59386666666666,""
6513025,"Whole Data Set",1,52.494,28.93,0.00025,192.704,86.225,1.22,54.646153649999995,206.173,1.16,0.589,0.19,0.221,1.326,0.973,-1.111,1.138,65.27,0.24,0.048,"07/14/2026 4:23 PM","Middle",05,"P01","Late",16.399444444444445,"suraj karkee","41:00:13:15",39.208355,-96.59383333333332,""
6513024,"Whole Data Set",1,50.589,29.34,0.00107,109.246,63.544,0.81,124.1604378,668.068,2.054,0.413,0.192,0.394,4.499,0.432,0.378,0.19,67.4,0.21,0.117,"07/14/2026 4:24 PM","Lower",05,"P01","Late",16.409166666666664,"suraj karkee","41:00:13:15",39.20836833333333,-96.59383666666666,""
6513023,"Whole Data Set",1,50.087,29.71,0.00139,148.15,79.544,1.88,219.68446500000002,1877.645,6.09,0.26,0.104,0.635,3.842,0.392,0.108,0.5,63.69,0.3,0.206,"07/14/2026 4:25 PM","Upper",06,"P01","Late",16.418333333333333,"suraj karkee","41:00:13:15",39.208375000000004,-96.59382,""
6513022,"Whole Data Set",1,48.224,30.03,0.00077,163.294,67.57,0.3,146.38276665,769.019,2.151,0.423,0.183,0.394,3.598,0.335,0.178,0.487,64.66,0.32,0.126,"07/14/2026 4:25 PM","Middle",06,"P01","Late",16.427222222222223,"suraj karkee","41:00:13:15",39.208385,-96.59382499999998,""
6513021,"Whole Data Set",1,45.421,30.32,0.00101,223.882,66.547,1.53,175.5117756,1133.797,3.378,0.344,0.15,0.506,0,"null","null","null",66.65,4.39,0.226,"07/14/2026 4:26 PM","Lower",06,"P01","Late",16.435277777777777,"suraj karkee","41:00:13:15",39.20838666666667,-96.59381833333333,""
6513020,"Whole Data Set",1,41.399,30.82,0.00156,91.509,71.829,-0.03,131.38813844999999,770.379,1.636,0.379,0.236,0.386,4.3,0.417,0.36,0.223,66.56,0.19,0.143,"07/14/2026 4:26 PM","Upper",08,"P01","Late",16.447777777777777,"suraj karkee","41:00:13:15",39.208365,-96.59382,""
6513019,"Whole Data Set",1,43.686,31.22,0.00025,260.945,78.782,-0.65,55.905795000000005,230.065,1.375,0.54,0.194,0.266,4.171,0.648,0.372,-0.02,67.11,0.22,0.065,"07/14/2026 4:27 PM","Middle",08,"P01","Late",16.458055555555553,"suraj karkee","41:00:13:15",39.20836833333333,-96.59381833333333,""
6513018,"Whole Data Set",1,43.464,32.24,0.0012,198.645,49.695,-0.31,238.86868950000002,1811.67,4.645,0.293,0.125,0.582,3.388,0.63,0.016,0.354,67.27,0.2,0.238,"07/14/2026 4:29 PM","Lower",08,"P01","Late",16.491111111111113,"suraj karkee","41:00:13:15",39.208405,-96.59381,""
6513017,"Whole Data Set",1,37.979,37.36,0.00044,298.197,84.597,-2.89,146.8446471,828.227,3.394,0.394,0.138,0.468,4.578,0.661,0.291,0.048,67.68,0.21,0.131,"07/14/2026 4:51 PM","Upper",05,"P02","Late",16.85888888888889,"suraj karkee","41:00:13:15",39.20842666666667,-96.59390333333334,""
6513016,"Whole Data Set",1,38.238,37.44,0.00018,249.376,94.909,-4.07,61.181196299999996,236.861,0.935,0.574,0.22,0.206,4.748,0.653,0.372,-0.025,66.91,0.27,0.045,"07/14/2026 4:52 PM","Middle",05,"P02","Late",16.868333333333332,"suraj karkee","41:00:13:15",39.208425000000005,-96.59388499999999,""
6513015,"Whole Data Set",1,36.852,37.55,0.00041,254.668,51.951,-5.04,143.75740589999998,781.078,3.052,0.409,0.146,0.445,4.437,0.432,0.444,0.124,67.99,0.31,0.104,"07/14/2026 4:52 PM","Lower",05,"P02","Late",16.87777777777778,"suraj karkee","41:00:13:15",39.20838833333333,-96.59389166666666,""
6513014,"Whole Data Set",1,35.995,37.67,0.00025,246.554,74.877,-5.22,55.975637250000005,212.633,1.218,0.585,0.187,0.228,3.874,0.762,0.335,-0.097,63.51,0.31,0.062,"07/14/2026 4:53 PM","Upper",07,"P02","Late",16.88861111111111,"suraj karkee","41:00:13:15",39.208435,-96.59391666666667,""
6513013,"Whole Data Set",1,33.629,37.77,0.00125,213.274,65.996,-6.3,354.76598520000005,2486.968,4.718,0.317,0.119,0.563,-11.016,-0.546,1.116,0.429,65.83,0.99,0.267,"07/14/2026 4:53 PM","Middle",07,"P02","Late",16.898055555555555,"suraj karkee","41:00:13:15",39.20841333333333,-96.59392000000001,""
6513012,"Whole Data Set",1,34.692,37.81,0.00017,227.953,87.993,-4.78,47.6398188,184.436,1.254,0.574,0.189,0.237,5.092,0.663,0.4,-0.063,68.01,0.29,0.039,"07/14/2026 4:54 PM","Lower",07,"P02","Late",16.90722222222222,"suraj karkee","41:00:13:15",39.20841,-96.59391166666667,""
6513011,"Whole Data Set",1,36.024,37.9,0.0013,184.727,71.836,-2.99,207.51764085,2086.653,8.374,0.221,0.083,0.696,3.556,0.429,0.118,0.453,66.93,0.34,0.24,"07/14/2026 4:55 PM","Upper",09,"P02","Late",16.91722222222222,"suraj karkee","41:00:13:15",39.20842833333334,-96.59391333333333,""
6513010,"Whole Data Set",1,35.078,37.97,0.00097,185.628,83.475,-4.38,276.234354,2325.205,4.02,0.264,0.147,0.59,4.174,0.382,0.283,0.336,70.51,0.28,0.18,"07/14/2026 4:55 PM","Middle",09,"P02","Late",16.925833333333333,"suraj karkee","41:00:13:15",39.208441666666666,-96.59390666666668,""
6513009,"Whole Data Set",1,35.806,38.03,0.00016,587.259,54.392,-5.58,55.97435519999999,218.992,1.433,0.568,0.178,0.255,5.219,0.478,0.486,0.036,71.95,0.4,0.094,"07/14/2026 4:56 PM","Lower",09,"P02","Late",16.938333333333333,"suraj karkee","41:00:13:15",39.20845833333333,-96.59387333333333,""
6513008,"Whole Data Set",1,34.627,38.06,0.00022,273.909,87.138,-6.81,56.64765780000001,225.598,1.371,0.558,0.186,0.255,5.141,0.457,0.345,0.198,59.99,0.33,0.06,"07/14/2026 4:56 PM","Upper",11,"P02","Late",16.948333333333334,"suraj karkee","41:00:13:15",39.20840166666667,-96.59390333333334,""
6513007,"Whole Data Set",1,34.304,38.1,0.00073,327.576,62.939,-6.07,229.65362595000002,1955.331,5.515,0.261,0.113,0.626,4.251,0.507,0.254,0.239,67.94,0.2,0.239,"07/14/2026 4:57 PM","Middle",11,"P02","Late",16.9575,"suraj karkee","41:00:13:15",39.208423333333336,-96.59388833333333,""
6513006,"Whole Data Set",1,34.656,38.13,0.00016,305.815,67.984,-5.76,53.76242070000001,222.067,1.532,0.538,0.182,0.28,4.249,0.804,0.144,0.052,69.82,0.3,0.049,"07/14/2026 4:57 PM","Lower",11,"P02","Late",16.96638888888889,"suraj karkee","41:00:13:15",39.208418333333334,-96.59391,""
6513005,"Whole Data Set",1,32.78,38.22,0.00081,201.707,69.787,-7.39,145.91447325000001,712.647,1.71,0.455,0.201,0.344,2.853,0.673,0.133,0.193,59.87,0.31,0.163,"07/14/2026 4:59 PM","Upper",01,"P03","Late",16.984722222222224,"suraj karkee","41:00:13:15",39.20843333333333,-96.59382,""
6513004,"Whole Data Set",1,32.502,38.19,0.00026,193.461,81.185,-6.46,52.54095645,202.353,1.317,0.577,0.183,0.241,4.051,0.622,0.356,0.022,64.96,0.22,0.05,"07/14/2026 4:59 PM","Middle",01,"P03","Late",16.99388888888889,"suraj karkee","41:00:13:15",39.20843,-96.59381166666665,""
6513003,"Whole Data Set",1,31.478,38.21,0.00089,119.951,37.737,-6.14,114.83316900000001,565.82,2.191,0.451,0.172,0.377,4.961,0.426,0.591,-0.017,66.77,0.24,0.107,"07/14/2026 5:00 PM","Lower",01,"P03","Late",17.003611111111113,"suraj karkee","41:00:13:15",39.20844,-96.59380833333334,""
6513002,"Whole Data Set",1,31.691,38.17,0.00006,-842.668,72.069,-5.92,51.23817,186.66,1.08,0.61,0.187,0.202,2.805,0.698,0.113,0.19,56.33,0.66,-0.051,"07/14/2026 5:01 PM","Upper",02,"P03","Late",17.016666666666666,"suraj karkee","41:00:13:15",39.20842666666667,-96.59382166666667,""
6513001,"Whole Data Set",1,32.396,38.23,0.00062,1514.351,61.503,-5.52,191.4509196,1042.761,2.057,0.408,0.194,0.398,0,"null","null","null",65.31,4.25,0.939,"07/14/2026 5:02 PM","Middle",02,"P03","Late",17.037222222222223,"suraj karkee","41:00:13:15",39.20845,-96.59381833333333,""
6513000,"Whole Data Set",1,31.946,38.19,0.00104,128.568,50.772,-6.16,132.18191819999998,654.204,1.979,0.449,0.185,0.366,1.876,0.707,-0.465,0.758,67,0.27,0.134,"07/14/2026 5:02 PM","Lower",02,"P03","Late",17.047222222222224,"suraj karkee","41:00:13:15",39.208435,-96.59381833333333,""
6512999,"Whole Data Set",1,30.519,38.13,0.00137,223.016,60.828,-5.06,321.71534909999997,2473.782,4.825,0.289,0.122,0.589,2.503,0.969,-0.735,0.767,59.93,0.21,0.306,"07/14/2026 5:03 PM","Upper",05,"P03","Late",17.060833333333335,"suraj karkee","41:00:13:15",39.20842833333334,-96.593805,""
6512998,"Whole Data Set",1,32.442,38.04,0.0002,282.373,72.909,-7.11,49.6904544,191.707,1.432,0.576,0.174,0.25,3.881,0.656,0.568,-0.225,66.12,0.29,0.056,"07/14/2026 5:04 PM","Middle",05,"P03","Late",17.07027777777778,"suraj karkee","41:00:13:15",39.208436666666664,-96.59384166666665,""
6512997,"Whole Data Set",1,30.667,38.01,0.00093,241.833,55.367,-6.58,290.03259825000004,1923.931,3.689,0.335,0.142,0.523,3.966,0.697,0.141,0.161,68.38,0.36,0.225,"07/14/2026 5:04 PM","Lower",05,"P03","Late",17.079444444444444,"suraj karkee","41:00:13:15",39.208459999999995,-96.59382333333333,""
6512996,"Whole Data Set",1,32.483,37.94,0.00018,324.797,75.252,-6.55,55.3605408,226.146,1.635,0.544,0.173,0.283,4.114,0.712,0.292,-0.005,65.82,0.24,0.058,"07/14/2026 5:05 PM","Upper",10,"P03","Late",17.09583333333333,"suraj karkee","41:00:13:15",39.208465000000004,-96.59380833333334,""
6512995,"Whole Data Set",1,31.468,37.9,0.00106,142.723,78.658,-6.97,125.93114820000001,633.138,1.792,0.442,0.2,0.358,4.304,0.794,0.173,0.032,68.16,0.25,0.151,"07/14/2026 5:06 PM","Middle",10,"P03","Late",17.105555555555558,"suraj karkee","41:00:13:15",39.20847666666667,-96.59381,""
6512994,"Whole Data Set",1,30.146,37.77,0.00107,107.444,47.298,-5.74,127.290285,703.65,2.095,0.402,0.193,0.405,5.109,0.355,0.45,0.196,70.44,0.26,0.115,"07/14/2026 5:06 PM","Lower",10,"P03","Late",17.115000000000002,"suraj karkee","41:00:13:15",39.20845166666666,-96.59381833333333,""
6510456,"Whole Data Set",1,54.265,29.68,0.00096,180.749,80.128,0.07,249.2578683,1683.606,3.349,0.329,0.154,0.517,4.517,0.157,0.174,0.668,64.42,0.25,0.174,"07/13/2026 4:29 PM","Upper",05,"P02","Late",16.485833333333336,"suraj karkee","41:00:13:15",39.2078262,-96.5983448,""
6510455,"Whole Data Set",1,54.597,29.99,0.00025,417.835,84.844,-0.12,59.14217609999999,228.967,0.904,0.574,0.224,0.202,4.144,0.713,0.442,-0.155,64.36,0.31,0.104,"07/13/2026 4:29 PM","Middle",05,"P02","Late",16.49527777777778,"suraj karkee","41:00:13:15",39.20838833333333,-96.59392166666666,""
6510454,"Whole Data Set",1,54.472,30.33,0.00056,219.819,36.696,0.54,214.5923199,1462.797,3.005,0.326,0.168,0.506,6.755,0.47,0.666,-0.136,67.89,0.25,0.123,"07/13/2026 4:30 PM","Lower",05,"P02","Late",16.504444444444445,"suraj karkee","41:00:13:15",39.208378333333336,-96.59396333333333,""
6510453,"Whole Data Set",1,54.15,30.8,0.00023,271.989,79.659,-0.51,57.96422775,220.187,1.033,0.585,0.204,0.211,6.775,0.422,0.525,0.053,63.17,0.73,0.063,"07/13/2026 4:30 PM","Upper",07,"P02","Late",16.516111111111112,"suraj karkee","41:00:13:15",39.20841666666667,-96.59392666666666,""
6510452,"Whole Data Set",1,53.122,31.19,0.00083,238.973,45.063,0.1,293.3624196,2762.358,5.972,0.236,0.11,0.655,6.17,0.364,0.667,-0.031,62.34,0.26,0.198,"07/13/2026 4:31 PM","Middle",07,"P02","Late",16.525,"suraj karkee","41:00:13:15",39.208420000000004,-96.59392833333335,""
6510451,"Whole Data Set",1,51.885,31.53,0.00021,337.317,79.449,-1.2,52.0700112,195.458,0.837,0.592,0.222,0.186,4.537,0.618,0.416,-0.034,67.27,0.27,0.071,"07/13/2026 4:32 PM","Lower",07,"P02","Late",16.534166666666668,"suraj karkee","41:00:13:15",39.208420000000004,-96.593965,""
6510450,"Whole Data Set",1,51.998,31.91,0.00066,262.069,65.236,0.12,259.8995079,1816.209,4.196,0.318,0.131,0.55,6.812,0.519,0.689,-0.208,68.1,0.29,0.173,"07/13/2026 4:32 PM","Upper",09,"P02","Late",16.54388888888889,"suraj karkee","41:00:13:15",39.20845833333333,-96.59391166666667,""
6510449,"Whole Data Set",1,49.518,32.28,0.00085,214.096,83.283,-1.35,312.2089614,2608.262,2.47,0.266,0.211,0.522,4.687,0.364,0.36,0.276,70.04,0.28,0.182,"07/13/2026 4:33 PM","Middle",09,"P02","Late",16.554166666666667,"suraj karkee","41:00:13:15",39.208463333333334,-96.59388333333332,""
6510448,"Whole Data Set",1,49.167,32.55,0.00035,185.013,42.25,-0.92,69.07524570000001,285.317,1.543,0.538,0.182,0.28,4.592,0.37,0.462,0.168,70.33,0.25,0.065,"07/13/2026 4:33 PM","Lower",09,"P02","Late",16.56277777777778,"suraj karkee","41:00:13:15",39.20842666666667,-96.59391499999998,""
6510447,"Whole Data Set",1,49.576,32.83,0.00045,222.132,66.843,-0.76,88.77700125,415.331,1.392,0.475,0.219,0.306,3.01,0.888,0.208,-0.096,60.8,0.27,0.1,"07/13/2026 4:34 PM","Upper",11,"P02","Late",16.572222222222223,"suraj karkee","41:00:13:15",39.20843,-96.59389666666667,""
6510446,"Whole Data Set",1,48.811,33.1,0.00099,204.262,65.583,-0.77,227.93520600000002,1890.01,4.725,0.268,0.128,0.604,5.373,0.491,0.55,-0.041,68.22,0.2,0.202,"07/13/2026 4:34 PM","Middle",11,"P02","Late",16.581944444444446,"suraj karkee","41:00:13:15",39.208443333333335,-96.59390499999999,""
6510445,"Whole Data Set",1,48.056,33.38,0.00064,172.01,61.735,-1.79,93.0131118,440.716,1.568,0.469,0.207,0.324,4.592,0.429,0.472,0.099,68.38,0.24,0.11,"07/13/2026 4:35 PM","Lower",11,"P02","Late",16.591944444444444,"suraj karkee","41:00:13:15",39.20841166666666,-96.59392000000001,""
6510444,"Whole Data Set",1,41.917,35.34,0.00058,256.087,75.067,-2.45,120.54070080000001,572.368,2.455,0.468,0.154,0.378,3.465,0.95,0.444,-0.395,62.62,0.31,0.149,"07/13/2026 4:43 PM","Upper",04,"P01","Late",16.726666666666667,"suraj karkee","41:00:13:15",39.208375000000004,-96.59381833333333,""
6510443,"Whole Data Set",1,43.096,35.41,0.00025,199.552,70.666,-3.6,57.77409779999999,225.636,1.254,0.569,0.191,0.24,3.069,0.806,0.159,0.034,65.22,0.34,0.05,"07/13/2026 4:44 PM","Middle",04,"P01","Late",16.73611111111111,"suraj karkee","41:00:13:15",39.208346666666664,-96.59384,""
6510442,"Whole Data Set",1,42.936,35.48,0.00132,137.505,58.572,-3.07,137.436858,783.116,2.725,0.39,0.164,0.446,4.228,0.533,0.23,0.237,69.19,0.21,0.182,"07/13/2026 4:44 PM","Lower",04,"P01","Late",16.744722222222222,"suraj karkee","41:00:13:15",39.20837166666667,-96.59384,""
6510441,"Whole Data Set",1,43.267,35.57,0.0007,173.182,65.45,-1.86,90.71574435,472.109,2.017,0.427,0.19,0.383,3.095,0.625,0.352,0.023,53.99,0.17,0.121,"07/13/2026 4:45 PM","Upper",05,"P01","Late",16.753611111111113,"suraj karkee","41:00:13:15",39.208351666666665,-96.59385333333333,""
6510440,"Whole Data Set",1,43.771,35.72,0.00019,302.57,70.208,-3.99,46.897242299999995,181.878,1.44,0.573,0.175,0.252,3.817,0.554,0.415,0.031,65.62,0.27,0.057,"07/13/2026 4:45 PM","Middle",05,"P01","Late",16.764722222222222,"suraj karkee","41:00:13:15",39.20834333333333,-96.59389833333334,""
6510439,"Whole Data Set",1,43.221,35.85,0.00038,205.771,48.142,-3.52,66.01982400000001,282.136,1.848,0.52,0.168,0.311,5.059,0.525,0.465,0.01,69.09,0.2,0.078,"07/13/2026 4:46 PM","Lower",05,"P01","Late",16.774166666666666,"suraj karkee","41:00:13:15",39.208345,-96.59386333333332,""
6510438,"Whole Data Set",1,36.199,35.99,0.00135,194.866,95.996,-4.18,275.47201035,1872.049,3.338,0.327,0.155,0.518,1.823,0.128,-0.086,0.958,66.48,0.31,0.263,"07/13/2026 4:47 PM","Upper",06,"P01","Late",16.789444444444445,"suraj karkee","41:00:13:15",39.208373333333334,-96.59382666666667,""
6510437,"Whole Data Set",1,39.198,36.01,0.00074,214.766,52.769,-4.62,202.13105400000003,1321.118,3.355,0.34,0.152,0.508,1.942,0.752,-0.813,1.062,67.11,0.8,0.159,"07/13/2026 4:47 PM","Middle",06,"P01","Late",16.797777777777778,"suraj karkee","41:00:13:15",39.20838333333334,-96.59384666666668,""
6510436,"Whole Data Set",1,38.195,36.05,0.00124,212.496,82.973,-4.02,270.3994272,1976.604,5.059,0.304,0.115,0.581,3.607,0.949,0.235,-0.184,68.29,0.27,0.263,"07/13/2026 4:48 PM","Lower",06,"P01","Late",16.806944444444444,"suraj karkee","41:00:13:15",39.208405,-96.59385166666668,""
6510435,"Whole Data Set",1,35.725,36.05,0.00087,128.905,72.846,-4.16,133.52749695,592.271,1.56,0.501,0.195,0.304,2.517,0.89,-0.366,0.475,68.76,0.2,0.112,"07/13/2026 4:49 PM","Upper",08,"P01","Late",16.816944444444445,"suraj karkee","41:00:13:15",39.208380000000005,-96.59389166666666,""
6510434,"Whole Data Set",1,38.01,35.99,0.00027,223.171,69.079,-4.92,47.6802549,195.491,1.561,0.542,0.179,0.279,3.991,0.773,0.383,-0.157,66.14,0.28,0.06,"07/13/2026 4:49 PM","Middle",08,"P01","Late",16.82611111111111,"suraj karkee","41:00:13:15",39.208373333333334,-96.59387,""
6510433,"Whole Data Set",1,37.442,36.08,0.00122,200.302,59.437,-4.61,308.61712395000006,2059.507,3.977,0.333,0.134,0.533,3.451,0.593,0.229,0.178,66.55,0.27,0.244,"07/13/2026 4:50 PM","Lower",08,"P01","Late",16.835555555555555,"suraj karkee","41:00:13:15",39.20840333333333,-96.59383333333332,""
6510432,"Whole Data Set",1,36.689,36.27,0.00137,156.125,66.861,-4.88,172.85385285,1035.363,2.316,0.371,0.19,0.439,5.037,0.694,0.332,-0.027,59.13,0.27,0.214,"07/13/2026 4:51 PM","Upper",01,"P03","Late",16.858055555555556,"suraj karkee","41:00:13:15",39.208443333333335,-96.593835,""
6510431,"Whole Data Set",1,35.048,36.3,0.00026,259.807,77.484,-4.57,52.324942050000004,208.757,1.277,0.557,0.194,0.248,3.438,0.658,0.339,0.003,62.72,0.2,0.068,"07/13/2026 4:52 PM","Middle",01,"P03","Late",16.86777777777778,"suraj karkee","41:00:13:15",39.20845666666666,-96.59383166666666,""
6510430,"Whole Data Set",1,35.758,36.33,0.00152,84.25,45.497,-3.96,164.70912644999999,1147.399,2.804,0.319,0.179,0.502,3.336,0.199,0.095,0.706,67.83,0.24,0.128,"07/13/2026 4:52 PM","Lower",01,"P03","Late",16.878333333333334,"suraj karkee","41:00:13:15",39.20843,-96.59383666666666,""
6510429,"Whole Data Set",1,35.606,36.39,0.00134,216.015,70.556,-4.1,292.9215555,2300.13,5.062,0.283,0.118,0.599,4.822,0.283,0.307,0.41,64.4,0.39,0.289,"07/13/2026 4:53 PM","Upper",02,"P03","Late",16.889444444444443,"suraj karkee","41:00:13:15",39.20843166666667,-96.59385166666668,""
6510428,"Whole Data Set",1,35.587,36.45,0.00073,216.097,52.991,-4.68,149.0929461,723.401,2.167,0.458,0.171,0.371,3.326,0.29,0.126,0.584,64.84,0.28,0.158,"07/13/2026 4:53 PM","Middle",02,"P03","Late",16.899444444444445,"suraj karkee","41:00:13:15",39.20841333333333,-96.59386,""
6510427,"Whole Data Set",1,35.112,36.52,0.00113,245.511,42.863,-4.63,271.20204315,1901.171,4.29,0.317,0.129,0.554,4.13,0.2,0.315,0.485,67.37,0.34,0.277,"07/13/2026 4:54 PM","Lower",02,"P03","Late",16.910277777777775,"suraj karkee","41:00:13:15",39.208465000000004,-96.59383333333332,""
6510426,"Whole Data Set",1,34.331,36.52,0.00107,140.509,70.046,-5.13,167.24611260000003,926.828,2.675,0.401,0.163,0.436,3.429,0.571,0.248,0.181,64.49,0.21,0.15,"07/13/2026 4:55 PM","Upper",05,"P03","Late",16.92388888888889,"suraj karkee","41:00:13:15",39.20845666666666,-96.59382166666667,""
6510425,"Whole Data Set",1,35.921,36.57,0.00021,331.024,82.618,-5.5,50.437245600000004,189.329,1.237,0.592,0.182,0.225,4.033,0.667,0.467,-0.134,61.95,0.32,0.07,"07/13/2026 4:56 PM","Middle",05,"P03","Late",16.935833333333335,"suraj karkee","41:00:13:15",39.20843833333333,-96.59382499999998,""
6510424,"Whole Data Set",1,34.162,36.83,0.00094,207.403,60.259,-5.02,224.08874235,1570.899,4.108,0.317,0.134,0.55,2.983,0.456,0.077,0.467,67.01,0.3,0.195,"07/13/2026 4:58 PM","Lower",05,"P03","Late",16.966944444444444,"suraj karkee","41:00:13:15",39.20845166666666,-96.59382,""
6510423,"Whole Data Set",1,36.066,36.9,0.00026,228.342,68.108,-5.23,75.05686125000001,317.701,1.552,0.525,0.186,0.289,3.498,0.705,0.288,0.007,65.82,0.36,0.059,"07/13/2026 4:58 PM","Upper",10,"P03","Late",16.981944444444444,"suraj karkee","41:00:13:15",39.208455,-96.59383833333335,""
6510422,"Whole Data Set",1,35.134,36.96,0.00124,124.81,82.607,-5.63,131.8066983,752.966,1.882,0.389,0.212,0.399,4.01,0.478,0.315,0.207,66.2,0.19,0.155,"07/13/2026 4:59 PM","Middle",10,"P03","Late",16.991944444444446,"suraj karkee","41:00:13:15",39.208425000000005,-96.59383000000001,""
6510421,"Whole Data Set",1,35.578,36.95,0.00093,184.431,54.503,-3.24,177.05490660000004,1153.828,3.778,0.341,0.138,0.521,4.532,0.52,0.26,0.22,72.48,0.22,0.172,"07/13/2026 5:00 PM","Lower",10,"P03","Late",17.01,"suraj karkee","41:00:13:15",39.20845166666666,-96.59384166666665,""
6510420,"Whole Data Set",1,50.911,31.07,0.0002,293.543,58.197,-1.88,45.756170999999995,175.311,0.859,0.58,0.226,0.194,4.332,0.586,0.55,-0.136,62.89,0.27,0.059,"07/14/2026 9:31 AM","Upper",04,"P01","Morning",9.526944444444446,"suraj karkee","41:00:13:15",39.208373333333334,-96.593805,""
6510419,"Whole Data Set",1,50.116,31.27,0.00088,265.706,68.502,-1.76,280.9547721,2458.047,5.28,0.254,0.119,0.627,4.103,0.396,0.222,0.381,61.22,0.25,0.234,"07/14/2026 9:32 AM","Middle",04,"P01","Morning",9.537222222222223,"suraj karkee","41:00:13:15",39.208378333333336,-96.59381666666668,""
6510418,"Whole Data Set",1,50.751,31.44,0.00019,330.053,41.814,-1.43,47.144691,180.631,1.077,0.58,0.202,0.218,3.239,0.791,0.299,-0.09,66.61,0.21,0.063,"07/14/2026 9:32 AM","Lower",04,"P01","Morning",9.546388888888888,"suraj karkee","41:00:13:15",39.208380000000005,-96.59381666666668,""
6510417,"Whole Data Set",1,50.679,32.07,0.00111,214.163,69.428,-0.64,248.2500015,2484.985,7.017,0.222,0.097,0.681,3.232,0.488,0.069,0.443,59.79,0.18,0.238,"07/14/2026 9:35 AM","Upper",05,"P01","Morning",9.583333333333334,"suraj karkee","41:00:13:15",39.20835,-96.59384333333334,""
6510416,"Whole Data Set",1,50.259,32.23,0.00041,237.199,72.335,-3.08,107.7839955,509.617,1.878,0.47,0.184,0.346,4.224,0.49,0.386,0.124,69.18,0.25,0.097,"07/14/2026 9:35 AM","Middle",05,"P01","Morning",9.592500000000001,"suraj karkee","41:00:13:15",39.20834833333333,-96.59385333333333,""
6510415,"Whole Data Set",1,49.443,32.37,0.00033,210.2,72.162,-3.56,65.851632,261.316,1.427,0.56,0.181,0.258,4.797,0.468,0.528,0.004,69.84,0.22,0.069,"07/14/2026 9:36 AM","Lower",05,"P01","Morning",9.602222222222222,"suraj karkee","41:00:13:15",39.20835666666667,-96.59384666666668,""
6510414,"Whole Data Set",1,50.255,32.52,0.00016,285.797,76.74,-2.01,46.25177625,173.325,0.906,0.593,0.214,0.193,2.284,0.453,-0.117,0.665,57,0.72,0.046,"07/14/2026 9:36 AM","Upper",06,"P01","Morning",9.611388888888888,"suraj karkee","41:00:13:15",39.20838833333333,-96.59387,""
6510413,"Whole Data Set",1,49.879,32.66,0.00111,156.97,58.505,-2.19,211.69930545000003,1395.973,2.598,0.337,0.184,0.479,4.528,0.432,0.251,0.317,64.36,0.29,0.174,"07/14/2026 9:37 AM","Middle",06,"P01","Morning",9.620000000000001,"suraj karkee","41:00:13:15",39.20836333333333,-96.59383666666666,""
6510412,"Whole Data Set",1,46.902,32.8,0.00025,259.908,43.284,-2.37,57.642327,230.385,1.073,0.556,0.214,0.23,3.427,0.665,0.323,0.013,65.05,0.19,0.065,"07/14/2026 9:37 AM","Lower",06,"P01","Morning",9.62888888888889,"suraj karkee","41:00:13:15",39.208405,-96.59383833333335,""
6510411,"Whole Data Set",1,47.42,33.09,0.00062,166.052,79.717,-3.12,85.6402119,353.739,1.269,0.538,0.204,0.258,4.305,0.427,0.507,0.066,65.43,0.2,0.103,"07/14/2026 9:39 AM","Upper",08,"P01","Morning",9.65,"suraj karkee","41:00:13:15",39.208375000000004,-96.59385166666668,""
6510410,"Whole Data Set",1,46.911,33.23,0.00108,189.29,73.543,-2.94,259.3309086,1973.599,4.277,0.292,0.134,0.574,3.497,0.711,0.102,0.187,67.7,0.23,0.204,"07/14/2026 9:39 AM","Middle",08,"P01","Morning",9.659444444444444,"suraj karkee","41:00:13:15",39.2081195,-96.5985684,""
6510409,"Whole Data Set",1,47.03,33.35,0.00017,203.756,58.181,-4.16,47.109913199999994,178.042,1.063,0.588,0.2,0.213,3.263,0.72,0.294,-0.014,66.8,0.27,0.035,"07/14/2026 9:40 AM","Lower",08,"P01","Morning",9.668055555555554,"suraj karkee","41:00:13:15",39.208373333333334,-96.59384999999999,""
6510408,"Whole Data Set",1,44.602,35.91,0.00029,221.304,76.856,-3.88,56.1338235,220.782,1.458,0.565,0.177,0.258,3.356,0.657,0.258,0.085,65.5,0.21,0.064,"07/14/2026 10:00 AM","Upper",05,"P02","Morning",10.000277777777777,"suraj karkee","41:00:13:15",39.20843333333333,-96.59391833333332,""
6510407,"Whole Data Set",1,44.164,35.96,0.00049,395.658,73.153,-4.57,234.33202800000004,1879.92,4.073,0.277,0.143,0.58,4.704,0.476,0.469,0.055,66.02,0.23,0.194,"07/14/2026 10:00 AM","Middle",05,"P02","Morning",10.009444444444444,"suraj karkee","41:00:13:15",39.208396666666665,-96.59391333333333,""
6510406,"Whole Data Set",1,42.601,36,0.00105,126.135,55.099,-5.89,155.1323664,870.552,2.336,0.396,0.181,0.423,4.214,0.498,0.267,0.236,68.31,0.35,0.132,"07/14/2026 10:01 AM","Lower",05,"P02","Morning",10.01888888888889,"suraj karkee","41:00:13:15",39.208421666666666,-96.59392666666666,""
6510405,"Whole Data Set",1,42.701,36.06,0.00082,248.373,77.303,-4.81,273.0449016,2230.759,4.004,0.272,0.145,0.582,3.743,0.539,0.127,0.334,64.51,0.3,0.204,"07/14/2026 10:01 AM","Upper",07,"P02","Morning",10.029444444444445,"suraj karkee","41:00:13:15",39.208455,-96.59390833333333,""
6510404,"Whole Data Set",1,42.359,36.11,0.00044,165.241,45.905,-5,77.20093530000001,316.527,1.75,0.542,0.167,0.292,3.934,0.456,0.495,0.049,63.53,0.25,0.073,"07/14/2026 10:02 AM","Middle",07,"P02","Morning",10.038333333333334,"suraj karkee","41:00:13:15",39.208443333333335,-96.59393166666665,""
6510403,"Whole Data Set",1,40.876,36.14,0.00062,277.466,85.511,-4.11,244.6479234,1914.303,4.602,0.284,0.128,0.588,4.143,0.509,0.286,0.206,64.3,0.26,0.172,"07/14/2026 10:02 AM","Lower",07,"P02","Morning",10.04888888888889,"suraj karkee","41:00:13:15",39.20843333333333,-96.59393166666665,""
6510401,"Whole Data Set",1,42.302,36.26,0.00028,226.863,78.703,-3.45,66.2206077,251.121,1.25,0.586,0.184,0.23,4.193,0.55,0.444,0.006,63.91,0.23,0.064,"07/14/2026 10:04 AM","Upper",09,"P02","Morning",10.069166666666666,"suraj karkee","41:00:13:15",39.2078033,-96.5983304,""
6510400,"Whole Data Set",1,40.747,36.31,0.00016,408.567,82.993,-4.68,58.4622945,214.03,0.845,0.607,0.213,0.18,4.178,0.685,0.37,-0.055,69.8,0.27,0.065,"07/14/2026 10:04 AM","Middle",09,"P02","Morning",10.078055555555554,"suraj karkee","41:00:13:15",39.20848,-96.59387999999998,""
6510399,"Whole Data Set",1,41.75,36.39,0.00034,146.786,64.289,-6.92,64.71289125000001,263.865,1.628,0.545,0.173,0.282,4.78,0.636,0.409,-0.045,71.97,0.29,0.05,"07/14/2026 10:05 AM","Lower",09,"P02","Morning",10.087222222222223,"suraj karkee","41:00:13:15",39.20845833333333,-96.59388333333332,""
6510398,"Whole Data Set",1,39.801,36.74,0.00075,356.47,83.712,-4.29,389.03740424999995,2505.877,3.066,0.345,0.161,0.494,1.533,0.476,-0.538,1.062,61.56,0.4,0.267,"07/14/2026 10:08 AM","Upper",11,"P02","Morning",10.146944444444443,"suraj karkee","41:00:13:15",39.20840666666666,-96.59391166666667,""
6510397,"Whole Data Set",1,40.188,36.77,0.0003,213.491,55.424,-6.72,63.24061185,256.919,1.53,0.547,0.179,0.274,3.973,0.541,0.38,0.079,66.98,0.22,0.064,"07/14/2026 10:09 AM","Middle",11,"P02","Morning",10.155277777777778,"suraj karkee","41:00:13:15",39.208435,-96.59390166666665,""
6510396,"Whole Data Set",1,39.305,36.82,0.00087,248.629,57.794,-7.17,250.16457150000002,2051.37,3.883,0.271,0.149,0.58,4.477,0.46,0.245,0.295,68.89,0.27,0.216,"07/14/2026 10:09 AM","Lower",11,"P02","Morning",10.16388888888889,"suraj karkee","41:00:13:15",39.20841666666667,-96.59390499999999,""
6510395,"Whole Data Set",1,35.76,37.13,0.00079,320.366,68.999,-4.84,277.69581,2057.006,4.658,0.3,0.124,0.576,4.605,0.343,0.428,0.23,57.98,0.25,0.253,"07/14/2026 10:19 AM","Upper",01,"P03","Morning",10.330277777777777,"suraj karkee","41:00:13:15",39.20847666666667,-96.59385333333333,""
6510394,"Whole Data Set",1,32.648,37.02,0.00028,242.88,80.996,-5.95,75.7053972,296.187,1.396,0.568,0.18,0.252,4.934,0.63,0.197,0.173,65.39,0.18,0.068,"07/14/2026 10:20 AM","Middle",01,"P03","Morning",10.340833333333334,"suraj karkee","41:00:13:15",39.20845166666666,-96.59382833333332,""
6510393,"Whole Data Set",1,34.481,36.76,0.00043,382.861,47.856,-6.19,216.6990147,1701.602,4.399,0.283,0.133,0.584,1.926,0.905,-0.679,0.774,63.13,0.21,0.165,"07/14/2026 10:20 AM","Lower",01,"P03","Morning",10.349444444444446,"suraj karkee","41:00:13:15",39.20845166666666,-96.59385499999999,""
6510392,"Whole Data Set",1,35.953,36.68,0.00066,262.495,85.962,-7.17,193.79376000000002,1076.632,3.139,0.4,0.145,0.455,2.274,1.119,-0.349,0.23,54.98,0.28,0.173,"07/14/2026 10:21 AM","Upper",02,"P03","Morning",10.359444444444444,"suraj karkee","41:00:13:15",39.20844833333333,-96.59383666666666,""
6510391,"Whole Data Set",1,36.734,36.68,0.00018,275.212,59.298,-5.93,46.706620949999994,179.883,1.112,0.577,0.2,0.223,2.757,0.881,0.134,-0.015,62.71,0.19,0.05,"07/14/2026 10:22 AM","Middle",02,"P03","Morning",10.367777777777778,"suraj karkee","41:00:13:15",39.208435,-96.59381666666668,""
6510390,"Whole Data Set",1,36.65,36.68,0.0003,193.646,64.285,-6.25,69.19544160000001,276.064,1.596,0.557,0.171,0.272,3.87,0.74,0.315,-0.055,66.56,0.25,0.058,"07/14/2026 10:22 AM","Lower",02,"P03","Morning",10.376944444444446,"suraj karkee","41:00:13:15",39.208425000000005,-96.59381166666665,""
6510389,"Whole Data Set",1,35.353,36.67,0.0002,200.81,76.782,-7.92,48.3332508,175.502,0.826,0.612,0.213,0.176,3.55,0.721,0.32,-0.04,63.57,0.65,0.04,"07/14/2026 10:23 AM","Upper",05,"P03","Morning",10.389722222222222,"suraj karkee","41:00:13:15",39.20845166666666,-96.59380000000002,""
6510388,"Whole Data Set",1,36.288,36.66,0.00159,122.158,77.58,-6.61,235.8935082,1826.508,2.226,0.287,0.221,0.492,3.479,0.6,0.07,0.33,63.13,0.29,0.194,"07/14/2026 10:23 AM","Middle",05,"P03","Morning",10.399166666666666,"suraj karkee","41:00:13:15",39.208441666666666,-96.59382499999998,""
6510387,"Whole Data Set",1,36.671,36.63,0.00043,158.182,51.834,-6.84,72.96210945000001,301.933,1.487,0.537,0.186,0.277,4.153,0.592,0.464,-0.056,66.98,0.3,0.068,"07/14/2026 10:24 AM","Lower",05,"P03","Morning",10.408611111111112,"suraj karkee","41:00:13:15",39.20845,-96.59382,""
6510386,"Whole Data Set",1,36.283,36.59,0.00081,265.819,75.962,-6.16,293.98681035000004,2542.039,5.156,0.257,0.121,0.622,3.737,0.586,0.054,0.36,66.04,0.33,0.215,"07/14/2026 10:25 AM","Upper",10,"P03","Morning",10.421666666666667,"suraj karkee","41:00:13:15",39.208465000000004,-96.59380666666667,""
6510385,"Whole Data Set",1,36.39,36.57,0.00046,262.817,52.448,-6,141.11470619999997,714.324,2.336,0.439,0.168,0.393,4.353,0.485,0.471,0.044,66.99,0.2,0.121,"07/14/2026 10:25 AM","Middle",10,"P03","Morning",10.431111111111111,"suraj karkee","41:00:13:15",39.208466666666666,-96.59381833333333,""
6510384,"Whole Data Set",1,36.399,36.55,0.00052,342.252,61.921,-6.22,214.76432789999998,1379.347,3.36,0.346,0.15,0.504,5.067,0.343,0.405,0.251,69.17,0.29,0.178,"07/14/2026 10:26 AM","Lower",10,"P03","Morning",10.441666666666666,"suraj karkee","41:00:13:15",39.20845666666666,-96.59384166666665,""
6510338,"Whole Data Set",1,39.978,34.91,0.00049,190.242,73.751,-2.46,74.44040220000002,301.867,1.236,0.548,0.202,0.25,3.136,0.857,0.05,0.093,67.07,0.36,0.093,"07/14/2026 12:04 PM","Upper",04,"P01","Noon",12.075277777777778,"suraj karkee","41:00:13:15",39.20836666666666,-96.59384166666665,""
6510337,"Whole Data Set",1,40.979,35.01,0.00061,234.818,65.51,-4.08,135.96541875,649.775,2.107,0.465,0.172,0.363,3.208,0.586,0.061,0.353,64.87,0.32,0.143,"07/14/2026 12:05 PM","Middle",04,"P01","Noon",12.084166666666667,"suraj karkee","41:00:13:15",39.208396666666665,-96.59386333333332,""
6510336,"Whole Data Set",1,39.589,35.12,0.00077,144.086,119.885,-5.57,73.223199,341.845,1.168,0.476,0.242,0.282,5.113,0.315,0.569,0.117,68.53,0.23,0.111,"07/14/2026 12:05 PM","Lower",04,"P01","Noon",12.092777777777778,"suraj karkee","41:00:13:15",39.208395,-96.59384,""
6510335,"Whole Data Set",1,39.395,35.22,0.00081,153.226,57.214,-4.85,109.71216900000002,512.195,2.212,0.476,0.163,0.361,3.05,0.259,0.11,0.631,59.61,0.23,0.124,"07/14/2026 12:06 PM","Upper",05,"P01","Noon",12.101666666666667,"suraj karkee","41:00:13:15",39.20835666666667,-96.59387166666666,""
6510334,"Whole Data Set",1,39.057,35.32,0.00103,133.558,73.135,-5.31,109.75545360000001,539.604,2.009,0.452,0.182,0.366,3.405,0.275,0.579,0.145,68.82,0.26,0.138,"07/14/2026 12:06 PM","Middle",05,"P01","Noon",12.11111111111111,"suraj karkee","41:00:13:15",39.208385,-96.59383833333335,""
6510333,"Whole Data Set",1,39.028,35.41,0.00034,213.017,61.4,-4.76,88.38797625,322.525,1.241,0.609,0.174,0.216,4.563,0.972,0.433,-0.405,66.9,0.2,0.072,"07/14/2026 12:07 PM","Lower",05,"P01","Noon",12.12138888888889,"suraj karkee","41:00:13:15",39.208365,-96.59385333333333,""
6510332,"Whole Data Set",1,38.65,35.47,0.00045,100.149,67.177,-5.64,50.66865000000001,206.6,1.649,0.545,0.172,0.283,3.831,0.57,0.508,-0.078,59.74,0.24,0.045,"07/14/2026 12:07 PM","Upper",06,"P01","Noon",12.1325,"suraj karkee","41:00:13:15",39.20840333333333,-96.59382499999998,""
6510331,"Whole Data Set",1,38.484,35.49,0.0007,179.864,55.227,-4.42,118.4022819,544.754,2.077,0.483,0.168,0.349,3.852,0.482,0.389,0.129,63.33,0.22,0.126,"07/14/2026 12:08 PM","Middle",06,"P01","Noon",12.1425,"suraj karkee","41:00:13:15",39.208385,-96.59382499999998,""
6510330,"Whole Data Set",1,37.685,35.52,0.00081,83.453,40.144,-5.51,68.09311575,305.693,1.877,0.495,0.175,0.329,2.802,0.53,0.294,0.176,65.15,0.2,0.068,"07/14/2026 12:09 PM","Lower",06,"P01","Noon",12.151388888888889,"suraj karkee","41:00:13:15",39.20839333333333,-96.59384333333334,""
6510329,"Whole Data Set",1,37.435,35.54,0.00028,230.566,75.172,-6.07,41.321404799999996,159.419,1.374,0.576,0.178,0.245,4.181,0.825,0.448,-0.273,66,0.2,0.065,"07/14/2026 12:09 PM","Upper",08,"P01","Noon",12.164166666666667,"suraj karkee","41:00:13:15",39.208395,-96.59382499999998,""
6510328,"Whole Data Set",1,36.702,35.52,0.0014,159.724,58.857,-5.55,280.2498309,2521.366,5.483,0.247,0.116,0.637,4.153,0.52,-0.106,0.586,66.42,0.31,0.224,"07/14/2026 12:10 PM","Middle",08,"P01","Noon",12.173333333333332,"suraj karkee","41:00:13:15",39.20838166666667,-96.59382666666667,""
6510327,"Whole Data Set",1,37.636,35.53,0.00059,134.409,59.199,-6.3,70.9825014,301.604,1.583,0.523,0.185,0.293,4.098,0.61,0.432,-0.042,67.66,0.26,0.079,"07/14/2026 12:10 PM","Lower",08,"P01","Noon",12.181666666666667,"suraj karkee","41:00:13:15",39.208398333333335,-96.59381833333333,""
6510326,"Whole Data Set",1,34.052,38.1,0.00078,295.956,84.83,-5.65,194.8581225,921.315,2.317,0.47,0.16,0.37,5.633,0.404,0.466,0.129,66.51,0.21,0.231,"07/14/2026 12:30 PM","Upper",05,"P02","Noon",12.506944444444445,"suraj karkee","41:00:13:15",39.20842833333334,-96.59389166666666,""
6510325,"Whole Data Set",1,34.646,38.15,0.00047,200.029,81.512,-6.34,112.72507200000001,513.32,2.22,0.488,0.159,0.353,4.052,0.717,0.278,0.005,69.13,0.27,0.094,"07/14/2026 12:30 PM","Middle",05,"P02","Noon",12.515833333333333,"suraj karkee","41:00:13:15",39.20842833333334,-96.59387666666667,""
6510324,"Whole Data Set",1,33.153,38.2,0.00088,195.745,50.104,-7.05,183.10877145,1068.001,2.746,0.381,0.165,0.454,4.112,0.739,0.221,0.04,70.38,0.26,0.172,"07/14/2026 12:31 PM","Lower",05,"P02","Noon",12.525,"suraj karkee","41:00:13:15",39.208420000000004,-96.59389333333333,""
6510323,"Whole Data Set",1,35.613,38.19,0.00127,164.549,77.804,-6.9,190.09190700000002,1135.555,2.818,0.372,0.164,0.463,4.193,0.669,0.256,0.075,63.35,0.27,0.209,"07/14/2026 12:32 PM","Upper",07,"P02","Noon",12.535555555555556,"suraj karkee","41:00:13:15",39.208465000000004,-96.59387666666667,""
6510322,"Whole Data Set",1,34.107,38.22,0.00048,363.455,55.417,-8.57,188.02674045,1239.873,3.786,0.337,0.138,0.524,3.407,0.561,0.133,0.306,67.42,0.31,0.174,"07/14/2026 12:32 PM","Middle",07,"P02","Noon",12.544722222222221,"suraj karkee","41:00:13:15",39.208441666666666,-96.59392333333332,""
6510321,"Whole Data Set",1,33.469,38.22,0.0006,167.88,79.152,-7.97,99.87793830000001,489.958,2.745,0.453,0.146,0.401,4.028,0.727,0.143,0.129,67.73,0.32,0.101,"07/14/2026 12:33 PM","Lower",07,"P02","Noon",12.553611111111111,"suraj karkee","41:00:13:15",39.208475,-96.59390333333334,""
6510320,"Whole Data Set",1,32.865,38.21,0.00046,195.559,67.748,-8.34,98.92446570000001,427.689,1.816,0.514,0.173,0.313,4.289,0.775,0.27,-0.046,67.71,0.31,0.09,"07/14/2026 12:33 PM","Upper",09,"P02","Noon",12.56388888888889,"suraj karkee","41:00:13:15",39.20844666666667,-96.59392666666666,""
6510319,"Whole Data Set",1,33.116,38.18,0.00145,116.643,73.474,-6.4,197.3539917,1555.193,2.781,0.282,0.19,0.528,4.692,0.462,0.175,0.363,65.71,0.25,0.169,"07/14/2026 12:34 PM","Middle",09,"P02","Noon",12.573888888888888,"suraj karkee","41:00:13:15",39.20845166666666,-96.59392166666666,""
6510318,"Whole Data Set",1,33.897,38.13,0.00065,252.006,49.763,-7.02,158.70569985,945.521,3.953,0.373,0.127,0.5,4.9,0.599,0.353,0.049,70.67,0.22,0.164,"07/14/2026 12:34 PM","Lower",09,"P02","Noon",12.583055555555555,"suraj karkee","41:00:13:15",39.20843833333333,-96.59385833333333,""
6510317,"Whole Data Set",1,31.31,38.07,0.00107,149.085,56.888,-7.24,135.70278299999998,728.41,2.256,0.414,0.18,0.406,3.722,0.603,0.146,0.251,65.42,0.19,0.16,"07/14/2026 12:36 PM","Middle",11,"P02","Noon",12.608333333333333,"suraj karkee","41:00:13:15",39.208420000000004,-96.59391666666667,""
6510316,"Whole Data Set",1,32.573,38.01,0.00093,201.367,57.11,-5.42,238.18319415000005,2092.079,6.033,0.253,0.106,0.641,4.137,0.606,0.11,0.284,68.38,0.22,0.187,"07/14/2026 12:37 PM","Lower",11,"P02","Noon",12.617222222222223,"suraj karkee","41:00:13:15",39.208423333333336,-96.59389000000002,""
6510315,"Whole Data Set",1,31.246,38,0.00073,185.513,58.226,-7.71,150.5699073,840.703,3.216,0.398,0.143,0.459,3.877,0.76,0.264,-0.024,63.89,0.28,0.135,"07/14/2026 12:37 PM","Upper",11,"P02","Noon",12.626666666666667,"suraj karkee","41:00:13:15",39.20842833333334,-96.59391333333333,""
6510314,"Whole Data Set",1,32.225,38.03,0.001,250.483,63.609,-5.4,332.2805976000001,2197.623,4.382,0.336,0.123,0.541,3.708,0.36,0.051,0.589,56.63,0.32,0.25,"07/14/2026 12:39 PM","Upper",01,"P03","Noon",12.651666666666667,"suraj karkee","41:00:13:15",39.208481666666664,-96.59383333333332,""
6510313,"Whole Data Set",1,31.993,37.99,0.00072,203.042,81.425,-6.8,99.4343364,438.423,1.737,0.504,0.181,0.315,4.485,0.55,0.23,0.22,65.86,0.2,0.146,"07/14/2026 12:39 PM","Middle",01,"P03","Noon",12.660555555555556,"suraj karkee","41:00:13:15",39.208445,-96.59382333333333,""
6510312,"Whole Data Set",1,32.235,37.83,0.00059,181.48,48.33,-8.54,119.7483264,561.408,2.211,0.474,0.164,0.362,2.647,1.558,-0.258,-0.3,61.19,0.26,0.107,"07/14/2026 12:40 PM","Lower",01,"P03","Noon",12.669722222222221,"suraj karkee","41:00:13:15",39.208470000000005,-96.59383000000001,""
6510311,"Whole Data Set",1,32.655,37.81,0.00071,301.315,70.366,-7.3,265.237209,1901.342,3.996,0.31,0.138,0.552,3.18,0.655,0.13,0.215,57.61,0.25,0.214,"07/14/2026 12:40 PM","Upper",02,"P03","Noon",12.680555555555555,"suraj karkee","41:00:13:15",39.20844833333333,-96.59383666666666,""
6510310,"Whole Data Set",1,32.027,37.79,0.0004,204.857,62.816,-7.28,65.5660953,259.257,1.261,0.562,0.194,0.245,3.408,0.758,0.171,0.072,65.09,0.19,0.082,"07/14/2026 12:41 PM","Middle",02,"P03","Noon",12.689444444444444,"suraj karkee","41:00:13:15",39.208455,-96.59384333333334,""
6510309,"Whole Data Set",1,32.271,37.66,0.00103,212.677,45.486,-6.73,237.4047252,2264.232,6.457,0.233,0.103,0.664,5.508,0.356,0.347,0.297,66.78,0.26,0.219,"07/14/2026 12:41 PM","Lower",02,"P03","Noon",12.698611111111111,"suraj karkee","41:00:13:15",39.20843,-96.59383666666666,""
6510308,"Whole Data Set",1,32.729,37.66,0.00106,127.528,60.665,-5.99,143.76718350000002,777.33,2.467,0.411,0.17,0.419,3.177,0.539,0.128,0.333,61.23,0.26,0.135,"07/14/2026 12:42 PM","Upper",05,"P03","Noon",12.709444444444443,"suraj karkee","41:00:13:15",39.20848,-96.59381,""
6510307,"Whole Data Set",1,33.271,37.66,0.00116,147.261,80.451,-6.97,141.78868605,774.167,1.953,0.407,0.201,0.392,4.231,0.792,0.353,-0.145,64.73,0.26,0.171,"07/14/2026 12:43 PM","Middle",05,"P03","Noon",12.71861111111111,"suraj karkee","41:00:13:15",39.208466666666666,-96.59383000000001,""
6510306,"Whole Data Set",1,32.768,37.69,0.00054,262.073,65.387,-7.44,139.72381785000002,617.291,1.75,0.503,0.181,0.316,4.411,0.506,0.253,0.241,65.93,0.3,0.142,"07/14/2026 12:43 PM","Lower",05,"P03","Noon",12.727777777777778,"suraj karkee","41:00:13:15",39.20846166666667,-96.59380833333334,""
6510305,"Whole Data Set",1,32.55,37.68,0.00111,181.349,72.853,-6.39,232.30401074999997,1638.829,3.839,0.315,0.142,0.544,4.565,0.569,0.207,0.224,65.54,0.25,0.201,"07/14/2026 12:44 PM","Upper",10,"P03","Noon",12.738888888888889,"suraj karkee","41:00:13:15",39.208495,-96.59382499999998,""
6510304,"Whole Data Set",1,32.381,37.67,0.00069,229.328,64.854,-8.66,169.25218199999998,854.809,2.357,0.44,0.167,0.393,4.277,0.679,0.241,0.08,67.61,0.22,0.158,"07/14/2026 12:44 PM","Middle",10,"P03","Noon",12.748333333333333,"suraj karkee","41:00:13:15",39.20847833333333,-96.59382166666667,""
6510303,"Whole Data Set",1,32.74,37.64,0.00101,212.59,54.845,-6.05,254.752884,2358.823,5.694,0.24,0.114,0.646,4.542,0.514,0.167,0.318,70.27,0.29,0.215,"07/14/2026 12:45 PM","Lower",10,"P03","Noon",12.7575,"suraj karkee","41:00:13:15",39.208443333333335,-96.59382,""
6504981,"Whole Data Set",1,63.855,25.79,0.00014,359.266,83.629,0.56,33.79410765,122.509,0.861,0.613,0.208,0.179,5.081,0.278,0.679,0.043,69.22,0.24,0.05,"07/13/2026 9:06 AM","Upper",05,"P02","Morning",9.113888888888889,"suraj karkee","41:00:13:15",39.208398333333335,-96.59388166666668,""
6504980,"Whole Data Set",1,63.555,26.13,0.00088,76.432,90,-0.12,61.17558480000001,257.473,1.404,0.528,0.196,0.276,4.379,0.269,0.641,0.09,62.26,0.26,0.067,"07/13/2026 9:07 AM","Middle",05,"P02","Morning",9.123888888888889,"suraj karkee","41:00:13:15",39.208425000000005,-96.59391166666667,""
6504979,"Whole Data Set",1,63.355,26.55,0.00127,104.446,50.016,-0.12,152.83261755,925.417,2.519,0.367,0.18,0.453,6.032,0.328,0.392,0.281,68.92,0.22,0.133,"07/13/2026 9:08 AM","Lower",05,"P02","Morning",9.136388888888888,"suraj karkee","41:00:13:15",39.20840333333333,-96.59393833333334,""
6504978,"Whole Data Set",1,63.929,27.47,0.00084,199.973,77.221,0.42,240.296706,1369.212,3.129,0.39,0.148,0.462,3.14,0.654,0.24,0.106,59.33,0.22,0.168,"07/13/2026 9:09 AM","Upper",07,"P02","Morning",9.165555555555557,"suraj karkee","41:00:13:15",39.208418333333334,-96.59391166666667,""
6504977,"Whole Data Set",1,60.414,27.74,0.00012,212.474,47.61,-1.07,39.88791,144.6,0.96,0.613,0.197,0.189,3.933,0.42,0.48,0.1,66.06,0.3,0.025,"07/13/2026 9:10 AM","Middle",07,"P02","Morning",9.175555555555555,"suraj karkee","41:00:13:15",39.208405,-96.59389833333334,""
6504976,"Whole Data Set",1,58.999,28.1,0.00074,213.925,78.944,0.33,230.33469150000002,1584.69,3.815,0.323,0.141,0.536,5.305,0.376,0.617,0.007,65.7,0.31,0.158,"07/13/2026 9:11 AM","Lower",07,"P02","Morning",9.18888888888889,"suraj karkee","41:00:13:15",39.208435,-96.59389833333334,""
6504975,"Whole Data Set",1,58.782,28.42,0.00022,232.054,72.146,-1.17,39.3354927,145.203,1.029,0.602,0.196,0.202,4.447,0.401,0.565,0.033,66.03,0.22,0.051,"07/13/2026 9:12 AM","Upper",09,"P02","Morning",9.201388888888888,"suraj karkee","41:00:13:15",39.20841,-96.59391833333332,""
6504974,"Whole Data Set",1,58.329,28.64,0.00014,329.794,77.865,0.97,35.197092,124.152,0.646,0.63,0.225,0.145,4.629,0.388,0.614,-0.002,68.83,0.36,0.046,"07/13/2026 9:12 AM","Middle",09,"P02","Morning",9.210277777777778,"suraj karkee","41:00:13:15",39.208421666666666,-96.59387833333334,""
6504973,"Whole Data Set",1,57.585,28.96,0.00013,341.333,54.419,-2.03,32.339943,117.814,1.073,0.61,0.188,0.202,5.843,0.422,0.586,-0.009,69.3,0.24,0.044,"07/13/2026 9:13 AM","Lower",09,"P02","Morning",9.221666666666668,"suraj karkee","41:00:13:15",39.208418333333334,-96.59386833333335,""
6504972,"Whole Data Set",1,57.742,29.27,0.00045,198.716,81.221,-0.16,80.48987550000001,364.29,1.959,0.491,0.172,0.337,3.679,0.611,0.244,0.145,62.29,0.2,0.089,"07/13/2026 9:13 AM","Upper",11,"P02","Morning",9.232222222222223,"suraj karkee","41:00:13:15",39.208418333333334,-96.59393166666665,""
6504971,"Whole Data Set",1,57.153,29.55,0.00015,435.61,64.013,-1.84,35.384596200000004,130.836,0.962,0.601,0.203,0.195,3.882,0.561,0.454,-0.014,67.67,0.19,0.065,"07/13/2026 9:14 AM","Middle",11,"P02","Morning",9.24111111111111,"suraj karkee","41:00:13:15",39.20843333333333,-96.59391666666667,""
6504970,"Whole Data Set",1,56.263,29.86,0.00111,175.901,71.659,-0.75,237.851388,1822.616,4.644,0.29,0.126,0.584,4.38,0.519,0.424,0.057,65.49,0.25,0.195,"07/13/2026 9:15 AM","Lower",11,"P02","Morning",9.250555555555556,"suraj karkee","41:00:13:15",39.20841333333333,-96.59389166666666,""
6504969,"Whole Data Set",1,49.266,33.46,0.00013,388.255,65.95,-2.95,28.7918163,106.993,0.845,0.598,0.218,0.184,3.042,0.774,0.258,-0.032,63.7,0.2,0.05,"07/13/2026 9:25 AM","Upper",04,"P01","Morning",9.421388888888888,"suraj karkee","41:00:13:15",39.208391666666664,-96.59383000000001,""
6504968,"Whole Data Set",1,48.006,33.59,0.00093,165.025,67.43,-2.3,131.6272086,821.643,4.087,0.356,0.127,0.518,3.797,0.461,0.207,0.332,64.48,0.25,0.153,"07/13/2026 9:25 AM","Middle",04,"P01","Morning",9.430555555555555,"suraj karkee","41:00:13:15",39.208378333333336,-96.59384666666668,""
6504967,"Whole Data Set",1,46.968,33.78,0.00008,448.104,53.808,-4.67,27.706035600000003,95.308,0.942,0.646,0.182,0.172,3.97,0.546,0.455,-0.001,67.91,0.24,0.036,"07/13/2026 9:26 AM","Lower",04,"P01","Morning",9.44888888888889,"suraj karkee","41:00:13:15",39.20841,-96.59383666666666,""
6504966,"Whole Data Set",1,46.857,33.87,0.00083,258.015,76.968,-2.86,229.467735,1699.761,5.194,0.3,0.113,0.587,2.926,0.599,0.058,0.343,57.08,0.2,0.214,"07/13/2026 9:27 AM","Upper",05,"P01","Morning",9.45861111111111,"suraj karkee","41:00:13:15",39.208355,-96.59384166666665,""
6504965,"Whole Data Set",1,47.356,33.97,0.00015,513.27,76.25,-4.28,28.008842849999997,104.961,1.27,0.593,0.179,0.228,3.929,0.742,0.389,-0.131,68.54,0.24,0.077,"07/13/2026 9:28 AM","Middle",05,"P01","Morning",9.468333333333334,"suraj karkee","41:00:13:15",39.20839,-96.59383333333332,""
6504964,"Whole Data Set",1,46.672,34.03,0.00099,-7.91,57.131,-6,206.9542305,1630.845,2.924,0.282,0.183,0.535,5.17,0.325,0.21,0.465,68.51,0.53,-0.008,"07/13/2026 9:28 AM","Lower",05,"P01","Morning",9.477777777777778,"suraj karkee","41:00:13:15",39.20836833333333,-96.59385333333333,""
6504963,"Whole Data Set",1,43.271,34.1,0.00016,240.308,80.832,-3.99,41.09263469999999,155.831,0.879,0.586,0.22,0.194,2.216,0.902,0.048,0.05,58.52,0.3,0.038,"07/13/2026 9:29 AM","Upper",06,"P01","Morning",9.489166666666666,"suraj karkee","41:00:13:15",39.20836333333333,-96.59382166666667,""
6504962,"Whole Data Set",1,43.448,34.09,0.00076,203.051,58.945,-4.48,164.32932285,897.239,2.633,0.407,0.163,0.43,5.46,0.373,0.516,0.11,63.67,0.34,0.154,"07/13/2026 9:29 AM","Middle",06,"P01","Morning",9.498055555555554,"suraj karkee","41:00:13:15",39.208369999999995,-96.59383833333335,""
6504961,"Whole Data Set",1,43.547,34.11,0.00011,561.223,66.655,-4.18,31.1860602,114.739,0.965,0.604,0.201,0.194,3.343,0.839,0.329,-0.168,67.26,0.25,0.062,"07/13/2026 9:30 AM","Lower",06,"P01","Morning",9.506944444444445,"suraj karkee","41:00:13:15",39.208414999999995,-96.59382333333333,""
6504960,"Whole Data Set",1,43.154,34.12,0.00016,262.419,74.302,-4.51,38.9188566,144.626,1.111,0.598,0.191,0.212,3.678,0.832,0.314,-0.146,64.64,0.29,0.042,"07/13/2026 9:31 AM","Upper",08,"P01","Morning",9.518611111111111,"suraj karkee","41:00:13:15",39.208398333333335,-96.59381666666668,""
6504959,"Whole Data Set",1,43.777,34.16,0.00043,181.338,66.471,-5.91,84.98746799999999,334.86,1.405,0.564,0.181,0.255,4.752,0.589,0.521,-0.109,68.83,0.29,0.078,"07/13/2026 9:31 AM","Middle",08,"P01","Morning",9.527500000000002,"suraj karkee","41:00:13:15",39.208385,-96.59384166666665,""
6504958,"Whole Data Set",1,43.375,34.18,0.00013,342.203,60.34,-5.21,23.529360599999997,82.213,0.84,0.636,0.198,0.166,3.346,0.685,0.361,-0.046,67.93,0.23,0.044,"07/13/2026 9:32 AM","Lower",08,"P01","Morning",9.536388888888888,"suraj karkee","41:00:13:15",39.20838833333333,-96.59383666666666,""
6504957,"Whole Data Set",1,42.721,34.21,0.00062,247.079,72.587,-4.98,190.828332,1084.56,2.824,0.391,0.159,0.45,3.291,0.528,0.25,0.221,57.71,0.2,0.153,"07/13/2026 9:33 AM","Upper",01,"P03","Morning",9.555000000000001,"suraj karkee","41:00:13:15",39.20845166666666,-96.59385499999999,""
6504956,"Whole Data Set",1,42.476,34.27,0.00013,339.183,64.182,-5.12,29.57360265,107.209,1.09,0.613,0.185,0.202,4.31,0.535,0.431,0.034,64.64,0.21,0.044,"07/13/2026 9:33 AM","Middle",01,"P03","Morning",9.564722222222223,"suraj karkee","41:00:13:15",39.20845833333333,-96.59382333333333,""
6504955,"Whole Data Set",1,41.857,34.29,0.00071,227.808,53.636,-4.32,213.004863,1551.948,4.353,0.305,0.13,0.565,3.41,0.634,0.126,0.241,65.57,0.26,0.162,"07/13/2026 9:34 AM","Lower",01,"P03","Morning",9.574166666666667,"suraj karkee","41:00:13:15",39.20843833333333,-96.59385666666667,""
6504954,"Whole Data Set",1,42.327,34.33,0.00013,476.142,69.392,-6.16,28.69988625,104.725,1.054,0.609,0.19,0.2,2.775,0.815,0.16,0.025,63.72,0.32,0.062,"07/13/2026 9:35 AM","Upper",02,"P03","Morning",9.58388888888889,"suraj karkee","41:00:13:15",39.20843833333333,-96.59383166666666,""
6504953,"Whole Data Set",1,42.832,34.38,0.00023,179.908,59.758,-5.99,50.720904,192.672,1.417,0.585,0.172,0.243,4.084,0.357,0.447,0.196,63.87,0.32,0.041,"07/13/2026 9:35 AM","Middle",02,"P03","Morning",9.593611111111112,"suraj karkee","41:00:13:15",39.20843833333333,-96.59384333333334,""
6504952,"Whole Data Set",1,43.625,34.43,0.00135,68.635,28.181,-6.54,111.79860300000001,591.527,1.977,0.42,0.195,0.385,3.559,0.366,0.49,0.145,66.64,0.27,0.093,"07/13/2026 9:36 AM","Lower",02,"P03","Morning",9.6025,"suraj karkee","41:00:13:15",39.20843,-96.59384166666665,""
6504951,"Whole Data Set",1,43.072,34.52,0.00013,344.008,76.374,-4.97,29.0164194,105.361,0.717,0.612,0.226,0.162,2.864,0.798,0.604,-0.402,58.24,0.22,0.045,"07/13/2026 9:37 AM","Upper",05,"P03","Morning",9.617222222222223,"suraj karkee","41:00:13:15",39.208465000000004,-96.593835,""
6504950,"Whole Data Set",1,44.034,34.6,0.00121,152.555,82.977,-5.05,200.51969400000002,1423.64,2.363,0.313,0.204,0.483,3.167,0.55,-0.023,0.473,63.15,0.28,0.185,"07/13/2026 9:37 AM","Middle",05,"P03","Morning",9.626944444444446,"suraj karkee","41:00:13:15",39.208455,-96.59384166666665,""
6504949,"Whole Data Set",1,44.087,34.66,0.00012,229.918,52.803,-6.49,31.294868399999995,117.672,1.27,0.591,0.18,0.229,3.894,0.614,0.391,-0.004,68.98,0.23,0.028,"07/13/2026 9:38 AM","Lower",05,"P03","Morning",9.635277777777777,"suraj karkee","41:00:13:15",39.20847333333334,-96.59383333333332,""
6504948,"Whole Data Set",1,42.544,34.74,0.00152,114.876,81.283,-4.99,184.26812040000002,1312.451,2.973,0.312,0.173,0.515,3.165,0.508,-0.028,0.52,65.03,0.33,0.175,"07/13/2026 9:38 AM","Upper",10,"P03","Morning",9.649166666666666,"suraj karkee","41:00:13:15",39.208486666666666,-96.59382166666667,""
6504947,"Whole Data Set",1,42.633,34.8,0.00061,122.917,38.784,-5.83,66.71659500000001,269.562,1.19,0.55,0.205,0.244,4.168,0.357,0.536,0.107,66.67,0.25,0.075,"07/13/2026 9:39 AM","Middle",10,"P03","Morning",9.659444444444444,"suraj karkee","41:00:13:15",39.20844833333333,-96.59381,""
6504946,"Whole Data Set",1,43.775,34.89,0.00114,178.561,51.048,-4.96,190.99994130000002,1410.114,4.821,0.301,0.12,0.579,5.183,0.43,0.273,0.297,68.05,0.31,0.204,"07/13/2026 9:40 AM","Lower",10,"P03","Morning",9.67,"suraj karkee","41:00:13:15",39.208470000000005,-96.59379833333332,""
6504884,"Whole Data Set",1,41.223,34.66,0.001,178.947,60.295,-2.07,193.02707969999997,1201.538,3.781,0.357,0.135,0.509,3.396,0.718,-0.036,0.319,64.65,0.3,0.179,"07/13/2026 12:19 PM","Upper",05,"P02","Noon",12.329444444444444,"suraj karkee","41:00:13:15",39.208441666666666,-96.59389166666666,""
6504883,"Whole Data Set",1,41.257,34.77,0.00045,198.213,81.458,-3.48,68.2741845,291.21,1.759,0.521,0.174,0.305,3.996,0.586,0.383,0.03,68.32,0.26,0.089,"07/13/2026 12:20 PM","Middle",05,"P02","Noon",12.338611111111112,"suraj karkee","41:00:13:15",39.20845166666666,-96.59394499999999,""
6504882,"Whole Data Set",1,40.717,34.89,0.00024,211.774,51.43,-4.74,67.38362325,283.065,1.917,0.529,0.161,0.31,4.955,0.686,0.307,0.007,69.97,0.27,0.051,"07/13/2026 12:20 PM","Lower",05,"P02","Noon",12.347222222222223,"suraj karkee","41:00:13:15",39.208443333333335,-96.59393999999999,""
6504881,"Whole Data Set",1,39.008,35.03,0.0007,228.04,61.502,-4.38,185.2297821,984.741,2.761,0.418,0.155,0.427,3.746,0.65,0.224,0.125,63.13,0.34,0.16,"07/13/2026 12:21 PM","Upper",07,"P02","Noon",12.357777777777777,"suraj karkee","41:00:13:15",39.20845333333333,-96.59389000000002,""
6504880,"Whole Data Set",1,40.132,35.17,0.00141,135.917,53.154,-4.42,188.1258525,1129.885,2.153,0.37,0.2,0.43,2.775,0.516,-0.1,0.585,67.24,0.3,0.192,"07/13/2026 12:22 PM","Middle",07,"P02","Noon",12.367222222222223,"suraj karkee","41:00:13:15",39.208443333333335,-96.59391166666667,""
6504879,"Whole Data Set",1,38.956,35.27,0.0006,183.981,82.597,-5.72,133.22981159999998,627.259,2.35,0.472,0.158,0.37,3.884,0.752,0.211,0.038,67.92,0.26,0.11,"07/13/2026 12:22 PM","Lower",07,"P02","Noon",12.37638888888889,"suraj karkee","41:00:13:15",39.208414999999995,-96.59389166666666,""
6504878,"Whole Data Set",1,39.807,35.41,0.00015,249.047,78.967,-4.72,53.052228,199.145,1.281,0.592,0.179,0.229,4.376,0.714,0.333,-0.047,68.1,0.28,0.037,"07/13/2026 12:23 PM","Upper",09,"P02","Noon",12.386111111111111,"suraj karkee","41:00:13:15",39.208435,-96.59387166666666,""
6504877,"Whole Data Set",1,38.748,35.5,0.00027,267.495,78.572,-3.83,92.5788312,362.202,0.96,0.568,0.221,0.212,4.082,0.644,0.257,0.099,69.11,0.34,0.072,"07/13/2026 12:23 PM","Middle",09,"P02","Noon",12.395277777777777,"suraj karkee","41:00:13:15",39.208445,-96.59386833333335,""
6504876,"Whole Data Set",1,39.671,35.64,0.00073,168.004,42.605,-5.07,134.342334,710.806,3.057,0.42,0.143,0.437,5.052,0.596,0.319,0.086,71.6,0.31,0.123,"07/13/2026 12:24 PM","Lower",09,"P02","Noon",12.404166666666667,"suraj karkee","41:00:13:15",39.2084,-96.59386500000001,""
6504875,"Whole Data Set",1,40.162,35.79,0.00117,155.865,71.911,-5.64,178.06574114999998,1102.233,3.049,0.359,0.158,0.482,3.68,0.721,0.293,-0.015,61.48,0.27,0.182,"07/13/2026 12:24 PM","Upper",11,"P02","Noon",12.414722222222222,"suraj karkee","41:00:13:15",39.20842666666667,-96.59390166666665,""
6504874,"Whole Data Set",1,39.897,35.92,0.0003,282.506,63.261,-4.49,64.8110592,265.728,1.538,0.542,0.181,0.278,4.476,0.575,0.397,0.028,69.45,0.22,0.085,"07/13/2026 12:25 PM","Middle",11,"P02","Noon",12.424444444444443,"suraj karkee","41:00:13:15",39.208436666666664,-96.59392000000001,""
6504873,"Whole Data Set",1,40.676,36.04,0.00034,187.803,67.138,-4.41,54.403870500000004,236.59,1.802,0.511,0.174,0.314,4.834,0.512,0.26,0.228,67.5,0.26,0.064,"07/13/2026 12:26 PM","Lower",11,"P02","Noon",12.43361111111111,"suraj karkee","41:00:13:15",39.208425000000005,-96.59394166666668,""
6504865,"Whole Data Set",1,36.655,37.96,0.00105,152.194,62.934,-5.07,132.9171507,765.211,3.226,0.386,0.145,0.469,4.937,0.446,0.529,0.025,63.96,0.3,0.16,"07/13/2026 12:43 PM","Upper",04,"P01","Noon",12.7225,"suraj karkee","41:00:13:15",39.208405,-96.59381166666665,""
6504864,"Whole Data Set",1,35.341,37.94,0.00068,244.194,66.38,-6.47,186.93314324999997,1015.665,2.335,0.409,0.177,0.414,3.739,0.818,0.309,-0.127,65.68,0.35,0.166,"07/13/2026 12:43 PM","Middle",04,"P01","Noon",12.731666666666667,"suraj karkee","41:00:13:15",39.20838833333333,-96.59384666666668,""
6504863,"Whole Data Set",1,35.316,37.94,0.00092,215.869,52.394,-6.39,191.04050519999998,1129.081,2.734,0.376,0.167,0.457,3.552,0.667,0.202,0.131,68.05,0.21,0.199,"07/13/2026 12:44 PM","Lower",04,"P01","Noon",12.740277777777777,"suraj karkee","41:00:13:15",39.208405,-96.59382166666667,""
6504862,"Whole Data Set",1,34.423,37.91,0.0009,216.405,69.655,-5.14,187.92164789999995,1206.947,3.684,0.346,0.14,0.515,3.098,0.562,0.088,0.351,58.98,0.21,0.195,"07/13/2026 12:45 PM","Upper",05,"P01","Noon",12.750277777777777,"suraj karkee","41:00:13:15",39.20838833333333,-96.59384166666665,""
6504861,"Whole Data Set",1,34.987,37.89,0.00012,439.703,78.561,-5.96,30.1695192,115.992,1.448,0.578,0.172,0.249,4.791,0.784,0.329,-0.113,67.32,0.3,0.053,"07/13/2026 12:45 PM","Middle",05,"P01","Noon",12.759722222222223,"suraj karkee","41:00:13:15",39.20838333333334,-96.59382499999998,""
6504860,"Whole Data Set",1,35.742,37.83,0.00033,299.436,65.181,-7.96,95.65466040000001,387.894,1.421,0.548,0.187,0.265,3.917,0.77,0.307,-0.076,65.04,0.31,0.099,"07/13/2026 12:46 PM","Lower",05,"P01","Noon",12.778333333333334,"suraj karkee","41:00:13:15",39.2078894,-96.5982601,""
6504859,"Whole Data Set",1,34.138,37.8,0.00017,347.799,78.121,-7.65,42.569389799999996,164.806,1.39,0.574,0.178,0.248,-6.944,-0.384,1.444,-0.059,63.41,0.44,0.059,"07/13/2026 12:47 PM","Upper",06,"P01","Noon",12.787777777777778,"suraj karkee","41:00:13:15",39.20839,-96.59382,""
6504858,"Whole Data Set",1,34.966,37.76,0.00079,222.75,47.251,-6.93,118.32034860000002,650.827,3.147,0.404,0.144,0.453,1.804,1.333,-0.635,0.302,64.16,0.4,0.176,"07/13/2026 12:47 PM","Middle",06,"P01","Noon",12.796944444444444,"suraj karkee","41:00:13:15",39.208395,-96.59382,""
6504857,"Whole Data Set",1,34.022,37.71,0.0008,117.997,75.119,-6.32,76.7303496,361.254,1.972,0.472,0.178,0.351,3.63,0.51,0.256,0.235,68.64,0.24,0.094,"07/13/2026 12:48 PM","Lower",06,"P01","Noon",12.806111111111111,"suraj karkee","41:00:13:15",39.20839333333333,-96.59382333333333,""
6504856,"Whole Data Set",1,32.233,37.63,0.00018,358.583,70.862,-6.62,40.03641495,146.573,1.132,0.607,0.185,0.209,4.021,0.795,0.28,-0.075,65.29,0.17,0.065,"07/13/2026 12:48 PM","Upper",08,"P01","Noon",12.815833333333334,"suraj karkee","41:00:13:15",39.20842833333334,-96.59382,""
6504855,"Whole Data Set",1,34.607,37.48,0.00069,246.419,65.643,-6.01,183.34785600000004,1198.352,4.198,0.34,0.127,0.533,4.279,0.563,0.28,0.157,68.49,0.23,0.17,"07/13/2026 12:49 PM","Middle",08,"P01","Noon",12.824722222222222,"suraj karkee","41:00:13:15",39.208396666666665,-96.59385166666668,""
6504854,"Whole Data Set",1,35.282,37.48,0.00127,129.325,53.344,-7.93,149.595642,884.135,1.927,0.376,0.213,0.411,3.175,0.713,-0.058,0.346,68.16,0.28,0.164,"07/13/2026 12:49 PM","Lower",08,"P01","Noon",12.833055555555555,"suraj karkee","41:00:13:15",39.20840833333333,-96.59381833333333,""
6504853,"Whole Data Set",1,32.665,37.44,0.00079,243.057,67.797,-7.39,232.06334760000001,1364.276,3.483,0.378,0.139,0.484,2.566,1.074,0.074,-0.148,57.53,0.29,0.192,"07/13/2026 12:50 PM","Upper",01,"P03","Noon",12.848055555555556,"suraj karkee","41:00:13:15",39.2078894,-96.5982601,""
6504852,"Whole Data Set",1,33.445,37.4,0.00015,323.951,76.443,-6.71,38.5585695,150.59,1.385,0.569,0.181,0.25,3.567,0.95,0.081,-0.031,64.04,0.19,0.049,"07/13/2026 12:51 PM","Middle",01,"P03","Noon",12.857222222222221,"suraj karkee","41:00:13:15",39.208466666666666,-96.59382166666667,""
6504851,"Whole Data Set",1,33.8,37.3,0.00049,215.914,43.284,-7.55,109.19961359999999,497.266,2.108,0.488,0.165,0.347,3.325,0.944,-0.038,0.094,66.01,0.31,0.106,"07/13/2026 12:52 PM","Lower",01,"P03","Noon",12.867222222222223,"suraj karkee","41:00:13:15",39.20845666666666,-96.59380000000002,""
6504850,"Whole Data Set",1,32.474,37.28,0.00058,211.446,67.571,-6.41,114.77654010000002,484.903,1.646,0.526,0.179,0.295,3.363,0.711,0.211,0.078,65.31,0.24,0.123,"07/13/2026 12:52 PM","Upper",02,"P03","Noon",12.87638888888889,"suraj karkee","41:00:13:15",39.20844666666667,-96.59381333333334,""
6504849,"Whole Data Set",1,33.589,37.22,0.0015,202.985,37.598,-8.25,272.92363559999995,1969.146,4.523,0.308,0.125,0.566,5.135,0.19,0.179,0.631,63.71,0.82,0.304,"07/13/2026 12:53 PM","Middle",02,"P03","Noon",12.885833333333332,"suraj karkee","41:00:13:15",39.20847166666667,-96.59382833333332,""
6504848,"Whole Data Set",1,34.166,37.22,0.00079,220.26,44.682,-6.61,201.20361389999997,1221.637,3.219,0.366,0.15,0.484,4.127,0.6,0.388,0.011,67.7,0.26,0.174,"07/13/2026 12:53 PM","Lower",02,"P03","Noon",12.89611111111111,"suraj karkee","41:00:13:15",39.208488333333335,-96.59382833333332,""
6504847,"Whole Data Set",1,34.161,37.15,0.00062,201.781,80.407,-7.82,99.03716775000001,446.415,1.676,0.493,0.19,0.318,2.171,0.51,-0.295,0.786,64.59,0.3,0.125,"07/13/2026 12:54 PM","Upper",05,"P03","Noon",12.906666666666666,"suraj karkee","41:00:13:15",39.20847833333333,-96.59381166666665,""
6504846,"Whole Data Set",1,32.248,37.16,0.00073,206.704,57.911,-6.83,177.1346115,1022.422,2.919,0.385,0.157,0.458,3.174,0.452,0.131,0.417,68.69,0.24,0.151,"07/13/2026 12:55 PM","Middle",05,"P03","Noon",12.916944444444443,"suraj karkee","41:00:13:15",39.2085,-96.59382,""
6504845,"Whole Data Set",1,33.23,37.08,0.00058,297.256,53.714,-6.79,212.62295834999998,1481.177,4.212,0.319,0.131,0.55,3.655,0.689,0.114,0.197,69.22,0.28,0.172,"07/13/2026 12:55 PM","Lower",05,"P03","Noon",12.925833333333333,"suraj karkee","41:00:13:15",39.208488333333335,-96.59382166666667,""
6504844,"Whole Data Set",1,35.036,37.1,0.00089,185.356,81.251,-5.63,146.22074775000002,843.987,3.395,0.385,0.14,0.475,3.161,0.764,0.053,0.183,66.25,0.38,0.165,"07/13/2026 12:56 PM","Upper",10,"P03","Noon",12.935277777777777,"suraj karkee","41:00:13:15",39.20847833333333,-96.59382666666667,""
6504843,"Whole Data Set",1,33.476,37.15,0.00033,216.499,60.768,-7.28,125.2156743,528.002,1.603,0.527,0.182,0.291,3.899,0.655,0.412,-0.068,59.35,0.19,0.071,"07/13/2026 12:56 PM","Middle",10,"P03","Noon",12.944444444444445,"suraj karkee","41:00:13:15",39.208486666666666,-96.59382166666667,""
6504842,"Whole Data Set",1,33.054,37.14,0.00092,219.229,62.731,-6.17,230.58342225,1637.085,4.909,0.313,0.116,0.571,4.278,0.415,0.251,0.334,70.11,0.29,0.202,"07/13/2026 12:57 PM","Lower",10,"P03","Noon",12.954444444444444,"suraj karkee","41:00:13:15",39.20849333333333,-96.59380666666667,""
6501782,"Whole Data Set",1,47.771,30.66,0.00114,152.017,70.153,-0.33,129.45720645000003,732.017,2.055,0.393,0.199,0.408,2.816,0.565,0.147,0.288,56.06,0.24,0.173,"07/12/2026 4:23 PM","Upper",01,"P03","Late",16.386944444444445,"suraj karkee","41:00:13:15",39.208414999999995,-96.593785,""
6501781,"Whole Data Set",1,45.743,30.94,0.00114,104.372,62.176,-0.79,105.19897275000001,502.743,1.354,0.465,0.227,0.308,4.399,0.399,0.475,0.126,64.63,0.22,0.119,"07/12/2026 4:23 PM","Middle",01,"P03","Late",16.397777777777776,"suraj karkee","41:00:13:15",39.20838666666667,-96.593805,""
6501780,"Whole Data Set",1,46.009,31.23,0.00152,65.363,45.348,-0.58,142.70866515,908.683,2.26,0.349,0.2,0.451,4.332,0.22,0.443,0.336,66.22,0.25,0.099,"07/12/2026 4:24 PM","Lower",01,"P03","Late",16.408055555555553,"suraj karkee","41:00:13:15",39.208455,-96.59380000000002,""
6501779,"Whole Data Set",1,44.932,31.48,0.00087,222.667,62.156,-0.41,248.38622235,1176.907,2.768,0.469,0.141,0.39,2.96,0.544,0.172,0.284,64.93,0.19,0.194,"07/12/2026 4:25 PM","Upper",02,"P03","Late",16.41777777777778,"suraj karkee","41:00:13:15",39.208425000000005,-96.59382,""
6501778,"Whole Data Set",1,44.646,31.7,0.00033,222.147,51.941,-1.27,91.43143425,384.085,1.513,0.529,0.187,0.284,3.11,1.02,0.14,-0.16,64.96,0.29,0.073,"07/12/2026 4:25 PM","Middle",02,"P03","Late",16.42666666666667,"suraj karkee","41:00:13:15",39.208391666666664,-96.59385333333333,""
6501777,"Whole Data Set",1,43.966,32.03,0.00123,208.305,35.612,0.16,216.30240765,1596.917,4.881,0.301,0.119,0.58,3.469,0.591,0.046,0.363,67.48,0.29,0.256,"07/12/2026 4:26 PM","Lower",02,"P03","Late",16.43638888888889,"suraj karkee","41:00:13:15",39.20842666666667,-96.59384833333334,""
6501776,"Whole Data Set",1,44.002,32.29,-0.00009,102.206,75.951,-0.26,246.4369245,1063.374,1.215,0.515,0.219,0.266,1.925,-1.281,-24.984,27.265,63.72,0.05,-0.009,"07/12/2026 4:26 PM","Upper",05,"P03","Late",16.445555555555554,"suraj karkee","41:00:13:15",39.208441666666666,-96.59380833333334,""
6501775,"Whole Data Set",1,43.707,32.55,0.00117,201.828,56.056,-1.54,259.45233119999995,2001.947,5.046,0.288,0.118,0.594,3.792,0.298,-0.002,0.704,65.94,0.23,0.236,"07/12/2026 4:27 PM","Middle",05,"P03","Late",16.455,"suraj karkee","41:00:13:15",39.208405,-96.59383333333332,""
6501774,"Whole Data Set",1,43.942,32.77,0.00014,287.824,50.319,-2.12,40.7663361,159.774,1.604,0.567,0.166,0.267,4.909,0.542,0.476,-0.019,69.15,0.29,0.04,"07/12/2026 4:27 PM","Lower",05,"P03","Late",16.464444444444442,"suraj karkee","41:00:13:15",39.20839333333333,-96.59384333333334,""
6501773,"Whole Data Set",1,44.077,33.06,0.00014,413.033,81.873,-2.05,40.998672,150.592,0.995,0.605,0.198,0.197,4.314,0.654,0.399,-0.053,61.2,0.29,0.058,"07/12/2026 4:28 PM","Upper",10,"P03","Late",16.475277777777777,"suraj karkee","41:00:13:15",39.20844666666667,-96.59382833333332,""
6501772,"Whole Data Set",1,42.068,33.34,0.00019,268.245,46.194,-2.91,35.4529413,122.717,1.005,0.642,0.179,0.18,3.858,0.672,0.572,-0.244,67.11,0.25,0.051,"07/12/2026 4:29 PM","Middle",10,"P03","Late",16.485,"suraj karkee","41:00:13:15",39.208436666666664,-96.59381333333334,""
6501771,"Whole Data Set",1,40.542,33.58,0.00026,299.301,56.29,-2.03,87.07757850000002,344.93,1.401,0.561,0.183,0.256,4.61,0.682,0.352,-0.034,70.55,0.22,0.078,"07/12/2026 4:29 PM","Lower",10,"P03","Late",16.49638888888889,"suraj karkee","41:00:13:15",39.20841,-96.59384,""
6501770,"Whole Data Set",1,38.332,35.39,0.00073,174.604,73.352,-3.4,110.25051570000001,534.937,2.169,0.458,0.171,0.371,4.101,0.389,0.032,0.579,66.26,0.3,0.127,"07/12/2026 4:40 PM","Upper",05,"P02","Late",16.68027777777778,"suraj karkee","41:00:13:15",39.20838666666667,-96.59389666666667,""
6501769,"Whole Data Set",1,39.14,35.45,0.00013,142.308,81.672,-2.94,30.045304800000004,103.676,0.621,0.644,0.219,0.136,4.305,0.662,0.419,-0.081,67.4,0.26,0.019,"07/12/2026 4:41 PM","Middle",05,"P02","Late",16.69,"suraj karkee","41:00:13:15",39.208398333333335,-96.59391333333333,""
6501768,"Whole Data Set",1,39.761,35.59,0.00043,227.571,48.452,-5.62,160.8808014,738.663,1.935,0.484,0.176,0.34,4.52,0.613,0.384,0.003,67.71,0.29,0.098,"07/12/2026 4:41 PM","Lower",05,"P02","Late",16.699444444444445,"suraj karkee","41:00:13:15",39.208423333333336,-96.59397499999999,""
6501767,"Whole Data Set",1,40.318,35.79,0.00013,156.587,75.062,-3.42,33.993220050000005,126.111,1.138,0.599,0.188,0.213,3.324,0.772,0.264,-0.036,61.43,0.23,0.02,"07/12/2026 4:42 PM","Upper",07,"P02","Late",16.710833333333333,"suraj karkee","41:00:13:15",39.208420000000004,-96.59391666666667,""
6501766,"Whole Data Set",1,40.561,35.96,0.00068,260.182,54.24,-2.11,185.2598358,1092.012,3.884,0.377,0.128,0.496,3.808,0.488,0.276,0.237,61.51,0.28,0.177,"07/12/2026 4:43 PM","Middle",07,"P02","Late",16.720277777777778,"suraj karkee","41:00:13:15",39.20841,-96.59394166666668,""
6501765,"Whole Data Set",1,39.411,36.11,0.15031,29.82,81.257,-1.72,93.72053249999999,422.45,1.172,0.493,0.233,0.273,3.444,0.653,0.326,0.021,66.87,4.2,4.482,"07/12/2026 4:43 PM","Lower",07,"P02","Late",16.728888888888886,"suraj karkee","41:00:13:15",39.20843333333333,-96.59391499999998,""
6501764,"Whole Data Set",1,39.971,36.34,0.00162,155.007,70.111,-2.33,188.2950696,1729.064,6.877,0.242,0.096,0.662,4.076,0.299,0.216,0.485,65.2,0.28,0.251,"07/12/2026 4:44 PM","Upper",09,"P02","Late",16.740277777777777,"suraj karkee","41:00:13:15",39.20843,-96.59390666666668,""
6501763,"Whole Data Set",1,38.879,36.48,0.00086,228.099,80.938,-4.19,266.1466977,1685.006,2.881,0.351,0.167,0.482,4.751,0.324,0.355,0.322,70.52,0.27,0.196,"07/12/2026 4:44 PM","Middle",09,"P02","Late",16.749166666666667,"suraj karkee","41:00:13:15",39.20842666666667,-96.59388666666668,""
6501762,"Whole Data Set",1,38.624,36.59,0.0001,329.292,56.006,-4.7,35.65281015,132.711,1.212,0.597,0.182,0.221,5.662,0.663,0.522,-0.185,71.1,0.31,0.033,"07/12/2026 4:45 PM","Lower",09,"P02","Late",16.75888888888889,"suraj karkee","41:00:13:15",39.20844666666667,-96.59389166666666,""
6501761,"Whole Data Set",1,36.736,36.71,0.00016,219.298,90,-5.04,32.5828791,116.409,0.897,0.622,0.199,0.179,3.412,0.782,0.296,-0.078,61.28,0.23,0.035,"07/12/2026 4:46 PM","Upper",11,"P02","Late",16.770555555555553,"suraj karkee","41:00:13:15",39.20840833333333,-96.59390833333333,""
6501760,"Whole Data Set",1,37.403,36.78,388.1948,0.001,59.955,-1.39,216.07553520000002,1765.323,3.983,0.272,0.146,0.582,5.567,0.784,0.296,-0.081,65.57,3.54,0.388,"07/12/2026 4:46 PM","Middle",11,"P02","Late",16.778888888888886,"suraj karkee","41:00:13:15",39.20840333333333,-96.59391833333332,""
6501759,"Whole Data Set",1,37.806,36.86,0.00015,307.711,69.092,-5.39,30.28696875,107.687,0.853,0.625,0.202,0.172,3.953,0.864,0.44,-0.303,66.6,0.28,0.046,"07/12/2026 4:47 PM","Lower",11,"P02","Late",16.78777777777778,"suraj karkee","41:00:13:15",39.20840666666666,-96.59393999999999,""
6501758,"Whole Data Set",1,36.251,37.1,0.0001,590.738,62.798,-5.47,30.31979265,112.483,1.307,0.599,0.174,0.227,4.939,0.58,0.441,-0.021,65.14,0.32,0.059,"07/12/2026 4:49 PM","Upper",04,"P01","Late",16.829444444444444,"suraj karkee","41:00:13:15",39.208353333333335,-96.59382666666667,""
6501757,"Whole Data Set",1,35.881,37.14,0.00015,608.647,54.148,-4.29,42.39572400000001,168.84,1.772,0.558,0.16,0.283,4.509,0.719,0.295,-0.014,68.61,0.22,0.091,"07/12/2026 4:50 PM","Middle",04,"P01","Late",16.83833333333333,"suraj karkee","41:00:13:15",39.20835,-96.59383166666666,""
6501756,"Whole Data Set",1,36.427,37.19,0.00012,366.064,60.415,-6.22,28.623553199999996,101.448,1.124,0.627,0.176,0.198,5.252,0.673,0.41,-0.083,70.09,0.33,0.044,"07/12/2026 4:50 PM","Lower",04,"P01","Late",16.8475,"suraj karkee","41:00:13:15",39.208346666666664,-96.593835,""
6501755,"Whole Data Set",1,35.999,37.26,0.00006,1375.3,83.929,-6.69,29.37831525,112.755,1.441,0.579,0.172,0.249,3.962,0.707,0.286,0.007,67.9,0.22,0.083,"07/12/2026 4:51 PM","Upper",05,"P01","Late",16.856944444444444,"suraj karkee","41:00:13:15",39.20837166666667,-96.59381333333334,""
6501754,"Whole Data Set",1,36.004,37.31,0.0001,843.008,54.935,-5.88,33.010040249999996,129.833,1.671,0.565,0.163,0.272,3.873,0.935,0.188,-0.123,67.94,0.24,0.084,"07/12/2026 4:52 PM","Middle",05,"P01","Late",16.866666666666667,"suraj karkee","41:00:13:15",39.208333333333336,-96.59382666666667,""
6501753,"Whole Data Set",1,35.44,37.34,0.00027,187.197,55.886,-5.87,40.90952339999999,159.212,1.486,0.571,0.173,0.256,4.746,0.649,0.391,-0.04,68.58,0.23,0.051,"07/12/2026 4:52 PM","Lower",05,"P01","Late",16.87638888888889,"suraj karkee","41:00:13:15",39.20835,-96.59382499999998,""
6501752,"Whole Data Set",1,34.753,37.34,0.00083,178.415,85.959,-5.15,178.09025400000002,1019.99,3.448,0.388,0.138,0.475,3.286,0.198,0.15,0.652,64.7,0.35,0.148,"07/12/2026 4:53 PM","Upper",06,"P01","Late",16.885555555555555,"suraj karkee","41:00:13:15",39.20833666666667,-96.59386166666667,""
6501751,"Whole Data Set",1,34.945,37.33,0.00053,130.363,64.874,-7.46,84.4974207,371.091,1.936,0.506,0.168,0.326,3.648,0.626,0.382,-0.008,58.51,0.38,0.069,"07/12/2026 4:53 PM","Middle",06,"P01","Late",16.895,"suraj karkee","41:00:13:15",39.20836833333333,-96.59384,""
6501750,"Whole Data Set",1,33.295,37.32,0.00116,223.365,76.146,-5.43,237.2390559,1612.226,4.487,0.327,0.123,0.551,3.755,0.615,0.206,0.179,66.47,0.21,0.259,"07/12/2026 4:54 PM","Lower",06,"P01","Late",16.904722222222222,"suraj karkee","41:00:13:15",39.20835833333333,-96.59384666666668,""
6501749,"Whole Data Set",1,34.443,37.38,0.00027,311.681,76.233,-3.97,71.54638920000001,277.958,1.445,0.572,0.175,0.253,3.505,0.809,0.147,0.044,65.68,0.34,0.084,"07/12/2026 4:55 PM","Upper",08,"P01","Late",16.92027777777778,"suraj karkee","41:00:13:15",39.208380000000005,-96.59384166666665,""
6501748,"Whole Data Set",1,33.113,37.47,0.00016,178.009,70.131,-6.6,24.4960281,87.658,1.279,0.621,0.166,0.213,4.823,0.697,0.404,-0.101,67.3,0.29,0.028,"07/12/2026 4:56 PM","Middle",08,"P01","Late",16.939166666666665,"suraj karkee","41:00:13:15",39.20837166666667,-96.59383666666666,""
6501747,"Whole Data Set",1,32.527,37.53,0.00108,242.902,50.99,-6.42,218.5486875,1766.05,4.688,0.275,0.127,0.597,2.825,0.745,-0.127,0.382,68.26,0.26,0.262,"07/12/2026 4:56 PM","Lower",08,"P01","Late",16.948333333333334,"suraj karkee","41:00:13:15",39.208385,-96.59383000000001,""
6501689,"Whole Data Set",1,64.171,25.97,0.0002,232.529,82.706,0.64,45.08564895,167.823,0.859,0.597,0.217,0.186,4.393,0.457,0.634,-0.091,66.59,0.19,0.047,"07/12/2026 9:11 AM","Upper",05,"P02","Morning",9.187222222222223,"suraj karkee","41:00:13:15",39.20840833333333,-96.59389166666666,""
6501688,"Whole Data Set",1,64.312,26.31,0.00042,213.413,103.375,0.54,108.50252040000002,439.994,1.162,0.548,0.209,0.243,0,"null","null","null",66.65,4.51,0.09,"07/12/2026 9:11 AM","Middle",05,"P02","Morning",9.19888888888889,"suraj karkee","41:00:13:15",39.208421666666666,-96.59390166666665,""
6501687,"Whole Data Set",1,63.68,26.62,0.00125,90.808,41.814,0.17,143.85091365,817.567,1.651,0.391,0.23,0.38,4.64,0.324,0.4,0.276,69.69,0.23,0.114,"07/12/2026 9:12 AM","Lower",05,"P02","Morning",9.208888888888888,"suraj karkee","41:00:13:15",39.20840333333333,-96.593935,""
6501686,"Whole Data Set",1,63.374,27.25,0.00021,225.092,49.638,-0.54,53.640770399999994,202.724,1.152,0.588,0.192,0.221,4.354,0.44,0.607,-0.046,63.78,0.21,0.047,"07/12/2026 9:13 AM","Upper",07,"P02","Morning",9.229444444444445,"suraj karkee","41:00:13:15",39.20843,-96.5939,""
6501685,"Whole Data Set",1,61.013,27.93,0.00089,197.247,75.333,0.82,223.01719605,1635.623,3.94,0.303,0.141,0.556,5.535,0.39,0.602,0.007,64.66,0.28,0.176,"07/12/2026 9:15 AM","Middle",07,"P02","Morning",9.252777777777778,"suraj karkee","41:00:13:15",39.208423333333336,-96.59391,""
6501684,"Whole Data Set",1,60.654,28.23,0.00023,218.585,18.571,-1.94,61.727658749999996,238.561,1.244,0.575,0.19,0.236,4.967,0.38,0.536,0.084,68.41,0.23,0.05,"07/12/2026 9:15 AM","Lower",07,"P02","Morning",9.263055555555555,"suraj karkee","41:00:13:15",39.20844666666667,-96.593935,""
6501683,"Whole Data Set",1,60.376,28.6,0.00022,220.519,74.84,-0.29,49.529363399999994,186.868,1.095,0.589,0.196,0.215,2.986,0.724,0.394,-0.117,66.17,0.24,0.049,"07/12/2026 9:16 AM","Upper",09,"P02","Morning",9.27638888888889,"suraj karkee","41:00:13:15",39.20843,-96.59392166666666,""
6501682,"Whole Data Set",1,59.956,28.88,0.0002,344.997,82.731,0.95,48.6675675,185.825,0.788,0.582,0.234,0.184,3.935,0.642,0.56,-0.202,66.14,0.23,0.069,"07/12/2026 9:17 AM","Middle",09,"P02","Morning",9.286388888888888,"suraj karkee","41:00:13:15",39.208470000000005,-96.59387833333334,""
6501681,"Whole Data Set",1,59.733,29.15,0.00015,392.006,42.132,-1.26,45.03836654999999,167.647,1.14,0.597,0.188,0.215,6.142,0.528,0.621,-0.148,69.48,0.32,0.059,"07/12/2026 9:17 AM","Lower",09,"P02","Morning",9.295277777777777,"suraj karkee","41:00:13:15",39.20846166666667,-96.59387999999998,""
6501680,"Whole Data Set",1,60.175,29.47,0.00043,180.521,80.688,-0.8,92.04183,397.16,1.842,0.515,0.171,0.314,3.9,0.831,0.298,-0.129,60.97,0.33,0.078,"07/12/2026 9:18 AM","Upper",11,"P02","Morning",9.305833333333334,"suraj karkee","41:00:13:15",39.208425000000005,-96.59389666666667,""
6501679,"Whole Data Set",1,59.36,29.8,0.00017,312.52,62.971,-1.69,43.72657469999999,163.862,1.079,0.593,0.196,0.211,4.74,0.518,0.519,-0.037,69.04,0.21,0.053,"07/12/2026 9:19 AM","Middle",11,"P02","Morning",9.316666666666666,"suraj karkee","41:00:13:15",39.208466666666666,-96.593895,""
6501678,"Whole Data Set",1,57.258,30.2,0.00086,222.066,73.388,-0.37,232.1286336,1791.116,4.732,0.288,0.124,0.588,4.862,0.445,0.524,0.031,64.82,0.23,0.191,"07/12/2026 9:19 AM","Lower",11,"P02","Morning",9.331111111111111,"suraj karkee","41:00:13:15",39.20840666666666,-96.59391166666667,""
6501677,"Whole Data Set",1,47.046,33.73,0.00017,189.851,84.047,-3.8,34.56321435,123.683,1.074,0.621,0.183,0.196,5.274,0.31,0.537,0.153,64.21,0.27,0.032,"07/12/2026 9:33 AM","Upper",01,"P03","Morning",9.562777777777779,"suraj karkee","41:00:13:15",39.20845166666666,-96.59384333333334,""
6501676,"Whole Data Set",1,47.522,33.74,0.00067,261.65,42.418,-2.77,202.57244189999997,1438.214,4.48,0.313,0.125,0.561,3.356,0.596,0.062,0.341,63.57,0.2,0.175,"07/12/2026 9:34 AM","Middle",01,"P03","Morning",9.573333333333332,"suraj karkee","41:00:13:15",39.208455,-96.59381833333333,""
6501675,"Whole Data Set",1,45.908,33.78,0.00125,81.816,32.528,-3.63,118.97427015000001,625.029,1.729,0.423,0.211,0.365,1.561,1.028,-0.656,0.628,67.44,0.22,0.102,"07/12/2026 9:35 AM","Lower",01,"P03","Morning",9.583333333333334,"suraj karkee","41:00:13:15",39.20848,-96.59384166666665,""
6501674,"Whole Data Set",1,46.478,33.76,0.00013,326.084,64.293,-4.43,26.472715200000003,96.757,1.016,0.608,0.195,0.198,3.157,0.673,0.366,-0.039,63.78,0.19,0.042,"07/12/2026 9:35 AM","Upper",02,"P03","Morning",9.593333333333334,"suraj karkee","41:00:13:15",39.20847666666667,-96.59382833333332,""
6501673,"Whole Data Set",1,47.172,33.8,0.00029,303.309,44.718,-5.13,82.1039625,317.31,1.558,0.575,0.166,0.259,2.853,0.974,0.006,0.019,62.81,0.23,0.088,"07/12/2026 9:36 AM","Middle",02,"P03","Morning",9.603055555555555,"suraj karkee","41:00:13:15",39.208475,-96.59384166666665,""
6501672,"Whole Data Set",1,47.751,33.88,0.001,108.479,31.886,-5.63,102.1887189,496.906,1.716,0.457,0.2,0.343,3.899,0.476,0.384,0.139,68.67,0.24,0.108,"07/12/2026 9:36 AM","Lower",02,"P03","Morning",9.613055555555555,"suraj karkee","41:00:13:15",39.20843833333333,-96.59384166666665,""
6501671,"Whole Data Set",1,47.535,33.98,0.00089,212.218,84.603,-5.09,212.9730057,1582.854,2.471,0.299,0.202,0.499,3.831,0.503,0.127,0.37,66.33,0.22,0.189,"07/12/2026 9:37 AM","Upper",05,"P03","Morning",9.625,"suraj karkee","41:00:13:15",39.20845666666666,-96.59384833333334,""
6501670,"Whole Data Set",1,47.043,34.05,0.00013,694.708,55.078,-5.52,36.944748000000004,137.52,1.271,0.597,0.177,0.225,3.365,0.609,0.346,0.044,65.02,0.19,0.09,"07/12/2026 9:38 AM","Middle",05,"P03","Morning",9.63361111111111,"suraj karkee","41:00:13:15",39.20844666666667,-96.59383166666666,""
6501669,"Whole Data Set",1,47.312,34.12,0.00113,163.759,48.836,-3.75,188.867547,1907.753,6.279,0.22,0.107,0.673,4.36,0.479,0.262,0.259,68.81,0.23,0.185,"07/12/2026 9:38 AM","Lower",05,"P03","Morning",9.6425,"suraj karkee","41:00:13:15",39.208445,-96.59381666666668,""
6501668,"Whole Data Set",1,47.561,34.22,0.00085,227.191,74.822,-3.79,251.73580950000002,1902.765,5.391,0.294,0.11,0.595,4.091,0.429,0.215,0.356,59.88,0.34,0.193,"07/12/2026 9:39 AM","Upper",10,"P03","Morning",9.655277777777778,"suraj karkee","41:00:13:15",39.20846166666667,-96.59378999999998,""
6501667,"Whole Data Set",1,46.28,34.29,0.00007,-2409.264,52.295,-4.92,49.54519125,191.479,1.124,0.575,0.2,0.225,4.494,0.517,0.64,-0.157,67.83,0.24,-0.169,"07/12/2026 9:39 AM","Middle",10,"P03","Morning",9.665833333333333,"suraj karkee","41:00:13:15",39.208481666666664,-96.59381333333334,""
6501666,"Whole Data Set",1,46.561,34.34,0.00059,269.076,54.857,-4.19,190.58387670000005,1287.294,3.014,0.329,0.167,0.504,5.759,0.311,0.531,0.159,71.93,0.27,0.159,"07/12/2026 9:40 AM","Lower",10,"P03","Morning",9.67611111111111,"suraj karkee","41:00:13:15",39.20849333333333,-96.59382499999998,""
6501665,"Whole Data Set",1,46.696,34.51,0.00056,303.687,64.995,-4.5,240.7627449,1682.479,2.155,0.318,0.216,0.466,3.853,0.46,0.314,0.226,65.97,0.29,0.17,"07/12/2026 9:41 AM","Upper",04,"P01","Morning",9.6975,"suraj karkee","41:00:13:15",39.20838333333334,-96.59382,""
6501664,"Whole Data Set",1,47.755,34.6,0.00012,413.46,55.704,-5.55,33.2136882,122.199,1.118,0.604,0.187,0.209,4.209,0.718,0.339,-0.057,68.53,0.19,0.05,"07/12/2026 9:42 AM","Middle",04,"P01","Morning",9.706944444444444,"suraj karkee","41:00:13:15",39.20838166666667,-96.59384,""
6501663,"Whole Data Set",1,46.51,34.67,0.00009,381.73,57.029,-6.18,40.9428918,148.667,1.144,0.612,0.181,0.207,4.404,0.614,0.446,-0.06,69.48,0.25,0.034,"07/12/2026 9:42 AM","Lower",04,"P01","Morning",9.716388888888888,"suraj karkee","41:00:13:15",39.20838666666667,-96.59382333333333,""
6501662,"Whole Data Set",1,46.936,34.74,0.00077,136.347,76.748,-5.81,99.368019,488.535,1.619,0.452,0.209,0.339,3.931,0.576,0.306,0.118,66.98,0.3,0.105,"07/12/2026 9:43 AM","Upper",05,"P01","Morning",9.726111111111111,"suraj karkee","41:00:13:15",39.20840333333333,-96.59383333333332,""
6501661,"Whole Data Set",1,46.751,34.81,0.00015,264.188,71.395,-6.46,46.9892304,176.386,1.275,0.592,0.179,0.229,4.639,0.591,0.421,-0.012,68.59,0.24,0.04,"07/12/2026 9:44 AM","Middle",05,"P01","Morning",9.736388888888888,"suraj karkee","41:00:13:15",39.208378333333336,-96.59381499999999,""
6501660,"Whole Data Set",1,46.924,34.87,0.00017,466.45,46.897,-6.44,27.085517999999997,100.99,1.13,0.596,0.19,0.214,3.598,0.678,0.314,0.008,66.93,0.25,0.079,"07/12/2026 9:44 AM","Lower",05,"P01","Morning",9.745833333333332,"suraj karkee","41:00:13:15",39.20838833333333,-96.59382166666667,""
6501659,"Whole Data Set",1,46.452,34.92,0.00098,221.971,65.546,-3.11,235.06143480000003,1653.034,4.562,0.316,0.123,0.561,3.305,0.54,0.156,0.304,62.58,0.33,0.218,"07/12/2026 9:45 AM","Upper",06,"P01","Morning",9.755833333333333,"suraj karkee","41:00:13:15",39.208369999999995,-96.59387333333333,""
6501658,"Whole Data Set",1,47.021,34.99,0.00013,356.794,70.617,-3.66,40.2834978,152.243,1.067,0.588,0.199,0.213,3.534,0.779,0.318,-0.097,67.69,0.24,0.046,"07/12/2026 9:45 AM","Middle",06,"P01","Morning",9.764722222222222,"suraj karkee","41:00:13:15",39.208395,-96.59380333333333,""
6501657,"Whole Data Set",1,45.487,35.06,0.00016,368.954,53.025,-6.21,37.2610854,139.398,1.087,0.594,0.194,0.211,3.46,0.57,0.378,0.053,69.09,0.28,0.059,"07/12/2026 9:46 AM","Lower",06,"P01","Morning",9.774722222222223,"suraj karkee","41:00:13:15",39.20838333333334,-96.59383166666666,""
6501656,"Whole Data Set",1,44.981,35.14,0.00019,370.888,58.258,-5.31,33.8619294,125.834,1.278,0.598,0.176,0.225,3.174,0.979,0.266,-0.245,66.04,0.19,0.07,"07/12/2026 9:47 AM","Upper",08,"P01","Morning",9.785,"suraj karkee","41:00:13:15",39.208395,-96.59380333333333,""
6501655,"Whole Data Set",1,45.357,35.2,0.0002,340.202,67.265,-5.45,51.63140745,197.481,1.349,0.581,0.178,0.24,3.714,0.689,0.334,-0.023,66.5,0.2,0.068,"07/12/2026 9:47 AM","Middle",08,"P01","Morning",9.794444444444444,"suraj karkee","41:00:13:15",39.20838666666667,-96.59381166666665,""
6501654,"Whole Data Set",1,45.604,35.26,0.00015,279.632,60.276,-4.57,40.4517474,149.572,0.936,0.601,0.206,0.193,3.941,0.654,0.328,0.018,67.44,0.21,0.042,"07/12/2026 9:48 AM","Lower",08,"P01","Morning",9.804166666666667,"suraj karkee","41:00:13:15",39.20843333333333,-96.59382333333333,""
6501597,"Whole Data Set",1,42.117,34.9,0.0004,232.89,70.562,-4.79,96.19358309999998,361.698,1.335,0.591,0.175,0.234,5.628,0.633,0.537,-0.17,63.05,0.43,0.093,"07/12/2026 12:11 PM","Upper",01,"P02","Noon",12.185833333333333,"suraj karkee","41:00:13:15",39.208441666666666,-96.59385333333333,""
6501596,"Whole Data Set",1,42.836,34.94,0.00026,192.665,59.016,-4.11,62.99741250000001,254.535,1.725,0.55,0.165,0.285,3.653,0.789,0.229,-0.018,64.64,0.27,0.05,"07/12/2026 12:12 PM","Middle",01,"P02","Noon",12.20111111111111,"suraj karkee","41:00:13:15",39.208459999999995,-96.59386833333335,""
6501595,"Whole Data Set",1,43.705,35.03,0.00056,249.002,35.719,-3.36,213.0712272,1443.572,3.37,0.328,0.154,0.518,4.401,0.383,0.335,0.282,70.19,0.26,0.139,"07/12/2026 12:12 PM","Lower",01,"P02","Noon",12.210555555555555,"suraj karkee","41:00:13:15",39.20844833333333,-96.59384166666665,""
6501594,"Whole Data Set",1,42.113,35.13,0.00034,266.247,61.872,-3.74,76.42935720000001,300.076,1.296,0.566,0.189,0.245,3.688,0.545,0.336,0.119,62.9,0.21,0.091,"07/12/2026 12:13 PM","Upper",02,"P02","Noon",12.220555555555556,"suraj karkee","41:00:13:15",39.208485,-96.59381666666668,""
6501593,"Whole Data Set",1,41.148,35.17,0.00069,270.172,58.019,-4.38,255.82291199999997,1833.856,4.482,0.31,0.126,0.564,3.541,0.41,0.228,0.362,63.45,0.26,0.186,"07/12/2026 12:13 PM","Middle",02,"P02","Noon",12.229444444444445,"suraj karkee","41:00:13:15",39.208418333333334,-96.59385166666668,""
6501592,"Whole Data Set",1,42.314,35.24,0.00082,238.758,35.186,-4.87,241.64982450000005,1204.035,2.236,0.446,0.171,0.383,7.83,0.474,0.28,0.247,68.39,0.34,0.196,"07/12/2026 12:14 PM","Lower",02,"P02","Noon",12.238055555555555,"suraj karkee","41:00:13:15",39.208441666666666,-96.593845,""
6501591,"Whole Data Set",1,42.488,35.31,0.00056,188.708,70.113,-5.12,107.56923119999999,481.941,1.71,0.496,0.186,0.318,3.527,0.843,0.127,0.03,62.7,0.27,0.106,"07/12/2026 12:14 PM","Upper",05,"P02","Noon",12.249166666666666,"suraj karkee","41:00:13:15",39.20845166666666,-96.59384999999999,""
6501590,"Whole Data Set",1,41.478,35.37,0.0004,348.513,50.664,-5.76,146.8775673,625.277,1.55,0.522,0.188,0.291,3.537,0.922,0.337,-0.258,66.3,0.23,0.139,"07/12/2026 12:15 PM","Middle",05,"P02","Noon",12.258055555555556,"suraj karkee","41:00:13:15",39.20843333333333,-96.59383833333335,""
6501589,"Whole Data Set",1,40.298,35.43,0.00064,304.77,56.762,-5.14,229.50442485000002,1639.903,4.494,0.311,0.125,0.563,4.158,0.506,0.191,0.303,69.89,0.26,0.195,"07/12/2026 12:16 PM","Lower",05,"P02","Noon",12.266944444444444,"suraj karkee","41:00:13:15",39.20844666666667,-96.59384333333334,""
6501588,"Whole Data Set",1,40.096,36.12,0.00065,188.863,67.274,-4.13,184.23792225000003,798.085,2.053,0.513,0.159,0.327,-3.337,-0.752,2.036,-0.284,63.28,1.25,0.123,"07/12/2026 12:21 PM","Upper",10,"P02","Noon",12.351388888888888,"suraj karkee","41:00:13:15",39.208485,-96.59385666666667,""
6501587,"Whole Data Set",1,41.006,36.25,0.00061,273.196,34.048,-4.86,179.72235270000002,1034.671,1.928,0.386,0.21,0.404,0.976,2.321,-2.115,0.794,66.87,0.22,0.167,"07/12/2026 12:21 PM","Middle",10,"P02","Noon",12.363333333333333,"suraj karkee","41:00:13:15",39.20845333333333,-96.59383666666666,""
6501586,"Whole Data Set",1,39.77,36.38,0.00019,205.975,48.089,-3.27,69.5529108,264.661,1.469,0.584,0.168,0.247,4.655,0.812,0.143,0.045,68.83,0.3,0.039,"07/12/2026 12:22 PM","Lower",10,"P02","Noon",12.376666666666667,"suraj karkee","41:00:13:15",39.208465000000004,-96.59385166666668,""
6501585,"Whole Data Set",1,41.015,37.58,0.00046,259.226,77.504,-4.69,151.2439119,729.062,2.353,0.461,0.161,0.379,3.509,0.655,0.266,0.078,67.98,0.28,0.119,"07/12/2026 12:26 PM","Upper",05,"P02","Noon",12.44888888888889,"suraj karkee","41:00:13:15",39.20839,-96.59393666666668,""
6501584,"Whole Data Set",1,40.744,37.63,0.00037,238.951,85.331,-5.3,63.08754840000001,261.557,1.561,0.536,0.181,0.283,4.199,0.576,0.178,0.246,67.27,0.27,0.088,"07/12/2026 12:27 PM","Middle",05,"P02","Noon",12.45861111111111,"suraj karkee","41:00:13:15",39.20843166666667,-96.593935,""
6501583,"Whole Data Set",1,39.485,37.68,0.00047,309.103,49.973,-6.13,178.057431,1069.414,3.32,0.37,0.146,0.484,5.22,0.469,0.426,0.105,69.7,0.23,0.145,"07/12/2026 12:28 PM","Lower",05,"P02","Noon",12.467777777777778,"suraj karkee","41:00:13:15",39.20838833333333,-96.59393166666665,""
6501582,"Whole Data Set",1,40.211,37.73,0.0005,298.881,55.615,-4.7,172.87335225,967.665,3.155,0.397,0.145,0.458,3.57,0.456,0.344,0.199,61.96,0.23,0.149,"07/12/2026 12:28 PM","Upper",07,"P02","Noon",12.478333333333333,"suraj karkee","41:00:13:15",39.208465000000004,-96.59391666666667,""
6501581,"Whole Data Set",1,40.674,37.79,0.00023,242.393,82.287,-4.64,79.84482750000001,344.53,1.91,0.515,0.167,0.318,4.212,0.788,0.196,0.015,66.27,0.26,0.056,"07/12/2026 12:29 PM","Middle",07,"P02","Noon",12.488055555555555,"suraj karkee","41:00:13:15",39.20843833333333,-96.59393999999999,""
6501580,"Whole Data Set",1,40.656,37.86,0.00049,348.796,36.978,-5.05,220.92342435000003,1519.941,4.041,0.323,0.134,0.542,3.302,0.651,0.155,0.194,68.91,0.26,0.171,"07/12/2026 12:29 PM","Lower",07,"P02","Noon",12.499722222222221,"suraj karkee","41:00:13:15",39.20843,-96.59390499999999,""
6501579,"Whole Data Set",1,37.726,37.94,0.00024,176.562,68.327,-5.53,56.0099988,211.678,1.407,0.588,0.171,0.241,3.669,0.544,0.322,0.134,66.1,0.25,0.042,"07/12/2026 12:31 PM","Upper",09,"P02","Noon",12.52638888888889,"suraj karkee","41:00:13:15",39.208418333333334,-96.59391833333332,""
6501578,"Whole Data Set",1,37.665,37.94,0.0002,439.875,88.685,-5.27,54.314574300000004,214.767,1.223,0.562,0.197,0.241,3.686,0.799,0.258,-0.058,68.41,0.25,0.088,"07/12/2026 12:32 PM","Middle",09,"P02","Noon",12.536666666666667,"suraj karkee","41:00:13:15",39.208463333333334,-96.59391333333333,""
6501577,"Whole Data Set",1,37.317,37.95,0.00067,201.681,55.701,-6.4,137.90810385,752.979,3.006,0.407,0.148,0.445,5.33,0.546,0.305,0.149,71.03,0.3,0.135,"07/12/2026 12:32 PM","Lower",09,"P02","Noon",12.545555555555556,"suraj karkee","41:00:13:15",39.20844833333333,-96.59387666666667,""
6501576,"Whole Data Set",1,37.03,37.97,896.82414,0,83.97,-8.78,150.27697125000003,824.565,2.192,0.405,0.186,0.409,3.623,0.274,0.272,0.454,62.24,2.19,0,"07/12/2026 12:33 PM","Upper",11,"P02","Noon",12.554722222222223,"suraj karkee","41:00:13:15",39.208418333333334,-96.59394499999999,""
6501575,"Whole Data Set",1,36.852,37.99,0.00016,397.844,69.956,-7.56,52.0684164,202.286,1.486,0.572,0.172,0.256,4.011,0.822,0.241,-0.064,67.36,0.21,0.064,"07/12/2026 12:33 PM","Middle",11,"P02","Noon",12.563611111111111,"suraj karkee","41:00:13:15",39.208425000000005,-96.59393833333334,""
6501574,"Whole Data Set",1,37.997,38.02,0.0014,123.96,59.333,-6.83,224.472816,1690.944,3.515,0.295,0.156,0.549,4.415,0.481,0.177,0.342,69.39,0.24,0.174,"07/12/2026 12:34 PM","Lower",11,"P02","Noon",12.5725,"suraj karkee","41:00:13:15",39.208418333333334,-96.59392166666666,""
6501573,"Whole Data Set",1,38.004,38.1,0.00096,217.272,58.9,-5.59,215.92047689999995,1701.501,3.283,0.282,0.168,0.55,4.157,0.446,0.163,0.391,65.81,0.26,0.209,"07/12/2026 12:35 PM","Upper",04,"P01","Noon",12.594444444444445,"suraj karkee","41:00:13:15",39.20835666666667,-96.59385499999999,""
6501572,"Whole Data Set",1,35.69,38.1,0.00067,226.824,55.948,-6.33,159.38574930000001,929.634,2.885,0.381,0.159,0.46,3.874,0.337,0.283,0.38,67.91,0.21,0.152,"07/12/2026 12:36 PM","Middle",04,"P01","Noon",12.603333333333333,"suraj karkee","41:00:13:15",39.20835666666667,-96.59382166666667,""
6501571,"Whole Data Set",1,36.271,38.11,0.00022,365.927,47.805,-6.78,63.4084065,258.546,1.683,0.545,0.17,0.285,4.883,0.62,0.423,-0.043,67.96,0.21,0.081,"07/12/2026 12:36 PM","Lower",04,"P01","Noon",12.613055555555555,"suraj karkee","41:00:13:15",39.20835833333333,-96.59384999999999,""
6501570,"Whole Data Set",1,37.369,38.15,0.00034,228.496,74.106,-7.46,59.4804762,252.732,1.719,0.523,0.175,0.302,2.792,1.002,-0.117,0.116,67.67,0.37,0.078,"07/12/2026 12:37 PM","Upper",05,"P01","Noon",12.6225,"suraj karkee","41:00:13:15",39.20840666666666,-96.593835,""
6501569,"Whole Data Set",1,36.311,38.17,0.00099,224.45,53.672,-5.36,211.19375025000002,1489.903,5.075,0.315,0.113,0.572,4.872,0.561,0.366,0.073,67.41,0.22,0.222,"07/12/2026 12:37 PM","Middle",05,"P01","Noon",12.631666666666668,"suraj karkee","41:00:13:15",39.208373333333334,-96.59384833333334,""
6501568,"Whole Data Set",1,37.108,38.19,0.0009,198.174,32.868,-7.04,173.32788600000003,1132.862,3.02,0.34,0.164,0.495,5.423,0.499,0.371,0.131,68.35,0.3,0.178,"07/12/2026 12:38 PM","Lower",05,"P01","Noon",12.640555555555554,"suraj karkee","41:00:13:15",39.20841,-96.593835,""
6501567,"Whole Data Set",1,35.301,38.21,0.00016,232.441,85.083,-6.58,38.74257000000001,143.491,1.002,0.6,0.2,0.2,2.408,1.269,-0.145,-0.124,61.66,0.21,0.037,"07/12/2026 12:39 PM","Upper",06,"P01","Noon",12.653333333333334,"suraj karkee","41:00:13:15",39.20841166666666,-96.593845,""
6501566,"Whole Data Set",1,37.301,38.19,0.0003,198.701,58.777,-7.5,77.97675600000001,286.416,1.2,0.605,0.18,0.215,4.284,0.596,0.521,-0.117,62.68,0.37,0.06,"07/12/2026 12:40 PM","Middle",06,"P01","Noon",12.671111111111111,"suraj karkee","41:00:13:15",39.20840833333333,-96.59382833333332,""
6501565,"Whole Data Set",1,37.711,38.19,0.00019,286.029,72.729,-8.22,31.804913250000002,125.985,1.63,0.561,0.167,0.272,4.246,0.536,0.38,0.084,68.57,0.24,0.054,"07/12/2026 12:40 PM","Lower",06,"P01","Noon",12.680277777777777,"suraj karkee","41:00:13:15",39.208375000000004,-96.59380666666667,""
6501564,"Whole Data Set",1,36.104,38.16,0.00009,195.606,74.705,-6.77,28.641352949999995,112.253,1.688,0.567,0.161,0.272,3.661,0.739,0.31,-0.049,64.37,0.22,0.018,"07/12/2026 12:41 PM","Upper",08,"P01","Noon",12.690277777777778,"suraj karkee","41:00:13:15",39.20835666666667,-96.59383833333335,""
6501563,"Whole Data Set",1,36.85,38.13,0.0009,161.072,65.802,-8.94,170.1943866,979.818,3.61,0.386,0.133,0.481,3.28,0.329,0.224,0.447,67.13,0.39,0.145,"07/12/2026 12:41 PM","Middle",08,"P01","Noon",12.69888888888889,"suraj karkee","41:00:13:15",39.20836666666666,-96.59384666666668,""
6501562,"Whole Data Set",1,37.391,38.11,0.00086,152.358,45.525,-5.92,109.17161639999999,569.492,2.648,0.426,0.157,0.417,4.06,0.496,0.279,0.225,68.99,0.26,0.131,"07/12/2026 12:42 PM","Lower",08,"P01","Noon",12.708333333333332,"suraj karkee","41:00:13:15",39.20838833333333,-96.59382499999998,""
6500172,"Whole Data Set",1,58.316,28.45,0.00025,254.508,59.027,0.84,47.1952899,176.563,1.152,0.594,0.189,0.217,4.077,0.431,0.746,-0.177,64.94,0.31,0.064,"07/11/2026 4:20 PM","Upper",04,"P01","Late",16.33722222222222,"suraj karkee","41:00:13:15",39.20833666666667,-96.59387666666667,""
6500171,"Whole Data Set",1,58.711,28.69,0.00087,243.234,61.971,0.6,228.0548403,1598.702,3.792,0.317,0.143,0.54,6.918,0.382,0.656,-0.039,67.62,0.21,0.212,"07/11/2026 4:20 PM","Middle",04,"P01","Late",16.34583333333333,"suraj karkee","41:00:13:15",39.20837166666667,-96.59384333333334,""
6500170,"Whole Data Set",1,58.83,28.97,0.00023,290.887,58.807,1.36,63.9919566,248.609,1.249,0.572,0.19,0.237,3.988,0.674,0.558,-0.233,69.22,0.24,0.067,"07/11/2026 4:21 PM","Lower",04,"P01","Late",16.354444444444447,"suraj karkee","41:00:13:15",39.208378333333336,-96.59382499999998,""
6500169,"Whole Data Set",1,57.945,29.31,0.00012,471.097,82.751,0.88,28.95912,104.64,1.025,0.615,0.19,0.195,5.371,0.456,0.567,-0.022,64.85,0.3,0.057,"07/11/2026 4:21 PM","Upper",05,"P01","Late",16.36388888888889,"suraj karkee","41:00:13:15",39.208375000000004,-96.59382333333333,""
6500168,"Whole Data Set",1,57.619,29.79,0.00014,318.51,59.298,0.64,40.280740650000006,150.949,1.117,0.593,0.192,0.215,4.595,0.664,0.386,-0.049,66.69,0.21,0.045,"07/11/2026 4:22 PM","Middle",05,"P01","Late",16.37666666666667,"suraj karkee","41:00:13:15",39.20836333333333,-96.59382499999998,""
6500167,"Whole Data Set",1,56.708,30.12,0.00021,246.009,61.731,0.63,36.54792,141.248,1.051,0.575,0.207,0.218,5.259,0.68,0.373,-0.053,68.43,0.21,0.052,"07/11/2026 4:23 PM","Lower",05,"P01","Late",16.386666666666667,"suraj karkee","41:00:13:15",39.20840833333333,-96.59382333333333,""
6500166,"Whole Data Set",1,55.179,30.43,0.00039,268.917,60.511,-0.28,108.49436550000001,454.903,1.487,0.53,0.189,0.281,3.945,0.28,0.66,0.06,64.46,0.31,0.105,"07/11/2026 4:23 PM","Upper",06,"P01","Late",16.39611111111111,"suraj karkee","41:00:13:15",39.208395,-96.59383000000001,""
6500165,"Whole Data Set",1,54.399,30.71,0.00114,176.017,71.894,0.36,239.36653485,1481.687,3.833,0.359,0.133,0.508,5.225,0.524,0.29,0.186,67.07,0.2,0.201,"07/11/2026 4:24 PM","Middle",06,"P01","Late",16.405277777777776,"suraj karkee","41:00:13:15",39.208398333333335,-96.59380166666666,""
6500164,"Whole Data Set",1,52.899,31.01,0.00094,120.359,60.926,-0.36,109.77973200000001,560.816,1.764,0.435,0.204,0.36,4.497,0.363,0.482,0.155,69.71,0.22,0.113,"07/11/2026 4:24 PM","Lower",06,"P01","Late",16.41444444444444,"suraj karkee","41:00:13:15",39.208378333333336,-96.59383833333335,""
6500163,"Whole Data Set",1,53.065,31.51,0.00013,631.219,80.152,0.22,30.602673,115.46,1.281,0.589,0.18,0.231,6.231,0.634,0.658,-0.292,66.2,0.34,0.082,"07/11/2026 4:25 PM","Upper",08,"P01","Late",16.429722222222225,"suraj karkee","41:00:13:15",39.208376666666666,-96.59384,""
6500162,"Whole Data Set",1,52.468,31.87,0.00012,395.16,58.62,-0.86,35.300511,135.251,1.309,0.58,0.182,0.238,5.077,0.583,0.497,-0.08,68.19,0.2,0.047,"07/11/2026 4:26 PM","Middle",08,"P01","Late",16.439166666666665,"suraj karkee","41:00:13:15",39.20838166666667,-96.59381499999999,""
6500161,"Whole Data Set",1,51.048,32.19,0.00078,250.757,75.275,-1.36,249.45415334999998,1597.529,3.242,0.347,0.154,0.499,4.375,0.435,0.351,0.215,66.54,0.23,0.196,"07/11/2026 4:26 PM","Lower",08,"P01","Late",16.449444444444445,"suraj karkee","41:00:13:15",39.208396666666665,-96.59382166666667,""
6500160,"Whole Data Set",1,48.95,34.63,0.00023,331.374,84.632,-0.2,61.987659750000006,263.385,1.016,0.523,0.237,0.24,4.313,0.656,0.468,-0.124,66.71,0.26,0.076,"07/11/2026 4:38 PM","Upper",05,"P02","Late",16.637777777777778,"suraj karkee","41:00:13:15",39.20841666666667,-96.59389666666667,""
6500159,"Whole Data Set",1,48.565,34.83,0.00043,297.178,100.22,-2.68,80.30948310000001,347.886,0.843,0.513,0.264,0.223,4.118,0.694,0.403,-0.097,72.55,0.32,0.128,"07/11/2026 4:38 PM","Middle",05,"P02","Late",16.646666666666665,"suraj karkee","41:00:13:15",39.208421666666666,-96.59389666666667,""
6500158,"Whole Data Set",1,47.694,35.05,0.00042,245.951,52.265,-2.64,140.15072565,647.497,2.083,0.481,0.168,0.351,3.76,0.97,0.206,-0.176,67.96,0.35,0.103,"07/11/2026 4:39 PM","Lower",05,"P02","Late",16.655555555555555,"suraj karkee","41:00:13:15",39.2084,-96.59394166666668,""
6500157,"Whole Data Set",1,45.512,35.31,0.00129,210.646,45.445,-1.1,206.09199765,2091.243,8.272,0.219,0.084,0.696,3.331,0.514,0.072,0.413,57.07,0.21,0.272,"07/11/2026 4:40 PM","Upper",07,"P02","Late",16.668333333333333,"suraj karkee","41:00:13:15",39.208455,-96.59392000000001,""
6500156,"Whole Data Set",1,45.229,35.47,0.0001,575.642,80.774,-2.96,28.51902,105.626,1.057,0.6,0.195,0.206,4.207,0.771,0.305,-0.075,68.02,0.24,0.058,"07/11/2026 4:40 PM","Middle",07,"P02","Late",16.677500000000002,"suraj karkee","41:00:13:15",39.208468333333336,-96.59391833333332,""
6500155,"Whole Data Set",1,45.783,35.64,0.00013,393.939,18.547,-3.79,39.888109799999995,156.332,1.734,0.567,0.158,0.275,4.834,0.549,0.446,0.005,69.35,0.24,0.051,"07/11/2026 4:41 PM","Lower",07,"P02","Late",16.68611111111111,"suraj karkee","41:00:13:15",39.20845166666666,-96.59390833333333,""
6500154,"Whole Data Set",1,44.918,35.84,0.00083,205.567,83.241,-3.55,221.6568753,1675.411,3.661,0.294,0.151,0.554,4.837,0.445,0.395,0.16,70.65,0.3,0.171,"07/11/2026 4:41 PM","Upper",09,"P02","Late",16.696666666666665,"suraj karkee","41:00:13:15",39.20847166666667,-96.59389000000002,""
6500153,"Whole Data Set",1,44.07,35.97,0.00015,222.237,49.755,-4.54,40.7337255,154.734,1.402,0.585,0.173,0.242,4.959,0.575,0.437,-0.012,71.01,0.24,0.033,"07/11/2026 4:42 PM","Middle",09,"P02","Late",16.705555555555556,"suraj karkee","41:00:13:15",39.208418333333334,-96.59386166666667,""
6500152,"Whole Data Set",1,43.437,36.11,0.00079,211.834,41.641,-3.34,194.7967497,1410.038,4.955,0.307,0.116,0.577,4.034,0.407,0.341,0.252,69.24,0.23,0.167,"07/11/2026 4:42 PM","Lower",09,"P02","Late",16.715555555555554,"suraj karkee","41:00:13:15",39.208468333333336,-96.593875,""
6500151,"Whole Data Set",1,44.05,36.27,0.00014,124.936,80.972,-2.68,37.663544699999996,144.554,1.155,0.579,0.196,0.226,3.311,0.772,0.05,0.179,61.2,0.21,0.017,"07/11/2026 4:43 PM","Upper",11,"P02","Late",16.726666666666667,"suraj karkee","41:00:13:15",39.20842666666667,-96.59389166666666,""
6500150,"Whole Data Set",1,43.393,36.41,0.00075,239.853,68.187,-3.22,204.72179445000003,1642.373,3.358,0.277,0.166,0.557,3.85,0.393,0.345,0.262,68.15,0.2,0.18,"07/11/2026 4:44 PM","Middle",11,"P02","Late",16.735555555555557,"suraj karkee","41:00:13:15",39.208445,-96.5939,""
6500149,"Whole Data Set",1,43.476,36.53,0.00015,327.562,58.374,-3.72,34.4123559,136.071,1.432,0.562,0.18,0.258,4.62,0.689,0.288,0.023,67.98,0.21,0.049,"07/11/2026 4:44 PM","Lower",11,"P02","Late",16.74416666666667,"suraj karkee","41:00:13:15",39.208420000000004,-96.59389166666666,""
6500148,"Whole Data Set",1,42.391,36.85,0.00127,133.24,68.02,-4.78,135.8623629,700.502,1.844,0.431,0.2,0.369,2.893,0.833,-0.324,0.491,64.12,0.37,0.169,"07/11/2026 4:46 PM","Upper",01,"P03","Late",16.771666666666665,"suraj karkee","41:00:13:15",39.208423333333336,-96.59382499999998,""
6500147,"Whole Data Set",1,40.851,36.93,0.00148,94.154,36.542,-4.42,148.4504847,1024.503,2.957,0.322,0.171,0.507,3.662,0.42,0.2,0.38,65.57,0.24,0.139,"07/11/2026 4:46 PM","Middle",01,"P03","Late",16.781388888888888,"suraj karkee","41:00:13:15",39.208423333333336,-96.59381333333334,""
6500146,"Whole Data Set",1,40.665,37.02,0.00096,226.369,40.983,-5.69,226.70913149999998,1427.19,3.608,0.353,0.14,0.506,3.938,0.416,0.435,0.149,70.65,0.25,0.217,"07/11/2026 4:47 PM","Lower",01,"P03","Late",16.791944444444447,"suraj karkee","41:00:13:15",39.20843833333333,-96.59381333333334,""
6500145,"Whole Data Set",1,39.254,37.08,0.00059,169.009,55.693,-5.35,98.57816820000001,446.156,1.729,0.491,0.187,0.323,5.687,0.241,0.623,0.136,65.31,0.32,0.1,"07/11/2026 4:48 PM","Upper",02,"P03","Late",16.801111111111112,"suraj karkee","41:00:13:15",39.208445,-96.59383166666666,""
6500144,"Whole Data Set",1,39.379,37.14,0.00077,299.357,51.458,-4.77,242.43720660000002,1613.022,4.348,0.334,0.125,0.542,3.835,0.646,0.221,0.133,68.28,0.26,0.231,"07/11/2026 4:48 PM","Middle",02,"P03","Late",16.810000000000002,"suraj karkee","41:00:13:15",39.20845,-96.59382,""
6500143,"Whole Data Set",1,36.879,37.14,0.00047,253.235,25.112,-5.59,142.5669066,743.698,2.528,0.426,0.163,0.411,3.39,0.718,0.335,-0.053,68.9,0.24,0.119,"07/11/2026 4:49 PM","Lower",02,"P03","Late",16.819444444444443,"suraj karkee","41:00:13:15",39.208435,-96.59381,""
6500142,"Whole Data Set",1,38.666,37.23,0.00011,505.066,75.492,-5.46,29.705453999999996,113.814,1.376,0.58,0.177,0.243,3.591,0.764,0.231,0.004,62.97,0.25,0.056,"07/11/2026 4:50 PM","Upper",05,"P03","Late",16.83361111111111,"suraj karkee","41:00:13:15",39.20843,-96.59381,""
6500141,"Whole Data Set",1,38.638,37.33,0.00031,280.676,64.956,-4.92,106.082325,471.477,2.159,0.5,0.158,0.342,4.46,0.747,0.039,0.214,67.05,0.23,0.087,"07/11/2026 4:50 PM","Middle",05,"P03","Late",16.842499999999998,"suraj karkee","41:00:13:15",39.20843,-96.59379666666668,""
6500140,"Whole Data Set",1,38.428,37.4,0.00009,456.787,49.774,-5.85,34.180370550000006,133.491,1.59,0.569,0.167,0.265,4.539,0.538,0.368,0.094,67.5,0.25,0.041,"07/11/2026 4:51 PM","Lower",05,"P03","Late",16.851944444444445,"suraj karkee","41:00:13:15",39.20842833333334,-96.59381833333333,""
6500139,"Whole Data Set",1,37.884,37.52,0.0001,188.098,68.251,-6.55,29.04173235,107.383,1.125,0.601,0.188,0.211,3.292,1.122,0.02,-0.141,60.84,0.44,0.019,"07/11/2026 4:51 PM","Upper",10,"P03","Late",16.863055555555558,"suraj karkee","41:00:13:15",39.20845333333333,-96.59381499999999,""
6500138,"Whole Data Set",1,36.675,37.59,0.00198,97.881,57.952,-6.3,202.0727475,1381.694,2.453,0.325,0.195,0.479,3.802,0.456,0.168,0.376,64.93,0.24,0.194,"07/11/2026 4:52 PM","Middle",10,"P03","Late",16.872222222222224,"suraj karkee","41:00:13:15",39.208466666666666,-96.59380166666666,""
6500137,"Whole Data Set",1,38.218,37.62,0.00028,183.927,39.898,-5.11,61.24248270000001,246.102,1.577,0.553,0.173,0.273,5.066,0.518,0.603,-0.121,69.88,0.21,0.051,"07/11/2026 4:52 PM","Lower",10,"P03","Late",16.88222222222222,"suraj karkee","41:00:13:15",39.208466666666666,-96.59380333333333,""
6499931,"Whole Data Set",1,66.768,25.51,0.00184,39.414,62.131,0.6,56.754026550000006,236.623,1.156,0.533,0.216,0.25,4.069,0.337,0.513,0.15,62.06,0.38,0.073,"07/11/2026 9:13 AM","Upper",01,"P03","Morning",9.231388888888889,"suraj karkee","41:00:13:15",39.20843833333333,-96.59383833333335,""
6499930,"Whole Data Set",1,67.215,26.02,0.00184,98.539,44.276,3.49,122.14228005000001,1250.817,7.313,0.217,0.094,0.688,4.009,0.443,0.223,0.334,55.31,0.2,0.181,"07/11/2026 9:14 AM","Middle",01,"P03","Morning",9.245555555555555,"suraj karkee","41:00:13:15",39.20844833333333,-96.59384666666668,""
6499929,"Whole Data Set",1,66.997,26.36,0.00137,74.271,16.02,0.89,122.12118045000001,840.187,3.486,0.323,0.151,0.526,5.223,0.472,0.368,0.159,69.54,0.25,0.102,"07/11/2026 9:15 AM","Lower",01,"P03","Morning",9.255,"suraj karkee","41:00:13:15",39.20842833333334,-96.59386,""
6499928,"Whole Data Set",1,66.608,26.72,0.00137,113.45,48.908,0.21,208.09241325000005,1164.805,2.651,0.397,0.165,0.438,4.439,0.326,0.243,0.431,63.8,0.23,0.155,"07/11/2026 9:15 AM","Upper",02,"P03","Morning",9.264722222222222,"suraj karkee","41:00:13:15",39.20845333333333,-96.59385333333333,""
6499927,"Whole Data Set",1,66.258,27.03,0.0003,121.095,25.641,-0.78,36.5177646,139.434,1.09,0.582,0.2,0.218,4.854,0.36,0.501,0.139,67.37,0.29,0.036,"07/11/2026 9:16 AM","Middle",02,"P03","Morning",9.273611111111112,"suraj karkee","41:00:13:15",39.20842666666667,-96.59385333333333,""
6499926,"Whole Data Set",1,65.901,27.38,0.00046,215.007,25.743,2.09,92.06092125,401.925,1.628,0.509,0.187,0.304,4.446,0.714,0.404,-0.118,69,0.23,0.099,"07/11/2026 9:16 AM","Lower",02,"P03","Morning",9.283055555555556,"suraj karkee","41:00:13:15",39.20843333333333,-96.59384999999999,""
6499925,"Whole Data Set",1,63.915,28.95,0.00137,167.711,75.025,0.06,275.8613589,1819.066,3.582,0.337,0.145,0.518,4.946,0.347,0.476,0.177,63.83,0.2,0.23,"07/11/2026 9:19 AM","Upper",05,"P03","Morning",9.332777777777778,"suraj karkee","41:00:13:15",39.20845833333333,-96.59381666666668,""
6499924,"Whole Data Set",1,63.6,29.21,0.00025,203.582,48.747,-1.86,39.640797,146.33,1.09,0.602,0.191,0.208,5.268,0.37,0.593,0.037,65.86,0.23,0.051,"07/11/2026 9:20 AM","Middle",05,"P03","Morning",9.343333333333334,"suraj karkee","41:00:13:15",39.20847166666667,-96.59383833333335,""
6499923,"Whole Data Set",1,63.026,29.73,0.00025,202.558,42.979,-2.7,43.8613758,157.718,1.044,0.618,0.187,0.195,5.018,0.586,0.469,-0.055,67.66,0.27,0.051,"07/11/2026 9:21 AM","Lower",05,"P03","Morning",9.363888888888889,"suraj karkee","41:00:13:15",39.20844,-96.593845,""
6499922,"Whole Data Set",1,63.044,30.03,0.00096,209.967,64.142,0.9,257.65700400000003,1568.688,3.823,0.365,0.132,0.503,4.954,0.614,0.444,-0.059,58.15,0.49,0.202,"07/11/2026 9:22 AM","Upper",10,"P03","Morning",9.375,"suraj karkee","41:00:13:15",39.20845,-96.59382333333333,""
6499921,"Whole Data Set",1,63.162,30.28,0.00042,156.537,49.577,-2.35,63.96307739999999,248.932,1.243,0.571,0.191,0.237,5.264,0.274,0.665,0.061,67.63,0.32,0.066,"07/11/2026 9:23 AM","Middle",10,"P03","Morning",9.384444444444444,"suraj karkee","41:00:13:15",39.208465000000004,-96.59382333333333,""
6499920,"Whole Data Set",1,62.431,30.52,0.00069,197.661,51.212,-0.27,188.79646590000002,1051.498,2.476,0.399,0.173,0.428,4.531,0.627,0.402,-0.028,70.11,0.22,0.136,"07/11/2026 9:23 AM","Lower",10,"P03","Morning",9.393611111111111,"suraj karkee","41:00:13:15",39.208508333333334,-96.59383666666666,""
6499919,"Whole Data Set",1,54.612,33.4,0.00107,197.167,65.665,-2.79,229.9947696,1774.651,2.053,0.288,0.233,0.478,3.256,0.521,0,0.478,65.05,0.24,0.211,"07/11/2026 9:33 AM","Upper",04,"P01","Morning",9.565833333333334,"suraj karkee","41:00:13:15",39.20836833333333,-96.59383333333332,""
6499918,"Whole Data Set",1,53.576,33.56,0.00016,482.085,53.422,-4.27,33.5886732,120.584,0.97,0.619,0.193,0.188,3.898,0.61,0.431,-0.04,68.52,0.2,0.077,"07/11/2026 9:34 AM","Middle",04,"P01","Morning",9.575277777777778,"suraj karkee","41:00:13:15",39.20836333333333,-96.593835,""
6499917,"Whole Data Set",1,52.917,33.72,0.00015,216.653,54.152,-6.01,37.3755474,139.357,1.19,0.596,0.184,0.22,5.679,0.445,0.582,-0.027,70.07,0.24,0.032,"07/11/2026 9:35 AM","Lower",04,"P01","Morning",9.585,"suraj karkee","41:00:13:15",39.208376666666666,-96.59384833333334,""
6499916,"Whole Data Set",1,50.823,33.9,0.00018,259.699,77.816,-5.59,31.7341233,118.721,1.082,0.594,0.195,0.211,3.889,0.623,0.402,-0.025,66.14,0.21,0.047,"07/11/2026 9:35 AM","Upper",05,"P01","Morning",9.599166666666667,"suraj karkee","41:00:13:15",39.20835666666667,-96.59386500000001,""
6499915,"Whole Data Set",1,48.132,33.99,0.00015,451.506,69.3,-6.74,42.2544402,155.978,1.165,0.602,0.184,0.214,4.073,0.629,0.422,-0.051,66.42,0.23,0.068,"07/11/2026 9:36 AM","Middle",05,"P01","Morning",9.611944444444443,"suraj karkee","41:00:13:15",39.208346666666664,-96.59384166666665,""
6499914,"Whole Data Set",1,49.576,34.04,0.00012,209.972,43.584,-5.33,24.9560649,92.739,1.005,0.598,0.201,0.202,4.816,0.411,0.572,0.017,67.24,0.25,0.025,"07/11/2026 9:37 AM","Lower",05,"P01","Morning",9.6225,"suraj karkee","41:00:13:15",39.208376666666666,-96.59386166666667,""
6499913,"Whole Data Set",1,49.11,34.12,0.00101,131.287,63.122,-4.43,154.63636920000002,883.384,2.054,0.389,0.2,0.411,3.925,0.429,0.355,0.216,58.7,0.26,0.133,"07/11/2026 9:38 AM","Upper",06,"P01","Morning",9.634166666666665,"suraj karkee","41:00:13:15",39.20838333333334,-96.59390166666665,""
6499912,"Whole Data Set",1,49.604,34.18,0.00012,168.968,66.964,-4.07,34.754617350000004,125.991,0.869,0.613,0.207,0.18,3.854,0.584,0.465,-0.049,68.49,0.22,0.02,"07/11/2026 9:38 AM","Middle",06,"P01","Morning",9.643055555555556,"suraj karkee","41:00:13:15",39.20840666666666,-96.59383666666666,""
6499911,"Whole Data Set",1,50.315,34.27,0.00009,424.337,52.911,-5.7,28.55061,105.743,1.059,0.6,0.194,0.206,2.47,0.854,0.087,0.058,68.02,0.26,0.038,"07/11/2026 9:39 AM","Lower",06,"P01","Morning",9.654166666666667,"suraj karkee","41:00:13:15",39.208369999999995,-96.59386166666667,""
6499910,"Whole Data Set",1,49.481,34.37,0.00017,389.416,72.465,-6.62,35.6654115,134.333,1.076,0.59,0.198,0.213,4.298,0.497,0.525,-0.022,66.53,0.3,0.066,"07/11/2026 9:40 AM","Upper",08,"P01","Morning",9.668333333333333,"suraj karkee","41:00:13:15",39.20838833333333,-96.59388333333332,""
6499909,"Whole Data Set",1,48.837,34.46,0.00146,116.496,65.386,-6.21,188.23654665,1103.703,2.265,0.379,0.19,0.43,4.252,0.387,0.24,0.373,67.07,0.19,0.17,"07/11/2026 9:40 AM","Middle",08,"P01","Morning",9.679166666666665,"suraj karkee","41:00:13:15",39.20838833333333,-96.59386166666667,""
6499908,"Whole Data Set",1,48.699,34.52,0.00014,483.933,53.902,-3.23,26.399912849999996,97.291,1.005,0.603,0.198,0.199,3.435,0.582,0.389,0.029,68.73,0.2,0.068,"07/11/2026 9:41 AM","Lower",08,"P01","Morning",9.68888888888889,"suraj karkee","41:00:13:15",39.208373333333334,-96.59387666666667,""
6499907,"Whole Data Set",1,48.462,34.75,0.00071,244.673,82.412,-4.1,209.39192820000002,1278.339,3.352,0.364,0.146,0.49,5.239,0.466,0.457,0.077,66.87,0.28,0.174,"07/11/2026 9:43 AM","Upper",05,"P02","Morning",9.723888888888888,"suraj karkee","41:00:13:15",39.208391666666664,-96.59394333333333,""
6499906,"Whole Data Set",1,48.359,34.8,0.4168,0.192,52.387,-1.43,179.30825415,1051.353,2.992,0.379,0.156,0.466,3.283,0.507,0.014,0.478,68.31,0.05,0.08,"07/11/2026 9:43 AM","Middle",05,"P02","Morning",9.732777777777779,"suraj karkee","41:00:13:15",39.20840833333333,-96.59390333333334,""
6499905,"Whole Data Set",1,46.376,34.88,0.00014,212.965,75.019,-5.65,33.685632,123.12,1.04,0.608,0.192,0.2,4.968,0.546,0.467,-0.013,71.83,0.24,0.03,"07/11/2026 9:44 AM","Lower",05,"P02","Morning",9.741944444444444,"suraj karkee","41:00:13:15",39.20840333333333,-96.5939,""
6499904,"Whole Data Set",1,47.713,35,0.00012,250.333,52.773,-3.27,40.68834480000001,142.616,1.01,0.634,0.182,0.184,4.168,0.728,0.376,-0.103,63.12,0.24,0.03,"07/11/2026 9:46 AM","Upper",07,"P02","Morning",9.774166666666668,"suraj karkee","41:00:13:15",39.208423333333336,-96.59390166666665,""
6499903,"Whole Data Set",1,47.419,35.04,0.00094,162.432,83.235,-4.85,186.02863019999998,1415.743,5.055,0.292,0.117,0.591,4.897,0.554,0.263,0.183,65.54,0.25,0.153,"07/11/2026 9:47 AM","Middle",07,"P02","Morning",9.783333333333333,"suraj karkee","41:00:13:15",39.20841166666666,-96.59389166666666,""
6499902,"Whole Data Set",1,46.555,35.11,0.0002,677.137,16.798,-5.56,122.79689775,586.843,1.716,0.465,0.197,0.338,4.968,0.485,0.394,0.122,70.77,0.22,0.135,"07/11/2026 9:47 AM","Lower",07,"P02","Morning",9.794722222222221,"suraj karkee","41:00:13:15",39.208414999999995,-96.59389833333334,""
6499901,"Whole Data Set",1,45.972,35.37,0.00014,281.729,74.603,-2.96,49.23736605,183.277,0.869,0.597,0.216,0.187,4.188,0.811,0.35,-0.161,69.09,0.29,0.039,"07/11/2026 9:49 AM","Upper",09,"P02","Morning",9.831666666666667,"suraj karkee","41:00:13:15",39.208459999999995,-96.59390499999999,""
6499900,"Whole Data Set",1,47.164,35.46,0.00012,255.725,48.461,-6.23,40.85071785,153.603,1.26,0.591,0.181,0.228,5.289,0.607,0.429,-0.036,71.66,0.26,0.031,"07/11/2026 9:50 AM","Middle",09,"P02","Morning",9.840555555555556,"suraj karkee","41:00:13:15",39.208441666666666,-96.59387333333333,""
6499899,"Whole Data Set",1,47.011,35.59,0.00031,165.436,38.09,-5.94,60.956487,241.03,1.388,0.562,0.183,0.255,4.896,0.499,0.504,-0.003,70.23,0.27,0.051,"07/11/2026 9:51 AM","Lower",09,"P02","Morning",9.850555555555555,"suraj karkee","41:00:13:15",39.208459999999995,-96.59387333333333,""
6499898,"Whole Data Set",1,45.929,35.78,0.00105,201.929,88.664,-4.23,227.80513305,1394.583,3.8,0.363,0.133,0.505,3.732,0.64,0.063,0.297,60.94,0.26,0.212,"07/11/2026 9:51 AM","Upper",11,"P02","Morning",9.863333333333333,"suraj karkee","41:00:13:15",39.208435,-96.59391,""
6499897,"Whole Data Set",1,45.613,35.85,0.00016,215.835,60.895,-6.38,45.08412435,167.257,0.977,0.599,0.203,0.198,4.832,0.52,0.525,-0.045,67.85,0.23,0.035,"07/11/2026 9:52 AM","Middle",11,"P02","Morning",9.872222222222224,"suraj karkee","41:00:13:15",39.208455,-96.59391333333333,""
6499896,"Whole Data Set",1,43.561,35.9,0.00125,192.265,71.27,-4.43,229.914936,1774.035,5.405,0.288,0.111,0.601,4.143,0.554,0.135,0.311,65.61,0.22,0.24,"07/11/2026 9:52 AM","Lower",11,"P02","Morning",9.882222222222223,"suraj karkee","41:00:13:15",39.20846166666667,-96.59392833333335,""
6499849,"Whole Data Set",1,50.521,31.18,0.00057,185.263,57.142,-2.07,106.87211280000001,430.242,1.491,0.552,0.18,0.268,3.585,0.438,0.267,0.295,64.59,0.34,0.106,"07/11/2026 12:10 PM","Upper",04,"P01","Noon",12.169722222222221,"suraj karkee","41:00:13:15",39.20834833333333,-96.59379166666668,""
6499848,"Whole Data Set",1,50.571,31.31,0.00092,171.004,54.72,-0.44,132.09699375000002,674.825,2.409,0.435,0.166,0.399,4.291,0.498,0.337,0.165,68.51,0.2,0.157,"07/11/2026 12:10 PM","Middle",04,"P01","Noon",12.178888888888888,"suraj karkee","41:00:13:15",39.20838833333333,-96.59384666666668,""
6499847,"Whole Data Set",1,51.228,31.47,0.00128,132.792,55.954,-0.9,161.58846375000002,895.475,2.497,0.401,0.171,0.427,4.965,0.413,0.309,0.278,69.15,0.27,0.17,"07/11/2026 12:11 PM","Lower",04,"P01","Noon",12.1875,"suraj karkee","41:00:13:15",39.208373333333334,-96.59386666666666,""
6499846,"Whole Data Set",1,50.894,31.65,0.00021,336.523,83.406,-2.5,51.272235900000005,188.017,0.989,0.606,0.198,0.196,3.761,0.867,0.269,-0.135,64.71,0.24,0.071,"07/11/2026 12:11 PM","Upper",05,"P01","Noon",12.196944444444444,"suraj karkee","41:00:13:15",39.20838166666667,-96.59387999999998,""
6499845,"Whole Data Set",1,50.905,31.87,0.00116,159.581,62.521,-0.62,176.37626160000002,1180.564,4.127,0.332,0.13,0.537,6.805,0.381,0.581,0.038,67.03,0.2,0.185,"07/11/2026 12:12 PM","Middle",05,"P01","Noon",12.206944444444444,"suraj karkee","41:00:13:15",39.20838833333333,-96.59386500000001,""
6499844,"Whole Data Set",1,50.42,32.08,0.00118,167.031,34.205,-1.57,188.79337034999998,1195.273,2.824,0.351,0.17,0.48,5.289,0.336,0.389,0.276,68.73,0.33,0.197,"07/11/2026 12:12 PM","Lower",05,"P01","Noon",12.216111111111111,"suraj karkee","41:00:13:15",39.20840333333333,-96.59384999999999,""
6499843,"Whole Data Set",1,50.626,32.33,0.00016,302.291,62.531,-2.36,52.0137072,190.736,1.146,0.606,0.184,0.211,4.294,0.613,0.325,0.062,64.22,0.29,0.048,"07/11/2026 12:13 PM","Upper",06,"P01","Noon",12.22638888888889,"suraj karkee","41:00:13:15",39.20841166666666,-96.59383833333335,""
6499842,"Whole Data Set",1,50.482,32.54,0.00013,242.442,73.411,-3.35,36.586476000000005,135.28,1.145,0.601,0.186,0.213,4.629,0.761,0.378,-0.139,66.2,0.2,0.032,"07/11/2026 12:14 PM","Middle",06,"P01","Noon",12.235277777777776,"suraj karkee","41:00:13:15",39.208391666666664,-96.59382833333332,""
6499841,"Whole Data Set",1,50.052,32.73,0.00096,226.965,58.413,-2.12,240.11391599999996,1846.32,2.823,0.289,0.186,0.525,4.053,0.504,0.196,0.3,68.39,0.25,0.218,"07/11/2026 12:14 PM","Lower",06,"P01","Noon",12.243888888888888,"suraj karkee","41:00:13:15",39.20836833333333,-96.59384,""
6499840,"Whole Data Set",1,47.309,33.05,0.00015,352.093,79.634,-3.22,33.3618516,120.353,1.032,0.616,0.189,0.195,4.607,0.856,0.436,-0.292,65.32,0.22,0.053,"07/11/2026 12:15 PM","Upper",08,"P01","Noon",12.260833333333334,"suraj karkee","41:00:13:15",39.208378333333336,-96.59383666666666,""
6499839,"Whole Data Set",1,47.67,33.22,0.00012,312.58,60.297,-3.85,73.336563,280.983,1.177,0.58,0.193,0.227,3.252,1.39,0.148,-0.539,67.37,0.26,0.038,"07/11/2026 12:16 PM","Middle",08,"P01","Noon",12.270277777777778,"suraj karkee","41:00:13:15",39.208373333333334,-96.59384,""
6499838,"Whole Data Set",1,47.985,33.38,0.00152,106.957,48.187,-3.01,143.8112988,870.792,1.875,0.367,0.22,0.413,3.616,0.486,0.034,0.481,67.84,0.36,0.163,"07/11/2026 12:16 PM","Lower",08,"P01","Noon",12.280000000000001,"suraj karkee","41:00:13:15",39.2084,-96.59384333333334,""
6499837,"Whole Data Set",1,44.579,35.17,0.00013,278.321,91.094,-4.16,37.6196625,145.39,1.268,0.575,0.187,0.237,4.328,0.765,0.349,-0.115,65.92,0.26,0.036,"07/11/2026 12:26 PM","Upper",05,"P02","Noon",12.4375,"suraj karkee","41:00:13:15",39.20843166666667,-96.59391333333333,""
6499836,"Whole Data Set",1,45.607,35.32,0.00074,217.375,61.278,-2.65,197.95728465,1260.473,3.663,0.349,0.14,0.512,4.213,0.416,0.44,0.144,67.7,0.32,0.161,"07/11/2026 12:26 PM","Middle",05,"P02","Noon",12.447222222222223,"suraj karkee","41:00:13:15",39.208398333333335,-96.59392333333332,""
6499835,"Whole Data Set",1,46.387,35.46,0.00006,370.696,93.33,-3.35,35.845866,121.06,0.727,0.658,0.198,0.144,4.988,0.533,0.418,0.049,71.12,0.39,0.022,"07/11/2026 12:27 PM","Lower",05,"P02","Noon",12.456388888888888,"suraj karkee","41:00:13:15",39.208405,-96.59390333333334,""
6499834,"Whole Data Set",1,44.744,35.65,0.00085,198.917,53.442,-4.06,176.64369030000003,849.657,2.089,0.462,0.174,0.364,2.84,0.72,0.271,0.01,61.67,0.25,0.169,"07/11/2026 12:28 PM","Upper",07,"P02","Noon",12.467777777777778,"suraj karkee","41:00:13:15",39.208414999999995,-96.59391666666667,""
6499833,"Whole Data Set",1,44.278,35.77,0.00053,203.044,80.039,-4.52,125.25641820000001,626.909,2.529,0.444,0.158,0.398,4.124,0.792,0.179,0.029,67.91,0.29,0.108,"07/11/2026 12:28 PM","Middle",07,"P02","Noon",12.476944444444445,"suraj karkee","41:00:13:15",39.20842666666667,-96.59392000000001,""
6499832,"Whole Data Set",1,44.397,35.9,0.00059,333.581,17.79,-4.23,239.15173815000003,1708.837,4.066,0.311,0.136,0.553,4.03,0.518,0.253,0.229,70.62,0.27,0.197,"07/11/2026 12:29 PM","Lower",07,"P02","Noon",12.485555555555555,"suraj karkee","41:00:13:15",39.208420000000004,-96.59392000000001,""
6499831,"Whole Data Set",1,43.418,36.05,0.00025,253.64,78.871,-3.24,84.078036,333.643,0.971,0.56,0.223,0.217,4.266,0.625,0.378,-0.002,68.78,0.3,0.063,"07/11/2026 12:29 PM","Upper",09,"P02","Noon",12.49611111111111,"suraj karkee","41:00:13:15",39.20843,-96.59390833333333,""
6499830,"Whole Data Set",1,44.187,36.2,0.00044,244.777,50.054,-3.69,120.55165919999999,600.656,2.485,0.446,0.159,0.395,4.823,0.507,0.434,0.059,65.5,0.25,0.108,"07/11/2026 12:30 PM","Middle",09,"P02","Noon",12.504722222222222,"suraj karkee","41:00:13:15",39.208396666666665,-96.59382166666667,""
6499829,"Whole Data Set",1,43.578,36.34,0.00097,216.658,33.616,-3.23,236.2741542,1973.886,5.612,0.266,0.111,0.623,4.476,0.477,0.386,0.137,69.06,0.28,0.21,"07/11/2026 12:30 PM","Lower",09,"P02","Noon",12.514444444444445,"suraj karkee","41:00:13:15",39.20843,-96.59388499999999,""
6499828,"Whole Data Set",1,44.041,36.55,0.00068,196.341,86.667,-4.82,137.06329185,687.551,2.922,0.443,0.142,0.415,3.64,0.842,0.194,-0.035,62.11,0.31,0.134,"07/11/2026 12:31 PM","Upper",11,"P02","Noon",12.528611111111111,"suraj karkee","41:00:13:15",39.20840333333333,-96.59392833333335,""
6499827,"Whole Data Set",1,42.852,36.65,0.00021,353.736,61.839,-4.98,49.649984999999994,191.884,1.368,0.575,0.179,0.246,4.999,0.58,0.391,0.029,68.2,0.24,0.074,"07/11/2026 12:32 PM","Middle",11,"P02","Noon",12.537222222222223,"suraj karkee","41:00:13:15",39.20841,-96.59393666666668,""
6499826,"Whole Data Set",1,42.238,36.75,0.00015,139.386,72.958,-5.5,35.3320299,147.033,1.749,0.534,0.169,0.296,4.522,0.798,0.343,-0.14,67.17,0.29,0.021,"07/11/2026 12:32 PM","Lower",11,"P02","Noon",12.545833333333333,"suraj karkee","41:00:13:15",39.20839,-96.59393,""
6499825,"Whole Data Set",1,38.796,36.92,0.00018,213.645,48.342,-5.63,44.631638550000005,191.101,1.86,0.519,0.168,0.313,3.227,0.942,0.056,0.002,65.31,0.23,0.038,"07/11/2026 12:34 PM","Upper",01,"P03","Noon",12.570833333333333,"suraj karkee","41:00:13:15",39.208436666666664,-96.59383166666666,""
6499824,"Whole Data Set",1,37.79,36.95,0.00085,259.013,35.344,-4.85,224.45668214999998,1309.167,2.951,0.381,0.157,0.462,5.031,0.149,0.171,0.68,69.92,0.34,0.22,"07/11/2026 12:35 PM","Middle",01,"P03","Noon",12.584444444444445,"suraj karkee","41:00:13:15",39.20844666666667,-96.59382333333333,""
6499823,"Whole Data Set",1,38.062,36.92,0.00075,251.148,24.141,-5.91,250.36001280000002,2173.264,4.845,0.256,0.127,0.617,3.65,0.415,0.104,0.481,69.48,0.28,0.188,"07/11/2026 12:35 PM","Lower",01,"P03","Noon",12.59388888888889,"suraj karkee","41:00:13:15",39.208398333333335,-96.593845,""
6499822,"Whole Data Set",1,39.385,36.93,0.00098,217.43,52.79,-4.68,223.58450835000002,1918.357,6.069,0.259,0.105,0.636,2.522,0.727,0.031,0.242,63.7,0.35,0.213,"07/11/2026 12:36 PM","Upper",02,"P03","Noon",12.60361111111111,"suraj karkee","41:00:13:15",39.2084,-96.59382499999998,""
6499821,"Whole Data Set",1,38.764,36.95,0.00093,189.585,42.122,-6.08,174.75776280000002,993.224,3.114,0.391,0.148,0.461,3.764,0.579,0.107,0.314,68.18,0.24,0.176,"07/11/2026 12:36 PM","Middle",02,"P03","Noon",12.611944444444443,"suraj karkee","41:00:13:15",39.20840333333333,-96.59382833333332,""
6499820,"Whole Data Set",1,38.67,36.98,0.00161,129.924,28.406,-7.65,245.33920799999999,1758.704,4.63,0.31,0.123,0.567,3.881,0.571,0.175,0.254,69.51,0.24,0.209,"07/11/2026 12:37 PM","Lower",02,"P03","Noon",12.621944444444445,"suraj karkee","41:00:13:15",39.20840666666666,-96.59384333333334,""
6499819,"Whole Data Set",1,38.659,37.01,0.00034,241.631,60.485,-6.44,157.25115675,842.041,2.589,0.415,0.163,0.422,3.652,0.86,0.199,-0.059,68,0.29,0.082,"07/11/2026 12:38 PM","Upper",05,"P03","Noon",12.634444444444444,"suraj karkee","41:00:13:15",39.20845666666666,-96.59385333333333,""
6499818,"Whole Data Set",1,38.351,37.06,0.00079,269.804,43.588,-5.73,249.2579952,2043.936,5.495,0.271,0.112,0.617,3.871,0.447,0.268,0.285,67.86,0.32,0.213,"07/11/2026 12:38 PM","Middle",05,"P03","Noon",12.645,"suraj karkee","41:00:13:15",39.20845666666666,-96.59384166666665,""
6499817,"Whole Data Set",1,37.885,37.09,0.0004,382.402,49.205,-7.98,168.068376,982.856,2.298,0.38,0.188,0.432,3.71,0.687,0.278,0.035,67.69,0.29,0.153,"07/11/2026 12:39 PM","Lower",05,"P03","Noon",12.654444444444445,"suraj karkee","41:00:13:15",39.20846166666667,-96.59383666666666,""
6499816,"Whole Data Set",1,37.279,37.04,0.00081,245.718,70.871,-6.11,202.650336,1324.512,4.138,0.34,0.128,0.532,3.546,0.661,0.119,0.22,60.89,0.75,0.199,"07/11/2026 12:40 PM","Upper",10,"P03","Noon",12.673333333333332,"suraj karkee","41:00:13:15",39.20847166666667,-96.59381,""
6499815,"Whole Data Set",1,36.004,37.02,0.00075,216.644,50.941,-5.91,91.56518279999999,559.006,3.374,0.364,0.145,0.491,4.107,0.398,0.601,0.001,72.21,0.23,0.162,"07/11/2026 12:41 PM","Lower",10,"P03","Noon",12.696944444444444,"suraj karkee","41:00:13:15",39.20845,-96.59382833333332,""
6499814,"Whole Data Set",1,35.609,37.05,0.00086,208.919,50.789,-6.3,207.487818,1280.789,2.273,0.36,0.196,0.445,4.254,0.505,0.109,0.386,68.37,0.5,0.18,"07/11/2026 12:42 PM","Middle",10,"P03","Noon",12.70861111111111,"suraj karkee","41:00:13:15",39.20846166666667,-96.59380166666666,""
6495959,"Whole Data Set",1,48.041,30.09,0.00018,376.801,60.876,0.38,53.213985,195.46,1.062,0.605,0.192,0.204,3.924,0.515,0.423,0.061,62.31,0.3,0.068,"07/09/2026 4:21 PM","Upper",04,"P01","Late",16.364722222222223,"suraj karkee","41:00:13:15",39.208398333333335,-96.59386333333332,""
6495958,"Whole Data Set",1,48.302,30.32,0.00061,168.063,50.064,-0.45,81.09915210000001,339.398,1.453,0.531,0.191,0.278,3.831,0.415,0.5,0.085,65.95,0.23,0.103,"07/09/2026 4:22 PM","Middle",04,"P01","Late",16.37388888888889,"suraj karkee","41:00:13:15",39.20836833333333,-96.59382833333332,""
6495957,"Whole Data Set",1,49.122,30.6,0.00012,331.065,63.493,0.37,33.0936372,116.363,0.818,0.632,0.202,0.165,3.794,0.546,0.391,0.063,69.44,0.24,0.04,"07/09/2026 4:23 PM","Lower",04,"P01","Late",16.38361111111111,"suraj karkee","41:00:13:15",39.20834833333333,-96.593835,""
6495956,"Whole Data Set",1,49.827,30.88,0.00036,176.987,51.307,-0.27,78.08493375000002,317.225,1.277,0.547,0.199,0.254,4.945,0.282,0.651,0.068,64.9,0.25,0.064,"07/09/2026 4:23 PM","Upper",05,"P01","Late",16.393333333333334,"suraj karkee","41:00:13:15",39.20838666666667,-96.59384833333334,""
6495955,"Whole Data Set",1,50.654,31.2,0.0002,219.444,62.539,-0.51,35.7422238,130.852,0.967,0.607,0.2,0.193,4.751,0.437,0.576,-0.013,65.36,0.22,0.044,"07/09/2026 4:24 PM","Middle",05,"P01","Late",16.404166666666665,"suraj karkee","41:00:13:15",39.2084,-96.59384333333334,""
6495954,"Whole Data Set",1,47.892,33.4,0.00012,692.854,59.337,-0.85,26.79170985,95.873,1.009,0.621,0.189,0.19,3.909,0.76,0.37,-0.13,67.29,0.22,0.083,"07/09/2026 4:29 PM","Lower",05,"P01","Late",16.488333333333333,"suraj karkee","41:00:13:15",39.20838166666667,-96.59384166666665,""
6495953,"Whole Data Set",1,46.349,33.79,0.00123,224.322,69.013,-1.76,285.0328278,1830.654,3.918,0.346,0.133,0.521,3.669,0.466,0.194,0.34,62.57,0.23,0.276,"07/09/2026 4:30 PM","Upper",06,"P01","Late",16.508055555555554,"suraj karkee","41:00:13:15",39.20839333333333,-96.59382833333332,""
6495952,"Whole Data Set",1,46.71,33.93,0.00028,195.993,59.407,-2.96,54.9946665,219.015,0.957,0.558,0.226,0.216,4.048,0.499,0.489,0.012,66.39,0.24,0.055,"07/09/2026 4:31 PM","Middle",06,"P01","Late",16.516944444444444,"suraj karkee","41:00:13:15",39.20838166666667,-96.59385499999999,""
6495951,"Whole Data Set",1,46.331,34.08,0.00017,330.947,52.554,-2.35,31.704873749999997,116.455,1.051,0.605,0.193,0.202,4.502,0.659,0.516,-0.175,68.4,0.24,0.056,"07/09/2026 4:31 PM","Lower",06,"P01","Late",16.52638888888889,"suraj karkee","41:00:13:15",39.20840833333333,-96.59381833333333,""
6495950,"Whole Data Set",1,45.895,34.24,0.00013,398.256,59.366,-2.81,32.990757300000006,122.802,1.199,0.597,0.183,0.22,3.862,0.734,0.357,-0.091,63.17,0.24,0.052,"07/09/2026 4:32 PM","Upper",08,"P01","Late",16.538333333333334,"suraj karkee","41:00:13:15",39.20836166666666,-96.59384833333334,""
6495949,"Whole Data Set",1,46.086,34.36,0.0009,239.313,55.417,-1.81,221.71219425000004,1845.295,4.388,0.267,0.136,0.597,4.214,0.359,0.36,0.282,65.47,0.19,0.215,"07/09/2026 4:32 PM","Middle",08,"P01","Late",16.546944444444446,"suraj karkee","41:00:13:15",39.20838166666667,-96.59384333333334,""
6495948,"Whole Data Set",1,45.543,34.54,0.00013,289.565,45.937,-3.53,32.28531075,118.587,1.155,0.605,0.183,0.212,3.776,0.591,0.449,-0.04,69.89,0.25,0.038,"07/09/2026 4:33 PM","Lower",08,"P01","Late",16.55666666666667,"suraj karkee","41:00:13:15",39.20836333333333,-96.59384333333334,""
6495947,"Whole Data Set",1,44.604,35.92,0.00017,232.748,88.675,-3.85,44.428399199999994,156.218,0.936,0.632,0.19,0.178,1.63,1.869,-0.755,-0.114,65.89,1.18,0.04,"07/09/2026 4:43 PM","Upper",05,"P02","Late",16.723055555555554,"suraj karkee","41:00:13:15",39.208385,-96.59393999999999,""
6495946,"Whole Data Set",1,43.949,36.08,0.00041,254.103,44.682,-3.15,134.708805,647.95,2.37,0.462,0.16,0.378,4.047,0.492,0.417,0.091,67.17,0.25,0.104,"07/09/2026 4:43 PM","Middle",05,"P02","Late",16.733055555555556,"suraj karkee","41:00:13:15",39.208391666666664,-96.59394833333333,""
6495945,"Whole Data Set",1,43.344,36.26,0.00056,159.51,95.802,-4.15,68.6329776,284.548,1.423,0.536,0.192,0.273,4.471,0.502,0.433,0.065,70.33,0.35,0.089,"07/09/2026 4:44 PM","Lower",05,"P02","Late",16.745,"suraj karkee","41:00:13:15",39.20840333333333,-96.59392333333332,""
6495944,"Whole Data Set",1,43.474,36.49,0.00007,351.644,88.213,-3.68,30.406105800000006,104.921,0.775,0.644,0.201,0.155,4.274,0.687,0.397,-0.084,67.24,0.29,0.025,"07/09/2026 4:45 PM","Upper",07,"P02","Late",16.756666666666668,"suraj karkee","41:00:13:15",39.208463333333334,-96.59392666666666,""
6495943,"Whole Data Set",1,42.493,36.66,0.00014,357.881,35.124,-4.99,59.66899424999999,223.605,1.521,0.593,0.161,0.245,5.485,0.818,0.483,-0.301,68.72,0.33,0.05,"07/09/2026 4:45 PM","Middle",07,"P02","Late",16.76638888888889,"suraj karkee","41:00:13:15",39.208435,-96.59391666666667,""
6495942,"Whole Data Set",1,43.117,36.79,0.0005,228.488,30.719,-4.2,157.9187232,790.384,2.415,0.444,0.163,0.393,3.456,0.617,0.294,0.088,69.93,0.28,0.114,"07/09/2026 4:46 PM","Lower",07,"P02","Late",16.77583333333333,"suraj karkee","41:00:13:15",39.20843833333333,-96.59393333333334,""
6495941,"Whole Data Set",1,43.6,36.95,0.00097,183.125,78.942,-3.4,247.53833955000002,1780.211,3.141,0.309,0.167,0.524,4.463,0.359,0.357,0.284,68.9,0.3,0.178,"07/09/2026 4:47 PM","Upper",09,"P02","Late",16.78611111111111,"suraj karkee","41:00:13:15",39.208414999999995,-96.59391,""
6495940,"Whole Data Set",1,42.659,37.04,0.00014,470.785,46.625,-4.41,43.665588,167.88,1.488,0.578,0.17,0.253,4.806,0.623,0.376,0.001,71.34,0.28,0.066,"07/09/2026 4:47 PM","Middle",09,"P02","Late",16.795833333333334,"suraj karkee","41:00:13:15",39.208420000000004,-96.593895,""
6495939,"Whole Data Set",1,42.741,37.14,0.00066,265.768,38.289,-7.59,240.41839095000003,1664.371,3.329,0.321,0.157,0.522,3.769,0.459,0.325,0.215,69.72,0.35,0.175,"07/09/2026 4:48 PM","Lower",09,"P02","Late",16.805555555555557,"suraj karkee","41:00:13:15",39.20841333333333,-96.59388666666668,""
6495938,"Whole Data Set",1,42.521,37.23,0.00077,265.764,69.323,-4.64,225.1875816,1619.472,3.552,0.309,0.152,0.539,4.539,0.389,0.41,0.201,68.56,0.23,0.205,"07/09/2026 4:49 PM","Upper",11,"P02","Late",16.8175,"suraj karkee","41:00:13:15",39.208391666666664,-96.59388166666668,""
6495937,"Whole Data Set",1,42.096,37.3,0.00012,524.329,61.215,-4.07,36.37044,130.36,0.938,0.62,0.196,0.184,1.199,1.925,-1.629,0.705,67.66,0.28,0.063,"07/09/2026 4:49 PM","Middle",11,"P02","Late",16.825833333333332,"suraj karkee","41:00:13:15",39.208398333333335,-96.59393333333334,""
6495936,"Whole Data Set",1,43.113,37.39,0.00059,289.621,57.339,-3.68,181.4331375,1248.25,4.035,0.323,0.134,0.543,3.736,0.491,0.409,0.1,70.37,0.22,0.171,"07/09/2026 4:50 PM","Lower",11,"P02","Late",16.834999999999997,"suraj karkee","41:00:13:15",39.208398333333335,-96.59393,""
6495935,"Whole Data Set",1,39.934,37.58,0.00044,341.868,30.018,-5.13,200.8384488,1193.336,3.043,0.374,0.155,0.471,3.135,0.472,0.21,0.318,65.78,0.23,0.15,"07/09/2026 4:51 PM","Upper",01,"P03","Late",16.858055555555556,"suraj karkee","41:00:13:15",39.208421666666666,-96.59383333333332,""
6495934,"Whole Data Set",1,39.432,37.61,0.00124,114.332,44.585,-5.58,130.6111527,681.331,2.012,0.426,0.19,0.383,3.698,0.516,0.29,0.194,67.09,0.25,0.142,"07/09/2026 4:52 PM","Middle",01,"P03","Late",16.86777777777778,"suraj karkee","41:00:13:15",39.208421666666666,-96.59381499999999,""
6495933,"Whole Data Set",1,40.116,37.61,0.0005,306.353,21.462,-6.06,200.4026616,1210.161,2.94,0.368,0.16,0.471,3.246,0.609,0.155,0.236,70.59,0.27,0.153,"07/09/2026 4:52 PM","Lower",01,"P03","Late",16.8775,"suraj karkee","41:00:13:15",39.20840666666666,-96.59383166666666,""
6495932,"Whole Data Set",1,39.312,37.62,0.00024,220.959,54.089,-6.03,68.11720515,278.769,1.757,0.543,0.166,0.291,4.425,0.372,0.474,0.154,63,0.26,0.053,"07/09/2026 4:53 PM","Upper",02,"P03","Late",16.893333333333334,"suraj karkee","41:00:13:15",39.20843,-96.59383333333332,""
6495931,"Whole Data Set",1,37.997,37.59,0.00075,270.682,53.618,-4.18,255.07950929999998,1327.502,1.83,0.427,0.203,0.371,4.285,0.537,0.418,0.045,67.5,0.27,0.203,"07/09/2026 4:54 PM","Middle",02,"P03","Late",16.91638888888889,"suraj karkee","41:00:13:15",39.20840666666666,-96.59384999999999,""
6495930,"Whole Data Set",1,39.917,37.53,0.00081,195.062,21.576,-5.08,160.001226,923.528,3.101,0.385,0.15,0.465,3.424,0.554,0.19,0.256,69.13,0.23,0.158,"07/09/2026 4:55 PM","Lower",02,"P03","Late",16.926944444444445,"suraj karkee","41:00:13:15",39.20840666666666,-96.59381833333333,""
6495929,"Whole Data Set",1,39.869,37.53,0.00114,173.045,58.739,-6.6,182.31773760000002,1077.528,2.812,0.376,0.164,0.461,4.094,0.345,0.32,0.335,64.1,0.23,0.197,"07/09/2026 4:56 PM","Upper",05,"P03","Late",16.939722222222223,"suraj karkee","41:00:13:15",39.208414999999995,-96.59384333333334,""
6495928,"Whole Data Set",1,39.569,37.54,0.00015,399.728,47.843,-6.75,74.383974,289.996,1.434,0.57,0.177,0.253,4.185,0.706,0.355,-0.061,69.96,0.24,0.06,"07/09/2026 4:56 PM","Middle",05,"P03","Late",16.948888888888888,"suraj karkee","41:00:13:15",39.20842833333334,-96.59385833333333,""
6495927,"Whole Data Set",1,39.464,37.58,0.00035,289.729,43.614,-5.65,110.78967375,503.475,2.187,0.489,0.16,0.35,2.903,0.746,0.178,0.076,63.33,0.25,0.101,"07/09/2026 4:57 PM","Lower",05,"P03","Late",16.95777777777778,"suraj karkee","41:00:13:15",39.208425000000005,-96.59384333333334,""
6495926,"Whole Data Set",1,39.455,37.61,0.00062,259.808,47.015,-6.02,193.8716676,1045.694,2.743,0.412,0.157,0.431,3.871,0.366,0.346,0.288,66.2,0.2,0.161,"07/09/2026 4:58 PM","Upper",10,"P03","Late",16.970277777777778,"suraj karkee","41:00:13:15",39.208435,-96.593805,""
6495925,"Whole Data Set",1,38.706,37.56,0.00031,239.534,57.407,-6.99,132.26222520000002,528.626,1.594,0.556,0.171,0.273,4.103,0.722,0.295,-0.018,70.85,0.26,0.074,"07/09/2026 4:58 PM","Middle",10,"P03","Late",16.980555555555554,"suraj karkee","41:00:13:15",39.20840666666666,-96.59380833333334,""
6495924,"Whole Data Set",1,39.195,37.52,0.00085,208.606,17.694,-6.59,233.59957740000004,1517.866,2.873,0.342,0.17,0.488,4.323,0.357,0.292,0.352,66.98,0.29,0.177,"07/09/2026 4:59 PM","Lower",10,"P03","Late",16.991944444444446,"suraj karkee","41:00:13:15",39.208441666666666,-96.59382833333332,""
6494487,"Whole Data Set",1,47.758,32.57,0.00014,436.17,46.625,0.76,46.9647396,177.192,1.261,0.589,0.182,0.229,4.544,0.771,0.397,-0.168,68.98,0.25,0.061,"07/08/2026 4:21 PM","Upper",05,"P02","Late",16.358055555555556,"suraj karkee","41:00:13:15",39.208376666666666,-96.59393,""
6494486,"Whole Data Set",1,47.884,32.87,0.00026,299.967,106.964,0.62,76.15605600000002,311.095,0.789,0.544,0.255,0.201,3.833,0.647,0.43,-0.078,67.41,0.26,0.078,"07/08/2026 4:22 PM","Middle",05,"P02","Late",16.368333333333332,"suraj karkee","41:00:13:15",39.20844,-96.59389833333334,""
6494484,"Whole Data Set",1,47.069,33.26,0.00085,229.152,17.911,-0.37,224.31179295,1274.861,3.045,0.391,0.151,0.459,4.046,0.678,0.427,-0.105,65.19,0.33,0.195,"07/08/2026 4:22 PM","Lower",05,"P02","Late",16.379444444444445,"suraj karkee","41:00:13:15",39.208421666666666,-96.59392000000001,""
6494483,"Whole Data Set",1,46.61,33.66,0.00017,303.008,23.488,-0.51,52.74417645,208.187,1.728,0.563,0.16,0.277,4.497,0.619,0.391,-0.011,71.13,0.23,0.052,"07/08/2026 4:23 PM","Upper",07,"P02","Late",16.391666666666666,"suraj karkee","41:00:13:15",39.208418333333334,-96.59391833333332,""
6494482,"Whole Data Set",1,46.46,34.06,0.00138,107.778,23.476,-0.87,167.0778414,1085.626,2.464,0.342,0.19,0.468,4.469,0.33,0.292,0.378,68.99,0.47,0.149,"07/08/2026 4:24 PM","Middle",07,"P02","Late",16.405555555555555,"suraj karkee","41:00:13:15",39.20840833333333,-96.593925,""
6494481,"Whole Data Set",1,46.784,34.31,0.00085,255.612,19.05,-0.5,258.6514878,1779.508,3.749,0.323,0.142,0.534,3.952,0.615,0.279,0.107,69.48,0.27,0.217,"07/08/2026 4:24 PM","Lower",07,"P02","Late",16.415555555555553,"suraj karkee","41:00:13:15",39.208414999999995,-96.593935,""
6494480,"Whole Data Set",1,46.661,34.62,0.00113,167.002,71.907,-0.87,243.26667719999998,1760.888,2.598,0.307,0.193,0.501,3.937,0.377,0.276,0.347,68.66,0.25,0.189,"07/08/2026 4:25 PM","Upper",09,"P02","Late",16.42666666666667,"suraj karkee","41:00:13:15",39.208425000000005,-96.59392333333332,""
6494479,"Whole Data Set",1,46.268,34.86,0.00011,201.183,55.477,-1.05,40.917861,146.659,1.039,0.62,0.186,0.193,5.252,0.78,0.432,-0.213,69.96,0.23,0.022,"07/08/2026 4:26 PM","Middle",09,"P02","Late",16.43611111111111,"suraj karkee","41:00:13:15",39.208420000000004,-96.59387999999998,""
6494478,"Whole Data Set",1,44.497,35.32,0.00091,189.813,35.22,-1.57,215.5490946,1103.682,2.363,0.434,0.168,0.398,4.427,0.578,0.287,0.135,70.54,0.23,0.173,"07/08/2026 4:27 PM","Lower",09,"P02","Late",16.45611111111111,"suraj karkee","41:00:13:15",39.20841333333333,-96.59391833333332,""
6494477,"Whole Data Set",1,42.684,35.61,0.0001,807.675,80.389,-1.64,35.99752275,122.129,0.697,0.655,0.203,0.142,4.214,0.655,0.348,-0.003,68.28,0.24,0.081,"07/08/2026 4:28 PM","Upper",11,"P02","Late",16.47,"suraj karkee","41:00:13:15",39.208414999999995,-96.59393166666665,""
6494476,"Whole Data Set",1,40.814,35.86,0.00064,324.968,47.491,-2.23,239.11965,1932.28,4.365,0.275,0.135,0.59,3.978,0.415,0.389,0.197,70.13,0.21,0.208,"07/08/2026 4:28 PM","Middle",11,"P02","Late",16.481666666666666,"suraj karkee","41:00:13:15",39.208414999999995,-96.59395166666667,""
6494475,"Whole Data Set",1,40.783,36.05,0.00049,223.652,30.561,-2.3,131.84232975,676.635,2.255,0.433,0.174,0.393,4.761,0.323,0.336,0.341,69.09,0.27,0.11,"07/08/2026 4:29 PM","Lower",11,"P02","Late",16.491111111111113,"suraj karkee","41:00:13:15",39.208396666666665,-96.59393,""
6494474,"Whole Data Set",1,37.604,37.94,0.00073,271.526,53.754,-3.65,241.09702380000002,1618.644,3.822,0.331,0.139,0.53,3.304,0.456,0.307,0.236,68.5,0.23,0.198,"07/08/2026 4:40 PM","Upper",01,"P03","Late",16.66888888888889,"suraj karkee","41:00:13:15",39.208423333333336,-96.59378666666667,""
6494473,"Whole Data Set",1,38.299,38.03,0.00062,288.055,7.511,-3.38,206.9485092,1302.792,3.535,0.353,0.143,0.504,3.602,0.565,0.223,0.212,70.15,0.25,0.179,"07/08/2026 4:41 PM","Middle",01,"P03","Late",16.684722222222224,"suraj karkee","41:00:13:15",39.208395,-96.59381666666668,""
6494472,"Whole Data Set",1,38.316,38.09,0.00057,296.836,20.272,-3.96,165.06751500000001,921.65,2.691,0.398,0.163,0.439,3.839,0.822,0.113,0.066,66.18,0.29,0.169,"07/08/2026 4:41 PM","Lower",01,"P03","Late",16.694444444444446,"suraj karkee","41:00:13:15",39.20841666666667,-96.59379833333332,""
6494471,"Whole Data Set",1,36.143,38.18,0.00092,270.231,36.936,-3.45,296.1563274,1609.108,3.358,0.409,0.136,0.456,2.794,1.72,-0.128,-0.592,66.04,0.25,0.249,"07/08/2026 4:42 PM","Upper",02,"P03","Late",16.711111111111112,"suraj karkee","41:00:13:15",39.208423333333336,-96.59379666666668,""
6494470,"Whole Data Set",1,36.925,38.17,0.00039,336.202,30.377,-4.62,167.388444,837.78,2.377,0.444,0.165,0.391,3.427,0.569,0.363,0.069,67.18,0.24,0.131,"07/08/2026 4:43 PM","Middle",02,"P03","Late",16.72,"suraj karkee","41:00:13:15",39.20841666666667,-96.59383000000001,""
6494469,"Whole Data Set",1,36.302,38.22,0.00129,176.208,37.893,-3.09,188.98128899999998,1011.948,2.703,0.415,0.158,0.427,4.02,1.399,-0.189,-0.211,68.18,0.28,0.227,"07/08/2026 4:43 PM","Lower",02,"P03","Late",16.730277777777776,"suraj karkee","41:00:13:15",39.20841166666666,-96.59379833333332,""
6494468,"Whole Data Set",1,36.015,38.23,0.00057,287.396,73.591,-4.68,181.64342294999997,853.387,2.437,0.473,0.153,0.373,4.555,0.621,0.353,0.025,66.64,0.24,0.164,"07/08/2026 4:44 PM","Upper",05,"P03","Late",16.74416666666667,"suraj karkee","41:00:13:15",39.20841666666667,-96.59379666666668,""
6494467,"Whole Data Set",1,37.054,38.57,0.0007,201.523,58.316,-4.36,140.27912999999998,700.52,2.829,0.445,0.145,0.41,3.961,0.601,0.277,0.121,68.2,0.26,0.141,"07/08/2026 4:47 PM","Middle",05,"P03","Late",16.79527777777778,"suraj karkee","41:00:13:15",39.20845833333333,-96.59379499999999,""
6494466,"Whole Data Set",1,37.146,38.66,0.00054,297.999,35.849,-4.85,145.3650561,793.694,3.143,0.407,0.143,0.45,3.272,0.72,0.282,-0.001,66.7,0.26,0.161,"07/08/2026 4:48 PM","Lower",05,"P03","Late",16.80666666666667,"suraj karkee","41:00:13:15",39.20842666666667,-96.59378833333334,""
6494465,"Whole Data Set",1,36.914,38.78,0.00016,356.636,62.256,-4.39,55.757349899999994,213.262,1.422,0.581,0.173,0.246,3.463,1.185,0.11,-0.294,68.32,0.26,0.057,"07/08/2026 4:49 PM","Upper",10,"P03","Late",16.820555555555554,"suraj karkee","41:00:13:15",39.20845,-96.59382,""
6494464,"Whole Data Set",1,36.281,38.87,0.00076,243.908,9.397,-6.42,270.5471685,1693.566,3.693,0.355,0.137,0.508,3.314,0.62,0.269,0.111,69.04,0.3,0.185,"07/08/2026 4:49 PM","Middle",10,"P03","Late",16.83111111111111,"suraj karkee","41:00:13:15",39.20844666666667,-96.59380833333334,""
6494463,"Whole Data Set",1,36.527,38.93,0.00099,143.699,8.913,-5.38,161.59194225,983.817,2.844,0.365,0.165,0.47,3.76,0.436,0.266,0.298,73.46,0.24,0.142,"07/08/2026 4:50 PM","Lower",10,"P03","Late",16.840833333333332,"suraj karkee","41:00:13:15",39.20843333333333,-96.59381333333334,""
6494462,"Whole Data Set",1,35.769,39.1,0.00016,535.744,68.947,-3.71,46.14215850000001,184.09,1.838,0.557,0.156,0.287,4.402,0.796,0.412,-0.207,66.77,0.3,0.086,"07/08/2026 4:52 PM","Upper",04,"P01","Late",16.871944444444445,"suraj karkee","41:00:13:15",39.20837166666667,-96.59384,""
6494461,"Whole Data Set",1,35.735,39.15,0.00018,264.967,56.033,-4.46,27.587368799999997,100.172,1.251,0.612,0.172,0.215,3.887,0.841,0.206,-0.047,66.73,0.22,0.048,"07/08/2026 4:52 PM","Middle",04,"P01","Late",16.88277777777778,"suraj karkee","41:00:13:15",39.20835666666667,-96.59384666666668,""
6494460,"Whole Data Set",1,34.446,39.19,0.00153,149.253,45.603,-4.64,160.41124125,1096.829,1.514,0.325,0.268,0.406,4.95,0.449,0.268,0.283,68.72,0.44,0.228,"07/08/2026 4:53 PM","Lower",04,"P01","Late",16.895555555555553,"suraj karkee","41:00:13:15",39.20838833333333,-96.59384999999999,""
6494459,"Whole Data Set",1,35.145,39.17,0.00016,410.245,52.26,-5.32,40.2414111,152.603,1.44,0.586,0.169,0.244,3.089,1.362,0.258,-0.62,65.15,0.27,0.066,"07/08/2026 4:54 PM","Upper",05,"P01","Late",16.90722222222222,"suraj karkee","41:00:13:15",39.20837166666667,-96.59384833333334,""
6494458,"Whole Data Set",1,34.637,39.16,0.00032,137.698,63.549,-4.87,41.3732556,166.559,1.349,0.552,0.191,0.257,4.593,0.311,0.387,0.302,65.5,0.27,0.044,"07/08/2026 4:54 PM","Middle",05,"P01","Late",16.91611111111111,"suraj karkee","41:00:13:15",39.20837166666667,-96.59381833333333,""
6494457,"Whole Data Set",1,35.176,39.1,0.00009,679.886,46.949,-4.15,27.318891599999997,103.246,1.2,0.588,0.187,0.225,3.396,0.771,0.36,-0.131,54.49,0.26,0.061,"07/08/2026 4:56 PM","Lower",05,"P01","Late",16.933611111111112,"suraj karkee","41:00:13:15",39.208380000000005,-96.59384,""
6494456,"Whole Data Set",1,35.127,39.1,0.00122,165.833,80.48,-5.61,196.8424416,1256.976,3.502,0.348,0.145,0.507,3.555,0.466,0.139,0.395,67.08,0.28,0.202,"07/08/2026 4:56 PM","Upper",06,"P01","Late",16.943333333333335,"suraj karkee","41:00:13:15",39.208391666666664,-96.59381833333333,""
6494455,"Whole Data Set",1,34.738,39.07,0.00046,249.028,59.031,-6.3,91.43346960000001,384.821,1.404,0.528,0.196,0.275,2.944,0.577,0.395,0.029,66.31,0.28,0.115,"07/08/2026 4:57 PM","Middle",06,"P01","Late",16.9525,"suraj karkee","41:00:13:15",39.20838833333333,-96.59385166666668,""
6494454,"Whole Data Set",1,33.976,39.04,0.00091,156.04,59.059,-4.09,147.0429891,804.833,1.48,0.406,0.239,0.354,3.845,0.583,0.363,0.054,65.72,0.23,0.142,"07/08/2026 4:57 PM","Lower",06,"P01","Late",16.961666666666666,"suraj karkee","41:00:13:15",39.208396666666665,-96.59384666666668,""
6494453,"Whole Data Set",1,35.264,38.99,0.00011,683.522,65.087,-5.06,31.5514305,121.305,1.589,0.578,0.163,0.259,3.508,0.764,0.324,-0.088,65.12,0.27,0.075,"07/08/2026 4:58 PM","Upper",08,"P01","Late",16.978055555555553,"suraj karkee","41:00:13:15",39.208369999999995,-96.59382666666667,""
6494452,"Whole Data Set",1,35.795,38.99,0.00114,200.953,65.257,-3.92,216.42442559999998,1624.808,4.856,0.296,0.12,0.583,3.34,0.572,0.044,0.384,66.89,0.23,0.229,"07/08/2026 4:59 PM","Middle",08,"P01","Late",16.9875,"suraj karkee","41:00:13:15",39.20843166666667,-96.59382333333333,""
6494451,"Whole Data Set",1,35.576,38.96,0.0005,184.864,41.618,-4.79,55.02129975,233.785,1.395,0.523,0.199,0.278,3.53,0.481,0.521,-0.002,69.06,0.24,0.092,"07/08/2026 4:59 PM","Lower",08,"P01","Late",16.997500000000002,"suraj karkee","41:00:13:15",39.208373333333334,-96.59386,""
6494450,"Whole Data Set",1,65.862,27.11,-0.00001,-50.023,58.234,-0.08,103.11509339999999,393.044,0.995,0.583,0.209,0.208,2.809,0.061,0.602,0.337,61.94,0.06,0.001,"07/09/2026 9:15 AM","Upper",04,"P01","Morning",9.256388888888889,"suraj karkee","41:00:13:15",39.208351666666665,-96.59386,""
6494449,"Whole Data Set",1,64.77,27.38,0.00018,287.893,59.689,-1.13,43.7926338,161.388,0.899,0.603,0.209,0.188,3.428,0.448,0.554,-0.002,66.95,0.22,0.052,"07/09/2026 9:15 AM","Middle",04,"P01","Morning",9.265277777777778,"suraj karkee","41:00:13:15",39.208396666666665,-96.59385333333333,""
6494448,"Whole Data Set",1,63.835,27.63,0.00086,193.45,65.165,0.36,182.98003500000002,1161.778,1.632,0.35,0.247,0.403,5.191,0.373,0.6,0.027,69.48,0.27,0.166,"07/09/2026 9:16 AM","Lower",04,"P01","Morning",9.274166666666668,"suraj karkee","41:00:13:15",39.208378333333336,-96.59387166666666,""
6494447,"Whole Data Set",1,63.744,28.23,0.00086,203.225,58.474,-0.8,196.29081720000002,1225.286,1.684,0.356,0.24,0.404,4.521,0.384,0.489,0.127,63.69,0.23,0.175,"07/09/2026 9:17 AM","Upper",05,"P01","Morning",9.295555555555556,"suraj karkee","41:00:13:15",39.20836666666666,-96.59384666666668,""
6494446,"Whole Data Set",1,63.535,28.49,0.00012,357.434,62.754,-1.6,26.839592999999997,100.41,0.927,0.594,0.211,0.195,3.707,0.434,0.576,-0.01,65.79,0.23,0.043,"07/09/2026 9:18 AM","Middle",05,"P01","Morning",9.305555555555557,"suraj karkee","41:00:13:15",39.20836,-96.59383166666666,""
6494445,"Whole Data Set",1,62.738,28.75,0.00049,142.714,34.236,-1.72,49.258311299999995,187.758,0.936,0.583,0.215,0.202,3.676,0.282,0.689,0.028,65.57,0.24,0.07,"07/09/2026 9:18 AM","Lower",05,"P01","Morning",9.315555555555557,"suraj karkee","41:00:13:15",39.20836666666666,-96.59387166666666,""
6494444,"Whole Data Set",1,62.652,29.05,0.00015,290.217,61.807,0.28,40.46723145,155.853,0.906,0.577,0.222,0.201,3.728,0.487,0.571,-0.059,65.34,0.25,0.044,"07/09/2026 9:19 AM","Upper",06,"P01","Morning",9.326666666666666,"suraj karkee","41:00:13:15",39.208385,-96.59384,""
6494443,"Whole Data Set",1,59.99,29.33,0.00059,107.452,55.317,-2.54,64.1278953,262.927,0.891,0.542,0.242,0.216,3.354,0.366,0.551,0.082,66.48,0.24,0.063,"07/09/2026 9:20 AM","Middle",06,"P01","Morning",9.336944444444445,"suraj karkee","41:00:13:15",39.208380000000005,-96.593845,""
6494442,"Whole Data Set",1,58.464,29.6,0.0004,165.937,48.714,-2.11,54.449395200000005,222.424,0.982,0.544,0.23,0.226,4.664,0.24,0.701,0.059,68.62,0.24,0.066,"07/09/2026 9:20 AM","Lower",06,"P01","Morning",9.348055555555556,"suraj karkee","41:00:13:15",39.20839,-96.59382666666667,""
6494441,"Whole Data Set",1,57.141,30.48,0.00065,259.775,62.829,-2.45,174.98472569999998,1086.187,2.463,0.358,0.185,0.457,4.373,0.394,0.499,0.108,68.45,0.24,0.169,"07/09/2026 9:23 AM","Upper",08,"P01","Morning",9.386944444444444,"suraj karkee","41:00:13:15",39.20835,-96.59384166666665,""
6494440,"Whole Data Set",1,58.002,30.68,0.00018,399.997,45.448,-2.61,31.6726641,117.502,0.991,0.599,0.202,0.2,3.469,0.481,0.464,0.055,65.93,0.25,0.072,"07/09/2026 9:23 AM","Middle",08,"P01","Morning",9.395833333333332,"suraj karkee","41:00:13:15",39.20838166666667,-96.59384666666668,""
6494439,"Whole Data Set",1,57.162,31.03,0.0002,361.779,48.369,-3.42,46.3839597,172.367,1.101,0.598,0.191,0.211,4.569,0.396,0.545,0.059,71.06,0.27,0.072,"07/09/2026 9:24 AM","Lower",08,"P01","Morning",9.411111111111111,"suraj karkee","41:00:13:15",39.20840166666667,-96.59385666666667,""
6494438,"Whole Data Set",1,49.48,33.14,0.00044,250.741,81.463,-5.15,142.7325246,714.377,1.696,0.444,0.206,0.35,-0.577,-5.009,5.573,0.435,65.82,0.44,0.11,"07/09/2026 9:35 AM","Upper",05,"P02","Morning",9.593611111111112,"suraj karkee","41:00:13:15",39.208421666666666,-96.59392166666666,""
6494437,"Whole Data Set",1,48.57,33.19,0.0004,330.143,70.194,-2.9,159.13270350000002,909.07,2.871,0.389,0.158,0.453,4.707,0.433,0.52,0.047,66.24,0.21,0.132,"07/09/2026 9:36 AM","Middle",05,"P02","Morning",9.603333333333333,"suraj karkee","41:00:13:15",39.20840666666666,-96.59394333333333,""
6494436,"Whole Data Set",1,49.49,33.24,0.00065,121.204,93.369,-4.39,85.2486012,397.986,2.069,0.476,0.171,0.354,4.655,0.557,0.403,0.04,66.98,0.24,0.079,"07/09/2026 9:36 AM","Lower",05,"P02","Morning",9.613055555555555,"suraj karkee","41:00:13:15",39.208378333333336,-96.59396,""
6494435,"Whole Data Set",1,50.751,33.36,0.00045,491.347,78.708,-2.11,228.55880249999996,1451.167,3.257,0.35,0.153,0.498,3.212,-0.092,0.214,0.879,64.59,0.28,0.221,"07/09/2026 9:37 AM","Upper",07,"P02","Morning",9.628333333333334,"suraj karkee","41:00:13:15",39.20842666666667,-96.59389666666667,""
6494434,"Whole Data Set",1,51.665,33.46,0.00045,290.81,9.2,-4.27,172.59759540000002,963.694,1.78,0.398,0.217,0.386,4.302,0.434,0.392,0.173,70.26,0.23,0.131,"07/09/2026 9:38 AM","Middle",07,"P02","Morning",9.639166666666666,"suraj karkee","41:00:13:15",39.208435,-96.593935,""
6494432,"Whole Data Set",1,51.045,33.55,0.00097,185.125,47.261,-3.3,258.7370436,1752.961,4.174,0.328,0.13,0.542,3.958,0.502,0.387,0.111,55.12,0.65,0.18,"07/09/2026 9:38 AM","Lower",07,"P02","Morning",9.649166666666666,"suraj karkee","41:00:13:15",39.208441666666666,-96.59391166666667,""
6494431,"Whole Data Set",1,50.798,33.68,0.00017,443.382,76.612,-3.11,50.4494244,183.186,0.742,0.612,0.223,0.165,4.324,0.597,0.48,-0.077,69.51,0.3,0.075,"07/09/2026 9:39 AM","Upper",09,"P02","Morning",9.661666666666667,"suraj karkee","41:00:13:15",39.20844,-96.59385833333333,""
6494430,"Whole Data Set",1,51.681,33.82,0.0012,4.196,56.134,-4.89,49.37791949999999,191.165,1.323,0.574,0.183,0.243,4.843,0.701,0.349,-0.05,70.59,0.35,0.005,"07/09/2026 9:40 AM","Middle",09,"P02","Morning",9.670555555555556,"suraj karkee","41:00:13:15",39.20847166666667,-96.59383000000001,""
6494429,"Whole Data Set",1,50.237,33.99,0.00015,299.881,56.767,-4.66,40.620333599999995,153.516,1.176,0.588,0.189,0.222,4.071,0.723,0.395,-0.118,67.65,0.24,0.045,"07/09/2026 9:40 AM","Lower",09,"P02","Morning",9.6825,"suraj karkee","41:00:13:15",39.208436666666664,-96.59387833333334,""
6494428,"Whole Data Set",1,50.398,34.15,0.00018,321.879,68.259,-5.98,46.7357364,176.328,1.1,0.589,0.196,0.215,4.614,0.536,0.542,-0.077,66.74,0.23,0.058,"07/09/2026 9:41 AM","Upper",11,"P02","Morning",9.693055555555556,"suraj karkee","41:00:13:15",39.208445,-96.59391,""
6494427,"Whole Data Set",1,49.84,34.27,0.00094,184.513,81.152,-3.52,204.4260405,1605.23,5.141,0.283,0.117,0.6,4.148,0.401,0.281,0.318,63.83,0.22,0.173,"07/09/2026 9:42 AM","Middle",11,"P02","Morning",9.701666666666666,"suraj karkee","41:00:13:15",39.208414999999995,-96.59393166666665,""
6494426,"Whole Data Set",1,50.627,34.4,0.00018,341.624,35.254,-4.93,58.058451000000005,229.98,1.288,0.561,0.192,0.247,4.286,0.596,0.41,-0.006,69.32,0.2,0.061,"07/09/2026 9:42 AM","Lower",11,"P02","Morning",9.711388888888887,"suraj karkee","41:00:13:15",39.20843,-96.59389666666667,""
6494425,"Whole Data Set",1,46.288,34.59,0.00044,438.847,42.236,-3.84,224.70823934999999,1430.807,3.572,0.349,0.142,0.509,3.57,0.427,0.333,0.24,62.72,0.25,0.193,"07/09/2026 9:43 AM","Upper",01,"P03","Morning",9.733055555555556,"suraj karkee","41:00:13:15",39.20843833333333,-96.59386,""
6494424,"Whole Data Set",1,49.342,35.18,0.00006,-480.825,28.691,-7.47,71.14002390000002,287.958,1.432,0.549,0.185,0.265,3.174,0.503,0.366,0.131,65.26,0.44,-0.029,"07/09/2026 9:47 AM","Middle",01,"P03","Morning",9.790555555555555,"suraj karkee","41:00:13:15",39.208443333333335,-96.59385666666667,""
6494423,"Whole Data Set",1,49.531,35.28,0.00141,109.12,21.236,-4.71,190.90273455000002,1168.673,1.978,0.363,0.214,0.423,5.412,0.334,0.485,0.181,69.69,0.27,0.154,"07/09/2026 9:48 AM","Lower",01,"P03","Morning",9.800833333333333,"suraj karkee","41:00:13:15",39.20845166666666,-96.59384333333334,""
6494422,"Whole Data Set",1,49.924,35.37,0.00069,220.532,55.24,-2.56,170.9865648,896.156,2.756,0.424,0.153,0.423,3.337,0.498,0.311,0.191,58.97,0.22,0.152,"07/09/2026 9:48 AM","Upper",02,"P03","Morning",9.811111111111112,"suraj karkee","41:00:13:15",39.20844,-96.59385333333333,""
6494421,"Whole Data Set",1,49.553,35.47,0.00047,269.502,35.425,-4.28,107.4182526,535.218,1.33,0.446,0.238,0.316,3.085,0.487,0.439,0.074,64.71,0.22,0.127,"07/09/2026 9:49 AM","Middle",02,"P03","Morning",9.82,"suraj karkee","41:00:13:15",39.208421666666666,-96.593875,""
6494420,"Whole Data Set",1,46.85,35.55,0.00017,321.33,25.554,-3.7,49.509690750000004,198.237,1.512,0.555,0.177,0.268,4.275,0.763,0.248,-0.012,68.13,0.27,0.055,"07/09/2026 9:49 AM","Lower",02,"P03","Morning",9.829444444444444,"suraj karkee","41:00:13:15",39.20841666666667,-96.59385833333333,""
6494419,"Whole Data Set",1,47.219,35.66,0.00017,325.81,52.228,-6.37,48.4428645,182.459,1.267,0.59,0.181,0.229,3.166,0.698,0.301,0.001,64.25,0.23,0.055,"07/09/2026 9:50 AM","Upper",05,"P03","Morning",9.84138888888889,"suraj karkee","41:00:13:15",39.208425000000005,-96.59382499999998,""
6494418,"Whole Data Set",1,46.737,35.74,0.00021,245.84,51.944,-6.77,65.196846,253.29,1.379,0.572,0.18,0.248,4.951,0.474,0.59,-0.064,68.58,0.39,0.052,"07/09/2026 9:51 AM","Middle",05,"P03","Morning",9.850833333333332,"suraj karkee","41:00:13:15",39.20843,-96.59384833333334,""
6494417,"Whole Data Set",1,46.924,35.81,0.00013,312.623,35.271,-6.7,40.109255999999995,145.64,1.167,0.612,0.179,0.209,3.428,0.48,0.36,0.16,68.81,0.32,0.041,"07/09/2026 9:51 AM","Lower",05,"P03","Morning",9.860833333333334,"suraj karkee","41:00:13:15",39.208441666666666,-96.59384333333334,""
6494416,"Whole Data Set",1,47.618,35.93,0.00049,199.88,54.21,-4.82,98.48275605,428.279,1.485,0.511,0.197,0.292,2.965,0.339,0.198,0.462,66.88,0.36,0.098,"07/09/2026 9:52 AM","Upper",10,"P03","Morning",9.879444444444445,"suraj karkee","41:00:13:15",39.20847333333334,-96.59381333333334,""
6494415,"Whole Data Set",1,47.697,36,0.0004,409.555,57.849,-3.63,195.3970128,1176.736,2.776,0.369,0.167,0.464,3.799,0.516,0.342,0.142,67.76,0.23,0.164,"07/09/2026 9:53 AM","Middle",10,"P03","Morning",9.88861111111111,"suraj karkee","41:00:13:15",39.20844833333333,-96.59383166666666,""
6494414,"Whole Data Set",1,48.15,36.1,0.00047,237.459,14.159,-4.63,173.33648639999998,859.804,2.16,0.448,0.175,0.377,3.412,0.628,0.291,0.081,66.08,0.26,0.112,"07/09/2026 9:53 AM","Lower",10,"P03","Morning",9.89861111111111,"suraj karkee","41:00:13:15",39.20847833333333,-96.59382333333333,""
6494365,"Whole Data Set",1,35.409,43.45,0.00048,298.57,64.507,-9.06,128.26755,703.8,3.277,0.405,0.139,0.456,3.091,0.701,0.161,0.137,62.29,0.29,0.143,"07/09/2026 12:05 PM","Upper",04,"P01","Noon",12.084444444444445,"suraj karkee","41:00:13:15",39.20836166666666,-96.59382666666667,""
6494364,"Whole Data Set",1,34.947,43.32,0.00047,318.205,54.859,-9.23,109.5922602,513.794,2.285,0.474,0.16,0.366,3.602,0.863,0.282,-0.145,66.13,0.22,0.15,"07/09/2026 12:05 PM","Middle",04,"P01","Noon",12.093333333333334,"suraj karkee","41:00:13:15",39.208355,-96.59385499999999,""
6494363,"Whole Data Set",1,34.682,43.18,0.00017,472.988,51.218,-10.29,49.3245837,189.637,1.583,0.578,0.163,0.258,5.261,0.644,0.406,-0.05,68.58,0.32,0.08,"07/09/2026 12:06 PM","Lower",04,"P01","Noon",12.102222222222222,"suraj karkee","41:00:13:15",39.20836833333333,-96.59386833333335,""
6494362,"Whole Data Set",1,34.387,42.98,0.00033,196.141,79.002,-10.27,57.68916120000001,248.446,1.996,0.516,0.162,0.322,3.499,0.694,0.275,0.03,63.97,0.24,0.065,"07/09/2026 12:06 PM","Upper",05,"P01","Noon",12.113888888888889,"suraj karkee","41:00:13:15",39.20833666666667,-96.59384833333334,""
6494361,"Whole Data Set",1,34.665,42.8,0.00055,268.536,62.19,-9.57,169.30035135,997.939,3.979,0.377,0.125,0.498,3.243,0.622,0.126,0.252,64.02,0.29,0.148,"07/09/2026 12:07 PM","Middle",05,"P01","Noon",12.123611111111112,"suraj karkee","41:00:13:15",39.208365,-96.59385499999999,""
6494360,"Whole Data Set",1,31.813,42.61,0.0007,161.82,54.776,-9.42,94.4370414,424.818,1.654,0.494,0.191,0.315,3.107,0.686,0.142,0.172,67.51,0.35,0.113,"07/09/2026 12:07 PM","Lower",05,"P01","Noon",12.132777777777779,"suraj karkee","41:00:13:15",39.20841333333333,-96.59384166666665,""
6494359,"Whole Data Set",1,31.573,42.3,0.0002,315.266,55.534,-11.15,69.3394236,271.281,1.558,0.568,0.169,0.263,3.882,0.426,0.35,0.223,60.81,0.33,0.063,"07/09/2026 12:08 PM","Upper",06,"P01","Noon",12.143055555555556,"suraj karkee","41:00:13:15",39.2084,-96.59387666666667,""
6494358,"Whole Data Set",1,32.253,42.09,0.00014,687.432,65.02,-8.42,48.344769,185.229,1.442,0.58,0.172,0.248,3.553,0.767,0.25,-0.017,63.5,0.19,0.096,"07/09/2026 12:09 PM","Middle",06,"P01","Noon",12.153055555555556,"suraj karkee","41:00:13:15",39.20842833333334,-96.59381666666668,""
6494357,"Whole Data Set",1,32.931,41.87,0.00078,278.306,64.316,-9.42,200.91740850000002,1404.035,4.523,0.318,0.124,0.559,3.634,0.465,0.288,0.247,66.18,0.3,0.217,"07/09/2026 12:09 PM","Lower",06,"P01","Noon",12.162777777777778,"suraj karkee","41:00:13:15",39.20841166666666,-96.59382166666667,""
6494356,"Whole Data Set",1,33.511,41.65,0.00063,286.402,66.932,-8.36,188.93080709999998,1394.838,5.305,0.301,0.111,0.588,3.44,0.677,0.245,0.078,64.12,0.24,0.18,"07/09/2026 12:10 PM","Upper",08,"P01","Noon",12.175555555555555,"suraj karkee","41:00:13:15",39.208391666666664,-96.59387666666667,""
6494355,"Whole Data Set",1,33.867,41.54,0.00058,188.571,59.619,-9.09,92.80584495000001,418.327,1.646,0.493,0.192,0.315,3.58,0.585,0.394,0.021,67.63,0.2,0.109,"07/09/2026 12:11 PM","Middle",08,"P01","Noon",12.18361111111111,"suraj karkee","41:00:13:15",39.208425000000005,-96.59384166666665,""
6494354,"Whole Data Set",1,33.844,41.38,0.00064,327.59,59.806,-7.45,193.4608338,1437.836,4.366,0.299,0.131,0.571,3.476,0.496,0.29,0.213,67.83,0.24,0.21,"07/09/2026 12:11 PM","Lower",08,"P01","Noon",12.193333333333333,"suraj karkee","41:00:13:15",39.20838666666667,-96.59387166666666,""
6494353,"Whole Data Set",1,36.641,39.6,0.00012,390.188,82.125,-7.45,39.5634384,150.032,1.334,0.586,0.177,0.236,3.481,0.802,0.163,0.035,63.44,0.29,0.047,"07/09/2026 12:21 PM","Upper",05,"P02","Noon",12.358611111111111,"suraj karkee","41:00:13:15",39.20842833333334,-96.59395166666667,""
6494352,"Whole Data Set",1,37.785,39.55,0.00021,258.69,47.761,-5,70.7397075,320.815,2.094,0.49,0.165,0.345,3.511,0.919,0.178,-0.097,68.27,0.26,0.054,"07/09/2026 12:22 PM","Middle",05,"P02","Noon",12.369166666666667,"suraj karkee","41:00:13:15",39.20841166666666,-96.59395,""
6494351,"Whole Data Set",1,37.796,39.54,0.00071,173.972,93.566,-7.13,110.64137760000001,539.188,1.629,0.456,0.207,0.337,4.158,0.725,0.221,0.054,70.2,0.31,0.124,"07/09/2026 12:22 PM","Lower",05,"P02","Noon",12.377500000000001,"suraj karkee","41:00:13:15",39.20841333333333,-96.59394499999999,""
6494350,"Whole Data Set",1,36.271,39.51,0.00052,348.022,59.387,-6.92,208.03395825,1302.247,3.673,0.355,0.138,0.507,3.479,0.695,0.259,0.046,62.36,0.24,0.181,"07/09/2026 12:23 PM","Upper",07,"P02","Noon",12.38888888888889,"suraj karkee","41:00:13:15",39.20841,-96.59394499999999,""
6494349,"Whole Data Set",1,37.092,39.49,0.00069,213.489,74.362,-6.94,145.43635319999999,820.284,3.345,0.394,0.14,0.467,4.011,0.636,0.228,0.136,65.35,0.29,0.147,"07/09/2026 12:23 PM","Middle",07,"P02","Noon",12.398333333333333,"suraj karkee","41:00:13:15",39.208396666666665,-96.59392000000001,""
6494348,"Whole Data Set",1,37.828,39.49,0.00047,468.327,7.386,-6,259.232733,1933.13,4.101,0.298,0.138,0.564,3.597,0.58,0.197,0.223,69.81,0.28,0.22,"07/09/2026 12:24 PM","Lower",07,"P02","Noon",12.4075,"suraj karkee","41:00:13:15",39.20838833333333,-96.59388666666668,""
6494346,"Whole Data Set",1,38.061,39.52,0.00019,377.734,76.481,-4.61,68.65918425,248.091,0.891,0.615,0.204,0.182,3.695,0.833,0.252,-0.085,68,0.28,0.072,"07/09/2026 12:25 PM","Upper",09,"P02","Noon",12.42361111111111,"suraj karkee","41:00:13:15",39.208420000000004,-96.59388166666668,""
6494345,"Whole Data Set",1,38.618,39.55,0.00127,130.908,57.928,-7.18,150.5616579,914.157,3.048,0.366,0.157,0.478,4.902,0.495,0.31,0.195,71.36,0.3,0.166,"07/09/2026 12:25 PM","Middle",09,"P02","Noon",12.432222222222222,"suraj karkee","41:00:13:15",39.208396666666665,-96.59384,""
6494344,"Whole Data Set",1,38.064,39.57,0.00077,254.976,30.307,-6.08,239.96318849999997,1871.058,5.412,0.285,0.112,0.604,3.993,0.511,0.168,0.321,68.92,0.31,0.196,"07/09/2026 12:26 PM","Lower",09,"P02","Noon",12.442777777777778,"suraj karkee","41:00:13:15",39.20841,-96.59388499999999,""
6494343,"Whole Data Set",1,37.691,39.59,0.00049,271.955,60.27,-7.82,84.9849975,419.679,1.644,0.45,0.208,0.342,3.668,0.63,0.332,0.038,65.13,0.19,0.133,"07/09/2026 12:27 PM","Upper",11,"P02","Noon",12.452777777777778,"suraj karkee","41:00:13:15",39.20844666666667,-96.59394499999999,""
6494342,"Whole Data Set",1,37.656,39.6,0.00114,159.681,57.33,-6.71,114.99768180000001,753.836,3.017,0.339,0.165,0.497,3.781,0.627,0.116,0.257,68.71,0.2,0.182,"07/09/2026 12:27 PM","Middle",11,"P02","Noon",12.461944444444443,"suraj karkee","41:00:13:15",39.208405,-96.59396333333333,""
6494341,"Whole Data Set",1,37.948,39.62,0.00056,275.239,51.148,-7.47,168.6788433,1004.938,2.586,0.373,0.175,0.452,3.337,0.681,0.084,0.235,68.72,0.22,0.154,"07/09/2026 12:28 PM","Lower",11,"P02","Noon",12.470277777777778,"suraj karkee","41:00:13:15",39.20844,-96.59392000000001,""
6494340,"Whole Data Set",1,33.883,39.6,0.00099,211.416,52.466,-7.61,234.1813041,2024.914,4.089,0.257,0.146,0.597,2.942,0.121,-0.046,0.925,64.08,0.25,0.209,"07/09/2026 12:29 PM","Upper",01,"P03","Noon",12.498888888888889,"suraj karkee","41:00:13:15",39.208414999999995,-96.59384999999999,""
6494339,"Whole Data Set",1,33.85,39.48,0.00057,276.085,42.018,-7.75,198.10180125000002,1193.025,3.217,0.369,0.15,0.481,4.433,0.555,0.324,0.122,68.21,0.21,0.157,"07/09/2026 12:30 PM","Middle",01,"P03","Noon",12.509444444444444,"suraj karkee","41:00:13:15",39.20842833333334,-96.59383333333332,""
6494338,"Whole Data Set",1,34.311,39.33,0.00056,364.397,35.264,-8.08,227.1765951,2043.874,4.952,0.247,0.127,0.626,3.407,0.729,-0.028,0.298,68.32,0.28,0.204,"07/09/2026 12:31 PM","Lower",01,"P03","Noon",12.519444444444446,"suraj karkee","41:00:13:15",39.208443333333335,-96.59383833333335,""
6494337,"Whole Data Set",1,34.651,39.19,0.00079,271.277,51.959,-7.34,258.7306626,1929.386,5.027,0.298,0.117,0.586,3.119,0.523,0.094,0.383,62.29,0.22,0.214,"07/09/2026 12:31 PM","Upper",02,"P03","Noon",12.53277777777778,"suraj karkee","41:00:13:15",39.20845333333333,-96.59383333333332,""
6494336,"Whole Data Set",1,33.955,39.1,0.00101,211.245,42.869,-6.77,204.286644,1233.615,2.839,0.368,0.165,0.467,5.221,0.567,0.433,0,67.33,0.3,0.213,"07/09/2026 12:32 PM","Middle",02,"P03","Noon",12.541944444444445,"suraj karkee","41:00:13:15",39.208465000000004,-96.59384166666665,""
6494335,"Whole Data Set",1,34.452,38.95,0.0002,278.039,28.92,-7.52,62.063100000000006,250.76,1.691,0.55,0.167,0.283,3.454,0.802,0.257,-0.059,69.84,0.21,0.056,"07/09/2026 12:33 PM","Lower",02,"P03","Noon",12.551944444444445,"suraj karkee","41:00:13:15",39.208441666666666,-96.59383833333335,""
6494334,"Whole Data Set",1,34.487,38.78,0.00047,249.837,45.682,-8.27,170.86861394999997,674.437,1.384,0.563,0.183,0.253,4.007,0.746,0.337,-0.084,64.36,0.24,0.117,"07/09/2026 12:33 PM","Upper",05,"P03","Noon",12.563611111111111,"suraj karkee","41:00:13:15",39.208445,-96.59383000000001,""
6494333,"Whole Data Set",1,35.14,38.63,0.00044,398.255,51.378,-8.12,221.9205483,1545.946,3.595,0.319,0.148,0.533,4.825,0.323,0.295,0.382,69.11,0.25,0.175,"07/09/2026 12:34 PM","Middle",05,"P03","Noon",12.572777777777777,"suraj karkee","41:00:13:15",39.208443333333335,-96.59384,""
6494332,"Whole Data Set",1,35.003,38.58,0.00139,142,35.228,-7.71,204.81092639999997,1323.068,2.299,0.344,0.199,0.457,3.285,0.607,0.14,0.253,68.53,0.27,0.197,"07/09/2026 12:34 PM","Lower",05,"P03","Noon",12.582777777777778,"suraj karkee","41:00:13:15",39.20843166666667,-96.59383666666666,""
6494331,"Whole Data Set",1,35.862,38.46,0.00082,211.255,46.727,-8.31,182.729727,1140.635,2.135,0.356,0.205,0.439,3.904,0.719,0.149,0.132,65.14,0.23,0.173,"07/09/2026 12:36 PM","Upper",10,"P03","Noon",12.6,"suraj karkee","41:00:13:15",39.20847666666667,-96.59383333333332,""
6494330,"Whole Data Set",1,34.855,38.37,0.00017,432.207,54.468,-8.26,52.59346695,221.773,2.048,0.527,0.155,0.318,3.644,1.044,0.018,-0.062,69.59,0.28,0.073,"07/09/2026 12:36 PM","Middle",10,"P03","Noon",12.609722222222222,"suraj karkee","41:00:13:15",39.20846166666667,-96.593835,""
6494329,"Whole Data Set",1,34.908,38.28,0.00075,252.064,10.248,-8.41,265.6276191,1898.018,4.41,0.311,0.127,0.561,3.546,0.453,-0.026,0.573,67.88,0.28,0.189,"07/09/2026 12:37 PM","Lower",10,"P03","Noon",12.619444444444445,"suraj karkee","41:00:13:15",39.20843166666667,-96.59381,""
6491573,"Whole Data Set",1,57.186,26.55,0.00065,148.543,42.863,1.06,181.2687732,934.616,2.082,0.431,0.184,0.384,4.124,0.365,0.345,0.29,67.1,0.28,0.097,"07/08/2026 8:39 AM","Upper",05,"P02","Morning",8.652777777777779,"suraj karkee","41:00:13:15",39.208436666666664,-96.59385333333333,""
6491572,"Whole Data Set",1,56.513,27.24,0.00095,99.335,113.563,-0.03,89.43658289999999,404.782,1.427,0.491,0.21,0.299,4.87,0.399,0.489,0.112,68.41,0.32,0.094,"07/08/2026 8:40 AM","Middle",05,"P02","Morning",8.678055555555554,"suraj karkee","41:00:13:15",39.208445,-96.59391,""
6491571,"Whole Data Set",1,56.259,27.65,0.00067,144.915,13.773,-0.16,131.00068755,628.753,1.382,0.463,0.225,0.312,4.171,0.265,0.504,0.231,69.76,0.26,0.097,"07/08/2026 8:41 AM","Lower",05,"P02","Morning",8.6925,"suraj karkee","41:00:13:15",39.20843333333333,-96.59392333333332,""
6491570,"Whole Data Set",1,55.459,28.28,0.00061,120.303,22.905,-0.93,113.4710784,492.496,1.354,0.512,0.207,0.281,3.761,0.32,0.478,0.202,65.77,0.24,0.073,"07/08/2026 8:42 AM","Upper",07,"P02","Morning",8.713055555555554,"suraj karkee","41:00:13:15",39.208435,-96.59391,""
6491569,"Whole Data Set",1,55.054,28.63,0.00047,305.517,30.653,0.38,206.22625379999997,1231.937,2.434,0.372,0.183,0.445,4.454,0.523,0.405,0.072,69.4,0.27,0.144,"07/08/2026 8:43 AM","Middle",07,"P02","Morning",8.725277777777778,"suraj karkee","41:00:13:15",39.20844666666667,-96.59388499999999,""
6491568,"Whole Data Set",1,54.448,29.05,0.00048,220.826,13.447,0,142.90877114999998,674.257,1.382,0.471,0.222,0.307,4.677,0.402,0.621,-0.023,71.17,0.19,0.106,"07/08/2026 8:44 AM","Lower",07,"P02","Morning",8.74111111111111,"suraj karkee","41:00:13:15",39.20841,-96.59388166666668,""
6491567,"Whole Data Set",1,52.292,29.93,0.00017,231.168,75.233,-0.38,42.618428550000004,153.001,0.708,0.619,0.223,0.158,7.737,0.267,0.834,-0.101,68,0.65,0.039,"07/08/2026 8:46 AM","Upper",09,"P02","Morning",8.775555555555556,"suraj karkee","41:00:13:15",39.20845333333333,-96.59385666666667,""
6491566,"Whole Data Set",1,52.734,30.19,0.00059,207.17,49.576,-0.32,157.01135580000002,745.543,2.139,0.468,0.169,0.362,4.205,0.636,0.268,0.096,70.04,0.26,0.122,"07/08/2026 8:47 AM","Middle",09,"P02","Morning",8.785,"suraj karkee","41:00:13:15",39.208435,-96.59384333333334,""
6491565,"Whole Data Set",1,51.176,30.48,0.00015,421.376,18.032,-2.05,44.2262808,157.501,0.885,0.624,0.199,0.176,3.415,0.642,0.373,-0.015,69.37,0.32,0.063,"07/08/2026 8:47 AM","Lower",09,"P02","Morning",8.795,"suraj karkee","41:00:13:15",39.20844,-96.59386666666666,""
6491564,"Whole Data Set",1,51.159,31.18,0.00103,176.012,79.722,-0.11,204.6810393,1552.378,4.88,0.293,0.12,0.587,4.536,0.512,0.478,0.01,64.54,0.24,0.181,"07/08/2026 8:49 AM","Upper",11,"P02","Morning",8.820833333333333,"suraj karkee","41:00:13:15",39.2086121,-96.5983553,""
6491563,"Whole Data Set",1,51.256,31.4,0.00012,303.494,28.268,-2.03,36.5289912,131.352,0.93,0.618,0.198,0.184,3.863,0.764,0.234,0.002,68.54,0.25,0.036,"07/08/2026 8:49 AM","Middle",11,"P02","Morning",8.830555555555556,"suraj karkee","41:00:13:15",39.208443333333335,-96.59389666666667,""
6491562,"Whole Data Set",1,50.416,31.62,0.00061,307.431,25.541,-2.15,205.478424,1327.38,2.917,0.344,0.167,0.488,4.211,0.424,0.366,0.211,67.98,0.31,0.188,"07/08/2026 8:50 AM","Lower",11,"P02","Morning",8.840555555555556,"suraj karkee","41:00:13:15",39.20840666666666,-96.59388499999999,""
6491561,"Whole Data Set",1,48.845,30.76,0.00063,187.803,47.614,-1.87,174.83411925000001,973.735,1.96,0.399,0.203,0.398,4.924,0.39,0.393,0.217,68.41,0.3,0.118,"07/08/2026 9:09 AM","Upper",05,"P02","Morning",9.164166666666667,"suraj karkee","41:00:13:15",39.208436666666664,-96.59385666666667,""
6491560,"Whole Data Set",1,48.548,30.85,0.00091,162.021,94.881,-2.42,148.05846,875.05,1.967,0.376,0.21,0.414,3.809,0.718,0.128,0.153,68.7,0.34,0.147,"07/08/2026 9:10 AM","Middle",05,"P02","Morning",9.173333333333332,"suraj karkee","41:00:13:15",39.20841333333333,-96.5939,""
6491559,"Whole Data Set",1,49.532,30.99,0.00139,108.951,32.785,-2.36,179.22184199999998,1154.408,1.704,0.345,0.242,0.413,4.398,0.351,0.287,0.362,67.05,0.51,0.151,"07/08/2026 9:11 AM","Lower",05,"P02","Morning",9.18361111111111,"suraj karkee","41:00:13:15",39.20842666666667,-96.59389666666667,""
6491558,"Whole Data Set",1,49.647,31.19,0.00085,106.96,18.759,-2.38,111.44818755000001,517.041,1.551,0.479,0.204,0.317,4.075,0.469,0.43,0.101,69.52,0.28,0.091,"07/08/2026 9:11 AM","Upper",07,"P02","Morning",9.194444444444445,"suraj karkee","41:00:13:15",39.20845333333333,-96.5939,""
6491557,"Whole Data Set",1,49.905,31.39,0.00088,199.258,34.318,-0.06,227.38429440000002,1540.544,3.624,0.328,0.145,0.527,4.762,0.477,0.471,0.051,69.48,0.28,0.175,"07/08/2026 9:12 AM","Middle",07,"P02","Morning",9.204444444444444,"suraj karkee","41:00:13:15",39.208463333333334,-96.593895,""
6491556,"Whole Data Set",1,49.298,31.57,0.00044,371.457,10.893,-1.96,156.225285,859.325,1.819,0.404,0.211,0.385,3.577,0.422,0.579,-0.001,68.92,0.24,0.163,"07/08/2026 9:12 AM","Lower",07,"P02","Morning",9.213888888888889,"suraj karkee","41:00:13:15",39.20845,-96.59388499999999,""
6491555,"Whole Data Set",1,48.778,31.8,0.00015,339.04,76.26,-1.87,49.390041599999996,173.664,0.652,0.632,0.223,0.145,4.104,0.608,0.475,-0.083,69.08,0.3,0.051,"07/08/2026 9:13 AM","Upper",09,"P02","Morning",9.225555555555555,"suraj karkee","41:00:13:15",39.208470000000005,-96.59385666666667,""
6491554,"Whole Data Set",1,47.937,32.02,0.00086,143.1,55.457,-2.97,103.06921725,472.253,2.031,0.485,0.17,0.345,5.013,0.501,0.346,0.152,69.2,0.31,0.123,"07/08/2026 9:14 AM","Middle",09,"P02","Morning",9.235277777777776,"suraj karkee","41:00:13:15",39.20844666666667,-96.59384833333334,""
6491553,"Whole Data Set",1,46.892,32.22,0.00013,397.822,49.13,-3.33,40.332629700000005,150.889,1.221,0.594,0.183,0.223,4.276,0.653,0.366,-0.019,70.57,0.23,0.052,"07/08/2026 9:14 AM","Lower",09,"P02","Morning",9.245,"suraj karkee","41:00:13:15",39.208435,-96.59387,""
6491552,"Whole Data Set",1,46.989,32.48,0.00085,214.28,64.633,-2.01,238.40206650000002,1687.205,4.383,0.314,0.128,0.559,3.488,0.527,0.25,0.223,65.59,0.26,0.182,"07/08/2026 9:15 AM","Upper",11,"P02","Morning",9.2575,"suraj karkee","41:00:13:15",39.20843,-96.59390333333334,""
6491551,"Whole Data Set",1,47.601,32.89,0.00012,466.282,37.038,-2.88,36.8218629,135.027,1.085,0.606,0.189,0.205,4.451,0.616,0.364,0.02,70.03,0.21,0.056,"07/08/2026 9:16 AM","Middle",11,"P02","Morning",9.278611111111111,"suraj karkee","41:00:13:15",39.208418333333334,-96.59391666666667,""
6491550,"Whole Data Set",1,47.269,33.13,0.00016,254.73,27.523,-2.76,58.075402499999996,224.446,1.215,0.575,0.192,0.233,4.097,0.756,0.335,-0.09,70.55,0.35,0.041,"07/08/2026 9:17 AM","Lower",11,"P02","Morning",9.2925,"suraj karkee","41:00:13:15",39.20841666666667,-96.59391666666667,""
6491549,"Whole Data Set",1,42.183,35.36,0.00014,363.233,52.491,-2.51,39.38535495,138.267,0.887,0.633,0.195,0.172,3.433,0.858,0.205,-0.062,66.34,0.21,0.051,"07/08/2026 9:29 AM","Upper",04,"P01","Morning",9.48361111111111,"suraj karkee","41:00:13:15",39.208375000000004,-96.59384166666665,""
6491548,"Whole Data Set",1,41.662,35.43,0.00015,350.082,63.664,-0.52,43.20648675,156.121,1.061,0.615,0.187,0.198,4.117,0.61,0.407,-0.017,69.52,0.26,0.053,"07/08/2026 9:29 AM","Middle",04,"P01","Morning",9.499444444444444,"suraj karkee","41:00:13:15",39.20838666666667,-96.59383000000001,""
6491547,"Whole Data Set",1,40.583,35.53,0.00118,97.132,28.179,-3.98,84.86079705,387.227,1.194,0.487,0.234,0.279,3.4,0.497,0.403,0.1,67.28,0.24,0.115,"07/08/2026 9:34 AM","Lower",04,"P01","Morning",9.571666666666667,"suraj karkee","41:00:13:15",39.20838833333333,-96.59380000000002,""
6491546,"Whole Data Set",1,41.051,35.54,0.00025,292.673,55.794,-3.55,81.51372719999999,310.174,1.034,0.584,0.205,0.212,3.105,0.789,0.267,-0.056,64.45,0.25,0.073,"07/08/2026 9:35 AM","Upper",05,"P01","Morning",9.58361111111111,"suraj karkee","41:00:13:15",39.20840666666666,-96.59382166666667,""
6491545,"Whole Data Set",1,41.717,35.64,0.00011,440.08,65.839,-4.21,28.5855048,104.824,1.133,0.606,0.185,0.209,3.672,0.662,0.357,-0.019,66.57,0.22,0.048,"07/08/2026 9:36 AM","Middle",05,"P01","Morning",9.600555555555555,"suraj karkee","41:00:13:15",39.20841333333333,-96.59380833333334,""
6491544,"Whole Data Set",1,40.729,35.7,0.00042,121.334,31.23,-4.77,39.686586299999995,150.499,1.196,0.586,0.189,0.226,3.387,0.569,0.454,-0.022,68.49,0.23,0.051,"07/08/2026 9:36 AM","Lower",05,"P01","Morning",9.610277777777778,"suraj karkee","41:00:13:15",39.208420000000004,-96.59381499999999,""
6491543,"Whole Data Set",1,40.09,35.78,0.00013,288.068,71.673,-3.33,37.447593749999996,133.147,0.79,0.625,0.21,0.166,3.426,0.635,0.252,0.113,66.7,0.26,0.037,"07/08/2026 9:37 AM","Upper",06,"P01","Morning",9.625,"suraj karkee","41:00:13:15",39.20841333333333,-96.59380666666667,""
6491542,"Whole Data Set",1,39.953,35.87,0.00032,245.121,40.601,-4.1,84.252042,328.468,1.123,0.57,0.202,0.227,3.401,0.802,0.336,-0.137,69.31,0.33,0.078,"07/08/2026 9:39 AM","Lower",06,"P01","Morning",9.6525,"suraj karkee","41:00:13:15",39.20844666666667,-96.59378999999998,""
6491541,"Whole Data Set",1,40.894,35.93,0.00154,99.809,61.419,-4.78,171.244638,932.705,1.909,0.408,0.203,0.388,27.932,0.086,0.918,-0.003,67.73,1.22,0.154,"07/08/2026 9:39 AM","Middle",06,"P01","Morning",9.665555555555557,"suraj karkee","41:00:13:15",39.20842833333334,-96.59380666666667,""
6491540,"Whole Data Set",1,40.421,36.01,0.00016,335.157,62.428,-5.5,53.23708799999999,205.39,1.447,0.576,0.173,0.251,4.322,0.608,0.246,0.147,66.33,0.31,0.054,"07/08/2026 9:40 AM","Upper",08,"P01","Morning",9.681111111111111,"suraj karkee","41:00:13:15",39.20843,-96.59379666666668,""
6491539,"Whole Data Set",1,40.414,36.07,0.0001,384.759,55.948,-4.44,35.16103125,125.017,0.85,0.625,0.203,0.172,3.053,0.845,0.249,-0.094,63.41,0.34,0.038,"07/08/2026 9:41 AM","Middle",08,"P01","Morning",9.6925,"suraj karkee","41:00:13:15",39.20848,-96.59378333333333,""
6491538,"Whole Data Set",1,40.143,36.11,0.00012,412.504,58.986,-6.1,35.52426,130.7,1.223,0.604,0.178,0.218,3.131,0.76,0.256,-0.016,69.85,0.26,0.05,"07/08/2026 9:42 AM","Lower",08,"P01","Morning",9.701666666666666,"suraj karkee","41:00:13:15",39.20842833333334,-96.59379166666668,""
6491537,"Whole Data Set",1,40.462,36.21,0.00029,262.37,44.169,-5.34,104.9160168,403.368,1.104,0.578,0.201,0.221,2.817,0.927,0.142,-0.069,68.17,0.28,0.076,"07/08/2026 9:43 AM","Upper",01,"P03","Morning",9.719444444444445,"suraj karkee","41:00:13:15",39.20852,-96.59378666666667,""
6491536,"Whole Data Set",1,39.988,36.27,0.00058,313.974,18.396,-4.46,242.53866000000002,1585.22,3.901,0.34,0.135,0.525,3.208,0.561,0.212,0.227,68.92,0.26,0.182,"07/08/2026 9:43 AM","Middle",01,"P03","Morning",9.72888888888889,"suraj karkee","41:00:13:15",39.20844,-96.59382166666667,""
6491535,"Whole Data Set",1,40.077,36.32,0.00054,345.111,2.412,-4.85,186.76804814999997,1196.081,2.393,0.347,0.192,0.46,3.382,0.529,0.215,0.256,68.67,0.24,0.186,"07/08/2026 9:44 AM","Lower",01,"P03","Morning",9.743333333333332,"suraj karkee","41:00:13:15",39.20845833333333,-96.59380000000002,""
6491534,"Whole Data Set",1,40.407,36.39,0.00144,86.58,22.039,-5.2,139.84206525,767.309,1.873,0.405,0.207,0.388,3.236,0.482,0.291,0.227,66.1,0.26,0.125,"07/08/2026 9:45 AM","Upper",02,"P03","Morning",9.754722222222222,"suraj karkee","41:00:13:15",39.208483333333334,-96.59381833333333,""
6491533,"Whole Data Set",1,39.824,36.45,0.00061,302.672,38.415,-4.9,218.3433975,1511.55,3.689,0.321,0.145,0.534,2.758,0.929,0.02,0.05,65.26,0.33,0.185,"07/08/2026 9:45 AM","Middle",02,"P03","Morning",9.765555555555556,"suraj karkee","41:00:13:15",39.20845833333333,-96.59381833333333,""
6491532,"Whole Data Set",1,39.685,36.5,0.00056,360.055,10.071,-4.91,228.98767500000002,1453.89,3.594,0.35,0.141,0.508,-2.435,-1.757,2.205,0.553,68.75,0.73,0.202,"07/08/2026 9:46 AM","Lower",02,"P03","Morning",9.776111111111112,"suraj karkee","41:00:13:15",39.20849833333333,-96.59383833333335,""
6491531,"Whole Data Set",1,40.074,36.56,0.00014,345.506,57.111,-5.41,40.79800709999999,158.778,1.519,0.571,0.17,0.259,2.975,0.814,0.146,0.04,65.27,0.25,0.048,"07/08/2026 9:47 AM","Upper",05,"P03","Morning",9.788055555555555,"suraj karkee","41:00:13:15",39.208455,-96.59382666666667,""
6491529,"Whole Data Set",1,39.971,36.62,0.00042,384.002,50.512,-5.03,253.06527824999998,1620.655,3.582,0.347,0.143,0.511,3.416,0.541,0.18,0.279,66.95,0.25,0.161,"07/08/2026 9:47 AM","Middle",05,"P03","Morning",9.796944444444444,"suraj karkee","41:00:13:15",39.20845166666666,-96.59384166666665,""
6491528,"Whole Data Set",1,40.516,36.67,0.00012,450.265,28.45,-6.74,43.3375074,162.404,1.342,0.593,0.174,0.233,3.827,0.617,0.379,0.005,67.45,0.31,0.054,"07/08/2026 9:48 AM","Lower",05,"P03","Morning",9.806111111111111,"suraj karkee","41:00:13:15",39.208465000000004,-96.59382833333332,""
6491527,"Whole Data Set",1,40.114,36.76,0.00039,419.307,55.085,-4.91,213.11104635,1290.409,3.047,0.367,0.156,0.477,3.583,0.539,0.261,0.2,67.39,0.24,0.164,"07/08/2026 9:49 AM","Upper",10,"P03","Morning",9.818888888888889,"suraj karkee","41:00:13:15",39.20849166666667,-96.59378999999998,""
6491526,"Whole Data Set",1,39.723,36.8,0.00068,184.897,9.839,-6.11,167.0352408,909.778,2.342,0.408,0.177,0.415,3.937,0.503,0.185,0.311,68.72,0.3,0.126,"07/08/2026 9:49 AM","Middle",10,"P03","Morning",9.829166666666666,"suraj karkee","41:00:13:15",39.208475,-96.59381499999999,""
6491525,"Whole Data Set",1,39.955,36.85,0.00068,258.365,30.813,-4.56,186.61150170000002,1245.322,4.383,0.333,0.124,0.543,3.646,0.563,0.26,0.177,70.75,0.26,0.176,"07/08/2026 9:50 AM","Lower",10,"P03","Morning",9.83888888888889,"suraj karkee","41:00:13:15",39.208475,-96.59380333333333,""
6491524,"Whole Data Set",1,48.943,32.46,0.00023,318.188,49.421,-1.07,65.963574,252.734,1.486,0.58,0.169,0.251,4.305,0.702,0.215,0.083,66.88,0.29,0.073,"07/08/2026 12:05 PM","Upper",05,"P02","Noon",12.095555555555556,"suraj karkee","41:00:13:15",39.208455,-96.59388666666668,""
6491523,"Whole Data Set",1,49.002,32.67,0.00164,96.837,99.903,-1.2,147.41670870000002,1046.622,2.124,0.313,0.22,0.467,4.182,0.46,0.264,0.277,68.53,0.24,0.159,"07/08/2026 12:06 PM","Middle",05,"P02","Noon",12.105833333333333,"suraj karkee","41:00:13:15",39.20840166666667,-96.59393333333334,""
6491522,"Whole Data Set",1,49.198,33.17,0.00021,265.939,41.309,-0.76,55.2942576,206.168,0.966,0.596,0.205,0.198,3.809,0.668,0.285,0.047,68.67,0.4,0.056,"07/08/2026 12:07 PM","Lower",05,"P02","Noon",12.126666666666667,"suraj karkee","41:00:13:15",39.208395,-96.59391166666667,""
6491521,"Whole Data Set",1,48.509,33.62,0.00042,539.065,12.677,-1.63,253.081152,1757.508,3.004,0.32,0.17,0.511,4.24,0.523,0.42,0.057,69.86,0.21,0.226,"07/08/2026 12:08 PM","Upper",07,"P02","Noon",12.145555555555555,"suraj karkee","41:00:13:15",39.208420000000004,-96.59392833333335,""
6491520,"Whole Data Set",1,47.497,33.84,0.00022,260.388,55.348,-1.29,71.3962674,284.334,1.712,0.558,0.163,0.279,3.922,0.81,0.206,-0.016,68.57,0.24,0.057,"07/08/2026 12:09 PM","Middle",07,"P02","Noon",12.154722222222222,"suraj karkee","41:00:13:15",39.20841,-96.59392166666666,""
6491519,"Whole Data Set",1,47.545,34.07,0.00021,439.296,12.002,-1.82,79.18660125000002,315.925,1.156,0.557,0.206,0.238,1.865,1.187,-0.046,-0.14,71.09,0.26,0.092,"07/08/2026 12:09 PM","Lower",07,"P02","Noon",12.164166666666667,"suraj karkee","41:00:13:15",39.208405,-96.59392666666666,""
6491518,"Whole Data Set",1,46.293,34.3,0.00004,29.038,74.385,-0.21,230.26442355000006,1491.833,1.099,0.343,0.313,0.344,3.451,0.538,0.543,-0.081,65.59,0.05,0.001,"07/08/2026 12:10 PM","Upper",09,"P02","Noon",12.173888888888888,"suraj karkee","41:00:13:15",39.20845333333333,-96.59389833333334,""
6491517,"Whole Data Set",1,43.942,34.51,0.00028,244.283,60.612,-3.54,83.6601363,304.274,1.21,0.611,0.176,0.213,4.749,0.795,0.402,-0.197,70.23,0.27,0.068,"07/08/2026 12:11 PM","Middle",09,"P02","Noon",12.18361111111111,"suraj karkee","41:00:13:15",39.20841333333333,-96.59387999999998,""
6491516,"Whole Data Set",1,44.712,34.69,0.00059,178.325,44.352,-3.02,111.24614700000001,489.532,1.96,0.505,0.167,0.328,2.607,0.917,-0.044,0.127,68.19,0.28,0.105,"07/08/2026 12:11 PM","Lower",09,"P02","Noon",12.193055555555556,"suraj karkee","41:00:13:15",39.208405,-96.59391,""
6491515,"Whole Data Set",1,44.245,34.93,0.00044,128.257,70.089,-2.86,53.58861,222.175,1.776,0.536,0.167,0.297,3.933,0.557,0.408,0.035,66.87,0.27,0.056,"07/08/2026 12:12 PM","Upper",11,"P02","Noon",12.206388888888888,"suraj karkee","41:00:13:15",39.208418333333334,-96.593935,""
6491514,"Whole Data Set",1,43.624,35.06,0.0008,157.313,50.861,-2.91,105.7902669,491.819,1.687,0.478,0.194,0.328,3.95,0.522,0.298,0.18,69.03,0.25,0.126,"07/08/2026 12:12 PM","Middle",11,"P02","Noon",12.215,"suraj karkee","41:00:13:15",39.208395,-96.59393333333334,""
6491513,"Whole Data Set",1,43.948,35.2,0.00062,294.797,38.568,-3.17,216.7987842,1549.116,4.626,0.311,0.123,0.567,4.04,0.509,0.201,0.29,69.09,0.27,0.183,"07/08/2026 12:13 PM","Lower",11,"P02","Noon",12.223333333333333,"suraj karkee","41:00:13:15",39.2084,-96.59389666666667,""
6491507,"Whole Data Set",1,38.49,37,0.00069,206.29,66.581,-4.15,110.18175299999999,505.885,1.702,0.484,0.191,0.325,3.36,0.692,0.216,0.091,66.52,0.2,0.142,"07/08/2026 12:25 PM","Upper",04,"P01","Noon",12.43,"suraj karkee","41:00:13:15",39.208373333333334,-96.59385333333333,""
6491506,"Whole Data Set",1,38.621,37.12,0.00014,446.95,58.453,-4.19,39.8652408,143.814,1.128,0.616,0.18,0.203,3.121,0.884,-0.06,0.175,67.31,0.26,0.063,"07/08/2026 12:26 PM","Middle",04,"P01","Noon",12.441944444444445,"suraj karkee","41:00:13:15",39.20836,-96.59386666666666,""
6491505,"Whole Data Set",1,37.618,37.22,0.00125,151.142,42.569,-3.67,141.953148,857.205,1.32,0.368,0.273,0.36,2.836,0.734,0.239,0.026,68.39,0.23,0.189,"07/08/2026 12:27 PM","Lower",04,"P01","Noon",12.451666666666666,"suraj karkee","41:00:13:15",39.20836333333333,-96.59387166666666,""
6491504,"Whole Data Set",1,38.491,37.3,0.0005,362.611,69.199,-3.45,164.49644250000003,739.975,2.177,0.494,0.159,0.347,3.905,0.641,0.307,0.051,63.32,0.25,0.181,"07/08/2026 12:27 PM","Upper",05,"P01","Noon",12.460833333333333,"suraj karkee","41:00:13:15",39.208373333333334,-96.59386,""
6491503,"Whole Data Set",1,39.161,37.4,0.00091,133.264,59.427,-3.85,99.2310957,466.202,1.607,0.473,0.202,0.325,3.964,0.475,0.371,0.154,65.42,0.31,0.121,"07/08/2026 12:28 PM","Middle",05,"P01","Noon",12.469722222222222,"suraj karkee","41:00:13:15",39.20834833333333,-96.59382166666667,""
6491502,"Whole Data Set",1,39.832,37.52,0.0017,154.392,45.846,-3.31,198.90376245,1561.867,2.87,0.283,0.185,0.532,3.523,0.563,0.106,0.33,67.13,0.27,0.262,"07/08/2026 12:28 PM","Lower",05,"P01","Noon",12.479444444444445,"suraj karkee","41:00:13:15",39.20835666666667,-96.59383833333335,""
6491501,"Whole Data Set",1,39.448,37.8,0.00031,173.97,76.743,-3.75,41.420743200000004,171.408,1.742,0.537,0.169,0.294,3.638,0.633,0.395,-0.027,64.28,0.2,0.054,"07/08/2026 12:30 PM","Upper",06,"P01","Noon",12.501944444444444,"suraj karkee","41:00:13:15",39.2084,-96.59381833333333,""
6491500,"Whole Data Set",1,39.325,37.92,0.00099,223.186,64.938,-5.33,204.7588191,1449.107,4.397,0.314,0.127,0.559,2.584,0.437,-0.262,0.825,67.75,0.29,0.221,"07/08/2026 12:30 PM","Middle",06,"P01","Noon",12.510555555555555,"suraj karkee","41:00:13:15",39.208375000000004,-96.59384333333334,""
6491499,"Whole Data Set",1,38.628,38.08,0.00118,133.269,61.96,-4.59,111.7374741,630.217,1.941,0.394,0.206,0.4,3.48,0.603,0.268,0.129,69.82,0.27,0.157,"07/08/2026 12:31 PM","Lower",06,"P01","Noon",12.521111111111113,"suraj karkee","41:00:13:15",39.208385,-96.59382166666667,""
6491498,"Whole Data Set",1,38.243,38.23,0.00077,268.552,64.534,-4.14,216.05191965,1344.861,4.286,0.357,0.122,0.521,3.362,0.74,0.207,0.053,65.34,0.24,0.207,"07/08/2026 12:32 PM","Upper",08,"P01","Noon",12.533888888888889,"suraj karkee","41:00:13:15",39.20839,-96.59388333333332,""
6491497,"Whole Data Set",1,38.18,38.33,0.00115,136.274,58.725,-4.74,120.058443,649.14,1.97,0.411,0.198,0.39,3.369,0.688,0.116,0.196,65.36,0.27,0.157,"07/08/2026 12:32 PM","Middle",08,"P01","Noon",12.542777777777777,"suraj karkee","41:00:13:15",39.208380000000005,-96.59385666666667,""
6491496,"Whole Data Set",1,37.899,38.44,0.0017,124.051,44.505,-4.19,193.11424290000002,1543.679,2.982,0.278,0.181,0.54,3.035,0.567,0.018,0.415,67.97,0.22,0.211,"07/08/2026 12:33 PM","Lower",08,"P01","Noon",12.551944444444445,"suraj karkee","41:00:13:15",39.20838666666667,-96.59386666666666,""
6491495,"Whole Data Set",1,35.959,39.08,0.00076,214.368,38.442,-5.37,213.9386472,1231.656,2.852,0.386,0.159,0.454,3.495,0.652,0.148,0.2,69.3,0.3,0.163,"07/08/2026 12:43 PM","Upper",01,"P03","Noon",12.725,"suraj karkee","41:00:13:15",39.20840166666667,-96.59380166666666,""
6491494,"Whole Data Set",1,35.74,39.05,0.00058,417.522,30.817,-4.88,252.65552309999998,1983.946,3.556,0.283,0.157,0.559,3.935,0.445,0.317,0.238,69.59,0.24,0.242,"07/08/2026 12:44 PM","Middle",01,"P03","Noon",12.739444444444443,"suraj karkee","41:00:13:15",39.208418333333334,-96.59384666666668,""
6491493,"Whole Data Set",1,36.225,39.06,0.00075,309.212,7.147,-4.63,242.15370075,2030.639,5.653,0.265,0.11,0.624,2.588,0.647,-0.063,0.416,65.92,0.25,0.232,"07/08/2026 12:44 PM","Lower",01,"P03","Noon",12.749444444444444,"suraj karkee","41:00:13:15",39.208398333333335,-96.59383000000001,""
6491492,"Whole Data Set",1,35.912,39.1,0.00125,165.8,38.621,-4.45,171.3193551,999.238,2.558,0.381,0.174,0.445,5.107,0.385,0.392,0.223,65.67,0.22,0.207,"07/08/2026 12:45 PM","Upper",02,"P03","Noon",12.760277777777778,"suraj karkee","41:00:13:15",39.20840833333333,-96.59384166666665,""
6491491,"Whole Data Set",1,35.875,39.08,0.00011,1078.326,22.352,-5.15,46.429290449999996,181.329,1.672,0.569,0.161,0.27,3.877,0.737,0.265,-0.002,67.89,0.23,0.119,"07/08/2026 12:46 PM","Middle",02,"P03","Noon",12.768611111111111,"suraj karkee","41:00:13:15",39.208423333333336,-96.59381833333333,""
6491490,"Whole Data Set",1,35.865,39.1,0.00097,237.721,24.95,-5.47,238.58893079999999,1384.328,3.225,0.383,0.146,0.471,3.69,0.785,0.138,0.077,67.69,0.29,0.231,"07/08/2026 12:46 PM","Lower",02,"P03","Noon",12.77888888888889,"suraj karkee","41:00:13:15",39.208420000000004,-96.59383833333335,""
6491489,"Whole Data Set",1,35.479,39.11,0.00032,470.491,56.301,-6.08,211.66282800000005,1206.056,3.39,0.39,0.139,0.471,3.147,0.964,0.207,-0.172,64.86,0.21,0.151,"07/08/2026 12:47 PM","Upper",05,"P03","Noon",12.790555555555555,"suraj karkee","41:00:13:15",39.208441666666666,-96.59382333333333,""
6491488,"Whole Data Set",1,35.781,39.12,0.00011,261.405,43.858,-4.43,50.88912975,207.499,1.913,0.545,0.156,0.299,3.412,0.894,-0.065,0.171,68.52,0.23,0.029,"07/08/2026 12:47 PM","Middle",05,"P03","Noon",12.799444444444445,"suraj karkee","41:00:13:15",39.208445,-96.59384,""
6491487,"Whole Data Set",1,35.867,39.13,0.00054,354.701,35.91,-5.98,215.0879841,1251.239,2.917,0.382,0.158,0.461,3.372,0.64,0.204,0.156,68.64,0.29,0.192,"07/08/2026 12:48 PM","Lower",05,"P03","Noon",12.80888888888889,"suraj karkee","41:00:13:15",39.20842666666667,-96.59382666666667,""
6491486,"Whole Data Set",1,36.136,39.16,0.0007,280.427,55.085,-5.23,186.09469470000002,1471.686,5.544,0.281,0.11,0.609,3.198,0.705,0.093,0.202,67.11,0.22,0.196,"07/08/2026 12:49 PM","Upper",10,"P03","Noon",12.821944444444444,"suraj karkee","41:00:13:15",39.208445,-96.59385333333333,""
6491485,"Whole Data Set",1,35.895,39.17,0.00072,251.082,24.343,-6.4,240.8181696,1454.216,3.246,0.368,0.149,0.483,3.395,0.78,-0.343,0.562,67.97,0.33,0.181,"07/08/2026 12:49 PM","Middle",10,"P03","Noon",12.831111111111111,"suraj karkee","41:00:13:15",39.20844833333333,-96.59384166666665,""
6491484,"Whole Data Set",1,35.425,39.2,0.00023,205.574,19.624,-5.65,47.81320740000001,199.721,2.072,0.532,0.152,0.315,4.033,0.742,0.344,-0.086,71.17,0.26,0.047,"07/08/2026 12:50 PM","Lower",10,"P03","Noon",12.84138888888889,"suraj karkee","41:00:13:15",39.208465000000004,-96.59380166666666,""
6488094,"Whole Data Set",1,48.943,30.25,0.00109,184.873,50.913,1.42,216.14076225,1628.179,4.208,0.295,0.135,0.57,6.544,0.416,0.717,-0.133,65.62,0.19,0.202,"07/07/2026 4:16 PM","Upper",04,"P01","Late",16.27722222222222,"suraj karkee","41:00:13:15",39.208355,-96.59381499999999,""
6488093,"Whole Data Set",1,48.528,30.56,0.00014,259.865,58.367,0.23,34.18665075,123.529,0.917,0.615,0.201,0.184,4.551,0.422,0.568,0.009,68.53,0.22,0.036,"07/07/2026 4:17 PM","Middle",04,"P01","Late",16.287222222222223,"suraj karkee","41:00:13:15",39.20836833333333,-96.59381833333333,""
6488092,"Whole Data Set",1,48.646,30.88,0.00154,134.921,41.58,1.01,161.67378465,1503.243,1.527,0.239,0.301,0.46,4.753,0.555,0.327,0.119,68.88,0.29,0.208,"07/07/2026 4:17 PM","Lower",04,"P01","Late",16.296666666666667,"suraj karkee","41:00:13:15",39.20838666666667,-96.59380666666667,""
6488091,"Whole Data Set",1,48.578,31.25,0.00021,341.708,61.702,0.08,48.6812034,183.668,1.143,0.589,0.192,0.219,4.054,0.553,0.542,-0.095,65.89,0.21,0.072,"07/07/2026 4:18 PM","Upper",05,"P01","Late",16.308333333333334,"suraj karkee","41:00:13:15",39.208436666666664,-96.59384666666668,""
6488090,"Whole Data Set",1,48.503,31.55,0.00026,278.745,54.219,0.7,54.72409364999999,210.761,1.132,0.577,0.198,0.225,3.664,0.485,0.423,0.092,65.39,0.24,0.072,"07/07/2026 4:19 PM","Middle",05,"P01","Late",16.317777777777778,"suraj karkee","41:00:13:15",39.20838333333334,-96.59381499999999,""
6488089,"Whole Data Set",1,48.946,31.93,0.00034,234.318,28.187,0.06,52.5335472,197.198,1.101,0.592,0.194,0.214,3.358,0.496,0.302,0.202,65.42,0.36,0.08,"07/07/2026 4:19 PM","Lower",05,"P01","Late",16.329722222222223,"suraj karkee","41:00:13:15",39.2082704,-96.5987499,""
6488088,"Whole Data Set",1,46.658,32.5,0.0009,210.887,70.191,-1.03,252.93217545000002,1523.229,3.102,0.369,0.154,0.477,4.947,0.406,0.423,0.171,67.04,0.28,0.19,"07/07/2026 4:20 PM","Upper",06,"P01","Late",16.348055555555554,"suraj karkee","41:00:13:15",39.208398333333335,-96.59381666666668,""
6488087,"Whole Data Set",1,46.104,32.77,0.00039,231.184,64.371,-1.44,105.4625805,470.605,1.499,0.498,0.201,0.301,3.562,0.503,0.602,-0.105,64.18,0.27,0.09,"07/07/2026 4:21 PM","Middle",06,"P01","Late",16.356944444444444,"suraj karkee","41:00:13:15",39.20838833333333,-96.593845,""
6488086,"Whole Data Set",1,44.932,33.04,0.00081,132.451,50.012,-0.23,83.015865,392.51,1.236,0.47,0.237,0.293,5.194,0.458,0.403,0.139,67.76,0.24,0.107,"07/07/2026 4:21 PM","Lower",06,"P01","Late",16.366388888888892,"suraj karkee","41:00:13:15",39.20838833333333,-96.59381166666665,""
6488085,"Whole Data Set",1,43.247,33.34,0.00057,273.806,62.955,-2.65,217.6460199,1135.347,2.336,0.426,0.172,0.402,4.124,0.335,0.372,0.293,66.6,0.21,0.156,"07/07/2026 4:22 PM","Upper",08,"P01","Late",16.378055555555555,"suraj karkee","41:00:13:15",39.208414999999995,-96.59383333333332,""
6488084,"Whole Data Set",1,43.088,33.55,0.00018,584.064,40.813,-1.82,51.246,189.8,1.261,0.6,0.177,0.223,4.134,0.564,0.501,-0.065,66.51,0.21,0.105,"07/07/2026 4:23 PM","Middle",08,"P01","Late",16.386388888888888,"suraj karkee","41:00:13:15",39.20843833333333,-96.59384999999999,""
6488083,"Whole Data Set",1,42.56,33.75,0.00028,248.055,27.74,-1.56,54.245898,204.316,1.245,0.59,0.183,0.227,2.781,1.038,0.21,-0.248,70.13,0.28,0.069,"07/07/2026 4:23 PM","Lower",08,"P01","Late",16.395555555555553,"suraj karkee","41:00:13:15",39.20840833333333,-96.59383166666666,""
6488082,"Whole Data Set",1,40.444,35.73,0.00108,214.405,42.156,-2.36,235.00723994999998,1735.011,4.913,0.301,0.118,0.581,3.835,0.569,0.077,0.355,64.59,0.25,0.232,"07/07/2026 4:33 PM","Upper",01,"P03","Late",16.565,"suraj karkee","41:00:13:15",39.20845,-96.59379833333332,""
6488081,"Whole Data Set",1,38.498,35.8,0.00075,239.832,20.656,-3.73,226.6274106,1414.653,3.433,0.356,0.145,0.499,3.614,0.512,0.189,0.3,70.16,0.24,0.18,"07/07/2026 4:34 PM","Middle",01,"P03","Late",16.57638888888889,"suraj karkee","41:00:13:15",39.20843333333333,-96.59383000000001,""
6488080,"Whole Data Set",1,39.557,35.86,0.00067,236.792,26.35,-3.75,171.1177902,1068.151,4.112,0.356,0.126,0.518,3.463,0.782,-0.004,0.222,65.16,0.27,0.159,"07/07/2026 4:35 PM","Lower",01,"P03","Late",16.585555555555555,"suraj karkee","41:00:13:15",39.208465000000004,-96.59385833333333,""
6488079,"Whole Data Set",1,37.72,35.95,0.0014,194.882,33.848,-3.66,236.30407605,1829.687,5.09,0.287,0.117,0.596,3.203,0.691,-0.16,0.468,65.53,0.22,0.273,"07/07/2026 4:35 PM","Upper",02,"P03","Late",16.59583333333333,"suraj karkee","41:00:13:15",39.20849333333333,-96.59378166666666,""
6488078,"Whole Data Set",1,38.721,36.02,0.00055,292.937,20.236,-4.25,197.70580080000002,1168.474,2.946,0.376,0.158,0.466,3.335,0.562,0.247,0.191,67.56,0.21,0.161,"07/07/2026 4:36 PM","Middle",02,"P03","Late",16.605,"suraj karkee","41:00:13:15",39.208466666666666,-96.593805,""
6488077,"Whole Data Set",1,36.629,36.12,0.00153,108.636,18.816,-4.09,183.83474880000003,1154.016,2.321,0.354,0.195,0.452,3.511,0.433,0.17,0.397,60.78,0.24,0.166,"07/07/2026 4:36 PM","Lower",02,"P03","Late",16.614722222222223,"suraj karkee","41:00:13:15",39.208475,-96.59380000000002,""
6488076,"Whole Data Set",1,37.157,36.27,0.00031,221.192,44.303,-5.2,94.97255805,393.017,1.569,0.537,0.18,0.283,3.647,0.668,0.309,0.023,68.77,0.22,0.069,"07/07/2026 4:37 PM","Upper",05,"P03","Late",16.62666666666667,"suraj karkee","41:00:13:15",39.20844833333333,-96.59380833333334,""
6488075,"Whole Data Set",1,38.019,36.39,0.00025,284.458,29.85,-5.56,67.55020379999999,266.628,1.45,0.563,0.178,0.258,3.547,0.707,0.325,-0.032,70.31,0.21,0.071,"07/07/2026 4:38 PM","Middle",05,"P03","Late",16.635833333333334,"suraj karkee","41:00:13:15",39.20845166666666,-96.59378166666666,""
6488074,"Whole Data Set",1,38.581,36.51,0.00058,294.938,21.889,-5.32,184.89655349999998,1125.702,3.195,0.365,0.151,0.484,3.333,0.756,0.134,0.11,68.17,0.21,0.171,"07/07/2026 4:38 PM","Lower",05,"P03","Late",16.64527777777778,"suraj karkee","41:00:13:15",39.20847166666667,-96.59377,""
6488073,"Whole Data Set",1,38.892,36.63,0.00058,243.003,7.903,-4.74,238.3565625,1513.375,3.32,0.35,0.15,0.499,3.114,0.709,0.117,0.174,69.38,0.19,0.141,"07/07/2026 4:39 PM","Upper",10,"P03","Late",16.655277777777776,"suraj karkee","41:00:13:15",39.208486666666666,-96.59378666666667,""
6488072,"Whole Data Set",1,34.708,36.74,0.00115,148.119,13.06,-5.63,204.46777844999997,1205.233,2.965,0.377,0.157,0.466,4.209,0.515,0.281,0.203,72.08,0.24,0.17,"07/07/2026 4:39 PM","Middle",10,"P03","Late",16.66611111111111,"suraj karkee","41:00:13:15",39.208488333333335,-96.59376666666667,""
6488071,"Whole Data Set",1,35.695,36.76,0.00033,184.352,14.902,-7.11,53.329392899999995,206.463,1.33,0.574,0.183,0.243,2.023,0.715,-0.648,0.933,72.54,0.31,0.061,"07/07/2026 4:40 PM","Lower",10,"P03","Late",16.67638888888889,"suraj karkee","41:00:13:15",39.20847166666667,-96.59379666666668,""
6488070,"Whole Data Set",1,36.962,37.88,0.00008,502.174,63.501,-4.25,36.98676,142.944,1.535,0.575,0.167,0.257,3.656,0.831,0.223,-0.054,66.97,0.26,0.04,"07/07/2026 4:46 PM","Upper",05,"P02","Late",16.76861111111111,"suraj karkee","41:00:13:15",39.20843,-96.593875,""
6488069,"Whole Data Set",1,37.254,38.06,0.00016,290.021,86.633,-5.77,42.26390775000001,146.065,0.891,0.643,0.189,0.168,3.833,0.812,0.3,-0.112,70.57,0.24,0.046,"07/07/2026 4:46 PM","Middle",05,"P02","Late",16.780555555555555,"suraj karkee","41:00:13:15",39.208420000000004,-96.59389333333333,""
6488068,"Whole Data Set",1,37.001,38.21,0.00042,304.404,25.869,-4.24,154.25293455,799.031,2.605,0.429,0.158,0.412,4.218,0.455,0.478,0.066,67.32,0.27,0.128,"07/07/2026 4:47 PM","Lower",05,"P02","Late",16.791944444444447,"suraj karkee","41:00:13:15",39.20840333333333,-96.59389166666666,""
6488067,"Whole Data Set",1,36.07,38.33,0.00023,260.235,21.66,-4.84,90.71256015,367.183,1.759,0.549,0.164,0.288,3.562,0.643,0.306,0.051,66.9,0.27,0.06,"07/07/2026 4:48 PM","Upper",07,"P02","Late",16.804166666666667,"suraj karkee","41:00:13:15",39.20843166666667,-96.59390166666665,""
6488066,"Whole Data Set",1,35.315,38.39,0.00092,136.507,40.333,-5.54,127.1758671,652.686,2.068,0.433,0.185,0.382,3.096,0.548,0.209,0.243,69.72,0.3,0.126,"07/07/2026 4:48 PM","Middle",07,"P02","Late",16.813333333333333,"suraj karkee","41:00:13:15",39.20843333333333,-96.5939,""
6488065,"Whole Data Set",1,35.501,38.45,0.00089,264.46,25.485,-4.44,255.888756,1834.328,4.857,0.31,0.118,0.572,3.615,0.568,0.114,0.318,70.1,0.26,0.235,"07/07/2026 4:49 PM","Lower",07,"P02","Late",16.823333333333334,"suraj karkee","41:00:13:15",39.208420000000004,-96.59389666666667,""
6488064,"Whole Data Set",1,36.821,38.52,0.00015,403.749,49.813,-5.19,45.1719036,171.887,1.324,0.584,0.179,0.237,3.728,0.861,0.281,-0.142,69.92,0.28,0.061,"07/07/2026 4:49 PM","Upper",09,"P02","Late",16.833055555555557,"suraj karkee","41:00:13:15",39.20842833333334,-96.59387833333334,""
6488063,"Whole Data Set",1,34.412,38.59,0.00037,193.793,49.933,-6.78,75.0652056,315.931,1.902,0.528,0.163,0.309,3.924,0.668,0.265,0.067,72.72,0.26,0.072,"07/07/2026 4:51 PM","Middle",09,"P02","Late",16.850833333333334,"suraj karkee","41:00:13:15",39.20842833333334,-96.59388499999999,""
6488062,"Whole Data Set",1,34.691,38.6,0.00029,258.664,25.119,-6.83,62.06062500000001,250.75,1.733,0.55,0.165,0.285,4.174,0.532,0.445,0.023,73,0.28,0.075,"07/07/2026 4:51 PM","Lower",09,"P02","Late",16.860277777777778,"suraj karkee","41:00:13:15",39.20838833333333,-96.59388833333333,""
6488061,"Whole Data Set",1,34.426,38.6,0.00018,280.884,59.533,-6.41,50.22945,186.035,1.065,0.6,0.193,0.206,3.857,0.643,0.294,0.063,64.09,0.34,0.051,"07/07/2026 4:52 PM","Upper",11,"P02","Late",16.87027777777778,"suraj karkee","41:00:13:15",39.20843,-96.593895,""
6488060,"Whole Data Set",1,35.404,38.61,0.00053,202.028,42.95,-6.68,113.72985675000001,521.099,2.116,0.485,0.165,0.35,3.752,0.523,0.39,0.086,68.66,0.21,0.107,"07/07/2026 4:52 PM","Middle",11,"P02","Late",16.880555555555556,"suraj karkee","41:00:13:15",39.20839333333333,-96.59389833333334,""
6488059,"Whole Data Set",1,35.731,38.63,0.00015,239.898,35.972,-6.12,45.011688299999996,170.402,1.584,0.587,0.16,0.253,4.095,0.688,0.322,-0.01,68.84,0.24,0.036,"07/07/2026 4:53 PM","Lower",11,"P02","Late",16.889166666666664,"suraj karkee","41:00:13:15",39.20841,-96.59389666666667,""
6487135,"Whole Data Set",1,44.634,30.14,0.00142,199.967,12.663,-0.67,337.3131465,1793.265,1.878,0.418,0.202,0.38,3.339,-0.344,0.052,1.292,66.26,0.43,0.284,"07/06/2026 4:10 PM","Upper",01,"P03","Late",16.173055555555557,"suraj karkee","41:00:13:15",39.20839,-96.59377666666666,""
6487134,"Whole Data Set",1,44.054,30.48,0.00145,104.205,5.384,-0.43,205.45916760000003,1477.592,2.521,0.309,0.196,0.495,3.772,0.299,0.154,0.547,70.17,0.31,0.151,"07/06/2026 4:11 PM","Middle",01,"P03","Late",16.184166666666666,"suraj karkee","41:00:13:15",39.20843166666667,-96.59378,""
6487133,"Whole Data Set",1,44.149,31.11,0.00079,204.775,12.918,0.48,177.6255642,1044.242,3.061,0.378,0.153,0.469,4.36,0.486,0.161,0.353,68.88,0.29,0.162,"07/06/2026 4:12 PM","Lower",01,"P03","Late",16.204444444444444,"suraj karkee","41:00:13:15",39.20844666666667,-96.59381499999999,""
6487132,"Whole Data Set",1,44.27,31.5,0.00105,197.964,14.863,-0.25,230.247198,1421.279,2.56,0.36,0.18,0.46,4.876,0.254,0.41,0.336,64.48,0.32,0.208,"07/06/2026 4:13 PM","Upper",02,"P03","Late",16.216666666666665,"suraj karkee","41:00:13:15",39.20844833333333,-96.59379333333332,""
6487131,"Whole Data Set",1,42.796,31.83,0.00161,104.898,15.08,-2,182.3303295,1041.59,2.366,0.389,0.182,0.429,3.242,0.646,0.167,0.188,67.68,0.29,0.169,"07/06/2026 4:13 PM","Middle",02,"P03","Late",16.2275,"suraj karkee","41:00:13:15",39.208436666666664,-96.59381499999999,""
6487130,"Whole Data Set",1,42.102,32.15,0.00102,211.033,17.972,-1.04,244.6440282,1608.442,2.768,0.338,0.176,0.486,2.934,0.492,0.106,0.402,69.35,0.3,0.215,"07/06/2026 4:14 PM","Lower",02,"P03","Late",16.238611111111112,"suraj karkee","41:00:13:15",39.20844666666667,-96.59379833333332,""
6487129,"Whole Data Set",1,41.767,32.78,0.00028,292.575,54.095,-1.99,99.29032199999999,370.21,1.156,0.596,0.188,0.217,3.872,0.625,0.486,-0.11,66.88,2.08,0.082,"07/06/2026 4:15 PM","Upper",05,"P03","Late",16.263055555555557,"suraj karkee","41:00:13:15",39.208445,-96.59381166666665,""
6487128,"Whole Data Set",1,40.293,33.06,0.00016,232.366,9.497,-2.13,42.5886237,152.894,1.247,0.619,0.17,0.211,4.543,0.453,0.534,0.013,68.24,0.26,0.037,"07/06/2026 4:16 PM","Middle",05,"P03","Late",16.274166666666666,"suraj karkee","41:00:13:15",39.20844666666667,-96.59381833333333,""
6487127,"Whole Data Set",1,39.379,33.37,0.00046,429.042,14.367,-2.44,246.4166232,1329.108,2.859,0.412,0.152,0.435,2.347,1.336,-0.176,-0.16,65.89,0.64,0.197,"07/06/2026 4:17 PM","Lower",05,"P03","Late",16.285555555555558,"suraj karkee","41:00:13:15",39.20845666666666,-96.59379333333332,""
6487126,"Whole Data Set",1,38.915,33.66,0.00044,229.85,58.279,-4.23,122.6521098,491.986,1.48,0.554,0.18,0.266,3.536,0.464,0.341,0.195,67.84,0.27,0.101,"07/06/2026 4:17 PM","Upper",10,"P03","Late",16.297500000000003,"suraj karkee","41:00:13:15",39.208475,-96.59381,""
6487125,"Whole Data Set",1,38.397,33.89,0.00095,222.339,25.072,-3.74,282.95634015,1732.209,3.599,0.363,0.139,0.499,4.441,0.223,0.32,0.457,63.3,0.34,0.211,"07/06/2026 4:18 PM","Middle",10,"P03","Late",16.30777777777778,"suraj karkee","41:00:13:15",39.20847166666667,-96.593835,""
6487124,"Whole Data Set",1,39.112,34.15,0.00076,249.957,1.588,-1.82,253.3494645,1706.057,4.164,0.33,0.13,0.54,3.312,0.815,0.13,0.054,67.97,0.32,0.19,"07/06/2026 4:19 PM","Lower",10,"P03","Late",16.31888888888889,"suraj karkee","41:00:13:15",39.208420000000004,-96.59376333333333,""
6487123,"Whole Data Set",1,39.216,36.22,0.00019,290.461,59.013,-4.07,60.39485145,227.091,1.249,0.591,0.182,0.227,4.852,0.292,0.445,0.264,67.71,0.53,0.055,"07/06/2026 4:31 PM","Upper",05,"P02","Late",16.519444444444442,"suraj karkee","41:00:13:15",39.20842833333334,-96.59390666666668,""
6487122,"Whole Data Set",1,38.997,36.33,0.00014,423.108,85.983,-4.4,33.715712249999996,115.445,0.597,0.649,0.22,0.131,1.939,1.325,-0.186,-0.139,66.44,0.44,0.059,"07/06/2026 4:31 PM","Middle",05,"P02","Late",16.529722222222222,"suraj karkee","41:00:13:15",39.208391666666664,-96.59390666666668,""
6487121,"Whole Data Set",1,38.034,36.57,0.00039,433.134,25.024,-5.74,234.51891435,1187.137,2.197,0.439,0.175,0.385,3.911,0.708,0.264,0.028,69.49,0.79,0.169,"07/06/2026 4:32 PM","Lower",05,"P02","Late",16.543333333333337,"suraj karkee","41:00:13:15",39.2083,-96.59406499999999,""
6487120,"Whole Data Set",1,36.657,36.76,0.00019,343.019,24.288,-4.77,42.111400499999995,164.177,1.727,0.57,0.158,0.272,2.537,0.643,-0.018,0.376,65.82,0.34,0.065,"07/06/2026 4:33 PM","Upper",07,"P02","Late",16.556944444444444,"suraj karkee","41:00:13:15",39.208435,-96.59393,""
6487119,"Whole Data Set",1,35.561,36.89,0.00055,276.959,11.399,-4.44,223.74109125,1354.775,3.708,0.367,0.134,0.498,3.201,0.613,0.292,0.095,66.35,0.34,0.152,"07/06/2026 4:34 PM","Middle",07,"P02","Late",16.567777777777778,"suraj karkee","41:00:13:15",39.20845166666666,-96.59388833333333,""
6487118,"Whole Data Set",1,33.969,36.98,0.00076,301.115,16.776,-4.79,274.1336568,2003.901,4.601,0.304,0.124,0.572,4.111,0.387,0.132,0.482,68.08,0.28,0.229,"07/06/2026 4:34 PM","Lower",07,"P02","Late",16.579166666666666,"suraj karkee","41:00:13:15",39.20840333333333,-96.59392666666666,""
6487117,"Whole Data Set",1,33.182,37.08,0.00018,346.774,45.09,-5.93,48.09057075,173.769,0.762,0.615,0.218,0.166,6.071,0.563,0.565,-0.128,68.61,0.28,0.062,"07/06/2026 4:35 PM","Upper",09,"P02","Late",16.593333333333334,"suraj karkee","41:00:13:15",39.2083623,-96.5984938,""
6487116,"Whole Data Set",1,32.694,37.17,0.00083,267.68,36.436,-6.84,282.2013855,2022.949,3.779,0.31,0.144,0.546,5.775,0.31,0.408,0.282,69.8,0.26,0.222,"07/06/2026 4:36 PM","Middle",09,"P02","Late",16.603055555555557,"suraj karkee","41:00:13:15",39.208418333333334,-96.59391499999998,""
6487115,"Whole Data Set",1,32.327,37.25,0.0001,141.675,29.437,-6.56,34.739549999999994,128.665,1.379,0.6,0.168,0.232,4.49,0.716,0.371,-0.086,74.35,0.31,0.014,"07/06/2026 4:36 PM","Lower",09,"P02","Late",16.613055555555558,"suraj karkee","41:00:13:15",39.208418333333334,-96.59393333333334,""
6487114,"Whole Data Set",1,33.227,37.36,0.00015,459.088,60.227,-5.73,35.3330523,123.262,0.762,0.637,0.206,0.157,3.336,0.808,0.291,-0.099,62.28,0.26,0.069,"07/06/2026 4:37 PM","Upper",11,"P02","Late",16.625555555555557,"suraj karkee","41:00:13:15",39.20841166666666,-96.59391333333333,""
6487113,"Whole Data Set",1,32.413,37.44,0.00049,440.726,50.398,-7.75,242.2255905,1837.13,2.656,0.293,0.193,0.514,4.301,0.578,0.39,0.032,68.92,0.25,0.216,"07/06/2026 4:38 PM","Middle",11,"P02","Late",16.634999999999998,"suraj karkee","41:00:13:15",39.20840833333333,-96.593925,""
6487112,"Whole Data Set",1,32.617,37.6,0.00053,121.278,26.172,-5.61,73.4007582,333.564,2.229,0.489,0.158,0.352,3.599,0.557,0.37,0.073,68.13,0.34,0.064,"07/06/2026 4:39 PM","Lower",11,"P02","Late",16.653333333333332,"suraj karkee","41:00:13:15",39.20844,-96.59389333333333,""
6487111,"Whole Data Set",1,32.921,37.81,0.00006,198.768,63.693,-5.88,20.242545750000005,68.677,0.867,0.655,0.185,0.16,4.36,0.717,0.552,-0.269,67.41,0.42,0.012,"07/06/2026 4:45 PM","Upper",04,"P01","Late",16.76527777777778,"suraj karkee","41:00:13:15",39.20838166666667,-96.59381333333334,""
6487110,"Whole Data Set",1,32.091,37.83,0.00222,96.167,42.148,-5.16,217.994085,1642.14,1.637,0.295,0.268,0.438,3.801,0.491,0.358,0.151,68.4,0.4,0.213,"07/06/2026 4:46 PM","Middle",04,"P01","Late",16.774444444444445,"suraj karkee","41:00:13:15",39.20839,-96.59380000000002,""
6487109,"Whole Data Set",1,33.49,37.84,0.00008,564.971,48.079,-8.29,25.280561249999998,90.175,1.222,0.623,0.17,0.207,2.206,1.353,-1.151,0.798,71.02,0.87,0.045,"07/06/2026 4:47 PM","Lower",04,"P01","Late",16.784722222222225,"suraj karkee","41:00:13:15",39.20835,-96.59381333333334,""
6487108,"Whole Data Set",1,31.902,37.91,0.00015,291.988,61.719,-6.44,45.799784100000004,167.122,1.16,0.609,0.181,0.21,0.302,7.39,-4.487,-1.903,61.15,0.38,0.044,"07/06/2026 4:47 PM","Upper",05,"P01","Late",16.796111111111113,"suraj karkee","41:00:13:15",39.20836166666666,-96.59383333333332,""
6487107,"Whole Data Set",1,30.732,37.9,0.0001,661.576,65.671,-5.75,33.355854,117.285,0.998,0.632,0.184,0.184,4.035,0.633,0.534,-0.167,66.35,0.35,0.066,"07/06/2026 4:48 PM","Middle",05,"P01","Late",16.81361111111111,"suraj karkee","41:00:13:15",39.20836833333333,-96.59381833333333,""
6487106,"Whole Data Set",1,31.849,37.83,0.00015,550.496,36.833,-6.44,24.194516400000005,85.614,1.067,0.628,0.18,0.192,2.958,0.822,0.554,-0.376,67.79,0.44,0.083,"07/06/2026 4:49 PM","Lower",05,"P01","Late",16.822777777777777,"suraj karkee","41:00:13:15",39.208351666666665,-96.59379499999999,""
6487105,"Whole Data Set",1,33.162,37.82,0.00041,307.445,54.743,-6.19,113.7727161,469.941,1.465,0.538,0.187,0.275,2.97,0.603,0.298,0.099,63.55,0.33,0.126,"07/06/2026 4:49 PM","Upper",06,"P01","Late",16.83277777777778,"suraj karkee","41:00:13:15",39.20838166666667,-96.59381499999999,""
6487104,"Whole Data Set",1,33.525,37.83,0.0002,317.746,50.725,-5.58,36.702345599999994,134.146,1.137,0.608,0.183,0.208,3.947,0.576,0.454,-0.03,67.76,0.34,0.064,"07/06/2026 4:50 PM","Middle",06,"P01","Late",16.843888888888888,"suraj karkee","41:00:13:15",39.20839333333333,-96.59381,""
6487103,"Whole Data Set",1,32.861,37.83,0.00009,1145.677,43.812,-5.84,23.104183499999998,81.11,0.975,0.633,0.186,0.181,3.733,0.564,0.451,-0.015,67.24,0.32,0.103,"07/06/2026 4:51 PM","Lower",06,"P01","Late",16.853333333333335,"suraj karkee","41:00:13:15",39.20840166666667,-96.59382166666667,""
6487102,"Whole Data Set",1,32.767,37.84,0.00099,242.162,52.249,-5.51,322.344522,1989.781,3.342,0.36,0.147,0.492,1.556,-0.319,-0.429,1.748,63.86,0.66,0.24,"07/06/2026 4:51 PM","Upper",08,"P01","Late",16.866111111111113,"suraj karkee","41:00:13:15",39.208398333333335,-96.59381666666668,""
6487101,"Whole Data Set",1,32.804,37.86,0.00009,198.65,45.993,-6.43,20.6487342,73.067,1.126,0.628,0.175,0.197,3.476,0.61,0.774,-0.384,70.89,0.34,0.018,"07/06/2026 4:52 PM","Middle",08,"P01","Late",16.875833333333333,"suraj karkee","41:00:13:15",39.20838666666667,-96.59380333333333,""
6487100,"Whole Data Set",1,33.097,37.91,0.00005,244.108,21.819,-5.88,30.462859350000002,104.307,1.041,0.649,0.172,0.179,0.224,7.665,-7.248,0.583,68.93,0.4,0.012,"07/06/2026 4:53 PM","Lower",08,"P01","Late",16.886944444444445,"suraj karkee","41:00:13:15",39.20836833333333,-96.59379833333332,""
6487099,"Whole Data Set",1,60.484,25.74,0.00015,211.079,57.905,0.97,26.2556424,93.503,0.81,0.624,0.207,0.168,3.658,0.488,0.653,-0.141,62.97,0.81,0.032,"07/07/2026 8:45 AM","Upper",04,"P01","Morning",8.758888888888889,"suraj karkee","41:00:13:15",39.208375000000004,-96.59377333333332,""
6487098,"Whole Data Set",1,60.925,26.24,0.00068,236.387,56.582,2.61,206.535069,1176.838,2.154,0.39,0.193,0.416,5.002,0.66,0.625,-0.285,64.82,1.05,0.161,"07/07/2026 8:46 AM","Middle",04,"P01","Morning",8.777777777777779,"suraj karkee","41:00:13:15",39.208376666666666,-96.59384999999999,""
6487097,"Whole Data Set",1,61.164,26.63,0.00013,421.815,25.766,-0.34,25.02167355,89.539,0.879,0.621,0.201,0.177,4.573,0.27,0.756,-0.026,69.01,1.22,0.055,"07/07/2026 8:47 AM","Lower",04,"P01","Morning",8.790555555555555,"suraj karkee","41:00:13:15",39.208373333333334,-96.59381666666668,""
6487096,"Whole Data Set",1,59.846,27.07,0.00066,275.179,58.247,-0.14,234.1015992,1548.291,1.522,0.336,0.263,0.401,4.474,0.598,0.518,-0.117,64.77,0.6,0.182,"07/07/2026 8:48 AM","Upper",05,"P01","Morning",8.805000000000001,"suraj karkee","41:00:13:15",39.20837166666667,-96.593845,""
6487095,"Whole Data Set",1,59.405,27.47,0.00012,890.284,40.492,0.34,24.45778125,86.961,0.824,0.625,0.206,0.17,6.708,0.295,0.67,0.035,65.95,0.76,0.107,"07/07/2026 8:49 AM","Middle",05,"P01","Morning",8.817499999999999,"suraj karkee","41:00:13:15",39.20840166666667,-96.59382,""
6487094,"Whole Data Set",1,58.848,27.94,0.00014,225.347,26.539,-0.83,24.816739500000004,87.537,0.985,0.63,0.186,0.183,1.709,0.4,0.195,0.404,66.17,1.26,0.032,"07/07/2026 8:49 AM","Lower",05,"P01","Morning",8.832777777777778,"suraj karkee","41:00:13:15",39.208398333333335,-96.59382333333333,""
6487093,"Whole Data Set",1,58.075,28.3,0.00015,302.659,67.344,0.23,26.623233900000002,98.114,0.795,0.603,0.221,0.176,3.665,-0.05,0.392,0.658,61.75,0.54,0.045,"07/07/2026 8:50 AM","Upper",06,"P01","Morning",8.845,"suraj karkee","41:00:13:15",39.20841166666666,-96.59381,""
6487092,"Whole Data Set",1,57.396,28.58,0.00013,263.65,62.367,-1.59,25.282715399999997,88.618,0.825,0.634,0.2,0.165,4.164,0.443,0.718,-0.161,66.14,0.77,0.034,"07/07/2026 8:51 AM","Middle",06,"P01","Morning",8.85388888888889,"suraj karkee","41:00:13:15",39.2084,-96.59382,""
6487091,"Whole Data Set",1,57.082,28.89,0.00073,137.423,38.62,-1,108.3878739,468.603,1.38,0.514,0.204,0.282,4.499,0.404,0.545,0.051,68.44,0.27,0.1,"07/07/2026 8:51 AM","Lower",06,"P01","Morning",8.864444444444445,"suraj karkee","41:00:13:15",39.20844666666667,-96.59379333333332,""
6487090,"Whole Data Set",1,56.034,29.34,0.00013,236.045,64.145,-2.95,38.5211655,133.13,0.901,0.643,0.188,0.169,2.989,0.587,0.386,0.027,65.33,0.54,0.031,"07/07/2026 8:52 AM","Upper",08,"P01","Morning",8.880833333333333,"suraj karkee","41:00:13:15",39.20838166666667,-96.59379833333332,""
6487089,"Whole Data Set",1,55.995,29.59,0.00006,517.52,50.335,-2.84,23.6090178,80.467,0.752,0.652,0.199,0.149,1.971,2.145,0.307,-1.452,61.22,1.19,0.031,"07/07/2026 8:53 AM","Middle",08,"P01","Morning",8.890277777777778,"suraj karkee","41:00:13:15",39.20837166666667,-96.59382166666667,""
6487088,"Whole Data Set",1,55.472,29.94,0.0001,751.831,54.258,-2.91,24.923438100000002,86.811,0.863,0.638,0.194,0.168,3.996,0.403,0.597,0.001,70.81,0.28,0.075,"07/07/2026 8:54 AM","Lower",08,"P01","Morning",8.904444444444445,"suraj karkee","41:00:13:15",39.208398333333335,-96.59380666666667,""
6487087,"Whole Data Set",1,53.164,32.47,0.00157,91.637,4.94,-5.4,168.63575625000001,999.323,1.997,0.375,0.209,0.417,4.247,0.609,0.398,-0.006,67.7,0.96,0.144,"07/07/2026 9:06 AM","Upper",01,"P03","Morning",9.107222222222221,"suraj karkee","41:00:13:15",39.20847333333334,-96.59378166666666,""
6487086,"Whole Data Set",1,52.393,32.66,0.00056,268.428,12.347,-2.09,203.45031360000002,1212.096,3.23,0.373,0.148,0.479,3.237,0.671,0.256,0.073,68.61,0.28,0.15,"07/07/2026 9:07 AM","Middle",01,"P03","Morning",9.118611111111111,"suraj karkee","41:00:13:15",39.20845333333333,-96.59375833333334,""
6487085,"Whole Data Set",1,52.051,32.89,0.001,142.153,12.676,-3.2,184.59582030000004,1239.314,1.899,0.331,0.231,0.438,2.841,0.509,0.312,0.179,66.35,0.26,0.142,"07/07/2026 9:07 AM","Lower",01,"P03","Morning",9.129722222222222,"suraj karkee","41:00:13:15",39.208455,-96.59378833333334,""
6487084,"Whole Data Set",1,51.557,33.13,0.00135,75.727,19.943,-3.52,107.33424344999999,533.603,1.549,0.447,0.217,0.336,2.978,0.533,0.284,0.184,65.1,0.21,0.102,"07/07/2026 9:08 AM","Upper",02,"P03","Morning",9.143333333333333,"suraj karkee","41:00:13:15",39.208468333333336,-96.59379333333332,""
6487083,"Whole Data Set",1,51.445,33.3,0.0003,255.449,21.205,-4.81,88.322013,330.98,1.401,0.593,0.169,0.237,3.482,0.784,0.219,-0.002,65.54,0.29,0.077,"07/07/2026 9:09 AM","Middle",02,"P03","Morning",9.15388888888889,"suraj karkee","41:00:13:15",39.20846166666667,-96.59377666666666,""
6487082,"Whole Data Set",1,50.062,33.47,0.00063,285.398,14.265,-2.78,223.28428499999998,1417.678,3.523,0.35,0.144,0.506,3.64,0.453,0.352,0.195,67.39,0.27,0.18,"07/07/2026 9:09 AM","Lower",02,"P03","Morning",9.164722222222222,"suraj karkee","41:00:13:15",39.208475,-96.59380666666667,""
6487081,"Whole Data Set",1,48.671,33.69,0.0007,237.765,47.731,-4.54,215.8852644,1419.364,2.231,0.338,0.205,0.457,3.51,0.554,0.236,0.21,67.5,0.26,0.166,"07/07/2026 9:10 AM","Upper",05,"P03","Morning",9.179166666666665,"suraj karkee","41:00:13:15",39.20845,-96.59380833333334,""
6487080,"Whole Data Set",1,48.244,33.82,0.00025,131.1,9.393,-6.01,36.4982112,136.544,1.196,0.594,0.185,0.221,4.095,0.423,0.596,-0.019,69.44,0.23,0.033,"07/07/2026 9:11 AM","Middle",05,"P03","Morning",9.18888888888889,"suraj karkee","41:00:13:15",39.20845333333333,-96.59380333333333,""
6487079,"Whole Data Set",1,48.688,33.95,0.00035,511.873,16.25,-4.52,225.302958,1390.759,2.545,0.36,0.181,0.459,3.208,0.491,0.327,0.182,67.66,0.29,0.179,"07/07/2026 9:11 AM","Lower",05,"P03","Morning",9.199166666666667,"suraj karkee","41:00:13:15",39.20845833333333,-96.59375833333334,""
6487078,"Whole Data Set",1,48.549,34.11,0.00037,315.956,12.422,-5.58,163.86011775,783.083,1.968,0.465,0.18,0.355,3.346,0.594,0.388,0.018,70.02,0.25,0.117,"07/07/2026 9:12 AM","Upper",10,"P03","Morning",9.210833333333333,"suraj karkee","41:00:13:15",39.208465000000004,-96.59382333333333,""
6487077,"Whole Data Set",1,46.765,34.25,0.00018,295.659,10.235,-4.42,50.244201,185.78,1.109,0.601,0.189,0.21,2.725,0.871,0.255,-0.125,71.22,0.24,0.053,"07/07/2026 9:13 AM","Middle",10,"P03","Morning",9.223888888888888,"suraj karkee","41:00:13:15",39.20847833333333,-96.59378333333333,""
6487076,"Whole Data Set",1,46.98,34.38,0.00055,299.417,19.185,-4.95,173.56942440000003,1053.852,2.124,0.366,0.203,0.431,3.583,0.546,0.296,0.158,73.05,0.51,0.165,"07/07/2026 9:14 AM","Lower",10,"P03","Morning",9.23472222222222,"suraj karkee","41:00:13:15",39.20847666666667,-96.59381833333333,""
6487075,"Whole Data Set",1,46,34.69,0.0004,486.593,56.743,-4.04,237.16710315,1563.911,3.065,0.337,0.163,0.5,3.556,0.489,0.339,0.172,66.77,0.24,0.195,"07/07/2026 9:16 AM","Upper",05,"P02","Morning",9.266666666666667,"suraj karkee","41:00:13:15",39.2077248,-96.5983708,""
6487074,"Whole Data Set",1,46.308,34.79,0.00053,305.738,99.237,-4.86,217.14720570000003,1410.963,2.9,0.342,0.169,0.489,3.928,0.466,0.466,0.069,67.52,0.3,0.162,"07/07/2026 9:16 AM","Middle",05,"P02","Morning",9.276944444444446,"suraj karkee","41:00:13:15",39.208385,-96.59388666666668,""
6487073,"Whole Data Set",1,46.215,34.94,0.00178,76.876,38.086,-5.33,161.24753700000002,1085.842,2.093,0.33,0.216,0.453,3.631,0.327,0.252,0.421,70.45,0.23,0.137,"07/07/2026 9:17 AM","Lower",05,"P02","Morning",9.294166666666667,"suraj karkee","41:00:13:15",39.208405,-96.59389000000002,""
6487072,"Whole Data Set",1,45.592,35.03,0.00083,128.365,13.855,-9.16,134.06619510000002,667.993,1.671,0.446,0.208,0.347,4.106,0.406,0.434,0.16,68.32,0.24,0.107,"07/07/2026 9:18 AM","Upper",07,"P02","Morning",9.308611111111112,"suraj karkee","41:00:13:15",39.208423333333336,-96.593875,""
6487071,"Whole Data Set",1,46.247,35.14,0.00047,289.012,39.376,-3.47,194.50420019999999,975.692,2.375,0.443,0.165,0.392,3.183,0.645,0.277,0.078,65.86,0.26,0.136,"07/07/2026 9:19 AM","Middle",07,"P02","Morning",9.31861111111111,"suraj karkee","41:00:13:15",39.208421666666666,-96.59388833333333,""
6487070,"Whole Data Set",1,45.874,35.23,0.00046,246.551,18.268,-7.48,146.2201182,709.462,1.723,0.458,0.199,0.343,0,"null","null","null",69.8,0.29,0.113,"07/07/2026 9:19 AM","Lower",07,"P02","Morning",9.329444444444444,"suraj karkee","41:00:13:15",39.208435,-96.59393,""
6487069,"Whole Data Set",1,45.754,35.45,0.00012,193.727,77.115,-3.78,32.4112932,106.546,0.563,0.676,0.207,0.117,4.838,0.686,0.545,-0.231,67.68,0.3,0.023,"07/07/2026 9:21 AM","Upper",09,"P02","Morning",9.351111111111111,"suraj karkee","41:00:13:15",39.208435,-96.59384,""
6487068,"Whole Data Set",1,45.613,35.85,0.00009,247.31,35.466,-6.42,38.398446899999996,143.653,1.272,0.594,0.179,0.227,3.635,0.696,0.301,0.003,64.88,0.23,0.022,"07/07/2026 9:22 AM","Lower",09,"P02","Morning",9.37861111111111,"suraj karkee","41:00:13:15",39.208420000000004,-96.59391666666667,""
6487067,"Whole Data Set",1,45.556,35.99,0.00017,492.792,71.58,-6.34,41.3057115,154.79,1.372,0.593,0.172,0.236,5.365,0.719,0.525,-0.244,70.03,0.37,0.084,"07/07/2026 9:23 AM","Middle",09,"P02","Morning",9.394166666666667,"suraj karkee","41:00:13:15",39.208423333333336,-96.59390166666665,""
6487066,"Whole Data Set",1,44.31,36.11,0.00053,359.74,72.465,-4.18,240.7679145,1771.655,4.661,0.302,0.123,0.575,3.716,0.403,0.347,0.25,64.9,0.24,0.191,"07/07/2026 9:24 AM","Upper",11,"P02","Morning",9.409166666666668,"suraj karkee","41:00:13:15",39.20843166666667,-96.59390499999999,""
6487065,"Whole Data Set",1,44.51,36.19,0.00012,377.84,32.856,-6.22,36.88713,136.619,1.176,0.6,0.184,0.216,3.886,0.703,0.318,-0.02,68.39,0.22,0.045,"07/07/2026 9:25 AM","Middle",11,"P02","Morning",9.419444444444444,"suraj karkee","41:00:13:15",39.20842666666667,-96.59393,""
6487064,"Whole Data Set",1,43.964,36.24,0.00013,452.296,35.717,-7.13,34.21638,125.68,1.264,0.605,0.175,0.221,3.906,0.664,0.351,-0.015,69.2,0.23,0.059,"07/07/2026 9:25 AM","Lower",11,"P02","Morning",9.428055555555554,"suraj karkee","41:00:13:15",39.20840333333333,-96.59391666666667,""
6487053,"Whole Data Set",1,44.821,34.47,0.00041,281.606,59.076,-2.28,144.75405375,660.525,1.719,0.487,0.188,0.324,1.938,0.777,-0.304,0.527,64.27,0.38,0.115,"07/07/2026 12:15 PM","Upper",04,"P01","Noon",12.264444444444445,"suraj karkee","41:00:13:15",39.208396666666665,-96.59382333333333,""
6487052,"Whole Data Set",1,43.838,34.92,0.00012,329.567,65.679,-2.89,41.5043244,149.727,0.985,0.616,0.194,0.191,3.429,0.792,0.221,-0.014,67.89,0.27,0.04,"07/07/2026 12:17 PM","Middle",04,"P01","Noon",12.284166666666666,"suraj karkee","41:00:13:15",39.208375000000004,-96.59383833333335,""
6487051,"Whole Data Set",1,43.003,35.18,0.00101,165.285,50.472,-2.33,129.52249874999998,717.775,1.363,0.401,0.253,0.345,3.864,0.475,0.407,0.118,64.87,0.52,0.167,"07/07/2026 12:17 PM","Lower",04,"P01","Noon",12.298333333333334,"suraj karkee","41:00:13:15",39.20840333333333,-96.593835,""
6487050,"Whole Data Set",1,36.666,38.39,0.00098,213.45,58.299,-3,152.44068779999998,1160.127,5.736,0.292,0.105,0.603,3.479,0.495,0.182,0.323,63.69,0.26,0.209,"07/07/2026 12:34 PM","Upper",05,"P01","Noon",12.5725,"suraj karkee","41:00:13:15",39.208391666666664,-96.59382166666667,""
6487049,"Whole Data Set",1,36.248,38.45,0.00099,202.837,58.544,-5.08,147.1095387,748.078,1.864,0.437,0.197,0.367,4.351,0.716,0.422,-0.138,64.79,0.27,0.201,"07/07/2026 12:34 PM","Middle",05,"P01","Noon",12.583055555555555,"suraj karkee","41:00:13:15",39.20836833333333,-96.59384333333334,""
6487048,"Whole Data Set",1,35.826,38.45,0.00108,229.323,30.352,-4.9,196.97189400000002,1563.269,5.241,0.28,0.115,0.605,3.421,0.561,0.151,0.288,68.96,0.23,0.248,"07/07/2026 12:35 PM","Lower",05,"P01","Noon",12.592777777777778,"suraj karkee","41:00:13:15",39.208391666666664,-96.59382166666667,""
6487047,"Whole Data Set",1,33.996,38.5,0.00017,467.123,72.833,-6.73,52.119045,210.582,1.581,0.55,0.174,0.275,3.646,0.836,0.145,0.019,65.88,0.3,0.079,"07/07/2026 12:36 PM","Upper",06,"P01","Noon",12.603055555555555,"suraj karkee","41:00:13:15",39.20840666666666,-96.593845,""
6487046,"Whole Data Set",1,34.277,38.54,0.00076,265.325,51.873,-6.16,247.4194518,1779.356,4.485,0.309,0.126,0.565,3.676,0.331,0.285,0.384,68.08,0.27,0.202,"07/07/2026 12:36 PM","Middle",06,"P01","Noon",12.611944444444443,"suraj karkee","41:00:13:15",39.208418333333334,-96.59382166666667,""
6487045,"Whole Data Set",1,34.63,38.58,0.00134,134.559,49.629,-6.81,138.646116,837.235,1.8,0.368,0.226,0.406,3.368,0.664,0.183,0.153,68.62,0.29,0.18,"07/07/2026 12:37 PM","Lower",06,"P01","Noon",12.621111111111112,"suraj karkee","41:00:13:15",39.20837166666667,-96.59380000000002,""
6487044,"Whole Data Set",1,35.224,38.62,0.00082,260.77,62.349,-5.99,275.9076,1635.008,3.438,0.375,0.141,0.484,3.625,0.691,0.476,-0.167,62.26,0.92,0.214,"07/07/2026 12:37 PM","Upper",08,"P01","Noon",12.630833333333333,"suraj karkee","41:00:13:15",39.20840833333333,-96.59386500000001,""
6487043,"Whole Data Set",1,35.986,38.65,0.00093,184.035,64.75,-6.92,127.4558166,637.917,1.944,0.444,0.189,0.367,2.754,0.754,0.055,0.191,63.45,0.25,0.171,"07/07/2026 12:38 PM","Middle",08,"P01","Noon",12.639444444444443,"suraj karkee","41:00:13:15",39.208436666666664,-96.593835,""
6487042,"Whole Data Set",1,35.024,38.69,0.00096,243.658,48.369,-5.06,224.62031925,1703.605,4.947,0.293,0.119,0.588,3.762,0.615,0.302,0.083,70.97,0.25,0.234,"07/07/2026 12:38 PM","Lower",08,"P01","Noon",12.64861111111111,"suraj karkee","41:00:13:15",39.20840833333333,-96.593845,""
6487041,"Whole Data Set",1,34.487,38.78,0.00072,252.651,34.725,-6.63,230.2801434,1470.499,2.807,0.348,0.171,0.481,3.14,0.547,0.091,0.363,67.62,0.25,0.182,"07/07/2026 12:40 PM","Upper",01,"P03","Noon",12.675833333333333,"suraj karkee","41:00:13:15",39.208441666666666,-96.59382499999998,""
6487040,"Whole Data Set",1,34.756,38.82,0.00098,239.716,11.195,-4.73,246.55187024999998,2311.785,7.254,0.237,0.092,0.67,2.916,0.628,-0.02,0.392,67.62,0.26,0.235,"07/07/2026 12:41 PM","Middle",01,"P03","Noon",12.685833333333333,"suraj karkee","41:00:13:15",39.20845166666666,-96.59382333333333,""
6487039,"Whole Data Set",1,34.41,38.87,0.00035,418.465,4.285,-6.16,137.344986,713.11,2.757,0.428,0.152,0.42,2.87,0.62,0.287,0.093,64.94,0.26,0.146,"07/07/2026 12:41 PM","Lower",01,"P03","Noon",12.695833333333333,"suraj karkee","41:00:13:15",39.20842666666667,-96.59383166666666,""
6487038,"Whole Data Set",1,34.123,38.92,0.00033,192.547,15.45,-7.73,72.497106,281.16,1.556,0.573,0.167,0.26,5.016,0.497,0.521,-0.019,65.29,0.2,0.064,"07/07/2026 12:43 PM","Upper",02,"P03","Noon",12.720555555555556,"suraj karkee","41:00:13:15",39.20841666666667,-96.59382,""
6487037,"Whole Data Set",1,32.697,38.91,0.00036,185.561,23.656,-7.48,93.3316875,374.375,1.769,0.554,0.161,0.285,3.24,0.668,0.304,0.028,67.39,0.25,0.067,"07/07/2026 12:43 PM","Middle",02,"P03","Noon",12.730555555555556,"suraj karkee","41:00:13:15",39.20843,-96.59383166666666,""
6487036,"Whole Data Set",1,33.106,38.89,0.00039,162.71,9.056,-8.24,70.17627645,269.339,1.514,0.579,0.168,0.254,3.443,0.748,0.365,-0.114,68.54,0.25,0.063,"07/07/2026 12:44 PM","Lower",02,"P03","Noon",12.74111111111111,"suraj karkee","41:00:13:15",39.208435,-96.59382,""
6487035,"Whole Data Set",1,32.597,38.86,0.00047,146.592,52.642,-8.67,70.4216106,299.794,2.214,0.522,0.149,0.33,3.782,0.554,0.496,-0.05,67.27,0.23,0.069,"07/07/2026 12:45 PM","Upper",05,"P03","Noon",12.752222222222223,"suraj karkee","41:00:13:15",39.208435,-96.59380000000002,""
6487034,"Whole Data Set",1,33.14,38.84,0.0004,173.708,32.987,-8.33,67.3638498,265.421,1.673,0.564,0.163,0.273,3.795,0.555,0.461,-0.016,66.44,0.23,0.069,"07/07/2026 12:45 PM","Middle",05,"P03","Noon",12.761111111111111,"suraj karkee","41:00:13:15",39.20843,-96.59382,""
6487033,"Whole Data Set",1,33.09,38.82,0.00051,170.032,15.634,-9.85,113.52019545000002,461.183,1.905,0.547,0.156,0.297,2.799,0.618,0.289,0.093,65.31,0.29,0.087,"07/07/2026 12:46 PM","Lower",05,"P03","Noon",12.771944444444445,"suraj karkee","41:00:13:15",39.208420000000004,-96.59381499999999,""
6487032,"Whole Data Set",1,32.446,38.79,0.0013,166.621,57.555,-4.86,230.855346,1756.89,5.036,0.292,0.117,0.591,4.267,0.505,0.151,0.344,69.48,0.25,0.217,"07/07/2026 12:47 PM","Upper",10,"P03","Noon",12.78361111111111,"suraj karkee","41:00:13:15",39.208465000000004,-96.59384833333334,""
6487031,"Whole Data Set",1,33.713,38.76,0.00106,213.374,26.129,-6.77,242.87902650000004,1635.549,4.35,0.33,0.125,0.545,3.286,0.439,-0.237,0.798,66.14,0.35,0.226,"07/07/2026 12:47 PM","Middle",10,"P03","Noon",12.792777777777777,"suraj karkee","41:00:13:15",39.208436666666664,-96.59381833333333,""
6487030,"Whole Data Set",1,32.511,38.67,0.00151,149.995,10.101,-7.98,269.8749459,1862.491,3.221,0.322,0.161,0.517,3.834,0.574,0.002,0.423,71.64,0.48,0.226,"07/07/2026 12:48 PM","Lower",10,"P03","Noon",12.804722222222223,"suraj karkee","41:00:13:15",39.20844833333333,-96.59372333333334,""
6487029,"Whole Data Set",1,33.493,38.89,0.0007,293.717,56.116,-6.08,251.6042628,1544.532,3.752,0.362,0.134,0.504,4.175,0.552,0.252,0.197,68.13,1,0.206,"07/07/2026 12:55 PM","Upper",05,"P02","Noon",12.916666666666666,"suraj karkee","41:00:13:15",39.20841333333333,-96.59389666666667,""
6487028,"Whole Data Set",1,32.252,38.94,0.00046,213.544,99.517,-7.61,115.18878825,497.039,1.586,0.515,0.188,0.297,3.78,0.737,0.188,0.075,67.17,0.25,0.098,"07/07/2026 12:55 PM","Middle",05,"P02","Noon",12.925277777777778,"suraj karkee","41:00:13:15",39.20841166666666,-96.59390166666665,""
6487027,"Whole Data Set",1,31.79,38.73,0.00038,242.179,16.64,-8.08,117.47050560000001,582.691,2.769,0.448,0.147,0.406,2.86,1.221,-0.002,-0.219,67.75,0.24,0.092,"07/07/2026 12:56 PM","Lower",05,"P02","Noon",12.934722222222222,"suraj karkee","41:00:13:15",39.208423333333336,-96.59386833333335,""
6487026,"Whole Data Set",1,33.752,38.79,0.00064,375.386,15.422,-4.18,284.05058940000004,2062.822,4.44,0.306,0.128,0.566,2.912,0.537,0.084,0.379,67.88,0.23,0.24,"07/07/2026 12:57 PM","Upper",07,"P02","Noon",12.962499999999999,"suraj karkee","41:00:13:15",39.208481666666664,-96.59390499999999,""
6487025,"Whole Data Set",1,33.064,38.81,0.00067,321.941,48.368,-6.1,243.002187,1843.02,4.216,0.293,0.136,0.571,3.723,0.53,0.282,0.188,70.19,0.27,0.216,"07/07/2026 12:58 PM","Middle",07,"P02","Noon",12.971666666666668,"suraj karkee","41:00:13:15",39.20843833333333,-96.59390333333334,""
6487024,"Whole Data Set",1,33.527,38.86,0.00059,427.648,10.138,-6.41,262.8057771,2187.314,5.301,0.267,0.116,0.617,4.222,-0.054,0.483,0.571,68.1,0.34,0.252,"07/07/2026 12:58 PM","Lower",07,"P02","Noon",12.982222222222223,"suraj karkee","41:00:13:15",39.20840666666666,-96.59389000000002,""
6487023,"Whole Data Set",1,34.849,38.93,0.00091,162.625,62.122,-5.74,145.099188,826.776,2.429,0.39,0.178,0.432,4.035,0.802,0.161,0.037,70.68,0.29,0.148,"07/07/2026 12:59 PM","Upper",09,"P02","Noon",12.994444444444444,"suraj karkee","41:00:13:15",39.20842833333334,-96.59388499999999,""
6487022,"Whole Data Set",1,34.503,38.98,0.00046,283.179,59.623,-5.53,181.98729674999998,1145.655,3.466,0.353,0.145,0.502,3.98,0.428,0.386,0.186,68.1,0.23,0.13,"07/07/2026 1:00 PM","Middle",09,"P02","Noon",13.004444444444445,"suraj karkee","41:00:13:15",39.208420000000004,-96.59388166666668,""
6487021,"Whole Data Set",1,34.036,39.04,0.00064,251.255,51.008,-6.07,183.64318784999998,1303.821,4.021,0.313,0.137,0.551,4.077,0.459,0.337,0.204,72.32,0.25,0.161,"07/07/2026 1:00 PM","Lower",09,"P02","Noon",13.013055555555555,"suraj karkee","41:00:13:15",39.208391666666664,-96.59390499999999,""
6487020,"Whole Data Set",1,33.014,39.11,0.00092,146.551,78.265,-6.4,131.4814725,787.55,3.037,0.371,0.156,0.473,3.587,0.524,0.242,0.234,65.64,0.23,0.135,"07/07/2026 1:01 PM","Upper",11,"P02","Noon",13.023888888888889,"suraj karkee","41:00:13:15",39.208441666666666,-96.59393833333334,""
6487019,"Whole Data Set",1,32.351,39.14,0.00042,373.039,53.669,-7.11,138.5668647,848.282,3.009,0.363,0.159,0.478,3.594,0.479,0.402,0.12,68.87,0.21,0.157,"07/07/2026 1:01 PM","Middle",11,"P02","Noon",13.0325,"suraj karkee","41:00:13:15",39.208445,-96.59391833333332,""
6487018,"Whole Data Set",1,32.802,39.2,0.00069,281.315,44.51,-6.13,234.3330936,1853.168,4.772,0.281,0.125,0.595,3.766,0.549,0.185,0.267,69.86,0.22,0.194,"07/07/2026 1:02 PM","Lower",11,"P02","Noon",13.04111111111111,"suraj karkee","41:00:13:15",39.20842666666667,-96.59390833333333,""
6483432,"Whole Data Set",1,52.64,31.62,0.00079,226.393,14.387,-3.23,218.2648167,936.357,1.59,0.518,0.186,0.296,3.101,0.707,0.154,0.139,65.37,0.74,0.179,"07/06/2026 9:28 AM","Upper",01,"P03","Morning",9.470277777777778,"suraj karkee","41:00:13:15",39.20843333333333,-96.59377166666667,""
6483431,"Whole Data Set",1,54.245,31.7,0.00039,375.085,11.671,-2.69,176.4933264,885.344,1.952,0.443,0.189,0.368,3.325,0.461,0.444,0.095,67.54,0.27,0.146,"07/06/2026 9:28 AM","Middle",01,"P03","Morning",9.480555555555556,"suraj karkee","41:00:13:15",39.208435,-96.59381166666665,""
6483430,"Whole Data Set",1,55.906,31.85,0.00028,316.2,19.441,-3.96,76.7567385,285.235,1.044,0.598,0.197,0.205,3.178,0.897,0.327,-0.224,65.85,0.62,0.089,"07/06/2026 9:29 AM","Lower",01,"P03","Morning",9.490833333333333,"suraj karkee","41:00:13:15",39.20845666666666,-96.59383166666666,""
6483429,"Whole Data Set",1,52.619,32.46,0.0008,247.236,19.763,-0.91,243.68868045,1392.109,2.961,0.389,0.154,0.457,4.414,0.512,0.488,0.001,63.05,0.26,0.198,"07/06/2026 9:32 AM","Upper",02,"P03","Morning",9.537777777777778,"suraj karkee","41:00:13:15",39.208441666666666,-96.59377666666666,""
6483428,"Whole Data Set",1,52.655,32.58,0.00071,304.966,23.592,-2.01,262.16553825,1631.905,3.48,0.357,0.143,0.499,3.107,0.167,0.675,0.158,66.51,0.31,0.217,"07/06/2026 9:32 AM","Middle",02,"P03","Morning",9.548055555555555,"suraj karkee","41:00:13:15",39.208465000000004,-96.59379333333332,""
6483427,"Whole Data Set",1,53.868,32.71,0.00115,128.463,20.563,-4.28,144.1125432,721.284,1.274,0.444,0.244,0.311,2.458,0.752,0.03,0.218,65.44,0.41,0.148,"07/06/2026 9:33 AM","Lower",02,"P03","Morning",9.558055555555557,"suraj karkee","41:00:13:15",39.208423333333336,-96.59383333333332,""
6483426,"Whole Data Set",1,54.246,32.91,0.00073,252.444,59.604,-3.72,317.89341675000003,1552.593,2.233,0.455,0.169,0.377,1.406,0.29,-1.41,2.12,64.2,0.83,0.184,"07/06/2026 9:34 AM","Upper",05,"P03","Morning",9.572222222222223,"suraj karkee","41:00:13:15",39.20845333333333,-96.59381666666668,""
6483425,"Whole Data Set",1,51.757,33.01,0.00118,133.738,9.459,-4.62,184.4404506,1084.306,2.013,0.378,0.206,0.416,4.214,0.347,0.373,0.28,67.15,0.28,0.158,"07/06/2026 9:34 AM","Middle",05,"P03","Morning",9.581666666666667,"suraj karkee","41:00:13:15",39.20842833333334,-96.59384,""
6483424,"Whole Data Set",1,51.844,33.16,0.00039,497.259,21.219,-3.83,279.3973905,1514.349,2.113,0.41,0.189,0.4,2.855,0.629,0.057,0.314,65.7,0.43,0.194,"07/06/2026 9:35 AM","Lower",05,"P03","Morning",9.594722222222222,"suraj karkee","41:00:13:15",39.20847166666667,-96.59375833333334,""
6483423,"Whole Data Set",1,51.152,33.34,0.00067,188.53,14.872,-4.33,157.2609501,749.933,1.877,0.466,0.186,0.349,2.714,0.612,0.225,0.163,59.03,0.29,0.126,"07/06/2026 9:36 AM","Upper",10,"P03","Morning",9.610555555555555,"suraj karkee","41:00:13:15",39.208485,-96.59380833333334,""
6483422,"Whole Data Set",1,49.084,33.43,0.00083,262.312,17.038,-3.92,310.4859303,1634.997,2.662,0.422,0.158,0.42,2.973,0.621,0.157,0.222,68.82,1.04,0.218,"07/06/2026 9:37 AM","Middle",10,"P03","Morning",9.621111111111112,"suraj karkee","41:00:13:15",39.208466666666666,-96.59382499999998,""
6483421,"Whole Data Set",1,49.678,33.54,0.0006,307.351,20.822,-4.61,182.93444999999997,1129.225,2.015,0.36,0.212,0.427,3.839,0.586,0.295,0.119,71.71,0.25,0.184,"07/06/2026 9:37 AM","Lower",10,"P03","Morning",9.630833333333333,"suraj karkee","41:00:13:15",39.208463333333334,-96.59381,""
6483420,"Whole Data Set",1,50.214,33.66,0.00047,354.735,53.656,-3.87,235.93794885000003,1546.627,2.437,0.339,0.192,0.468,3.633,0.535,0.285,0.18,67.1,0.28,0.167,"07/06/2026 9:38 AM","Upper",05,"P03","Morning",9.646666666666667,"suraj karkee","41:00:13:15",39.208421666666666,-96.59388499999999,""
6483419,"Whole Data Set",1,51.641,33.77,0.00065,244.26,74.849,-3.9,178.33632705,820.503,1.887,0.483,0.179,0.338,3.901,0.618,0.309,0.074,65.38,0.5,0.159,"07/06/2026 9:39 AM","Middle",05,"P03","Morning",9.656666666666666,"suraj karkee","41:00:13:15",39.20841166666666,-96.59390833333333,""
6483418,"Whole Data Set",1,51.161,34.05,0.00109,198.72,28.142,-2.38,232.23976830000004,1237.622,1.681,0.417,0.217,0.365,2.543,0.989,0.064,-0.054,69.74,0.55,0.217,"07/06/2026 9:41 AM","Lower",05,"P03","Morning",9.687777777777779,"suraj karkee","41:00:13:15",39.20840166666667,-96.59389000000002,""
6483417,"Whole Data Set",1,46.294,34.18,0.00052,227.681,23.25,-5.33,179.81521020000002,735.892,1.374,0.543,0.193,0.265,3.132,0.816,0.106,0.078,62.41,0.37,0.118,"07/06/2026 9:42 AM","Upper",07,"P03","Morning",9.711666666666666,"suraj karkee","41:00:13:15",39.20843333333333,-96.59387166666666,""
6483416,"Whole Data Set",1,47.238,34.21,0.00117,110.872,26.542,-5.36,195.25129470000002,962.066,1.604,0.451,0.211,0.338,-0.255,-9.372,11.443,-1.072,67.28,0.53,0.13,"07/06/2026 9:43 AM","Middle",07,"P03","Morning",9.721388888888889,"suraj karkee","41:00:13:15",39.208425000000005,-96.5939,""
6483415,"Whole Data Set",1,48.415,34.3,0.00012,483.478,33.877,-5.11,40.846381199999996,143.623,0.844,0.632,0.2,0.168,4.601,0.543,0.582,-0.126,69.58,0.41,0.058,"07/06/2026 9:44 AM","Lower",07,"P03","Morning",9.735833333333332,"suraj karkee","41:00:13:15",39.20843,-96.59390333333334,""
6483414,"Whole Data Set",1,49.996,34.4,0.00063,308.449,60.516,-3.97,254.38724639999998,1935.976,3.229,0.292,0.168,0.541,2.994,0.37,0.462,0.168,66.25,0.27,0.194,"07/06/2026 9:45 AM","Upper",09,"P03","Morning",9.750833333333333,"suraj karkee","41:00:13:15",39.20842666666667,-96.593895,""
6483413,"Whole Data Set",1,50.935,34.48,0.00016,462.207,56.705,-3.83,41.6946285,147.071,0.935,0.63,0.191,0.179,3.3,0.867,0.179,-0.046,66.88,0.27,0.074,"07/06/2026 9:45 AM","Middle",09,"P03","Morning",9.760277777777778,"suraj karkee","41:00:13:15",39.20840833333333,-96.59391833333332,""
6483412,"Whole Data Set",1,51.062,34.56,0.00008,809.528,22.006,-5.99,31.0907376,110.722,1.036,0.624,0.185,0.191,4.267,0.495,0.528,-0.022,70.24,0.71,0.065,"07/06/2026 9:46 AM","Lower",09,"P03","Morning",9.769722222222223,"suraj karkee","41:00:13:15",39.20841166666666,-96.59390833333333,""
6483411,"Whole Data Set",1,49.838,34.69,0.00056,336.583,51.317,-3.36,258.5304837,1756.918,3.732,0.327,0.142,0.53,3.157,0.441,0.348,0.211,65.67,0.26,0.188,"07/06/2026 9:47 AM","Upper",11,"P03","Morning",9.78361111111111,"suraj karkee","41:00:13:15",39.2088235,-96.5984478,""
6483410,"Whole Data Set",1,50.361,34.79,0.00012,190.16,53.261,-5.28,31.6250613,112.987,1.05,0.622,0.185,0.194,4.165,0.663,0.354,-0.017,66.62,0.33,0.023,"07/06/2026 9:47 AM","Middle",11,"P03","Morning",9.793611111111112,"suraj karkee","41:00:13:15",39.208418333333334,-96.59391166666667,""
6483409,"Whole Data Set",1,48.87,34.89,0.00012,321.357,27.912,-5.7,40.6821744,148.448,1.21,0.609,0.177,0.214,3.503,0.717,0.341,-0.058,68.35,0.35,0.039,"07/06/2026 9:48 AM","Lower",11,"P03","Morning",9.804444444444446,"suraj karkee","41:00:13:15",39.208420000000004,-96.59389666666667,""
6483408,"Whole Data Set",1,47.906,35.25,0.00072,284.73,69.546,-3.06,233.10897705,1665.659,4.066,0.311,0.136,0.553,3.248,0.543,0.217,0.24,64.56,0.27,0.205,"07/06/2026 9:51 AM","Upper",04,"P01","Morning",9.855833333333333,"suraj karkee","41:00:13:15",39.20836666666666,-96.59380000000002,""
6483407,"Whole Data Set",1,48.094,35.33,0.00026,223.727,22.388,-6.18,40.596768,148.38,1.149,0.608,0.182,0.209,3.628,0.816,0.209,-0.026,67.06,0.33,0.058,"07/06/2026 9:51 AM","Middle",04,"P01","Morning",9.865555555555556,"suraj karkee","41:00:13:15",39.208380000000005,-96.593835,""
6483406,"Whole Data Set",1,47.946,35.41,0.00063,278.444,29.748,-3.42,220.27389930000004,1298.402,3.122,0.377,0.151,0.472,3.208,0.495,0.28,0.225,71.04,0.32,0.175,"07/06/2026 9:52 AM","Lower",04,"P01","Morning",9.875555555555556,"suraj karkee","41:00:13:15",39.208380000000005,-96.59380666666667,""
6483405,"Whole Data Set",1,48.149,35.53,0.00046,335.346,59.099,-4.52,182.1041505,874.03,2.252,0.463,0.165,0.372,2.763,0.402,0.508,0.089,62.46,0.37,0.154,"07/06/2026 9:53 AM","Upper",05,"P01","Morning",9.889166666666666,"suraj karkee","41:00:13:15",39.20839333333333,-96.59382666666667,""
6483404,"Whole Data Set",1,45.541,35.6,0.00012,373.672,47.139,-5.03,31.3075584,110.784,0.93,0.628,0.193,0.179,3.509,0.67,0.334,-0.005,65.36,0.28,0.045,"07/06/2026 9:53 AM","Middle",05,"P01","Morning",9.899722222222222,"suraj karkee","41:00:13:15",39.20836666666666,-96.59382833333332,""
6483403,"Whole Data Set",1,45.604,35.62,0.00019,238.262,65.97,-6.65,27.1945647,97.787,0.999,0.618,0.191,0.191,2.743,1.269,0.178,-0.447,67.23,0.17,0.045,"07/06/2026 9:54 AM","Lower",05,"P01","Morning",9.91,"suraj karkee","41:00:13:15",39.20838166666667,-96.59381,""
6483402,"Whole Data Set",1,44.447,35.66,0.00173,71.064,59.516,-6.61,170.82813735,1081.533,1.74,0.351,0.237,0.412,7.281,0.789,0.872,-0.661,65.1,1.21,0.123,"07/06/2026 9:55 AM","Upper",06,"P01","Morning",9.923055555555555,"suraj karkee","41:00:13:15",39.208385,-96.59381,""
6483401,"Whole Data Set",1,43.573,35.66,0.0007,185.101,33.665,-7.49,84.2616873,361.483,1.228,0.518,0.216,0.266,3.01,0.577,0.343,0.08,68.07,0.84,0.13,"07/06/2026 9:55 AM","Middle",06,"P01","Morning",9.9325,"suraj karkee","41:00:13:15",39.20836666666666,-96.59381833333333,""
6483400,"Whole Data Set",1,44.326,35.66,0.00012,412.766,41.559,-8.31,32.113692,114.365,1.007,0.624,0.188,0.189,3.725,0.479,0.38,0.141,67.54,0.32,0.05,"07/06/2026 9:56 AM","Lower",06,"P01","Morning",9.941666666666666,"suraj karkee","41:00:13:15",39.208396666666665,-96.59381,""
6483399,"Whole Data Set",1,44.615,35.67,0.00147,158.587,61.462,-7.82,240.51603960000003,1377.526,1.751,0.388,0.223,0.39,-0.678,-0.076,7.107,-6.03,64.26,0.85,0.233,"07/06/2026 9:57 AM","Upper",08,"P01","Morning",9.953888888888889,"suraj karkee","41:00:13:15",39.208395,-96.59381666666668,""
6483398,"Whole Data Set",1,44.832,35.69,0.00012,660.993,43.237,-5.68,29.957840100000002,103.858,0.761,0.641,0.204,0.155,4.357,0.416,0.666,-0.082,64.98,0.73,0.079,"07/06/2026 9:57 AM","Middle",08,"P01","Morning",9.964166666666666,"suraj karkee","41:00:13:15",39.208396666666665,-96.59383333333332,""
6483397,"Whole Data Set",1,44.69,35.71,0.00016,158.4,57.957,-7.46,32.790344399999995,116.216,0.969,0.627,0.189,0.184,3.209,0.729,0.342,-0.071,65.62,0.3,0.025,"07/06/2026 9:58 AM","Lower",08,"P01","Morning",9.973333333333333,"suraj karkee","41:00:13:15",39.208378333333336,-96.59381166666665,""
6483396,"Whole Data Set",1,44.29,34.03,0.00139,159.476,18.593,-3.06,264.43430324999997,1558.705,2.464,0.377,0.18,0.443,3.293,0.459,0.126,0.415,67.03,0.9,0.222,"07/06/2026 12:05 PM","Upper",01,"P03","Noon",12.088055555555556,"suraj karkee","41:00:13:15",39.20851833333334,-96.59377333333332,""
6483395,"Whole Data Set",1,45.212,34.09,0.00089,248.427,7.328,-2.02,280.3579614,2056.164,4.609,0.303,0.124,0.573,3.417,0.577,0.118,0.305,69.96,0.4,0.221,"07/06/2026 12:05 PM","Middle",01,"P03","Noon",12.099166666666667,"suraj karkee","41:00:13:15",39.208495,-96.59381499999999,""
6483394,"Whole Data Set",1,45.342,34.18,0.00101,255.939,12.305,-2.45,284.1558165,1985.715,4.368,0.318,0.127,0.555,4.28,0.673,-0.004,0.331,68.91,0.42,0.258,"07/06/2026 12:06 PM","Lower",01,"P03","Noon",12.109166666666667,"suraj karkee","41:00:13:15",39.208463333333334,-96.59385333333333,""
6483393,"Whole Data Set",1,44.753,34.27,0.00114,240.201,17.705,-2.84,333.25220699999994,2134.18,3.92,0.347,0.133,0.52,4.086,0.701,0.213,0.086,64.32,0.97,0.274,"07/06/2026 12:07 PM","Upper",02,"P03","Noon",12.120277777777778,"suraj karkee","41:00:13:15",39.20847333333334,-96.59381833333333,""
6483392,"Whole Data Set",1,44.786,34.36,0.00107,226.115,16.371,-2.63,272.71219679999996,2033.648,4.632,0.298,0.125,0.577,2.59,0.805,-0.032,0.227,68,0.3,0.242,"07/06/2026 12:07 PM","Middle",02,"P03","Noon",12.130555555555556,"suraj karkee","41:00:13:15",39.208481666666664,-96.59380833333334,""
6483391,"Whole Data Set",1,44.868,34.95,0.0009,213.441,21.567,-3.14,212.93954055,1355.871,2.418,0.349,0.19,0.46,3.986,0.433,0.38,0.186,69.25,0.29,0.192,"07/06/2026 12:11 PM","Lower",02,"P03","Noon",12.18888888888889,"suraj karkee","41:00:13:15",39.20845333333333,-96.59386500000001,""
6483390,"Whole Data Set",1,43.429,35.15,0.00088,217.043,55.157,-3.6,258.00849,1873.7,4.373,0.306,0.129,0.565,3.256,0.515,-0.02,0.505,66.69,0.3,0.191,"07/06/2026 12:12 PM","Upper",05,"P03","Noon",12.205277777777777,"suraj karkee","41:00:13:15",39.20845666666666,-96.59385166666668,""
6483389,"Whole Data Set",1,44.517,35.26,0.00131,143.571,14.369,-4.39,229.9116312,1749.708,2.375,0.292,0.21,0.498,3.822,0.456,0.198,0.347,66.69,0.24,0.188,"07/06/2026 12:12 PM","Middle",05,"P03","Noon",12.215,"suraj karkee","41:00:13:15",39.20844833333333,-96.59387166666666,""
6483388,"Whole Data Set",1,43.863,35.56,0.00021,230.164,37.387,-2.07,49.41201375,181.495,1.405,0.605,0.164,0.23,4.524,0.537,0.268,0.195,66.54,0.29,0.048,"07/06/2026 12:14 PM","Lower",05,"P03","Noon",12.239722222222222,"suraj karkee","41:00:13:15",39.208495,-96.59381833333333,""
6483387,"Whole Data Set",1,43.027,35.7,0.00062,312.632,13.475,-5.19,250.02964980000002,1714.881,3.05,0.324,0.167,0.509,0.689,1.018,-4.143,4.125,69.33,0.52,0.194,"07/06/2026 12:15 PM","Upper",10,"P03","Noon",12.252777777777778,"suraj karkee","41:00:13:15",39.208486666666666,-96.59387833333334,""
6483386,"Whole Data Set",1,42.6,36,0.00098,194.149,22.792,-2.97,246.93799950000002,1421.635,2.519,0.386,0.174,0.439,3.451,0.466,0.221,0.312,71.9,0.53,0.19,"07/06/2026 12:17 PM","Lower",10,"P03","Noon",12.29111111111111,"suraj karkee","41:00:13:15",39.20849333333333,-96.59380666666667,""
6483385,"Whole Data Set",1,41.855,36.11,0.00072,240.994,0.447,-4.18,323.81609760000003,1950.112,3.359,0.369,0.145,0.486,3.291,0.777,-0.082,0.305,69.42,0.87,0.174,"07/06/2026 12:18 PM","Middle",10,"P03","Noon",12.306111111111111,"suraj karkee","41:00:13:15",39.208495,-96.59377166666667,""
6483384,"Whole Data Set",1,41.729,36.83,0.00064,268.275,62.32,-4.2,233.88087600000003,1594.28,4.106,0.326,0.132,0.542,1.997,0.489,-0.001,0.512,66.91,0.32,0.172,"07/06/2026 12:25 PM","Upper",05,"P02","Noon",12.424166666666666,"suraj karkee","41:00:13:15",39.20844,-96.59391833333332,""
6483383,"Whole Data Set",1,42.107,36.9,0.00032,134.749,85.969,-4.65,53.4128661,211.578,1.455,0.561,0.179,0.26,4.232,0.782,0.41,-0.192,67.79,0.33,0.043,"07/06/2026 12:26 PM","Middle",05,"P02","Noon",12.434166666666666,"suraj karkee","41:00:13:15",39.20845166666666,-96.59392166666666,""
6483382,"Whole Data Set",1,43.52,36.98,0.00044,306.804,24.452,-3.17,140.94358380000003,598.868,2.017,0.523,0.158,0.319,4.411,0.581,0.152,0.267,67.81,0.51,0.135,"07/06/2026 12:26 PM","Lower",05,"P02","Noon",12.443611111111112,"suraj karkee","41:00:13:15",39.20843,-96.59393166666665,""
6483381,"Whole Data Set",1,41.604,37.44,0.0007,269.008,32.205,-2.45,236.016747,1417.518,3.343,0.37,0.145,0.485,4.583,0.487,0.354,0.159,67.09,0.27,0.188,"07/06/2026 12:29 PM","Upper",07,"P02","Noon",12.491388888888888,"suraj karkee","41:00:13:15",39.2077646,-96.5985372,""
6483380,"Whole Data Set",1,42.458,37.58,0.00074,309.501,22.325,-3.37,264.17119679999996,2038.358,4.875,0.288,0.121,0.59,3.16,0.5,0.086,0.414,68.02,0.22,0.229,"07/06/2026 12:30 PM","Middle",07,"P02","Noon",12.51,"suraj karkee","41:00:13:15",39.20843333333333,-96.59395,""
6483379,"Whole Data Set",1,41.961,37.66,0.00028,335.502,28.176,-4.47,130.1332365,521.054,1.516,0.555,0.177,0.268,3.177,0.991,0.18,-0.171,68.21,0.38,0.094,"07/06/2026 12:31 PM","Lower",07,"P02","Noon",12.520833333333334,"suraj karkee","41:00:13:15",39.20842833333334,-96.59392333333332,""
6483378,"Whole Data Set",1,41.38,37.75,0.00099,178.749,66.602,-5.46,167.41812240000002,1010.979,3.473,0.368,0.141,0.49,4.259,0.511,0.115,0.374,69.66,0.31,0.177,"07/06/2026 12:31 PM","Upper",09,"P02","Noon",12.532222222222224,"suraj karkee","41:00:13:15",39.208455,-96.59389166666666,""
6483377,"Whole Data Set",1,42.072,37.83,0.00059,209.015,65.367,-5.94,148.9735296,738.956,2.34,0.448,0.165,0.387,4.581,0.593,0.337,0.07,69.19,0.33,0.123,"07/06/2026 12:32 PM","Middle",09,"P02","Noon",12.54138888888889,"suraj karkee","41:00:13:15",39.20843333333333,-96.59393666666668,""
6483376,"Whole Data Set",1,42.442,37.93,0.00059,311.138,39.934,-6.74,201.5439975,1298.19,3.798,0.345,0.137,0.519,5.397,0.303,0.421,0.276,68.99,0.81,0.184,"07/06/2026 12:33 PM","Lower",09,"P02","Noon",12.551944444444445,"suraj karkee","41:00:13:15",39.20841166666666,-96.59390333333334,""
6483375,"Whole Data Set",1,41.224,38.02,-0.86763,0.326,55.649,-1.69,122.97530880000001,533.747,1.5,0.512,0.195,0.293,0.92,7.461,-0.183,-6.278,66.09,4.31,-0.283,"07/06/2026 12:33 PM","Upper",11,"P02","Noon",12.564166666666667,"suraj karkee","41:00:13:15",39.20846166666667,-96.59392166666666,""
6483374,"Whole Data Set",1,41.59,38.08,0.00046,323.424,62.125,-5.83,163.9143621,793.582,2.224,0.459,0.168,0.373,4.074,0.701,0.345,-0.046,66.89,0.26,0.149,"07/06/2026 12:34 PM","Middle",11,"P02","Noon",12.573333333333332,"suraj karkee","41:00:13:15",39.208463333333334,-96.59392833333335,""
6483373,"Whole Data Set",1,40.969,38.14,0.00093,249.637,31.308,-4.85,263.71095479999997,2063.466,5.489,0.284,0.11,0.606,3.774,0.563,0.369,0.069,68.13,0.3,0.232,"07/06/2026 12:34 PM","Lower",11,"P02","Noon",12.5825,"suraj karkee","41:00:13:15",39.208435,-96.59391,""
6483372,"Whole Data Set",1,38.541,38.92,0.00065,330.689,58.627,-5.85,199.7420805,944.407,2.315,0.47,0.16,0.37,2.555,0.855,-0.036,0.181,62.69,0.23,0.215,"07/06/2026 12:42 PM","Upper",04,"P01","Noon",12.700277777777776,"suraj karkee","41:00:13:15",39.20838333333334,-96.59382666666667,""
6483371,"Whole Data Set",1,38.24,38.93,0.00011,204.866,56.64,-7.46,28.1475252,99.602,1.005,0.628,0.185,0.186,3.197,0.767,0.32,-0.087,68.84,0.28,0.023,"07/06/2026 12:42 PM","Middle",04,"P01","Noon",12.710555555555555,"suraj karkee","41:00:13:15",39.20839,-96.59386333333332,""
6483370,"Whole Data Set",1,38.29,38.94,0.00191,103.148,46.538,-7.27,175.30047945,1055.709,1.504,0.369,0.252,0.379,1.147,3.824,-1.545,-1.279,63.41,0.99,0.197,"07/06/2026 12:43 PM","Lower",04,"P01","Noon",12.720277777777778,"suraj karkee","41:00:13:15",39.208378333333336,-96.59381,""
6483369,"Whole Data Set",1,38.135,38.96,0.00057,350.777,66.988,-5.81,213.82933500000001,1401.7,3.436,0.339,0.149,0.512,3.56,0.546,0.361,0.093,63.75,0.24,0.2,"07/06/2026 12:43 PM","Upper",05,"P01","Noon",12.731111111111112,"suraj karkee","41:00:13:15",39.20838666666667,-96.59380000000002,""
6483368,"Whole Data Set",1,35.673,38.97,0.00106,212.786,41.798,-7.24,206.1198036,1119.912,2.275,0.409,0.18,0.41,3.728,0.744,0.067,0.188,65.23,0.33,0.226,"07/06/2026 12:44 PM","Middle",05,"P01","Noon",12.739722222222222,"suraj karkee","41:00:13:15",39.208421666666666,-96.59382499999998,""
6483367,"Whole Data Set",1,37.192,38.94,0.00098,279.902,34.671,-6.35,240.6718314,1736.449,4.978,0.308,0.116,0.576,2.918,0.78,-0.077,0.297,67.29,0.7,0.274,"07/06/2026 12:45 PM","Lower",05,"P01","Noon",12.751111111111111,"suraj karkee","41:00:13:15",39.208385,-96.59382333333333,""
6483366,"Whole Data Set",1,38.919,38.95,0.00067,323.652,65.294,-4.34,217.57042215,1339.307,2.822,0.361,0.167,0.472,1.802,1.47,-0.501,0.031,66.31,0.31,0.217,"07/06/2026 12:46 PM","Upper",06,"P01","Noon",12.769166666666667,"suraj karkee","41:00:13:15",39.20840333333333,-96.59386166666667,""
6483365,"Whole Data Set",1,37.206,38.96,0.00143,130.845,46.752,-7.67,155.923479,847.18,1.984,0.409,0.198,0.393,1.061,2.779,-2.204,0.426,62.56,0.96,0.187,"07/06/2026 12:46 PM","Middle",06,"P01","Noon",12.780000000000001,"suraj karkee","41:00:13:15",39.208483333333334,-96.59382333333333,""
6483364,"Whole Data Set",1,37.627,38.95,0.00013,481.386,47.1,-7.02,36.4939821,134.938,1.348,0.601,0.17,0.229,3.612,0.424,0.418,0.159,69.11,0.27,0.063,"07/06/2026 12:47 PM","Lower",06,"P01","Noon",12.789444444444444,"suraj karkee","41:00:13:15",39.208425000000005,-96.59380833333334,""
6483363,"Whole Data Set",1,36.901,38.93,0.00066,336.798,64.275,-5.18,231.18264045,1313.911,3.596,0.391,0.133,0.477,3.21,0.665,0.12,0.214,62.93,0.2,0.222,"07/06/2026 12:48 PM","Upper",08,"P01","Noon",12.804444444444446,"suraj karkee","41:00:13:15",39.20840333333333,-96.59382833333332,""
6483362,"Whole Data Set",1,36.406,38.93,0.00146,144.648,54.059,-7.6,183.26912265,1046.953,1.947,0.389,0.207,0.404,2.525,0.682,0.011,0.306,66.55,0.26,0.211,"07/06/2026 12:48 PM","Middle",08,"P01","Noon",12.814166666666667,"suraj karkee","41:00:13:15",39.208414999999995,-96.59381,""
6483361,"Whole Data Set",1,35.208,38.89,0.00054,323.5,67.537,-7,163.96390755000002,908.639,2.761,0.401,0.159,0.44,3.638,0.534,0.492,-0.026,65.13,0.27,0.175,"07/06/2026 12:49 PM","Lower",08,"P01","Noon",12.823055555555555,"suraj karkee","41:00:13:15",39.208396666666665,-96.59378999999998,""
6476190,"Whole Data Set",1,60.411,27.89,0.00032,305.52,42.178,2.16,99.91760265,370.683,0.937,0.599,0.207,0.194,2.725,1.217,0.419,-0.637,63.03,0.41,0.098,"07/03/2026 4:26 PM","Upper",05,"P02","Late",16.434444444444445,"suraj karkee","41:00:13:15",39.208398333333335,-96.59388333333332,""
6476189,"Whole Data Set",1,58.831,28.27,0.00029,358.027,33.853,2.98,76.67657955,289.291,1.025,0.589,0.203,0.208,3.517,2.667,-0.037,-1.631,68.82,0.46,0.104,"07/03/2026 4:26 PM","Middle",05,"P02","Late",16.44361111111111,"suraj karkee","41:00:13:15",39.20845666666666,-96.593895,""
6476188,"Whole Data Set",1,58.415,28.67,0.00064,226.928,6.037,1.26,213.98668740000002,1020.442,1.749,0.466,0.194,0.34,3.898,0.282,0.456,0.262,69.79,0.86,0.145,"07/03/2026 4:27 PM","Lower",05,"P02","Late",16.453333333333333,"suraj karkee","41:00:13:15",39.208445,-96.59392333333332,""
6476187,"Whole Data Set",1,51.319,32.18,0.00057,207.832,11.862,-0.07,171.842139,658.399,1.138,0.58,0.196,0.224,3.163,-0.493,-4.312,5.805,70.84,0.96,0.118,"07/03/2026 4:33 PM","Upper",07,"P02","Late",16.550555555555555,"suraj karkee","41:00:13:15",39.208443333333335,-96.59387833333334,""
6476186,"Whole Data Set",1,50.666,32.48,0.00033,283.068,18.956,-0.23,98.16166620000001,398.788,1.427,0.547,0.187,0.267,5.194,0.56,0.54,-0.1,69.69,0.34,0.093,"07/03/2026 4:33 PM","Middle",07,"P02","Late",16.560833333333335,"suraj karkee","41:00:13:15",39.20844833333333,-96.59386,""
6476185,"Whole Data Set",1,49.722,32.74,0.00034,265.956,12.789,-1.11,95.09591025,370.095,1.341,0.571,0.183,0.246,8.659,0.354,0.669,-0.024,68.36,0.38,0.09,"07/03/2026 4:34 PM","Lower",07,"P02","Late",16.570555555555554,"suraj karkee","41:00:13:15",39.208459999999995,-96.59390166666665,""
6476184,"Whole Data Set",1,49.206,33.03,0.00067,232.478,36.186,-1.18,217.7382501,1117.466,2.104,0.433,0.183,0.385,2.816,0.526,-0.196,0.67,68.11,0.33,0.156,"07/03/2026 4:34 PM","Upper",09,"P02","Late",16.581944444444446,"suraj karkee","41:00:13:15",39.20838833333333,-96.59389166666666,""
6476183,"Whole Data Set",1,49.348,33.23,0.00055,41.031,20.955,-1.9,157.41393525,644.215,1.625,0.543,0.174,0.283,5.615,0.884,0.537,-0.422,70.52,0.58,0.023,"07/03/2026 4:35 PM","Middle",09,"P02","Late",16.590555555555554,"suraj karkee","41:00:13:15",39.20838666666667,-96.59389333333333,""
6476182,"Whole Data Set",1,48.8,33.45,0.0005,319.405,21.002,-1.42,173.037375,752.5,1.649,0.511,0.185,0.304,1.893,2.267,-0.532,-0.735,68.84,1.19,0.16,"07/03/2026 4:35 PM","Lower",09,"P02","Late",16.599722222222223,"suraj karkee","41:00:13:15",39.20838833333333,-96.59389833333334,""
6476181,"Whole Data Set",1,48.751,33.77,0.00044,219.261,30.257,-1,134.83969650000003,593.354,1.841,0.505,0.174,0.321,1.153,1.802,-0.879,0.077,65.78,0.25,0.096,"07/03/2026 4:36 PM","Upper",11,"P02","Late",16.613611111111112,"suraj karkee","41:00:13:15",39.208459999999995,-96.59391666666667,""
6476180,"Whole Data Set",1,48.41,34.03,0.0012,123.373,49.923,-1.7,108.0303552,582.688,1.788,0.412,0.211,0.377,2.785,0.708,0.218,0.073,68.99,0.27,0.148,"07/03/2026 4:37 PM","Middle",11,"P02","Late",16.625,"suraj karkee","41:00:13:15",39.208398333333335,-96.59388833333333,""
6476179,"Whole Data Set",1,47.051,34.25,0.00046,215.969,41.141,-1.32,81.43326180000001,357.634,1.489,0.506,0.198,0.296,3.818,0.478,0.449,0.073,69.89,0.41,0.099,"07/03/2026 4:38 PM","Lower",11,"P02","Late",16.634444444444444,"suraj karkee","41:00:13:15",39.20840833333333,-96.59391333333333,""
6476178,"Whole Data Set",1,43.59,35.58,0.0003,291.865,14.171,-3.03,116.78310180000001,466.759,1.469,0.556,0.18,0.264,3.639,0.845,0.243,-0.087,68.47,0.32,0.088,"07/03/2026 4:44 PM","Upper",01,"P03","Late",16.739166666666666,"suraj karkee","41:00:13:15",39.20845666666666,-96.59381666666668,""
6476177,"Whole Data Set",1,43.552,35.68,0.00046,227.448,8.959,-3.61,110.5281,491.236,1.692,0.5,0.186,0.315,3.041,0.419,0.476,0.105,67.03,0.49,0.105,"07/03/2026 4:44 PM","Middle",01,"P03","Late",16.748611111111114,"suraj karkee","41:00:13:15",39.20838833333333,-96.59379166666668,""
6476176,"Whole Data Set",1,42.688,35.79,0.00015,143.914,42.94,-2.6,49.69001159999999,190.712,1.326,0.579,0.181,0.24,4.026,0.396,0.486,0.118,63.04,0.52,0.022,"07/03/2026 4:45 PM","Lower",01,"P03","Late",16.75777777777778,"suraj karkee","41:00:13:15",39.20838833333333,-96.593785,""
6476175,"Whole Data Set",1,43.683,35.92,0.00051,224.817,17.539,-2.69,113.7579768,524.472,2.145,0.482,0.165,0.353,3.221,0.478,0.383,0.139,65.67,0.51,0.115,"07/03/2026 4:46 PM","Upper",02,"P03","Late",16.76833333333333,"suraj karkee","41:00:13:15",39.20844833333333,-96.59381833333333,""
6476174,"Whole Data Set",1,43.358,36.04,0.00026,294.026,36.606,-3.53,87.32870279999999,332.301,1.279,0.584,0.182,0.233,2.455,0.592,-0.082,0.49,62.93,0.56,0.076,"07/03/2026 4:46 PM","Middle",02,"P03","Late",16.77777777777778,"suraj karkee","41:00:13:15",39.20840666666666,-96.59378666666667,""
6476173,"Whole Data Set",1,43.237,36.16,0.00054,218.589,26.306,-3.71,109.94614920000001,490.612,1.653,0.498,0.189,0.313,2.158,1.046,-0.028,-0.018,60.75,0.41,0.118,"07/03/2026 4:47 PM","Lower",02,"P03","Late",16.78666666666667,"suraj karkee","41:00:13:15",39.208385,-96.59380333333333,""
6476172,"Whole Data Set",1,42.688,36.29,0.00036,223.45,40.475,-4.14,132.1660665,557.31,1.624,0.527,0.18,0.293,2.618,0.906,0.147,-0.054,63.89,0.31,0.08,"07/03/2026 4:47 PM","Upper",05,"P03","Late",16.796944444444446,"suraj karkee","41:00:13:15",39.208385,-96.59382833333332,""
6476171,"Whole Data Set",1,42.049,36.39,0.00083,185.778,15.972,-3.94,231.76804499999997,1095.83,1.917,0.47,0.182,0.348,10.32,0.049,0.642,0.308,69.01,0.85,0.154,"07/03/2026 4:48 PM","Middle",05,"P03","Late",16.805833333333332,"suraj karkee","41:00:13:15",39.20843166666667,-96.593835,""
6476170,"Whole Data Set",1,42.168,36.51,0.00025,250.64,34.242,-3.88,55.899449999999995,220.25,1.271,0.564,0.192,0.244,4.474,0.46,0.537,0.003,67.42,0.32,0.063,"07/03/2026 4:48 PM","Lower",05,"P03","Late",16.815555555555555,"suraj karkee","41:00:13:15",39.20840666666666,-96.59381833333333,""
6476169,"Whole Data Set",1,41.231,36.64,0.00145,121.838,17.339,-4.31,169.95726495,986.117,2.113,0.383,0.198,0.419,3.708,0.492,0.194,0.314,69.75,0.31,0.177,"07/03/2026 4:49 PM","Upper",10,"P03","Late",16.825555555555557,"suraj karkee","41:00:13:15",39.208441666666666,-96.59380166666666,""
6476168,"Whole Data Set",1,41.024,36.74,0.00054,193.559,17.094,-4.49,114.3038187,521.578,1.941,0.487,0.174,0.339,3.704,0.609,0.252,0.138,69.51,0.29,0.105,"07/03/2026 4:50 PM","Middle",10,"P03","Late",16.834999999999997,"suraj karkee","41:00:13:15",39.20844666666667,-96.59379166666668,""
6476167,"Whole Data Set",1,40.938,36.85,0.00074,148.859,20.033,-5.04,110.29308300000001,447.255,1.319,0.548,0.195,0.257,1.585,2.932,-0.196,-1.736,66.56,0.57,0.11,"07/03/2026 4:51 PM","Lower",10,"P03","Late",16.850555555555555,"suraj karkee","41:00:13:15",39.20842833333334,-96.59381,""
6476166,"Whole Data Set",1,40.866,37.25,0.00018,318.411,56.566,-3.54,46.970409599999996,181.213,1.398,0.576,0.177,0.247,2.342,0.909,-0.105,0.196,68.57,0.32,0.057,"07/03/2026 4:57 PM","Upper",04,"P01","Late",16.961666666666666,"suraj karkee","41:00:13:15",39.208365,-96.59380333333333,""
6476165,"Whole Data Set",1,40.681,37.31,0.00036,249.622,2.616,-4.86,111.1912506,467.092,1.844,0.529,0.166,0.306,-5.356,-0.358,1.572,-0.214,69.2,0.86,0.09,"07/03/2026 4:58 PM","Middle",04,"P01","Late",16.970555555555553,"suraj karkee","41:00:13:15",39.208378333333336,-96.59381833333333,""
6476164,"Whole Data Set",1,41.638,37.41,-0.00493,6.36,15.358,-4.78,162.41814225,793.251,1.952,0.455,0.185,0.36,3.759,0.237,0.406,0.357,72.07,0.97,-0.031,"07/03/2026 4:58 PM","Lower",04,"P01","Late",16.981388888888887,"suraj karkee","41:00:13:15",39.208369999999995,-96.59378833333334,""
6476163,"Whole Data Set",1,40.636,37.51,0.00033,259.215,17.29,-4.14,81.44518455,316.969,1.383,0.571,0.18,0.249,1.245,1.436,-0.154,-0.283,67.02,0.88,0.086,"07/03/2026 4:59 PM","Upper",05,"P01","Late",16.991666666666667,"suraj karkee","41:00:13:15",39.208373333333334,-96.59381333333334,""
6476162,"Whole Data Set",1,39.993,37.57,0.00026,284.232,46.292,-5.06,51.648759,190.34,1.2,0.603,0.18,0.217,4.288,0.532,0.495,-0.027,64.71,0.6,0.074,"07/03/2026 5:00 PM","Middle",05,"P01","Late",17.00111111111111,"suraj karkee","41:00:13:15",39.20838333333334,-96.59381499999999,""
6476161,"Whole Data Set",1,40.722,37.65,0.00075,117.417,17.109,-4.72,64.76137874999999,279.445,1.198,0.515,0.22,0.264,3.788,0.332,0.437,0.23,66.85,0.89,0.088,"07/03/2026 5:00 PM","Lower",05,"P01","Late",17.010555555555555,"suraj karkee","41:00:13:15",39.20837166666667,-96.59380833333334,""
6476160,"Whole Data Set",1,40.172,37.84,0.0001,1129.939,54.366,-5.21,65.7342504,254.488,1.388,0.574,0.179,0.248,3.532,1.646,0.29,-0.936,67.29,0.28,0.113,"07/03/2026 5:02 PM","Upper",06,"P01","Late",17.03388888888889,"suraj karkee","41:00:13:15",39.208369999999995,-96.59380166666666,""
6476159,"Whole Data Set",1,38.781,37.89,0.00104,281.068,35.881,-3.96,238.47769259999998,1501.276,3.318,0.353,0.15,0.497,4.962,0.009,0.257,0.734,66.3,1.18,0.292,"07/03/2026 5:02 PM","Middle",06,"P01","Late",17.04277777777778,"suraj karkee","41:00:13:15",39.208378333333336,-96.59380166666666,""
6476158,"Whole Data Set",1,39.437,37.95,0.00046,349.808,35.789,-4.5,141.6180186,592.668,1.543,0.531,0.184,0.284,3.476,0.538,0.385,0.077,66.33,0.36,0.161,"07/03/2026 5:03 PM","Lower",06,"P01","Late",17.052500000000002,"suraj karkee","41:00:13:15",39.208346666666664,-96.59381166666665,""
6476157,"Whole Data Set",1,38.739,38.12,0.00026,231.664,37.932,-3.73,67.51649025,249.645,1.284,0.601,0.175,0.224,3.123,0.673,0.276,0.051,66.96,0.22,0.06,"07/03/2026 5:05 PM","Middle",08,"P01","Late",17.08361111111111,"suraj karkee","41:00:13:15",39.20838666666667,-96.59381,""
6476156,"Whole Data Set",1,39.131,38.18,0.00031,242.255,33.302,-5.55,83.2876614,320.214,1.385,0.578,0.177,0.245,7.806,0.989,0.193,-0.183,68.5,0.8,0.075,"07/03/2026 5:05 PM","Lower",08,"P01","Late",17.094166666666666,"suraj karkee","41:00:13:15",39.20836166666666,-96.59378833333334,""
6476155,"Whole Data Set",1,38.352,38.23,0.00031,312.673,29.524,-6.12,81.76106250000001,290.706,1.133,0.625,0.176,0.199,4.2,0.762,0.32,-0.082,62.87,0.68,0.097,"07/03/2026 5:06 PM","Upper",08,"P01","Late",17.10611111111111,"suraj karkee","41:00:13:15",39.208375000000004,-96.593805,""
6475768,"Whole Data Set",1,57.449,29.94,0.00048,254.387,28.273,-0.93,173.85958440000002,793.336,1.638,0.487,0.194,0.318,2.996,1.436,0.563,-0.998,68.24,0.47,0.122,"07/03/2026 8:49 AM","Upper",05,"P02","Morning",8.833055555555555,"suraj karkee","41:00:13:15",39.208441666666666,-96.59387166666666,""
6475767,"Whole Data Set",1,57.18,30.23,14.43543,0.001,36.165,-2.56,49.6919997,183.433,0.966,0.602,0.203,0.196,6.033,0.389,0.58,0.031,69.49,0.44,0.014,"07/03/2026 8:50 AM","Middle",05,"P02","Morning",8.845555555555556,"suraj karkee","41:00:13:15",39.208418333333334,-96.59391166666667,""
6475766,"Whole Data Set",1,56.379,30.51,0.00024,250.334,2.926,-2.48,71.68029840000001,286.492,1.515,0.556,0.177,0.267,6.78,0.165,0.823,0.012,68.16,0.53,0.06,"07/03/2026 8:51 AM","Lower",05,"P02","Morning",8.8575,"suraj karkee","41:00:13:15",39.20841333333333,-96.59389833333334,""
6475765,"Whole Data Set",1,55.369,30.73,0.00023,284.191,11.01,-2.98,109.49576400000002,434.507,1.204,0.56,0.2,0.24,3.213,0.654,0.452,-0.106,69.48,0.3,0.065,"07/03/2026 8:52 AM","Upper",07,"P02","Morning",8.868333333333334,"suraj karkee","41:00:13:15",39.20843166666667,-96.59389666666667,""
6475764,"Whole Data Set",1,54.827,30.94,0.00031,272.425,14.011,-3.19,99.73585080000001,408.168,1.275,0.543,0.201,0.256,4.702,0.536,0.517,-0.053,70.18,0.26,0.084,"07/03/2026 8:52 AM","Middle",07,"P02","Morning",8.87861111111111,"suraj karkee","41:00:13:15",39.208423333333336,-96.593895,""
6475763,"Whole Data Set",1,54.744,31.13,0.00059,141.191,14.46,-2.92,87.40072665000002,355.071,1.261,0.547,0.2,0.253,5.2,0.165,0.661,0.174,68.44,0.38,0.083,"07/03/2026 8:53 AM","Lower",07,"P02","Morning",8.889166666666666,"suraj karkee","41:00:13:15",39.208459999999995,-96.59385333333333,""
6475762,"Whole Data Set",1,54.439,31.35,0.00051,127.193,28.729,-3.04,89.51639670000002,361.026,1.421,0.551,0.186,0.264,4.728,0.196,0.528,0.276,68.06,0.32,0.065,"07/03/2026 8:54 AM","Upper",09,"P02","Morning",8.901944444444444,"suraj karkee","41:00:13:15",39.20840833333333,-96.59390333333334,""
6475761,"Whole Data Set",1,53.603,31.56,0.00029,178.325,24.708,-4.03,65.694249,244.945,1.157,0.596,0.187,0.217,4.422,0.372,0.655,-0.026,68.12,0.61,0.052,"07/03/2026 8:55 AM","Middle",09,"P02","Morning",8.918055555555554,"suraj karkee","41:00:13:15",39.20841166666666,-96.59392666666666,""
6475760,"Whole Data Set",1,53.323,31.7,0.00025,200.395,31.43,-3.49,76.60501649999999,301.298,1.452,0.565,0.177,0.258,4.548,0.268,0.473,0.259,70.17,0.33,0.05,"07/03/2026 8:55 AM","Lower",09,"P02","Morning",8.928888888888888,"suraj karkee","41:00:13:15",39.208435,-96.59388833333333,""
6475759,"Whole Data Set",1,52.562,31.98,0.00029,559.499,30.4,-3.55,106.1253459,391.751,1.042,0.602,0.195,0.203,3.145,0.939,0.222,-0.161,64.38,0.58,0.162,"07/03/2026 8:57 AM","Upper",11,"P02","Morning",8.95,"suraj karkee","41:00:13:15",39.20845666666666,-96.59389833333334,""
6475758,"Whole Data Set",1,52.246,32.11,0.00017,392.714,51.39,-2.92,34.28629875,126.775,0.989,0.601,0.201,0.199,2.871,0.702,0.216,0.082,68.57,0.26,0.067,"07/03/2026 8:57 AM","Middle",11,"P02","Morning",8.960833333333333,"suraj karkee","41:00:13:15",39.20843333333333,-96.59389833333334,""
6475757,"Whole Data Set",1,52.214,32.24,0.00037,138.661,37.512,-3.31,71.92978245000002,286.973,1.415,0.557,0.184,0.26,4.996,0.495,0.553,-0.048,69.77,0.43,0.051,"07/03/2026 8:58 AM","Lower",11,"P02","Morning",8.971111111111112,"suraj karkee","41:00:13:15",39.208470000000005,-96.59390833333333,""
6475756,"Whole Data Set",1,51.605,32.83,0.00028,311.782,19.222,-3.9,60.972319799999994,227.339,1.128,0.596,0.19,0.214,2.62,0.961,-0.045,0.084,66.02,0.46,0.087,"07/03/2026 9:00 AM","Middle",01,"P03","Morning",9.014166666666666,"suraj karkee","41:00:13:15",39.20843833333333,-96.59378666666667,""
6475755,"Whole Data Set",1,49.826,32.94,0.00054,151.953,12.079,-3.19,66.08996549999999,251.054,1.03,0.585,0.205,0.211,-3.069,-0.349,1.486,-0.137,62.07,0.53,0.082,"07/03/2026 9:01 AM","Lower",01,"P03","Morning",9.025555555555556,"suraj karkee","41:00:13:15",39.20842666666667,-96.59382666666667,""
6475754,"Whole Data Set",1,51.042,33.1,0.00049,309.608,10.572,-2.85,195.42687794999998,1251.533,2.93,0.347,0.166,0.487,2.666,0.692,-0.124,0.432,67.5,0.35,0.152,"07/03/2026 9:02 AM","Upper",01,"P03","Morning",9.04,"suraj karkee","41:00:13:15",39.208459999999995,-96.59379499999999,""
6475753,"Whole Data Set",1,50.557,33.32,0.00052,330.784,15.071,-2.85,207.42323220000003,1158.142,2.57,0.398,0.168,0.433,3.072,0.193,0.43,0.376,65.13,0.54,0.172,"07/03/2026 9:03 AM","Upper",02,"P03","Morning",9.055555555555557,"suraj karkee","41:00:13:15",39.20845,-96.59380666666667,""
6475752,"Whole Data Set",1,50.268,33.5,0.00099,122.479,6.948,-4.13,153.8146098,754.548,1.823,0.453,0.194,0.353,8.219,0.282,0.731,-0.014,67.32,1.01,0.121,"07/03/2026 9:04 AM","Middle",02,"P03","Morning",9.067777777777778,"suraj karkee","41:00:13:15",39.208418333333334,-96.59373666666667,""
6475751,"Whole Data Set",1,50.221,33.84,0.00073,232.875,21.575,-4.05,185.26385520000002,887.279,2.165,0.464,0.169,0.367,5.198,0.655,0.552,-0.207,62.09,1.09,0.17,"07/03/2026 9:05 AM","Lower",03,"P03","Morning",9.092222222222222,"suraj karkee","41:00:13:15",39.20845333333333,-96.59377166666667,""
6475750,"Whole Data Set",1,49.775,34.01,0.00025,437.948,53.561,-4.46,139.67740845000003,685.197,2.042,0.453,0.18,0.367,3.236,0.447,0.332,0.221,65.14,0.42,0.109,"07/03/2026 9:06 AM","Upper",05,"P03","Morning",9.10388888888889,"suraj karkee","41:00:13:15",39.20844,-96.59382,""
6475749,"Whole Data Set",1,49.636,34.15,0.00035,192.313,29.142,-4.92,85.4521038,343.388,1.353,0.553,0.19,0.257,4.429,0.529,0.642,-0.171,68.59,0.3,0.067,"07/03/2026 9:06 AM","Middle",05,"P03","Morning",9.114722222222222,"suraj karkee","41:00:13:15",39.208436666666664,-96.59380666666667,""
6475748,"Whole Data Set",1,48.684,34.25,0.00031,420.647,33.256,-5.28,80.35535025000001,307.345,1.058,0.581,0.204,0.216,3.114,0.306,0.576,0.118,66.74,0.35,0.13,"07/03/2026 9:07 AM","Lower",05,"P03","Morning",9.124722222222223,"suraj karkee","41:00:13:15",39.208465000000004,-96.59382166666667,""
6475747,"Whole Data Set",1,48.267,34.36,0.0004,203.857,20.741,-6.83,112.2894045,414.505,1.166,0.602,0.184,0.215,3.284,0.764,0.374,-0.138,65.63,1.13,0.082,"07/03/2026 9:08 AM","Upper",10,"P03","Morning",9.1375,"suraj karkee","41:00:13:15",39.208483333333334,-96.59380666666667,""
6475746,"Whole Data Set",1,48.108,34.44,0.00094,120.47,18.704,-5.43,175.2128415,913.995,2.116,0.426,0.184,0.39,5.746,0.424,0.647,-0.071,69.58,0.56,0.113,"07/03/2026 9:08 AM","Middle",10,"P03","Morning",9.148055555555555,"suraj karkee","41:00:13:15",39.208465000000004,-96.59375666666668,""
6475745,"Whole Data Set",1,48.335,34.56,0.00043,245.069,13.208,-2.15,106.30062000000001,393.706,1.321,0.6,0.172,0.228,5.732,0.723,0.345,-0.068,67.99,1.23,0.105,"07/03/2026 9:09 AM","Lower",10,"P03","Morning",9.164166666666667,"suraj karkee","41:00:13:15",39.208435,-96.59379333333332,""
6475744,"Whole Data Set",1,46.783,34.66,0.0002,957.968,51.835,-4.37,90.95557905,347.889,1.033,0.581,0.206,0.213,5.348,0.374,0.711,-0.085,69.53,0.51,0.192,"07/03/2026 9:11 AM","Upper",04,"P01","Morning",9.186388888888889,"suraj karkee","41:00:13:15",39.208414999999995,-96.593805,""
6475743,"Whole Data Set",1,47.185,34.73,0.00044,260.383,11.564,-5.92,100.4475195,430.09,1.628,0.519,0.183,0.298,3.346,0.569,0.433,-0.002,69.06,0.47,0.115,"07/03/2026 9:11 AM","Middle",04,"P01","Morning",9.198055555555555,"suraj karkee","41:00:13:15",39.20840333333333,-96.59381,""
6475742,"Whole Data Set",1,46.86,34.82,0.00073,225.266,24.819,-4.03,186.82563465,963.267,2.054,0.431,0.186,0.383,3.033,1.012,0.03,-0.042,68.27,0.43,0.164,"07/03/2026 9:12 AM","Lower",04,"P01","Morning",9.20861111111111,"suraj karkee","41:00:13:15",39.208376666666666,-96.59379166666668,""
6475741,"Whole Data Set",1,45.729,34.96,0.00015,340.11,54.275,-2.81,31.574699100000004,112.626,0.965,0.623,0.192,0.185,2.699,0,0.441,0.558,66.2,0.32,0.051,"07/03/2026 9:14 AM","Upper",05,"P01","Morning",9.235,"suraj karkee","41:00:13:15",39.208395,-96.59383000000001,""
6475740,"Whole Data Set",1,45.267,35.01,0.00018,292.989,57.202,-5.68,41.95348560000001,149.407,0.987,0.624,0.189,0.187,2.932,0.925,0.287,-0.212,63.93,0.34,0.053,"07/03/2026 9:14 AM","Middle",05,"P01","Morning",9.245277777777776,"suraj karkee","41:00:13:15",39.208380000000005,-96.59381333333334,""
6475739,"Whole Data Set",1,45.687,35.14,0.00159,122.23,18.53,-3.21,152.8488405,828.449,2.008,0.41,0.196,0.394,3.725,0.542,0.299,0.159,66.31,0.65,0.194,"07/03/2026 9:15 AM","Lower",05,"P01","Morning",9.263055555555555,"suraj karkee","41:00:13:15",39.20838166666667,-96.59380833333334,""
6475738,"Whole Data Set",1,45.062,35.22,0.00037,205.7,58.072,-5.07,75.834882,288.565,1.241,0.584,0.186,0.231,6.144,0.556,0.528,-0.084,66.96,0.3,0.076,"07/03/2026 9:16 AM","Upper",06,"P01","Morning",9.274444444444445,"suraj karkee","41:00:13:15",39.20840333333333,-96.59381666666668,""
6475737,"Whole Data Set",1,44.195,35.28,0.00021,296.509,41.031,-6.57,53.280532799999996,200.002,1.152,0.592,0.189,0.218,5.005,0.474,0.721,-0.194,66.37,0.46,0.062,"07/03/2026 9:17 AM","Middle",06,"P01","Morning",9.286388888888888,"suraj karkee","41:00:13:15",39.20841,-96.59382666666667,""
6475736,"Whole Data Set",1,44.587,35.38,0.00018,237.711,28.222,-7.35,47.184759,169.121,1.083,0.62,0.182,0.197,2.685,0.747,0.272,-0.019,63.48,0.42,0.043,"07/03/2026 9:18 AM","Lower",06,"P01","Morning",9.300277777777778,"suraj karkee","41:00:13:15",39.20839,-96.59375833333334,""
6475735,"Whole Data Set",1,44.438,35.57,0.0002,369.467,48.937,-5.6,49.989456,183.616,1.141,0.605,0.185,0.211,2.273,0.583,0.078,0.339,62.27,0.32,0.074,"07/03/2026 9:20 AM","Lower",08,"P01","Morning",9.348333333333334,"suraj karkee","41:00:13:15",39.208421666666666,-96.59381333333334,""
6475734,"Whole Data Set",1,44.756,35.64,0.00019,296.415,60.399,-4.99,50.6280726,179.151,0.938,0.628,0.192,0.18,2.722,0.646,0.16,0.194,59.36,0.36,0.056,"07/03/2026 9:21 AM","Upper",08,"P01","Morning",9.361944444444443,"suraj karkee","41:00:13:15",39.20843,-96.59383666666666,""
6475733,"Whole Data Set",1,45.041,35.74,0.00011,270.166,48.718,-4.91,32.00649525,106.635,0.715,0.667,0.194,0.139,3.567,1.316,0.717,-1.033,65.45,0.44,0.03,"07/03/2026 9:22 AM","Middle",08,"P01","Morning",9.3825,"suraj karkee","41:00:13:15",39.208423333333336,-96.59380666666667,""
6475732,"Whole Data Set",1,56.916,31.51,0.0005,224.772,23.486,-2.54,137.27962215,639.551,1.897,0.477,0.181,0.343,3.592,0.601,0.283,0.116,68.62,0.34,0.112,"07/03/2026 12:05 PM","Upper",05,"P02","Noon",12.0875,"suraj karkee","41:00:13:15",39.208455,-96.59394333333333,""
6475731,"Whole Data Set",1,56.805,31.66,282.24447,0,10.685,-4.05,108.49639275000001,491.045,1.719,0.491,0.187,0.322,4.181,0.594,0.333,0.073,71.01,0.37,0,"07/03/2026 12:05 PM","Middle",05,"P02","Noon",12.097222222222223,"suraj karkee","41:00:13:15",39.20845,-96.59392333333332,""
6475730,"Whole Data Set",1,56.837,31.83,0.00045,188.045,13.491,-2.72,107.9812404,481.844,1.84,0.498,0.177,0.325,2.644,0.661,0.107,0.232,67.09,0.3,0.085,"07/03/2026 12:06 PM","Lower",05,"P02","Noon",12.106666666666666,"suraj karkee","41:00:13:15",39.208445,-96.59393166666665,""
6475729,"Whole Data Set",1,56.702,32.17,0.00047,204.869,4.573,-2.88,168.59601000000004,681.196,1.488,0.55,0.181,0.269,7.14,0.557,0.668,-0.225,70.36,1.19,0.096,"07/03/2026 12:07 PM","Upper",07,"P02","Noon",12.126944444444446,"suraj karkee","41:00:13:15",39.20845166666666,-96.593925,""
6475728,"Whole Data Set",1,56.217,32.36,0.00045,186.11,20.221,-3.35,94.75525800000001,404.937,1.64,0.52,0.182,0.298,4.857,0.713,0.324,-0.037,70.34,0.47,0.084,"07/03/2026 12:08 PM","Middle",07,"P02","Noon",12.1375,"suraj karkee","41:00:13:15",39.20845833333333,-96.593895,""
6475727,"Whole Data Set",1,55.938,32.59,0.00045,170.11,12.929,-3.4,101.79920430000001,405.413,1.435,0.558,0.182,0.26,4.449,0.73,0.332,-0.062,68.67,0.33,0.077,"07/03/2026 12:09 PM","Lower",07,"P02","Noon",12.150555555555556,"suraj karkee","41:00:13:15",39.208463333333334,-96.59390833333333,""
6475726,"Whole Data Set",1,55.379,32.77,0.00037,363.13,21.129,-3.58,163.96182720000002,884.368,2.36,0.412,0.175,0.413,3.346,0.676,0.266,0.059,69.35,0.29,0.134,"07/03/2026 12:09 PM","Upper",09,"P02","Noon",12.163333333333334,"suraj karkee","41:00:13:15",39.20845,-96.59392666666666,""
6475725,"Whole Data Set",1,54.312,33.15,0.00059,219.464,20.408,-2.78,172.079388,1014.32,2.563,0.377,0.175,0.448,4.13,0.496,0.425,0.079,71.65,0.26,0.129,"07/03/2026 12:11 PM","Lower",09,"P02","Noon",12.194444444444445,"suraj karkee","41:00:13:15",39.20843166666667,-96.59392000000001,""
6475724,"Whole Data Set",1,54.333,33.34,0.0007,211.71,20.688,-3.69,232.36512750000003,938.849,1.263,0.55,0.199,0.251,-6.323,-0.195,2.066,-0.872,70.22,1.16,0.148,"07/03/2026 12:12 PM","Middle",09,"P02","Noon",12.210555555555555,"suraj karkee","41:00:13:15",39.20844666666667,-96.59391333333333,""
6475723,"Whole Data Set",1,53.733,33.49,0.00001,-49.324,23.282,-1.38,166.78119150000003,1035.265,2.312,0.358,0.194,0.448,3.037,0.585,0.549,-0.134,63.37,0.05,0,"07/03/2026 12:13 PM","Upper",11,"P02","Noon",12.222777777777777,"suraj karkee","41:00:13:15",39.20849,-96.5939,""
6475722,"Whole Data Set",1,53.633,33.74,0.00026,365.618,57.92,-4.13,57.24493559999999,217.827,1.117,0.584,0.196,0.219,3.703,0.685,0.32,-0.005,69.29,0.22,0.095,"07/03/2026 12:14 PM","Middle",11,"P02","Noon",12.245277777777776,"suraj karkee","41:00:13:15",39.20845,-96.59390499999999,""
6475721,"Whole Data Set",1,53.541,33.87,0.00037,562.033,37.914,-3,202.1442678,1421.549,2.247,0.316,0.211,0.473,2.878,0.653,0.304,0.043,67.3,0.33,0.208,"07/03/2026 12:15 PM","Lower",11,"P02","Noon",12.256666666666666,"suraj karkee","41:00:13:15",39.20845333333333,-96.59390166666665,""
6475720,"Whole Data Set",1,47.073,35.4,0.00085,280.51,10.795,-5.35,280.3403844,1670.184,3.19,0.373,0.15,0.477,3.309,0.607,-0.041,0.434,67.6,0.56,0.238,"07/03/2026 12:21 PM","Upper",01,"P03","Noon",12.366388888888888,"suraj karkee","41:00:13:15",39.208470000000005,-96.59383666666666,""
6475719,"Whole Data Set",1,48.066,35.42,0.00036,93.692,14.384,-5.99,72.64746765000001,268.617,1.142,0.601,0.186,0.213,2.916,1.096,0.024,-0.12,65.45,0.93,0.034,"07/03/2026 12:22 PM","Middle",01,"P03","Noon",12.377222222222223,"suraj karkee","41:00:13:15",39.20845833333333,-96.59379333333332,""
6475718,"Whole Data Set",1,48.312,35.48,0.00081,100.956,7.059,-7.95,99.7426521,433.758,1.392,0.511,0.204,0.285,0,"null","null","null",66.32,1.74,0.082,"07/03/2026 12:23 PM","Lower",01,"P03","Noon",12.3875,"suraj karkee","41:00:13:15",39.20844666666667,-96.59381833333333,""
6475717,"Whole Data Set",1,47.713,35.57,0.00102,270.321,20.635,-5.64,355.17920580000003,1953.681,3.041,0.404,0.148,0.449,10.586,-0.076,0.428,0.648,65.62,0.95,0.276,"07/03/2026 12:23 PM","Upper",02,"P03","Noon",12.399444444444445,"suraj karkee","41:00:13:15",39.20847666666667,-96.59382,""
6475716,"Whole Data Set",1,48.05,35.6,0.00096,271.746,25.843,-4.35,272.3177691,1605.174,2.351,0.377,0.186,0.437,3.111,0.807,0.112,0.081,64.58,0.28,0.261,"07/03/2026 12:24 PM","Middle",02,"P03","Noon",12.409722222222223,"suraj karkee","41:00:13:15",39.20844833333333,-96.59380333333333,""
6475715,"Whole Data Set",1,47.971,35.65,0.00991,0.922,28.884,-5.28,74.05512075,296.517,1.357,0.555,0.189,0.256,2.241,0.479,-0.039,0.56,53.5,0.23,0.009,"07/03/2026 12:25 PM","Lower",02,"P03","Noon",12.420555555555556,"suraj karkee","41:00:13:15",39.208443333333335,-96.59380666666667,""
6475714,"Whole Data Set",1,47.262,35.72,0.001,227.821,19.314,-4.71,303.4815246,1502.012,2.08,0.449,0.179,0.372,4.661,0.516,0.223,0.262,68.35,0.99,0.228,"07/03/2026 12:26 PM","Middle",05,"P03","Noon",12.449722222222222,"suraj karkee","41:00:13:15",39.20847833333333,-96.59382,""
6475713,"Whole Data Set",1,47.634,35.74,0.00018,203.7,9.785,-5.55,61.9131654,230.847,1.186,0.596,0.185,0.219,3.845,0.931,0.378,-0.31,64.32,1.23,0.037,"07/03/2026 12:27 PM","Lower",05,"P03","Noon",12.461388888888887,"suraj karkee","41:00:13:15",39.20847833333333,-96.59381333333334,""
6475712,"Whole Data Set",1,48.405,35.8,0.00076,264.657,50.877,-3.09,228.03638940000005,1803.372,5.172,0.281,0.117,0.603,2.95,0.65,0.215,0.135,65.13,0.37,0.201,"07/03/2026 12:28 PM","Upper",05,"P03","Noon",12.472222222222223,"suraj karkee","41:00:13:15",39.208483333333334,-96.59382833333332,""
6475711,"Whole Data Set",1,48.1,35.86,0.00087,272.771,16.1,-3.19,338.76674010000005,1925.358,3.471,0.391,0.136,0.473,3.698,0.541,0.303,0.157,69.16,1.23,0.237,"07/03/2026 12:29 PM","Middle",10,"P03","Noon",12.48472222222222,"suraj karkee","41:00:13:15",39.208486666666666,-96.59377833333335,""
6475710,"Whole Data Set",1,47.317,35.92,0.00054,343.423,21.423,-3.99,237.35212020000003,1764.044,3.544,0.299,0.154,0.547,3.732,0.494,0.31,0.196,69.96,0.29,0.185,"07/03/2026 12:29 PM","Lower",10,"P03","Noon",12.495555555555555,"suraj karkee","41:00:13:15",39.208459999999995,-96.59380666666667,""
6475709,"Whole Data Set",1,46.846,35.98,0.0006,295.492,28.44,-5.19,222.20694629999997,1159.139,2.256,0.426,0.176,0.397,3.265,0.111,0.118,0.771,65.72,0.41,0.177,"07/03/2026 12:30 PM","Upper",10,"P03","Noon",12.506666666666666,"suraj karkee","41:00:13:15",39.20849166666667,-96.59380000000002,""
6475703,"Whole Data Set",1,47.496,35.44,0.00077,259.345,36.855,-4.29,273.4280388,1887.012,3.315,0.322,0.157,0.521,3.861,0.572,0.116,0.312,71.49,0.29,0.2,"07/03/2026 12:43 PM","Upper",04,"P01","Noon",12.730555555555556,"suraj karkee","41:00:13:15",39.20838333333334,-96.59381666666668,""
6475702,"Whole Data Set",1,46.832,35.5,0.00081,289.562,25.22,-4.99,273.42964125,1279.203,1.726,0.475,0.193,0.332,3.615,0.643,0.329,0.028,66.95,0.96,0.235,"07/03/2026 12:44 PM","Middle",04,"P01","Noon",12.740277777777777,"suraj karkee","41:00:13:15",39.2077815,-96.598475,""
6475701,"Whole Data Set",1,47.505,35.53,0.00028,255.443,16.752,-3.28,86.22719325000001,367.785,1.774,0.521,0.173,0.306,2.812,1.116,0.029,-0.145,67.11,0.19,0.072,"07/03/2026 12:45 PM","Lower",04,"P01","Noon",12.75,"suraj karkee","41:00:13:15",39.20839,-96.59377500000001,""
6475700,"Whole Data Set",1,47.04,35.65,0.00034,286.886,40.902,-3.8,82.7129097,303.311,1.146,0.606,0.183,0.21,1.294,1.976,-1.014,0.038,68.15,0.3,0.098,"07/03/2026 12:45 PM","Upper",05,"P01","Noon",12.765,"suraj karkee","41:00:13:15",39.208391666666664,-96.593845,""
6475699,"Whole Data Set",1,47.796,35.69,0.00077,271.339,50.97,-4.58,178.0678296,928.888,1.773,0.426,0.207,0.367,3.655,0.451,0.515,0.034,65.81,0.33,0.209,"07/03/2026 12:46 PM","Middle",05,"P01","Noon",12.773888888888889,"suraj karkee","41:00:13:15",39.20841666666667,-96.59384,""
6475698,"Whole Data Set",1,48.508,35.75,0.00114,232.438,17.649,-4.28,238.04630145000002,1332.473,2.396,0.397,0.178,0.426,1.94,1.384,-0.696,0.312,62.97,0.68,0.265,"07/03/2026 12:47 PM","Lower",05,"P01","Noon",12.783333333333333,"suraj karkee","41:00:13:15",39.2084,-96.59385166666668,""
6475697,"Whole Data Set",1,47.297,35.83,0.00076,274.266,54.996,-3.16,196.6876236,1296.984,3.678,0.337,0.142,0.521,2.653,0.51,0.451,0.039,66.44,0.22,0.208,"07/03/2026 12:47 PM","Upper",06,"P01","Noon",12.795,"suraj karkee","41:00:13:15",39.20840333333333,-96.59383833333335,""
6475696,"Whole Data Set",1,48.094,35.91,0.00093,222.157,28.278,-3.4,285.75677340000004,1290.681,1.813,0.492,0.181,0.327,4.287,1.81,0.157,-0.966,62.19,1.07,0.207,"07/03/2026 12:48 PM","Middle",06,"P01","Noon",12.803611111111111,"suraj karkee","41:00:13:15",39.208418333333334,-96.59383833333335,""
6475695,"Whole Data Set",1,48.329,35.98,0.00077,265.114,21.187,-3.79,243.19352925,1314.915,2.354,0.411,0.176,0.413,1.682,2.624,-0.353,-1.27,65.43,0.45,0.204,"07/03/2026 12:48 PM","Lower",06,"P01","Noon",12.813055555555556,"suraj karkee","41:00:13:15",39.20838833333333,-96.59380666666667,""
6475694,"Whole Data Set",1,47.626,36.13,0.00056,322.067,52.878,-4.28,249.22169055,1340.983,2.844,0.413,0.153,0.434,2.051,0.984,-0.27,0.285,58.62,0.26,0.18,"07/03/2026 12:49 PM","Upper",08,"P01","Noon",12.830277777777777,"suraj karkee","41:00:13:15",39.20839333333333,-96.59387166666666,""
6475693,"Whole Data Set",1,48.341,36.22,0.00026,329.873,36.278,-4.89,79.09030259999999,294.893,1.078,0.596,0.195,0.21,1.395,1.543,-0.36,-0.183,65.05,0.84,0.086,"07/03/2026 12:50 PM","Middle",08,"P01","Noon",12.839444444444444,"suraj karkee","41:00:13:15",39.208396666666665,-96.59382499999998,""
6475692,"Whole Data Set",1,48.64,36.32,0.00069,295.114,46.466,-3.51,213.50083724999996,1359.445,3.449,0.349,0.146,0.505,3.24,0.513,0.16,0.327,64.4,0.27,0.204,"07/03/2026 12:50 PM","Lower",08,"P01","Noon",12.848333333333334,"suraj karkee","41:00:13:15",39.20841,-96.59384166666665,""
6472634,"Whole Data Set",1,48.147,31.76,-0.00419,56.28,9.185,0.01,151.9905618,626.636,1.387,0.539,0.193,0.268,0,"null","null","null",65.27,4.39,-0.236,"07/02/2026 4:07 PM","Upper",01,"P03","Late",16.11722222222222,"suraj karkee","41:00:13:15",39.20840833333333,-96.59381,""
6472633,"Whole Data Set",1,48.436,32.02,0.00075,222.209,6.003,0.09,172.48705875,806.957,1.784,0.475,0.189,0.337,4.028,0.61,0.404,-0.014,65.17,0.29,0.167,"07/02/2026 4:07 PM","Middle",01,"P03","Late",16.12666666666667,"suraj karkee","41:00:13:15",39.20838833333333,-96.59382166666667,""
6472632,"Whole Data Set",1,47.33,32.34,0.00049,217.624,16.146,-0.67,139.004424,594.036,1.49,0.52,0.193,0.287,3.405,0.461,0.494,0.044,64.02,0.32,0.107,"07/02/2026 4:08 PM","Lower",01,"P03","Late",16.136944444444445,"suraj karkee","41:00:13:15",39.208398333333335,-96.593805,""
6472631,"Whole Data Set",1,47.007,32.66,0.00066,341.087,11.558,-0.63,258.48505079999995,1394.202,2.906,0.412,0.15,0.437,3.479,0.03,-0.002,0.972,65.54,0.42,0.225,"07/02/2026 4:08 PM","Upper",02,"P03","Late",16.147222222222222,"suraj karkee","41:00:13:15",39.20843166666667,-96.59385166666668,""
6472630,"Whole Data Set",1,46.256,32.98,0.00049,270.179,34.531,-1.13,183.4941276,890.316,2.013,0.458,0.18,0.362,2.308,0.812,0.21,-0.021,63.15,0.31,0.132,"07/02/2026 4:09 PM","Middle",02,"P03","Late",16.15833333333333,"suraj karkee","41:00:13:15",39.20841666666667,-96.59382833333332,""
6472629,"Whole Data Set",1,45.415,33.25,0.00078,229.273,1.268,-2.1,249.38384940000003,1234.268,1.924,0.449,0.188,0.363,3.574,0.984,1.126,-1.11,58.22,0.24,0.179,"07/02/2026 4:10 PM","Lower",02,"P03","Late",16.168055555555558,"suraj karkee","41:00:13:15",39.20843833333333,-96.59381666666668,""
6472628,"Whole Data Set",1,45.211,33.59,0.00052,283.996,23.453,-2.4,189.6098337,813.427,1.7,0.518,0.179,0.304,2.789,0.665,0.198,0.137,66.72,0.31,0.148,"07/02/2026 4:10 PM","Upper",05,"P03","Late",16.18138888888889,"suraj karkee","41:00:13:15",39.20845666666666,-96.59382166666667,""
6472627,"Whole Data Set",1,43.791,33.8,-0.07454,209.028,26.612,-1.65,118.91898900000001,509.18,1.435,0.519,0.198,0.284,7.093,-0.412,-0.321,1.733,64.1,4.21,-15.581,"07/02/2026 4:11 PM","Middle",05,"P03","Late",16.191111111111113,"suraj karkee","41:00:13:15",39.208445,-96.59382333333333,""
6472626,"Whole Data Set",1,43.354,34.08,0.00036,193.57,28.997,-1.49,51.030223199999995,194.512,1.228,0.583,0.187,0.23,2.47,0.944,-0.066,0.123,63.12,0.2,0.07,"07/02/2026 4:12 PM","Lower",05,"P03","Late",16.204722222222223,"suraj karkee","41:00:13:15",39.208414999999995,-96.59382833333332,""
6472625,"Whole Data Set",1,42.979,34.28,0.00079,220.379,27.945,-2.03,167.1290739,745.779,1.856,0.498,0.176,0.326,4.004,0.324,0.521,0.155,63.96,0.34,0.174,"07/02/2026 4:12 PM","Upper",10,"P03","Late",16.21611111111111,"suraj karkee","41:00:13:15",39.20843,-96.59382,""
6472624,"Whole Data Set",1,42.403,34.52,0.0005,162.868,27.795,-2.37,91.7367282,383.916,1.635,0.531,0.178,0.291,5.271,0.647,0.473,-0.12,68.12,0.3,0.081,"07/02/2026 4:13 PM","Middle",10,"P03","Late",16.22833333333333,"suraj karkee","41:00:13:15",39.208466666666666,-96.59378166666666,""
6472623,"Whole Data Set",1,42.826,34.7,0.00095,152.636,21.336,-1.37,146.1520233,826.418,2.509,0.393,0.173,0.434,2.794,0.928,-0.011,0.083,68.31,0.22,0.145,"07/02/2026 4:14 PM","Lower",10,"P03","Late",16.239444444444445,"suraj karkee","41:00:13:15",39.208414999999995,-96.59382833333332,""
6472622,"Whole Data Set",1,42.884,35.06,0.00038,246.327,34.847,-2.69,91.8080856,378.512,1.559,0.539,0.18,0.281,2.785,0.84,0.115,0.045,68.83,0.34,0.094,"07/02/2026 4:15 PM","Upper",04,"P03","Late",16.258333333333333,"suraj karkee","41:00:13:15",39.208378333333336,-96.59382499999998,""
6472621,"Whole Data Set",1,43.118,35.27,0.0011,228.891,5.675,-0.5,252.65470229999997,1963.129,5.157,0.286,0.116,0.598,5.081,0.158,0.63,0.212,68.39,0.49,0.252,"07/02/2026 4:16 PM","Middle",04,"P03","Late",16.26861111111111,"suraj karkee","41:00:13:15",39.20839,-96.59384666666668,""
6472620,"Whole Data Set",1,42.72,35.48,0.00039,351.126,11.739,-2.85,94.01852385000001,389.069,1.627,0.537,0.176,0.287,5.786,0.599,0.483,-0.082,70.02,0.51,0.137,"07/02/2026 4:16 PM","Lower",04,"P03","Late",16.279999999999998,"suraj karkee","41:00:13:15",39.208351666666665,-96.59386500000001,""
6472619,"Whole Data Set",1,41.975,35.84,0.00022,696.144,37.413,-3.43,89.36462159999999,346.576,1.453,0.573,0.174,0.253,4.717,0.318,0.421,0.261,64.46,1.09,0.153,"07/02/2026 4:17 PM","Upper",05,"P03","Late",16.297500000000003,"suraj karkee","41:00:13:15",39.208378333333336,-96.59383666666666,""
6472618,"Whole Data Set",1,41.261,36.02,0.00027,258.723,47.978,-4.29,53.105291550000004,196.359,1.02,0.601,0.198,0.201,3.587,0.622,0.427,-0.05,63.66,0.41,0.07,"07/02/2026 4:18 PM","Middle",05,"P03","Late",16.30888888888889,"suraj karkee","41:00:13:15",39.20838666666667,-96.59381833333333,""
6472617,"Whole Data Set",1,41.365,36.25,0.00096,202.574,9.639,-2.76,116.91384120000001,563.576,1.614,0.461,0.206,0.333,3.69,0.629,0.27,0.101,67.01,0.22,0.194,"07/02/2026 4:19 PM","Lower",05,"P03","Late",16.321666666666665,"suraj karkee","41:00:13:15",39.20839,-96.59384833333334,""
6472616,"Whole Data Set",1,39.841,36.5,0.00065,246.163,40.979,-3.69,129.06237600000003,610.224,1.68,0.47,0.198,0.332,2.426,0.591,0.099,0.31,65.86,0.34,0.16,"07/02/2026 4:20 PM","Upper",06,"P03","Late",16.339166666666664,"suraj karkee","41:00:13:15",39.20838333333334,-96.59381499999999,""
6472615,"Whole Data Set",1,40.09,36.61,0.00055,266.941,42.091,-4.16,170.615268,770.62,2.263,0.492,0.156,0.352,2.834,0.354,0.009,0.638,67.29,0.36,0.147,"07/02/2026 4:20 PM","Middle",06,"P03","Late",16.348333333333333,"suraj karkee","41:00:13:15",39.20837166666667,-96.59381166666665,""
6472614,"Whole Data Set",1,39.381,36.74,0.00046,193.745,19.627,-6.23,113.79508874999999,425.005,1.252,0.595,0.18,0.225,1.478,-0.635,-2.54,4.175,64.29,0.75,0.089,"07/02/2026 4:21 PM","Lower",06,"P03","Late",16.359166666666667,"suraj karkee","41:00:13:15",39.20835,-96.59380666666667,""
6472613,"Whole Data Set",1,37.984,36.84,0.00049,205.277,36.669,-5.37,82.57881959999999,303.822,1.304,0.604,0.172,0.224,5.534,0.543,0.272,0.185,64.84,0.75,0.101,"07/02/2026 4:22 PM","Upper",08,"P03","Late",16.370833333333334,"suraj karkee","41:00:13:15",39.20837166666667,-96.59381499999999,""
6472612,"Whole Data Set",1,38.325,36.89,0.00019,194.729,35.702,-4.64,55.97217855,206.273,1.236,0.603,0.178,0.22,2.952,0.798,0.264,-0.062,61.07,0.42,0.037,"07/02/2026 4:22 PM","Middle",08,"P03","Late",16.379444444444445,"suraj karkee","41:00:13:15",39.20834833333333,-96.59384,""
6472611,"Whole Data Set",1,37.652,37.03,0.00003,-5.13,28.99,-2.56,90.12700305,332.143,1.334,0.603,0.17,0.227,2.153,1.443,0.796,-1.24,66.02,0.69,0,"07/02/2026 4:23 PM","Lower",08,"P03","Late",16.399722222222223,"suraj karkee","41:00:13:15",39.208376666666666,-96.59381333333334,""
6472610,"Whole Data Set",1,36.805,37.1,0.00108,1084.679,38.742,-5.03,98.10078525,356.795,1.105,0.611,0.185,0.204,3.768,0.482,0.575,-0.058,64.91,2.48,1.171,"07/02/2026 4:25 PM","Upper",05,"P02","Late",16.42666666666667,"suraj karkee","41:00:13:15",39.20843333333333,-96.59389166666666,""
6472609,"Whole Data Set",1,35.627,37.11,0.00012,201.731,51.497,-4.52,59.10760350000001,209.49,1.205,0.627,0.169,0.204,2.037,2.5,-0.929,-0.571,71.85,0.41,0.024,"07/02/2026 4:26 PM","Middle",05,"P02","Late",16.4375,"suraj karkee","41:00:13:15",39.20843,-96.59390833333333,""
6472608,"Whole Data Set",1,37.068,37.1,0.00091,227.162,6.193,-2.89,200.5775352,1384.248,4.654,0.322,0.12,0.558,4.59,0.557,0.279,0.165,69.4,0.28,0.207,"07/02/2026 4:27 PM","Lower",05,"P02","Late",16.451944444444443,"suraj karkee","41:00:13:15",39.20841,-96.59392000000001,""
6472607,"Whole Data Set",1,35.881,37.13,0.00078,302.176,26.417,-4.72,329.72784975,1855.009,2.751,0.395,0.161,0.444,2.012,1.523,-1.308,0.785,67.8,0.3,0.236,"07/02/2026 4:28 PM","Upper",07,"P02","Late",16.474166666666665,"suraj karkee","41:00:13:15",39.208423333333336,-96.59393999999999,""
6472606,"Whole Data Set",1,36.664,37.15,0.00048,245.987,21.02,-5.12,141.49611090000002,643.018,1.223,0.489,0.23,0.281,3.742,1.173,-0.035,-0.138,69.34,0.34,0.118,"07/02/2026 4:29 PM","Middle",07,"P02","Late",16.485277777777778,"suraj karkee","41:00:13:15",39.208423333333336,-96.59390166666665,""
6472605,"Whole Data Set",1,36.39,37.18,0.00104,220.811,21.46,-4.47,282.52520415,1919.981,0.522,0.327,0.442,0.231,-12.183,-0.219,1.346,-0.127,66.78,0.4,0.23,"07/02/2026 4:30 PM","Lower",07,"P02","Late",16.502777777777776,"suraj karkee","41:00:13:15",39.208443333333335,-96.59391166666667,""
6472604,"Whole Data Set",1,36.572,37.22,0.00054,326.995,34.903,-5.23,210.6556416,1219.072,2.974,0.384,0.155,0.461,8.167,0.271,0.655,0.074,69.35,0.31,0.177,"07/02/2026 4:30 PM","Upper",09,"P02","Late",16.51527777777778,"suraj karkee","41:00:13:15",39.20840333333333,-96.59395666666666,""
6472603,"Whole Data Set",1,35.961,37.24,0.00023,238.093,38.186,-5.81,74.5799148,266.452,1.099,0.622,0.18,0.198,2.548,1.693,-0.052,-0.641,71.7,0.29,0.055,"07/02/2026 4:31 PM","Middle",09,"P02","Late",16.525277777777777,"suraj karkee","41:00:13:15",39.208435,-96.593935,""
6472602,"Whole Data Set",1,36.599,37.24,0.00738,1.055,30.704,-5.43,107.8017687,405.346,1.287,0.591,0.179,0.23,4.729,0.492,0.344,0.163,69.92,0.35,0.008,"07/02/2026 4:32 PM","Lower",09,"P02","Late",16.535,"suraj karkee","41:00:13:15",39.208396666666665,-96.59391666666667,""
6472601,"Whole Data Set",1,36.916,37.3,0.00033,182.62,40.753,-5.37,112.13682299999999,429.643,1.28,0.58,0.184,0.236,2.999,0.851,0.284,-0.135,63.76,0.41,0.06,"07/02/2026 4:33 PM","Upper",11,"P02","Late",16.553055555555556,"suraj karkee","41:00:13:15",39.20844,-96.59394333333333,""
6472600,"Whole Data Set",1,37.074,37.32,-0.00018,-36.115,30.599,-5.33,55.074357,199.004,1.275,0.615,0.169,0.216,5.977,0.252,0.506,0.241,68.41,0.9,0.007,"07/02/2026 4:33 PM","Middle",11,"P02","Late",16.561944444444446,"suraj karkee","41:00:13:15",39.20840833333333,-96.59392333333332,""
6472599,"Whole Data Set",1,36.533,37.32,0.00035,153.037,40.548,-4.29,80.00296200000003,318.04,1.683,0.559,0.164,0.277,7.41,0.107,0.475,0.418,67.32,0.38,0.054,"07/02/2026 4:34 PM","Lower",11,"P02","Late",16.574166666666667,"suraj karkee","41:00:13:15",39.20842666666667,-96.59391,""
6472057,"Whole Data Set",1,61.312,27.83,0.00026,210.847,4.274,-0.76,90.07291665,345.703,1.069,0.579,0.204,0.218,3.189,0.389,0.4,0.211,63.91,0.41,0.055,"07/02/2026 8:29 AM","Upper",01,"P03","Morning",8.4925,"suraj karkee","41:00:13:15",39.20849833333333,-96.59381166666665,""
6472056,"Whole Data Set",1,59.525,28.64,0.0003,305.361,16.476,-1.57,85.13984249999999,334.275,1.035,0.566,0.213,0.221,2.57,0.395,0.535,0.07,64.7,0.36,0.092,"07/02/2026 8:31 AM","Middle",01,"P03","Morning",8.523055555555556,"suraj karkee","41:00:13:15",39.2085,-96.59376499999999,""
6472054,"Whole Data Set",1,57.794,29.41,0.0005,84.641,24.603,-2.3,44.494497,170.477,0.966,0.58,0.213,0.206,3.466,0.158,0.787,0.055,61.9,0.42,0.042,"07/02/2026 8:33 AM","Lower",01,"P03","Morning",8.559444444444445,"suraj karkee","41:00:13:15",39.20843833333333,-96.59379499999999,""
6472053,"Whole Data Set",1,56.742,29.93,0.00046,131.725,50.018,-2.64,57.448287,220.87,1.021,0.578,0.209,0.213,2.985,0.359,0.517,0.124,59.43,0.27,0.061,"07/02/2026 8:35 AM","Upper",02,"P03","Morning",8.586944444444445,"suraj karkee","41:00:13:15",39.208465000000004,-96.593785,""
6472052,"Whole Data Set",1,56.795,30.16,0.00029,272.814,10.839,-3.09,69.00301440000001,252.204,0.937,0.608,0.202,0.19,2.715,0.563,0.468,-0.03,61.92,0.3,0.079,"07/02/2026 8:35 AM","Middle",02,"P03","Morning",8.59888888888889,"suraj karkee","41:00:13:15",39.208483333333334,-96.59381833333333,""
6472051,"Whole Data Set",1,55.631,30.37,0.00034,205.432,21.299,-3.08,65.36202119999999,238.504,0.988,0.609,0.197,0.194,2.725,0.658,0.434,-0.093,57.92,0.22,0.07,"07/02/2026 8:36 AM","Lower",02,"P03","Morning",8.610833333333334,"suraj karkee","41:00:13:15",39.20849666666666,-96.593785,""
6472050,"Whole Data Set",1,55.477,30.65,0.00027,229.489,35.882,-3.12,60.95051325,223.877,1.073,0.605,0.191,0.204,5.026,0.212,0.777,0.011,65.05,0.82,0.062,"07/02/2026 8:37 AM","Upper",05,"P03","Morning",8.627222222222223,"suraj karkee","41:00:13:15",39.20849666666666,-96.59381666666668,""
6472049,"Whole Data Set",1,52.953,31.36,0.00029,204.477,16.681,-2.65,73.22427,270.3,1.273,0.602,0.175,0.223,-12.746,-0.027,1.021,0.006,55.63,1.09,0.059,"07/02/2026 8:41 AM","Middle",05,"P03","Morning",8.688333333333334,"suraj karkee","41:00:13:15",39.208463333333334,-96.59382166666667,""
6472048,"Whole Data Set",1,52.455,31.45,0.00014,313.244,26.783,-3.52,30.6243153,111.018,1.064,0.613,0.188,0.2,-3.092,-0.129,1.371,-0.243,59.99,0.26,0.044,"07/02/2026 8:41 AM","Lower",05,"P03","Morning",8.698611111111111,"suraj karkee","41:00:13:15",39.207639,-96.5984127,""
6472047,"Whole Data Set",1,52.319,31.61,0.00041,150.915,21.298,-4.5,72.4151421,283.814,1.249,0.567,0.193,0.241,3.839,0.416,0.786,-0.203,63.86,0.38,0.062,"07/02/2026 8:42 AM","Upper",10,"P03","Morning",8.715833333333332,"suraj karkee","41:00:13:15",39.2085,-96.59382,""
6472046,"Whole Data Set",1,51.932,31.74,0.00033,195.249,27.497,-5.13,83.05317764999998,323.227,1.146,0.571,0.2,0.229,4.503,0.541,0.612,-0.153,67.87,0.73,0.064,"07/02/2026 8:43 AM","Middle",10,"P03","Morning",8.730277777777777,"suraj karkee","41:00:13:15",39.20847833333333,-96.59376333333333,""
6472045,"Whole Data Set",1,51.859,31.83,0.0003,241.065,13.551,-4.66,85.90825439999999,338.488,1.252,0.564,0.194,0.242,4.3,0.665,1.769,-1.434,66.94,0.76,0.072,"07/02/2026 8:44 AM","Lower",10,"P03","Morning",8.741388888888888,"suraj karkee","41:00:13:15",39.208483333333334,-96.59381333333334,""
6472044,"Whole Data Set",1,51.033,32.07,0.00114,103.048,53.63,-3.96,102.56259060000001,498.724,1.403,0.457,0.226,0.317,3.281,0.219,0.425,0.356,66.94,0.57,0.117,"07/02/2026 8:47 AM","Upper",04,"P01","Morning",8.784166666666666,"suraj karkee","41:00:13:15",39.208385,-96.59381166666665,""
6472043,"Whole Data Set",1,51.658,32.14,0.00024,276.688,15.253,-4.57,68.04183959999999,260.248,1.2,0.581,0.191,0.229,3.799,0.373,0.51,0.117,68.57,0.52,0.066,"07/02/2026 8:47 AM","Middle",04,"P01","Morning",8.795555555555556,"suraj karkee","41:00:13:15",39.20840833333333,-96.59383833333335,""
6472042,"Whole Data Set",1,51.446,32.26,0.00028,270.999,27.01,-3.77,107.6091561,428.551,1.112,0.558,0.209,0.233,3.897,0.415,0.439,0.147,68.6,0.33,0.076,"07/02/2026 8:48 AM","Lower",04,"P01","Morning",8.809166666666668,"suraj karkee","41:00:13:15",39.20839333333333,-96.59382499999998,""
6472041,"Whole Data Set",1,50.404,32.48,0.00018,198.396,37.108,-2.83,35.1478764,122.616,0.986,0.637,0.183,0.18,3.377,0.371,0.72,-0.091,61.51,0.51,0.036,"07/02/2026 8:50 AM","Upper",05,"P01","Morning",8.838611111111112,"suraj karkee","41:00:13:15",39.208373333333334,-96.59381833333333,""
6472040,"Whole Data Set",1,49.951,32.56,0.00028,226.473,52.655,-5.13,47.1593745,172.935,1.027,0.606,0.194,0.2,2.823,0.129,0.547,0.324,60.93,0.32,0.063,"07/02/2026 8:51 AM","Middle",05,"P01","Morning",8.851388888888888,"suraj karkee","41:00:13:15",39.20840666666666,-96.593805,""
6472039,"Whole Data Set",1,49.747,32.65,0.00019,167.493,30.39,-4.9,34.145280899999996,121.991,1.027,0.622,0.186,0.191,3.533,0.421,0.58,-0.001,61.7,0.34,0.032,"07/02/2026 8:51 AM","Lower",05,"P01","Morning",8.865277777777777,"suraj karkee","41:00:13:15",39.20837166666667,-96.59383333333332,""
6472038,"Whole Data Set",1,49.162,32.73,0.00027,267.223,51.56,-5.16,62.86636124999999,234.795,1.07,0.595,0.196,0.209,3.371,0.525,0.433,0.041,63.83,0.3,0.072,"07/02/2026 8:52 AM","Upper",06,"P01","Morning",8.876944444444446,"suraj karkee","41:00:13:15",39.208365,-96.59383666666666,""
6472037,"Whole Data Set",1,49.29,32.81,0.00023,196.604,31.293,-5.2,50.139144,188.21,1.211,0.592,0.185,0.224,1.721,0.967,-0.174,0.208,65.26,0.35,0.045,"07/02/2026 8:53 AM","Middle",06,"P01","Morning",8.887222222222222,"suraj karkee","41:00:13:15",39.20840666666666,-96.59382,""
6472036,"Whole Data Set",1,49.359,32.9,0.00022,286.684,43.647,-4.87,56.847158549999996,208.117,1.017,0.607,0.195,0.198,2.782,0.429,0.492,0.079,67.18,0.24,0.063,"07/02/2026 8:53 AM","Lower",06,"P01","Morning",8.898888888888889,"suraj karkee","41:00:13:15",39.20836833333333,-96.59377,""
6472035,"Whole Data Set",1,49.494,33.05,0.00015,383.037,48.157,-4.48,32.37568425,112.945,0.838,0.637,0.197,0.165,4.572,0.159,0.727,0.114,61.59,0.51,0.057,"07/02/2026 8:57 AM","Upper",08,"P01","Morning",8.955277777777777,"suraj karkee","41:00:13:15",39.20837166666667,-96.59382166666667,""
6472034,"Whole Data Set",1,49.277,33.14,0.00018,363.25,51.72,-5.71,52.8179229,193.366,0.996,0.607,0.197,0.196,3.887,0.405,0.563,0.032,66.04,0.35,0.065,"07/02/2026 8:57 AM","Middle",08,"P01","Morning",8.966388888888888,"suraj karkee","41:00:13:15",39.20838666666667,-96.59382,""
6472033,"Whole Data Set",1,48.456,33.34,0.0003,172.082,29.597,-2.41,37.139463899999996,132.902,1.112,0.621,0.179,0.199,6.001,0.06,0.425,0.515,66.77,0.74,0.052,"07/02/2026 8:59 AM","Lower",08,"P01","Morning",8.993055555555555,"suraj karkee","41:00:13:15",39.208376666666666,-96.593875,""
6472032,"Whole Data Set",1,47.374,33.46,0.00032,83.911,53.263,-5.61,68.3675037,256.202,1.039,0.593,0.199,0.207,2.64,0.522,0.608,-0.13,62.85,0.79,0.027,"07/02/2026 9:01 AM","Upper",05,"P02","Morning",9.021944444444445,"suraj karkee","41:00:13:15",39.208436666666664,-96.59389166666666,""
6472031,"Whole Data Set",1,46.75,33.51,0.00024,334.625,19.188,-5.8,71.04833099999999,267.602,0.954,0.59,0.21,0.2,2.987,0.616,0.605,-0.221,70.96,0.43,0.08,"07/02/2026 9:02 AM","Middle",05,"P02","Morning",9.03888888888889,"suraj karkee","41:00:13:15",39.20844833333333,-96.59385666666667,""
6472030,"Whole Data Set",1,47.036,33.52,0.00042,140.751,9.947,-5.45,76.08509280000001,315.444,1.51,0.536,0.185,0.279,1.594,1.412,-0.384,-0.028,68.8,0.27,0.059,"07/02/2026 9:03 AM","Lower",05,"P02","Morning",9.051944444444445,"suraj karkee","41:00:13:15",39.20844,-96.59388166666668,""
6472029,"Whole Data Set",1,47.481,33.57,0.0003,298.095,12.874,-5.22,133.9655625,644.375,1.759,0.462,0.195,0.343,3.053,0.622,0.598,-0.219,69.16,0.36,0.089,"07/02/2026 9:03 AM","Upper",07,"P02","Morning",9.065833333333334,"suraj karkee","41:00:13:15",39.208466666666666,-96.59390499999999,""
6472028,"Whole Data Set",1,47.095,33.63,0.00035,133.613,24.117,-5,73.9008414,299.679,1.314,0.548,0.195,0.257,4.147,0.638,0.345,0.016,69.32,0.37,0.047,"07/02/2026 9:04 AM","Middle",07,"P02","Morning",9.078333333333333,"suraj karkee","41:00:13:15",39.20846166666667,-96.593875,""
6472027,"Whole Data Set",1,46.278,33.68,0.00078,133.903,16.371,-6.33,108.36346005,520.103,1.564,0.463,0.209,0.327,4.117,0.323,0.419,0.258,67.41,0.29,0.104,"07/02/2026 9:05 AM","Lower",07,"P02","Morning",9.09,"suraj karkee","41:00:13:15",39.208488333333335,-96.59388833333333,""
6472026,"Whole Data Set",1,46.629,33.72,0.00018,309.032,41.744,-6.23,55.186758000000005,206.46,1.145,0.594,0.189,0.217,3.883,0.576,0.454,-0.029,69.27,0.27,0.056,"07/02/2026 9:06 AM","Upper",09,"P02","Morning",9.103055555555555,"suraj karkee","41:00:13:15",39.208468333333336,-96.59391499999998,""
6472025,"Whole Data Set",1,46.763,33.75,0.00032,228.741,34.205,-5.64,79.857333,318.03,1.455,0.558,0.18,0.262,4.393,0.495,0.517,-0.011,71.28,0.3,0.073,"07/02/2026 9:06 AM","Middle",09,"P02","Morning",9.114444444444445,"suraj karkee","41:00:13:15",39.208455,-96.59389166666666,""
6472024,"Whole Data Set",1,46.634,33.77,0.00019,180.898,16.634,-6.06,54.278721,205.135,1.204,0.588,0.187,0.225,4.277,0.361,0.512,0.127,67.76,0.32,0.034,"07/02/2026 9:07 AM","Lower",09,"P02","Morning",9.124722222222223,"suraj karkee","41:00:13:15",39.208425000000005,-96.59388333333332,""
6472023,"Whole Data Set",1,46.256,33.81,0.0003,312.661,40.05,-5.28,112.14055935000002,447.399,1.251,0.557,0.197,0.246,2.359,1.353,0.25,-0.603,62.25,0.23,0.094,"07/02/2026 9:08 AM","Upper",11,"P02","Morning",9.146388888888888,"suraj karkee","41:00:13:15",39.208463333333334,-96.59389166666666,""
6472022,"Whole Data Set",1,46.699,33.83,0.14397,1.953,45.675,-5.26,39.708691200000004,140.512,0.867,0.628,0.199,0.173,3.65,0.46,0.453,0.086,69.39,4.31,0.281,"07/02/2026 9:09 AM","Middle",11,"P02","Morning",9.155833333333334,"suraj karkee","41:00:13:15",39.20845166666666,-96.59389833333334,""
6472021,"Whole Data Set",1,46.323,33.89,0.00063,184.141,39.497,-5.58,147.20843969999999,792.082,2.27,0.413,0.179,0.407,3.933,0.503,0.269,0.228,68.33,0.4,0.116,"07/02/2026 9:10 AM","Lower",11,"P02","Morning",9.168333333333333,"suraj karkee","41:00:13:15",39.20845166666666,-96.59388499999999,""
6472020,"Whole Data Set",1,46.495,33.94,0.00015,626.496,20.247,-6.05,45.41886720000001,167.104,1.121,0.604,0.187,0.209,3.952,0.36,0.391,0.249,67.64,0.32,0.094,"07/02/2026 9:11 AM","Upper",11,"P02","Morning",9.185833333333333,"suraj karkee","41:00:13:15",39.20843833333333,-96.5939,""
6471999,"Whole Data Set",1,43.116,35.62,0.00039,325.33,10.252,-4.61,162.565299,771.915,1.776,0.468,0.192,0.34,1.906,0.669,-0.165,0.497,61.24,0.34,0.127,"07/02/2026 12:07 PM","Upper",01,"P03","Noon",12.1225,"suraj karkee","41:00:13:15",39.20847666666667,-96.59381166666665,""
6471998,"Whole Data Set",1,42.937,35.62,0.00031,324.291,15.528,-3.11,96.51125699999999,380.265,1.34,0.564,0.186,0.25,4.422,0.622,0.451,-0.073,63.31,0.29,0.101,"07/02/2026 12:08 PM","Middle",01,"P03","Noon",12.142777777777777,"suraj karkee","41:00:13:15",39.208465000000004,-96.59379333333332,""
6471997,"Whole Data Set",1,43.258,35.61,0.00035,181.088,26.23,-4.74,76.65266429999998,299.366,1.393,0.569,0.18,0.251,6.66,0.272,0.472,0.256,65.01,0.37,0.063,"07/02/2026 12:09 PM","Lower",01,"P03","Noon",12.154444444444445,"suraj karkee","41:00:13:15",39.20843833333333,-96.59381333333334,""
6471996,"Whole Data Set",1,43.107,35.54,0.0005,221.485,4.834,-5.21,142.152192,616.98,1.722,0.512,0.179,0.309,1.859,0.552,-0.221,0.669,64.22,0.6,0.111,"07/02/2026 12:10 PM","Upper",02,"P03","Noon",12.170833333333333,"suraj karkee","41:00:13:15",39.208455,-96.59380666666667,""
6471995,"Whole Data Set",1,43.239,35.54,0.00035,230.818,12.265,-4.71,110.6582751,470.186,1.656,0.523,0.18,0.298,3.977,0.703,0.235,0.062,62.47,0.34,0.081,"07/02/2026 12:10 PM","Middle",02,"P03","Noon",12.1825,"suraj karkee","41:00:13:15",39.20841666666667,-96.59383000000001,""
6471994,"Whole Data Set",1,43.254,35.56,0.0006,199.09,8.26,-7.67,135.4122432,541.216,1.568,0.556,0.173,0.271,0.845,1.017,-5.958,5.941,61.48,1.25,0.119,"07/02/2026 12:11 PM","Lower",02,"P03","Noon",12.193333333333333,"suraj karkee","41:00:13:15",39.20849166666667,-96.59382499999998,""
6471993,"Whole Data Set",1,41.777,35.9,0.00056,242.41,49.411,-5.21,144.805338,659.405,1.795,0.488,0.183,0.329,3.019,0.656,0.176,0.168,64.11,0.25,0.136,"07/02/2026 12:18 PM","Upper",05,"P03","Noon",12.301666666666668,"suraj karkee","41:00:13:15",39.2085,-96.59380333333333,""
6471992,"Whole Data Set",1,41.976,35.85,0.0005,209.702,20.653,-7.68,143.84137950000002,572.845,1.329,0.558,0.19,0.252,2.038,2.038,-0.442,-0.595,65.79,1.28,0.105,"07/02/2026 12:18 PM","Middle",05,"P03","Noon",12.311388888888889,"suraj karkee","41:00:13:15",39.20849833333333,-96.59384166666665,""
6471991,"Whole Data Set",1,41.775,35.88,0.00043,201.696,33.837,-6.27,93.35829555000001,409.197,1.573,0.507,0.192,0.301,3.76,0.329,0.45,0.22,62.06,0.72,0.087,"07/02/2026 12:19 PM","Lower",05,"P03","Noon",12.321944444444444,"suraj karkee","41:00:13:15",39.208475,-96.59381333333334,""
6471990,"Whole Data Set",1,42.05,35.88,0.00047,229.35,22.228,-5.63,102.18058335,430.869,1.581,0.527,0.183,0.29,2.504,0.774,0.113,0.113,64.74,0.31,0.108,"07/02/2026 12:20 PM","Upper",10,"P03","Noon",12.344166666666668,"suraj karkee","41:00:13:15",39.208483333333334,-96.59378333333333,""
6471989,"Whole Data Set",1,42.37,35.84,0.0005,217.284,26.001,-5.65,128.941065,556.38,1.814,0.515,0.173,0.313,4.322,0.587,0.39,0.024,67.37,0.41,0.109,"07/02/2026 12:21 PM","Middle",10,"P03","Noon",12.355833333333333,"suraj karkee","41:00:13:15",39.208488333333335,-96.59379166666668,""
6471988,"Whole Data Set",1,42.307,35.81,0.0004,220.455,14.896,-5.84,86.64098580000001,368.842,1.742,0.522,0.174,0.303,2.5,0.847,0.065,0.088,68.52,0.28,0.088,"07/02/2026 12:22 PM","Lower",10,"P03","Noon",12.373611111111112,"suraj karkee","41:00:13:15",39.208508333333334,-96.59381666666668,""
6471987,"Whole Data Set",1,41.943,35.76,0.00031,232.906,52.089,-5.33,64.75749524999999,243.495,1.2,0.591,0.186,0.223,3,0.585,0.154,0.261,64.8,0.3,0.072,"07/02/2026 12:26 PM","Upper",04,"P01","Noon",12.446111111111112,"suraj karkee","41:00:13:15",39.20839,-96.59383833333335,""
6471986,"Whole Data Set",1,42.294,35.79,0.0004,222.24,11.696,-5.78,117.4342077,496.131,1.569,0.526,0.184,0.289,3.993,1.109,0.555,-0.664,67.06,0.37,0.089,"07/02/2026 12:27 PM","Middle",04,"P01","Noon",12.456388888888888,"suraj karkee","41:00:13:15",39.2084,-96.59384,""
6471985,"Whole Data Set",1,41.9,35.8,0.00033,296.278,33.049,-6.83,99.26028855000001,367.019,1.259,0.601,0.177,0.222,1.666,0.276,-0.724,1.448,68.8,0.53,0.098,"07/02/2026 12:27 PM","Lower",04,"P01","Noon",12.466111111111111,"suraj karkee","41:00:13:15",39.20839,-96.59382166666667,""
6471984,"Whole Data Set",1,41.608,35.76,0.00045,383.649,37.82,-5.79,79.76132775,302.987,1.246,0.585,0.185,0.23,3.52,0.674,0.339,-0.013,64.68,0.3,0.173,"07/02/2026 12:28 PM","Upper",05,"P01","Noon",12.479444444444445,"suraj karkee","41:00:13:15",39.2084,-96.59383666666666,""
6471983,"Whole Data Set",1,41.63,35.72,0.0005,92.856,46.861,-6.03,70.8820929,259.927,1.098,0.606,0.188,0.206,2.375,2.212,-0.368,-0.844,63.41,0.56,0.046,"07/02/2026 12:29 PM","Middle",05,"P01","Noon",12.489166666666666,"suraj karkee","41:00:13:15",39.20838833333333,-96.59382333333333,""
6471982,"Whole Data Set",1,42.504,35.73,0.00041,200.909,14.533,-5.48,87.55354890000001,349.306,1.432,0.557,0.182,0.261,-2.241,-0.354,1.786,-0.432,64.78,0.33,0.082,"07/02/2026 12:30 PM","Lower",05,"P01","Noon",12.501666666666667,"suraj karkee","41:00:13:15",39.20840166666667,-96.59383000000001,""
6471981,"Whole Data Set",1,42.274,35.71,0.00043,222.794,51.674,-5.52,73.74256155,297.409,1.435,0.551,0.184,0.265,2.237,1.062,0.073,-0.135,62.47,0.29,0.096,"07/02/2026 12:30 PM","Upper",06,"P01","Noon",12.51388888888889,"suraj karkee","41:00:13:15",39.208396666666665,-96.59382,""
6471980,"Whole Data Set",1,42.174,35.66,0.0003,297.322,60.817,-5.33,65.97828359999998,258.131,1.394,0.568,0.181,0.252,2.482,0.818,-0.112,0.293,65.55,0.34,0.089,"07/02/2026 12:31 PM","Middle",06,"P01","Noon",12.525555555555556,"suraj karkee","41:00:13:15",39.20840666666666,-96.59382833333332,""
6471979,"Whole Data Set",1,42.755,35.6,0.00026,181.436,28.923,-6.59,77.1381063,282.402,1.069,0.607,0.19,0.203,0.866,3.007,-1.894,-0.113,66.31,0.56,0.047,"07/02/2026 12:32 PM","Lower",06,"P01","Noon",12.541666666666666,"suraj karkee","41:00:13:15",39.208418333333334,-96.59382499999998,""
6471978,"Whole Data Set",1,43.247,35.62,0.00022,320.482,53.872,-5.05,62.0902728,227.312,1.084,0.607,0.189,0.205,0.951,2.306,-1.012,-0.294,61.91,0.41,0.071,"07/02/2026 12:33 PM","Upper",08,"P01","Noon",12.555833333333334,"suraj karkee","41:00:13:15",39.2084,-96.59384999999999,""
6471977,"Whole Data Set",1,43.128,35.62,0.00032,245.186,41.804,-5.33,84.15269685,316.423,1.166,0.591,0.189,0.22,4.444,0.641,0.488,-0.129,64.54,0.31,0.078,"07/02/2026 12:33 PM","Middle",08,"P01","Noon",12.565277777777778,"suraj karkee","41:00:13:15",39.20841666666667,-96.59383666666666,""
6471976,"Whole Data Set",1,42.38,35.55,0.00033,317.857,36.505,-4.68,82.12220640000001,288.756,0.984,0.632,0.186,0.183,3.248,0.731,0.279,-0.01,67.64,1.09,0.105,"07/02/2026 12:34 PM","Lower",08,"P01","Noon",12.576944444444445,"suraj karkee","41:00:13:15",39.20840833333333,-96.593835,""
6471975,"Whole Data Set",1,42.527,35.47,0.00045,241.611,27.645,-5.82,156.71713950000003,678.87,1.658,0.513,0.183,0.304,2.062,0.778,-0.212,0.434,66.12,0.3,0.109,"07/02/2026 12:36 PM","Upper",05,"P02","Noon",12.605833333333333,"suraj karkee","41:00:13:15",39.208435,-96.59391499999998,""
6471974,"Whole Data Set",1,42.715,35.43,0.00102,96.636,6.932,-5.46,101.9293821,455.754,1.274,0.497,0.221,0.282,2.97,0.397,-0.566,1.169,72.56,0.37,0.099,"07/02/2026 12:37 PM","Middle",05,"P02","Noon",12.616944444444444,"suraj karkee","41:00:13:15",39.208445,-96.5939,""
6471973,"Whole Data Set",1,42.937,35.37,0.00039,241.307,12.138,-5.5,114.4636515,502.695,1.731,0.506,0.181,0.313,2.678,0.674,0.022,0.304,71,0.33,0.094,"07/02/2026 12:37 PM","Lower",05,"P02","Noon",12.627777777777778,"suraj karkee","41:00:13:15",39.208485,-96.59389666666667,""
6471972,"Whole Data Set",1,42.997,35.37,0.00044,243.39,16.278,-4.8,149.523003,683.69,1.73,0.486,0.188,0.326,4.738,0.381,0.507,0.113,69.92,0.3,0.107,"07/02/2026 12:38 PM","Upper",07,"P02","Noon",12.643055555555556,"suraj karkee","41:00:13:15",39.20845333333333,-96.5939,""
6471971,"Whole Data Set",1,43.243,35.33,0.00031,279.317,24.863,-4.96,89.02939500000001,362.35,1.431,0.546,0.187,0.267,2.231,1.572,-0.547,-0.025,68.88,0.38,0.087,"07/02/2026 12:39 PM","Middle",07,"P02","Noon",12.655277777777778,"suraj karkee","41:00:13:15",39.208466666666666,-96.59386166666667,""
6471970,"Whole Data Set",1,43.359,35.29,0.00041,272.212,21.539,-5.78,111.79685790000002,449.254,1.478,0.553,0.18,0.267,7.056,0.462,0.626,-0.088,67.75,1.27,0.112,"07/02/2026 12:39 PM","Lower",07,"P02","Noon",12.665277777777778,"suraj karkee","41:00:13:15",39.208470000000005,-96.59389000000002,""
6471969,"Whole Data Set",1,43.479,35.29,0.00053,218.034,36.787,-5.6,127.8770976,577.584,1.816,0.492,0.18,0.327,5.619,0.205,0.513,0.282,69.25,0.46,0.116,"07/02/2026 12:40 PM","Upper",09,"P02","Noon",12.67611111111111,"suraj karkee","41:00:13:15",39.208423333333336,-96.59393833333334,""
6471968,"Whole Data Set",1,43.147,35.32,0.00049,218.164,35.33,-4.89,148.11729660000003,703.311,2.067,0.468,0.173,0.358,5.074,0.196,0.533,0.272,70.61,0.3,0.107,"07/02/2026 12:41 PM","Middle",09,"P02","Noon",12.686111111111112,"suraj karkee","41:00:13:15",39.20843833333333,-96.59390333333334,""
6471967,"Whole Data Set",1,43.936,35.32,0.00073,171.83,15.042,-4.13,134.9614701,597.439,1.848,0.502,0.175,0.323,5.191,0.969,0.46,-0.429,68.36,0.64,0.125,"07/02/2026 12:41 PM","Lower",09,"P02","Noon",12.698333333333334,"suraj karkee","41:00:13:15",39.20841666666667,-96.59391333333333,""
6471966,"Whole Data Set",1,43.718,35.42,0.00032,380.494,38.43,-4.85,191.45254050000003,973.57,2.053,0.437,0.184,0.378,4.067,0.525,0.434,0.041,63.96,0.24,0.122,"07/02/2026 12:42 PM","Upper",11,"P02","Noon",12.714722222222221,"suraj karkee","41:00:13:15",39.20845666666666,-96.59391833333332,""
6471965,"Whole Data Set",1,43.208,35.46,0.00037,285.01,33.871,-5.45,112.46687999999999,416.544,1.106,0.6,0.19,0.21,3.67,0.153,-0.446,1.293,68.32,0.69,0.105,"07/02/2026 12:43 PM","Middle",11,"P02","Noon",12.725277777777778,"suraj karkee","41:00:13:15",39.208435,-96.59392333333332,""
6471964,"Whole Data Set",1,42.95,35.53,0.00033,328.879,42.997,-6.06,145.22554799999997,664.04,1.681,0.486,0.192,0.322,3.155,0.656,0.233,0.11,66.05,0.36,0.109,"07/02/2026 12:44 PM","Lower",11,"P02","Noon",12.735555555555555,"suraj karkee","41:00:13:15",39.20843,-96.59392333333332,""
6469174,"Whole Data Set",1,49.902,32.66,0.0007,272.689,17.784,-1.37,250.13696175000004,1379.305,2.626,0.403,0.165,0.433,3.036,0.822,0.431,-0.253,62.76,0.31,0.191,"07/01/2026 4:20 PM","Upper",01,"P03","Late",16.342222222222222,"suraj karkee","41:00:13:15",39.20845833333333,-96.59384999999999,""
6469173,"Whole Data Set",1,49.72,32.94,0.00074,313.878,6.313,-0.39,220.08559050000002,1603.538,2.443,0.305,0.202,0.493,3.45,0.548,0.088,0.364,61.88,0.32,0.232,"07/01/2026 4:21 PM","Middle",01,"P03","Late",16.35388888888889,"suraj karkee","41:00:13:15",39.20838666666667,-96.59376666666667,""
6469172,"Whole Data Set",1,48.781,33.26,0.00078,236.036,40.963,-0.45,175.39212375,917.083,2.367,0.425,0.171,0.404,3.457,0.562,0.309,0.128,58.93,0.39,0.184,"07/01/2026 4:21 PM","Lower",01,"P03","Late",16.365555555555556,"suraj karkee","41:00:13:15",39.20840166666667,-96.59380833333334,""
6469171,"Whole Data Set",1,47.138,34.04,0.00088,259.377,34.774,-2.31,288.26751825,1472.631,1.652,0.435,0.213,0.352,3.98,1.725,0.262,-0.987,61.39,0.29,0.228,"07/01/2026 4:23 PM","Upper",02,"P03","Late",16.395833333333332,"suraj karkee","41:00:13:15",39.20840666666666,-96.59379499999999,""
6469170,"Whole Data Set",1,47.187,34.29,0.00116,262.041,10.057,-2.22,276.90190199999995,1718.82,2.73,0.358,0.172,0.47,2.108,0.725,-0.181,0.456,62.06,0.21,0.304,"07/01/2026 4:24 PM","Middle",02,"P03","Late",16.40722222222222,"suraj karkee","41:00:13:15",39.208421666666666,-96.59378666666667,""
6469169,"Whole Data Set",1,47.262,34.55,0.00035,272.6,25.551,-1.44,73.31600250000001,321.35,1.301,0.507,0.214,0.279,3.169,0.703,0.088,0.209,60.05,0.21,0.095,"07/01/2026 4:25 PM","Lower",02,"P03","Late",16.420833333333334,"suraj karkee","41:00:13:15",39.20842666666667,-96.59376166666668,""
6469168,"Whole Data Set",1,46.191,34.82,0.00069,345.667,30.373,-2.41,291.0036663,1706.266,3.329,0.379,0.143,0.477,0.641,4.317,-3.878,0.561,64.27,0.28,0.239,"07/01/2026 4:26 PM","Upper",05,"P03","Late",16.435,"suraj karkee","41:00:13:15",39.20840333333333,-96.59383833333335,""
6469167,"Whole Data Set",1,45.424,35.02,0.00065,262.153,29.437,-2.47,166.676517,778.135,2.118,0.476,0.168,0.356,5.918,0.384,0.408,0.208,64.6,0.28,0.17,"07/01/2026 4:26 PM","Middle",05,"P03","Late",16.44527777777778,"suraj karkee","41:00:13:15",39.20840833333333,-96.59382,""
6469166,"Whole Data Set",1,45.372,35.23,-0.00058,354.536,67.519,-1.86,63.35710919999999,249.634,1.33,0.564,0.187,0.249,1.005,2.654,0.088,-1.742,61.35,0.15,-0.206,"07/01/2026 4:27 PM","Lower",05,"P03","Late",16.4575,"suraj karkee","41:00:13:15",39.208423333333336,-96.59379499999999,""
6469165,"Whole Data Set",1,43.595,35.5,0.00088,252.783,28.21,-2.91,282.2325156,1369.396,2.37,0.458,0.161,0.381,6.689,0.506,-0.119,0.613,65.27,0.32,0.222,"07/01/2026 4:28 PM","Upper",10,"P03","Late",16.47722222222222,"suraj karkee","41:00:13:15",39.208443333333335,-96.59375666666668,""
6469164,"Whole Data Set",1,43.81,35.62,0.00068,304.44,26.07,-2.77,261.1167084,1629.942,3.638,0.356,0.139,0.505,4.123,0.761,0.55,-0.311,65.26,0.25,0.207,"07/01/2026 4:29 PM","Middle",10,"P03","Late",16.489166666666666,"suraj karkee","41:00:13:15",39.208418333333334,-96.59376666666667,""
6469163,"Whole Data Set",1,42.947,35.74,0.00022,303.214,20.006,-2.77,49.63314509999999,189.838,1.345,0.581,0.179,0.24,3.676,0.68,0.258,0.062,65.77,0.43,0.067,"07/01/2026 4:30 PM","Lower",10,"P03","Late",16.50111111111111,"suraj karkee","41:00:13:15",39.20843,-96.59377333333332,""
6469162,"Whole Data Set",1,43.147,35.96,0.00027,285.213,49.646,-3.63,84.5264727,293.954,1.11,0.639,0.171,0.19,2.247,1.506,-0.657,0.151,68.56,0.4,0.077,"07/01/2026 4:31 PM","Upper",05,"P02","Late",16.523055555555555,"suraj karkee","41:00:13:15",39.20840166666667,-96.59388166666668,""
6469161,"Whole Data Set",1,42.333,36.09,0.00072,232.76,25.516,-4.5,205.54364160000003,1092.736,2.889,0.418,0.15,0.433,4.224,0.593,0.506,-0.099,66.27,0.28,0.168,"07/01/2026 4:32 PM","Middle",05,"P02","Late",16.535,"suraj karkee","41:00:13:15",39.20838833333333,-96.59388166666668,""
6469160,"Whole Data Set",1,41.755,36.19,0.00013,376.313,39.386,-4.12,38.4951033,151.139,1.664,0.566,0.163,0.271,3.515,0.978,0.033,-0.011,69.77,0.33,0.049,"07/01/2026 4:32 PM","Lower",05,"P02","Late",16.54638888888889,"suraj karkee","41:00:13:15",39.208378333333336,-96.59388333333332,""
6469159,"Whole Data Set",1,41.859,36.28,0.00037,293.064,37.717,-5.31,152.84248650000004,640.849,1.685,0.53,0.175,0.295,3.945,0.821,0.41,-0.231,65.43,0.29,0.108,"07/01/2026 4:33 PM","Upper",07,"P02","Late",16.560555555555556,"suraj karkee","41:00:13:15",39.208405,-96.59390333333334,""
6469158,"Whole Data Set",1,41.747,36.37,0.00013,347.941,17.142,-4.04,56.0654514,210.812,1.442,0.591,0.168,0.242,1.234,2.3,-0.61,-0.689,69.92,0.31,0.045,"07/01/2026 4:34 PM","Middle",07,"P02","Late",16.571944444444444,"suraj karkee","41:00:13:15",39.20841333333333,-96.59388666666668,""
6469157,"Whole Data Set",1,41.38,36.41,0.00045,241.696,22.911,-5.62,116.04672675,500.741,1.811,0.515,0.172,0.312,4.275,0.665,0.269,0.066,65.85,0.34,0.109,"07/01/2026 4:35 PM","Lower",07,"P02","Late",16.584999999999997,"suraj karkee","41:00:13:15",39.208395,-96.59385499999999,""
6469156,"Whole Data Set",1,40.018,36.47,0.00038,390.781,43.988,-5.68,124.2759231,483.658,1.518,0.571,0.17,0.259,-1.335,-1.491,2.981,-0.49,68.35,0.33,0.148,"07/01/2026 4:35 PM","Upper",09,"P02","Late",16.599166666666665,"suraj karkee","41:00:13:15",39.208380000000005,-96.59389166666666,""
6469154,"Whole Data Set",1,39.923,36.48,0.00033,220.593,34.966,-4.55,84.28462470000001,324.047,1.553,0.578,0.165,0.256,4.342,0.957,-0.282,0.325,70.52,0.44,0.073,"07/01/2026 4:36 PM","Middle",09,"P02","Late",16.6125,"suraj karkee","41:00:13:15",39.20838833333333,-96.59391499999998,""
6469153,"Whole Data Set",1,40.091,36.48,0.00035,267.984,37.245,-4.85,99.9246132,393.714,1.448,0.564,0.178,0.258,4.963,0.562,0.454,-0.017,70.07,0.31,0.094,"07/01/2026 4:37 PM","Lower",09,"P02","Late",16.62388888888889,"suraj karkee","41:00:13:15",39.20839333333333,-96.59387,""
6469151,"Whole Data Set",1,39.36,36.49,-847.99184,0,21.931,-5.56,196.5439683,913.733,1.815,0.478,0.186,0.337,5.615,0.168,0.494,0.338,66.93,0.82,0,"07/01/2026 4:38 PM","Upper",11,"P02","Late",16.649722222222223,"suraj karkee","41:00:13:15",39.208414999999995,-96.593875,""
6469150,"Whole Data Set",1,39.683,36.49,0.0004,242.662,26.115,-4.56,112.75372800000001,453.92,1.674,0.552,0.167,0.28,-1.154,-0.789,3.814,-2.025,67.37,0.34,0.097,"07/01/2026 4:40 PM","Middle",11,"P02","Late",16.67138888888889,"suraj karkee","41:00:13:15",39.20839333333333,-96.59388666666668,""
6469149,"Whole Data Set",1,39.192,36.5,0.00034,332.114,29.812,-3.95,102.49144470000002,416.378,1.349,0.547,0.193,0.26,5.759,0.365,0.561,0.074,65.6,0.22,0.113,"07/01/2026 4:40 PM","Lower",11,"P02","Late",16.68305555555556,"suraj karkee","41:00:13:15",39.208405,-96.59387999999998,""
6469148,"Whole Data Set",1,39.007,36.29,0.0002,355.822,51.988,-4.82,41.97465135,155.203,1.24,0.601,0.178,0.221,2.565,-0.251,0.014,1.237,63.62,0.32,0.071,"07/01/2026 4:42 PM","Upper",04,"P01","Late",16.715555555555554,"suraj karkee","41:00:13:15",39.20839,-96.59381666666668,""
6469147,"Whole Data Set",1,39.69,36.29,0.0003,704.736,10.648,-5.46,158.1511797,705.717,1.946,0.498,0.17,0.332,4.93,1.228,0.472,-0.7,68.89,0.43,0.211,"07/01/2026 4:43 PM","Middle",04,"P01","Late",16.72583333333333,"suraj karkee","41:00:13:15",39.20838166666667,-96.59382,""
6469146,"Whole Data Set",1,39.223,36.29,0.00039,270.609,18.602,-4.74,99.27206640000001,399.646,1.483,0.552,0.18,0.267,3.374,0.718,0.188,0.094,65.84,0.24,0.106,"07/01/2026 4:44 PM","Lower",04,"P01","Late",16.736944444444447,"suraj karkee","41:00:13:15",39.20835833333333,-96.59379666666668,""
6469145,"Whole Data Set",1,39.885,36.32,0.00029,243.586,26.452,-4.25,68.20300845,251.347,1.314,0.603,0.171,0.225,4.334,0.61,0.471,-0.08,63.53,0.77,0.071,"07/01/2026 4:45 PM","Upper",05,"P01","Late",16.750833333333333,"suraj karkee","41:00:13:15",39.208391666666664,-96.59382499999998,""
6469144,"Whole Data Set",1,39.765,36.33,0.0002,287.019,58.676,-5.08,41.1118614,145.942,1.158,0.626,0.173,0.2,2.057,0.504,-0.448,0.944,65.53,0.31,0.057,"07/01/2026 4:45 PM","Middle",05,"P01","Late",16.761388888888888,"suraj karkee","41:00:13:15",39.20836166666666,-96.59382333333333,""
6469143,"Whole Data Set",1,40.127,36.35,0.00041,172.903,26.693,-4.68,52.93125359999999,203.152,1.443,0.579,0.172,0.249,2.01,1.452,0.187,-0.639,65.13,0.36,0.071,"07/01/2026 4:46 PM","Lower",05,"P01","Late",16.771944444444443,"suraj karkee","41:00:13:15",39.20838666666667,-96.593845,""
6469142,"Whole Data Set",1,40.249,36.38,0.00027,208.819,54.267,-4.61,43.9974756,169.156,1.386,0.578,0.177,0.245,2.834,0.662,0.216,0.121,61.75,0.22,0.056,"07/01/2026 4:47 PM","Upper",06,"P01","Late",16.784166666666668,"suraj karkee","41:00:13:15",39.208369999999995,-96.59382833333332,""
6469141,"Whole Data Set",1,40.108,36.41,0.0009,146.531,38.84,-5.02,100.2461913,462.177,2.239,0.482,0.16,0.358,3.334,0.438,0.342,0.22,66.83,0.34,0.132,"07/01/2026 4:47 PM","Middle",06,"P01","Late",16.79416666666667,"suraj karkee","41:00:13:15",39.20836833333333,-96.59381499999999,""
6469140,"Whole Data Set",1,40.195,36.45,0.00039,217.48,23.688,-4.46,74.12277375,291.535,1.478,0.565,0.176,0.26,2.501,0.621,0.098,0.281,64.99,0.35,0.085,"07/01/2026 4:48 PM","Lower",06,"P01","Late",16.805,"suraj karkee","41:00:13:15",39.208385,-96.59381499999999,""
6469139,"Whole Data Set",1,39.276,36.5,0.00013,296.624,62.419,-5.03,29.9676024,112.491,1.258,0.592,0.181,0.228,3.629,0.53,0.465,0.004,64.01,0.32,0.039,"07/01/2026 4:50 PM","Lower",08,"P01","Late",16.848055555555554,"suraj karkee","41:00:13:15",39.20836666666666,-96.59384666666668,""
6469138,"Whole Data Set",1,39.494,36.51,0.00022,397.507,56.793,-4.66,49.774176,186.84,1.248,0.592,0.181,0.226,3.601,0.718,0.56,-0.279,61.64,0.24,0.087,"07/01/2026 4:51 PM","Upper",08,"P01","Late",16.860277777777778,"suraj karkee","41:00:13:15",39.20837166666667,-96.59384999999999,""
6469137,"Whole Data Set",1,39.276,36.5,0.00029,164.257,23.252,-4.77,71.5264524,264.472,1.186,0.601,0.183,0.217,3.487,0.521,0.293,0.186,64.51,0.25,0.048,"07/01/2026 4:52 PM","Middle",08,"P01","Late",16.871944444444445,"suraj karkee","41:00:13:15",39.208375000000004,-96.59382166666667,""
6468397,"Whole Data Set",1,56.053,28.17,0.00079,258.373,50.316,-0.24,87.0037245,500.885,1.397,0.386,0.256,0.358,3.688,0.431,0.276,0.293,64.57,0.4,0.204,"07/01/2026 8:59 AM","Upper",04,"P01","Morning",8.995833333333332,"suraj karkee","41:00:13:15",39.208427,-96.5987215,""
6468396,"Whole Data Set",1,55.644,28.45,0.00066,192.912,4.505,-0.64,141.247395,697.518,1.739,0.45,0.201,0.349,3.487,0.839,0.249,-0.088,68.28,0.4,0.127,"07/01/2026 9:00 AM","Middle",04,"P01","Morning",9.007222222222222,"suraj karkee","41:00:13:15",39.20836333333333,-96.59381666666668,""
6468395,"Whole Data Set",1,54.449,28.86,0.00067,228.395,37.041,-1.47,142.8121125,705.245,1.399,0.45,0.229,0.321,4.218,0.283,0.393,0.324,61.64,0.31,0.153,"07/01/2026 9:01 AM","Lower",04,"P01","Morning",9.023888888888889,"suraj karkee","41:00:13:15",39.208420000000004,-96.59381833333333,""
6468394,"Whole Data Set",1,54.313,29.2,0.00049,167.464,26.777,-1.77,70.2788625,283.955,1.211,0.55,0.204,0.247,-1.047,-1.425,1.887,0.537,62.5,0.42,0.082,"07/01/2026 9:02 AM","Upper","05!","P01","Morning",9.038055555555555,"suraj karkee","41:00:13:15",39.20841166666666,-96.59385499999999,""
6468393,"Whole Data Set",1,53.366,29.45,0.0005,148.196,57.745,-2.28,55.221096599999996,202.164,0.912,0.607,0.206,0.188,2.974,0.468,0.55,-0.017,59.54,0.4,0.074,"07/01/2026 9:02 AM","Middle",05,"P01","Morning",9.049166666666666,"suraj karkee","41:00:13:15",39.20842666666667,-96.59384,""
6468392,"Whole Data Set",1,52.698,29.78,0.00077,142.192,7.583,-2.03,78.3507816,311.472,1.177,0.559,0.202,0.238,4.37,0.32,0.406,0.274,62.32,0.35,0.109,"07/01/2026 9:03 AM","Lower",05,"P01","Morning",9.064444444444446,"suraj karkee","41:00:13:15",39.20842666666667,-96.59382166666667,""
6468391,"Whole Data Set",1,52.47,30.04,0.00065,269.139,48.607,-1.47,153.29329785000002,772.453,1.898,0.441,0.193,0.366,2.76,0.425,0.374,0.201,61.92,0.26,0.175,"07/01/2026 9:04 AM","Upper",06,"P01","Morning",9.077777777777778,"suraj karkee","41:00:13:15",39.20840833333333,-96.59384166666665,""
6468390,"Whole Data Set",1,52.184,30.22,0.0005,166.078,24.769,-2.73,76.23079695,314.289,1.348,0.539,0.196,0.265,2.423,0.071,0.306,0.623,64.63,0.35,0.083,"07/01/2026 9:05 AM","Middle",06,"P01","Morning",9.088333333333335,"suraj karkee","41:00:13:15",39.208421666666666,-96.59384666666668,""
6468389,"Whole Data Set",1,50.827,30.42,0.00044,180.668,20.823,-3.03,75.7899315,289.385,1.1,0.582,0.199,0.219,3.226,0.302,0.489,0.209,62.26,0.25,0.079,"07/01/2026 9:06 AM","Lower",06,"P01","Morning",9.101111111111111,"suraj karkee","41:00:13:15",39.208376666666666,-96.59373500000001,""
6468388,"Whole Data Set",1,50.857,30.59,0.00044,168.5,48.563,-2.88,53.3680452,198.986,0.954,0.596,0.207,0.197,2.746,0.659,0.518,-0.177,61.72,0.28,0.074,"07/01/2026 9:06 AM","Upper",08,"P01","Morning",9.113055555555555,"suraj karkee","41:00:13:15",39.208436666666664,-96.59384833333334,""
6468387,"Whole Data Set",1,50.814,30.73,0.00034,286.858,43.385,-3.56,93.42703259999999,356.116,1.033,0.583,0.205,0.212,3.497,0.416,0.395,0.189,64.35,0.28,0.098,"07/01/2026 9:07 AM","Middle",08,"P01","Morning",9.1225,"suraj karkee","41:00:13:15",39.20840833333333,-96.59382833333332,""
6468386,"Whole Data Set",1,49.947,30.9,0.00022,237.544,20.892,-2.83,46.65148020000001,171.639,1.006,0.604,0.197,0.199,2.798,0.644,0.495,-0.139,64.77,0.37,0.052,"07/01/2026 9:07 AM","Lower",08,"P01","Morning",9.133055555555556,"suraj karkee","41:00:13:15",39.208425000000005,-96.59384833333334,""
6468385,"Whole Data Set",1,48.466,31.2,0.00041,165.87,47.88,-3.59,86.57671770000002,342.946,1.217,0.561,0.198,0.241,3.172,-0.062,0.306,0.756,59.44,0.24,0.068,"07/01/2026 9:09 AM","Upper",05,"P02","Morning",9.16388888888889,"suraj karkee","41:00:13:15",39.2080939,-96.598539,""
6468384,"Whole Data Set",1,48.771,31.28,0.00042,82.333,48.23,-3.61,91.7902782,379.142,1.272,0.538,0.203,0.259,2.142,2.111,-1.027,-0.084,65.32,0.4,0.035,"07/01/2026 9:10 AM","Middle",05,"P02","Morning",9.174999999999999,"suraj karkee","41:00:13:15",39.20845,-96.5939,""
6468383,"Whole Data Set",1,48.604,31.39,0.00057,183.834,6.139,-3.08,150.96362175000002,721.451,1.746,0.465,0.195,0.34,1.597,0.92,-0.37,0.45,67,0.25,0.105,"07/01/2026 9:11 AM","Lower",05,"P02","Morning",9.186944444444444,"suraj karkee","41:00:13:15",39.208463333333334,-96.59390666666668,""
6468382,"Whole Data Set",1,48.688,31.51,0.00024,826.278,27.491,-3.4,120.0168576,463.028,1.149,0.576,0.197,0.227,3.147,0.339,0.285,0.376,62.97,0.5,0.198,"07/01/2026 9:11 AM","Upper",07,"P02","Morning",9.199444444444445,"suraj karkee","41:00:13:15",39.208465000000004,-96.59390666666668,""
6468381,"Whole Data Set",1,48.856,31.64,0.00065,208.31,17.532,-2.21,176.312322,1028.36,2.892,0.381,0.159,0.46,3.991,0.661,0.038,0.301,63.23,0.32,0.135,"07/01/2026 9:12 AM","Lower",07,"P02","Morning",9.21111111111111,"suraj karkee","41:00:13:15",39.208441666666666,-96.5939,""
6468380,"Whole Data Set",1,47.041,31.96,0.00027,252.268,25.433,-4.03,56.699496,207.235,0.995,0.608,0.196,0.195,4.584,0.65,0.465,-0.115,68.73,0.33,0.068,"07/01/2026 9:14 AM","Middle",07,"P02","Morning",9.239999999999998,"suraj karkee","41:00:13:15",39.20850333333333,-96.59389333333333,""
6468379,"Whole Data Set",1,47.164,32.23,0.00029,250.412,37.078,-4.52,68.8723245,250.901,0.993,0.61,0.196,0.194,3.211,0.923,0.118,-0.041,65.2,0.21,0.073,"07/01/2026 9:16 AM","Upper",09,"P02","Morning",9.26888888888889,"suraj karkee","41:00:13:15",39.20845166666666,-96.59389166666666,""
6468378,"Whole Data Set",1,46.758,32.31,0.00043,101.128,47.995,-4.78,109.51176960000002,433.024,1.361,0.562,0.185,0.252,1.421,0.555,-2.084,2.529,67.32,0.42,0.043,"07/01/2026 9:16 AM","Middle",09,"P02","Morning",9.279166666666667,"suraj karkee","41:00:13:15",39.20845166666666,-96.59396333333333,""
6468377,"Whole Data Set",1,46.684,32.39,0.00044,194.4,10.922,-3.96,116.9954721,505.817,1.434,0.514,0.2,0.286,5.966,0.224,0.652,0.125,67.83,0.22,0.086,"07/01/2026 9:17 AM","Lower",09,"P02","Morning",9.289444444444444,"suraj karkee","41:00:13:15",39.208418333333334,-96.59391166666667,""
6468376,"Whole Data Set",1,46.094,32.54,0.0008,127.696,35.654,-4.15,103.4045775,468.955,1.25,0.49,0.227,0.284,3.454,0.048,0.367,0.585,66.41,0.32,0.102,"07/01/2026 9:18 AM","Upper",11,"P02","Morning",9.309444444444445,"suraj karkee","41:00:13:15",39.20841333333333,-96.59392166666666,""
6468375,"Whole Data Set",1,45.761,32.54,0.00103,234.401,38.811,-3.65,250.79665365000005,1455.159,2.418,0.383,0.181,0.437,4.211,-0.009,0.275,0.734,65.51,0.27,0.241,"07/01/2026 9:19 AM","Middle",11,"P02","Morning",9.320555555555556,"suraj karkee","41:00:13:15",39.208459999999995,-96.59391333333333,""
6468374,"Whole Data Set",1,45.359,32.56,0.00075,198.793,42.942,-5.31,129.13620749999998,675.222,1.62,0.425,0.22,0.356,4.36,0.556,0.472,-0.028,65.23,0.25,0.149,"07/01/2026 9:20 AM","Lower",11,"P02","Morning",9.340555555555556,"suraj karkee","41:00:13:15",39.208459999999995,-96.59387333333333,""
6468373,"Whole Data Set",1,42.415,34.51,0.00046,493.354,7.974,-3.94,238.1139405,1230.563,2.926,0.43,0.145,0.424,5.038,0.286,0.317,0.397,54.01,0.29,0.227,"07/01/2026 9:38 AM","Upper",01,"P03","Morning",9.6425,"suraj karkee","41:00:13:15",39.208466666666666,-96.59382833333332,""
6468372,"Whole Data Set",1,41.656,34.69,0.00026,153.078,36.194,-2.96,57.657229199999996,204.676,0.757,0.626,0.213,0.161,-29.551,-0.05,1.028,0.022,58.07,0.99,0.04,"07/01/2026 9:39 AM","Middle",01,"P03","Morning",9.663333333333334,"suraj karkee","41:00:13:15",39.20842666666667,-96.59378166666666,""
6468371,"Whole Data Set",1,41.374,34.76,0.00023,196.613,21.67,-5.71,44.625463200000006,167.513,1.187,0.592,0.187,0.221,1.28,2.476,-0.614,-0.862,63.48,0.31,0.045,"07/01/2026 9:40 AM","Lower",01,"P03","Morning",9.676666666666666,"suraj karkee","41:00:13:15",39.20843333333333,-96.59379833333332,""
6468370,"Whole Data Set",1,41.682,34.85,0.0013,131.157,33.55,-5.34,190.395738,1137.37,2.373,0.372,0.186,0.442,3.197,0.439,0.236,0.325,57.02,0.32,0.171,"07/01/2026 9:41 AM","Upper",02,"P03","Morning",9.69111111111111,"suraj karkee","41:00:13:15",39.20843833333333,-96.59381333333334,""
6468369,"Whole Data Set",1,41.698,34.91,0.00084,224.94,1.423,-5.3,204.84883305000005,1188.563,3.438,0.383,0.139,0.478,3.83,0.39,0.186,0.424,55.28,0.28,0.189,"07/01/2026 9:42 AM","Middle",02,"P03","Morning",9.701944444444443,"suraj karkee","41:00:13:15",39.208475,-96.59381,""
6468368,"Whole Data Set",1,41.944,34.99,0.00028,222.934,26.186,-5.66,61.594948800000004,222.204,1.198,0.616,0.175,0.209,2.823,0.561,0.219,0.22,50.29,0.62,0.062,"07/01/2026 9:42 AM","Lower",02,"P03","Morning",9.713055555555554,"suraj karkee","41:00:13:15",39.20844833333333,-96.59381,""
6468367,"Whole Data Set",1,41.405,34.97,0.00024,776.691,27.676,-6.62,136.69188075,574.215,1.258,0.529,0.209,0.263,5.373,0.385,0.55,0.065,62.14,0.6,0.186,"07/01/2026 9:46 AM","Upper",05,"P03","Morning",9.781111111111112,"suraj karkee","41:00:13:15",39.2077684,-96.5986667,""
6468366,"Whole Data Set",1,41.505,35,0.00099,227.102,33.775,-4.53,302.91135885,1834.159,2.988,0.367,0.159,0.474,2.423,-0.091,-0.445,1.536,55.49,0.38,0.225,"07/01/2026 9:47 AM","Middle",05,"P03","Morning",9.791666666666666,"suraj karkee","41:00:13:15",39.20842666666667,-96.59382833333332,""
6468365,"Whole Data Set",1,41.409,35.01,0.00097,113.194,32.151,-4.82,92.390328,427.733,1.467,0.48,0.211,0.309,3.021,0.656,0.224,0.12,59.96,0.24,0.11,"07/01/2026 9:48 AM","Lower",05,"P03","Morning",9.804444444444446,"suraj karkee","41:00:13:15",39.20845,-96.59383166666666,""
6468364,"Whole Data Set",1,41.499,35.07,0.00039,263.772,35.843,-5.2,108.40986,401.518,0.892,0.6,0.211,0.188,2.83,0.453,-0.363,0.91,62.21,0.3,0.103,"07/01/2026 9:49 AM","Upper",10,"P03","Morning",9.821388888888889,"suraj karkee","41:00:13:15",39.20849166666667,-96.59383666666666,""
6468363,"Whole Data Set",1,41.3,35.13,0.00082,225.843,43.849,-4.06,199.79151255,1129.723,2.955,0.393,0.154,0.454,3.798,0.457,0.341,0.202,65.78,0.3,0.185,"07/01/2026 9:49 AM","Middle",10,"P03","Morning",9.8325,"suraj karkee","41:00:13:15",39.208445,-96.59381166666665,""
6468362,"Whole Data Set",1,41.52,35.18,0.00103,220.508,19.457,-4.31,257.739804,1669.84,3.139,0.343,0.159,0.498,7.387,0.481,0.578,-0.058,65.33,0.67,0.227,"07/01/2026 9:50 AM","Lower",03,"P03","Morning",9.841666666666667,"suraj karkee","41:00:13:15",39.20847166666667,-96.593835,""
6468361,"Whole Data Set",1,42.545,35.14,0.00041,381.258,9.594,-3.25,198.75488174999998,1153.205,3.412,0.383,0.14,0.477,2.359,0.987,-0.008,0.021,60.58,0.33,0.156,"07/01/2026 12:23 PM","Upper",01,"P03","Noon",12.398055555555555,"suraj karkee","41:00:13:15",39.208445,-96.59382833333332,""
6468360,"Whole Data Set",1,40.729,35.56,0.00038,237.091,34.135,-2.15,73.4486256,280.928,1.271,0.581,0.184,0.234,0.733,3.547,-2.816,0.268,64.24,1.2,0.09,"07/01/2026 12:27 PM","Middle",01,"P03","Noon",12.452499999999999,"suraj karkee","41:00:13:15",39.20846166666667,-96.59379333333332,""
6468359,"Whole Data Set",1,40.811,35.68,0.00047,207.262,22.272,-4.09,97.26279255,401.001,1.565,0.539,0.18,0.281,3.264,0.582,0.346,0.072,60.99,0.31,0.097,"07/01/2026 12:28 PM","Lower",01,"P03","Noon",12.471666666666668,"suraj karkee","41:00:13:15",39.208435,-96.593835,""
6468358,"Whole Data Set",1,40.453,35.83,0.00074,301.482,20.513,-4.64,248.12605799999997,1371.62,2.628,0.402,0.165,0.433,2.51,0.457,0.303,0.24,61.85,0.28,0.223,"07/01/2026 12:29 PM","Upper",02,"P03","Noon",12.491944444444444,"suraj karkee","41:00:13:15",39.20841666666667,-96.59385499999999,""
6468357,"Whole Data Set",1,39.945,35.9,0.00055,331.151,25.181,-4.51,221.1324759,1376.486,3.363,0.357,0.147,0.495,3.232,0.653,0.137,0.21,57.98,0.24,0.182,"07/01/2026 12:30 PM","Middle",02,"P03","Noon",12.502222222222223,"suraj karkee","41:00:13:15",39.208511666666666,-96.59382833333332,""
6468356,"Whole Data Set",1,40.696,36.01,0.00042,250.786,30.758,-3.38,88.89863400000002,365.838,1.534,0.54,0.181,0.278,0.877,2.188,-1.685,0.497,61.99,0.24,0.105,"07/01/2026 12:30 PM","Lower",02,"P03","Noon",12.513055555555555,"suraj karkee","41:00:13:15",39.20847666666667,-96.59377500000001,""
6468355,"Whole Data Set",1,40.127,36.2,0.00063,248.358,26.774,-4.95,243.59554665000005,1233.083,2.476,0.439,0.161,0.4,1.117,0.437,-0.75,1.313,63.89,0.48,0.156,"07/01/2026 12:32 PM","Upper",05,"P03","Noon",12.53361111111111,"suraj karkee","41:00:13:15",39.208441666666666,-96.59385499999999,""
6468354,"Whole Data Set",1,39.413,36.27,0.00108,166.172,40.706,-4.98,172.51995599999998,1114.47,2.349,0.344,0.196,0.46,5.12,0.304,0.229,0.467,64.32,0.31,0.179,"07/01/2026 12:32 PM","Middle",05,"P03","Noon",12.545555555555556,"suraj karkee","41:00:13:15",39.208441666666666,-96.59382333333333,""
6468353,"Whole Data Set",1,39.21,36.42,0.0004,288.844,40.201,-3.87,122.64210000000001,504.7,1.353,0.54,0.196,0.265,4.215,0.697,0.469,-0.166,60.55,0.2,0.116,"07/01/2026 12:34 PM","Lower",05,"P03","Noon",12.572222222222223,"suraj karkee","41:00:13:15",39.20849,-96.59384833333334,""
6468352,"Whole Data Set",1,39.492,36.49,0.00058,279.552,25.379,-4.82,190.64871045,907.203,2.185,0.467,0.167,0.366,2.836,0.651,0.209,0.14,61.95,0.34,0.162,"07/01/2026 12:35 PM","Upper",10,"P03","Noon",12.593055555555557,"suraj karkee","41:00:13:15",39.208470000000005,-96.59385166666668,""
6468351,"Whole Data Set",1,39.509,36.55,0.00055,192.711,47.919,-5.86,123.3643716,545.016,1.817,0.503,0.176,0.32,3.15,0.697,0.241,0.062,66.87,0.33,0.106,"07/01/2026 12:36 PM","Middle",10,"P03","Noon",12.60611111111111,"suraj karkee","41:00:13:15",39.20850666666667,-96.59382499999998,""
6468350,"Whole Data Set",1,39.703,36.58,0.00057,192.287,14.074,-5.39,109.436661,501.428,2.04,0.485,0.17,0.346,2.746,1.161,-0.209,0.048,66.56,0.57,0.11,"07/01/2026 12:37 PM","Lower",10,"P03","Noon",12.6175,"suraj karkee","41:00:13:15",39.208466666666666,-96.59382499999998,""
6468349,"Whole Data Set",1,37.665,36.61,0.00067,182.381,32.55,-7.14,111.80941875,523.085,1.646,0.475,0.198,0.327,6.132,0.432,0.646,-0.078,66.1,0.37,0.122,"07/01/2026 12:40 PM","Upper",05,"P02","Noon",12.681666666666667,"suraj karkee","41:00:13:15",39.20846166666667,-96.59391333333333,""
6468348,"Whole Data Set",1,37.604,36.59,0.00045,245.923,12.979,-6.4,155.67625260000003,714.767,1.949,0.484,0.175,0.341,3.63,0.475,0.217,0.308,67.86,0.3,0.111,"07/01/2026 12:41 PM","Middle",05,"P02","Noon",12.69138888888889,"suraj karkee","41:00:13:15",39.208425000000005,-96.59393333333334,""
6468347,"Whole Data Set",1,38.154,36.57,0.00045,259.392,35.606,-6.78,124.75340955000001,514.341,1.667,0.539,0.173,0.288,3.753,0.59,0.098,0.311,66.99,0.33,0.117,"07/01/2026 12:42 PM","Lower",05,"P02","Noon",12.700833333333332,"suraj karkee","41:00:13:15",39.20842666666667,-96.59390833333333,""
6468346,"Whole Data Set",1,38.235,36.1,0.00027,325.364,18.539,-5.95,89.98115445,368.247,1.513,0.543,0.182,0.275,4.524,0.667,0.372,-0.038,69.2,0.36,0.088,"07/01/2026 12:53 PM","Upper",07,"P02","Noon",12.889166666666666,"suraj karkee","41:00:13:15",39.208468333333336,-96.59382,""
6468345,"Whole Data Set",1,38.861,35.99,0.00046,266.633,23.224,-4.6,106.15113360000001,435.224,1.645,0.542,0.173,0.285,4.785,0.908,0.191,-0.099,66.38,0.41,0.123,"07/01/2026 12:55 PM","Middle",07,"P02","Noon",12.919722222222221,"suraj karkee","41:00:13:15",39.208468333333336,-96.59393666666668,""
6468344,"Whole Data Set",1,38.969,35.98,0.00023,332.507,50.239,-5.41,60.387698699999994,233.789,1.452,0.574,0.174,0.252,3.704,0.954,0.242,-0.195,65.89,0.26,0.076,"07/01/2026 12:55 PM","Lower",07,"P02","Noon",12.931944444444444,"suraj karkee","41:00:13:15",39.20844666666667,-96.59387,""
6468343,"Whole Data Set",1,39.28,35.97,0.00015,362.849,35.833,-6.04,58.3793244,215.144,1.234,0.603,0.177,0.219,5.79,0.582,0.399,0.019,68.73,0.48,0.054,"07/01/2026 12:56 PM","Upper",09,"P02","Noon",12.948333333333334,"suraj karkee","41:00:13:15",39.208414999999995,-96.59390666666668,""
6468342,"Whole Data Set",1,38.859,35.97,0.00046,178.971,42.407,-6.42,119.6972496,449.314,1.271,0.592,0.18,0.228,3.401,0.423,0.224,0.353,69.27,0.41,0.082,"07/01/2026 12:57 PM","Middle",09,"P02","Noon",12.95861111111111,"suraj karkee","41:00:13:15",39.208414999999995,-96.59389166666666,""
6468341,"Whole Data Set",1,38.858,35.95,0.0004,260.925,17.962,-5.94,104.1294546,388.253,1.255,0.596,0.179,0.225,4.442,-0.097,-0.319,1.415,66.39,0.35,0.104,"07/01/2026 12:58 PM","Lower",09,"P02","Noon",12.969166666666666,"suraj karkee","41:00:13:15",39.20838333333334,-96.59389666666667,""
6468340,"Whole Data Set",1,39.155,35.92,0.00024,277.224,32.007,-5.59,68.50613249999999,264.758,1.312,0.575,0.184,0.241,5.069,-0.002,0.578,0.424,67.86,0.37,0.067,"07/01/2026 12:58 PM","Upper",11,"P02","Noon",12.982777777777779,"suraj karkee","41:00:13:15",39.20841666666667,-96.59392333333332,""
6468339,"Whole Data Set",1,39.346,35.91,0.00053,193.698,40.942,-5.58,119.46224430000001,519.514,1.79,0.511,0.175,0.314,3.597,0.748,0.343,-0.09,61.49,0.3,0.103,"07/01/2026 12:59 PM","Middle",11,"P02","Noon",12.997499999999999,"suraj karkee","41:00:13:15",39.20845666666666,-96.59390166666665,""
6468338,"Whole Data Set",1,39.609,35.9,0.00019,318.516,34.364,-2.97,68.0165856,244.576,1.148,0.618,0.178,0.204,4.02,0.492,0.373,0.136,66.29,0.24,0.061,"07/01/2026 1:01 PM","Lower",11,"P02","Noon",13.019166666666667,"suraj karkee","41:00:13:15",39.208418333333334,-96.59390499999999,""
6468337,"Whole Data Set",1,40.204,35.86,0.00036,342.487,65.675,-4.31,93.6433845,363.17,1.228,0.573,0.192,0.235,3.172,0.695,0.303,0.002,62.11,0.29,0.123,"07/01/2026 1:03 PM","Upper",04,"P01","Noon",13.053333333333335,"suraj karkee","41:00:13:15",39.208369999999995,-96.59383166666666,""
6468336,"Whole Data Set",1,40.132,35.85,0.00067,258.382,5.189,-5.07,183.28980330000002,1055.209,2.538,0.386,0.173,0.44,3.101,0.814,0.334,-0.149,66.67,0.61,0.173,"07/01/2026 1:03 PM","Middle",04,"P01","Noon",13.062777777777779,"suraj karkee","41:00:13:15",39.20836833333333,-96.59382833333332,""
6468335,"Whole Data Set",1,40.699,35.9,0.00036,330.003,35.184,-4.79,92.31153705,372.299,1.393,0.551,0.188,0.262,2.707,0.893,0.061,0.046,66.83,0.29,0.119,"07/01/2026 1:04 PM","Lower",04,"P01","Noon",13.0725,"suraj karkee","41:00:13:15",39.20840166666667,-96.59386,""
6468334,"Whole Data Set",1,40.334,36.12,0.00042,216.898,49.198,-5.65,73.35999405,280.589,1.162,0.581,0.194,0.225,2.658,0.742,-0.5,0.758,62.02,0.4,0.091,"07/01/2026 1:08 PM","Upper",05,"P01","Noon",13.14111111111111,"suraj karkee","41:00:13:15",39.20838166666667,-96.59387666666667,""
6468333,"Whole Data Set",1,40.224,36.22,0.00091,189.748,31.53,-3.67,144.0682803,717.829,2.638,0.446,0.152,0.402,4.566,0.972,-0.135,0.163,62.29,0.63,0.173,"07/01/2026 1:09 PM","Middle",05,"P01","Noon",13.165000000000001,"suraj karkee","41:00:13:15",39.208376666666666,-96.59384666666668,""
6468332,"Whole Data Set",1,40.698,36.29,0.00026,206.731,56.606,-5.14,88.219611,347.595,1.303,0.564,0.189,0.247,3.041,0.423,0.113,0.464,70.49,0.4,0.054,"07/01/2026 1:10 PM","Lower",05,"P01","Noon",13.176944444444445,"suraj karkee","41:00:13:15",39.20842666666667,-96.59381333333334,""
6468331,"Whole Data Set",1,40.234,36.35,0.0008,240.761,57.406,-4.58,197.96585760000002,1309.298,3.062,0.336,0.163,0.501,4.452,0.322,0.474,0.203,59.37,0.25,0.193,"07/01/2026 1:11 PM","Upper",06,"P01","Noon",13.189722222222223,"suraj karkee","41:00:13:15",39.20839,-96.59378166666666,""
6468330,"Whole Data Set",1,40.252,36.4,0.00103,232.54,28.198,-4.07,247.54612499999996,1594.5,3.959,0.345,0.132,0.523,4.462,0.424,0.229,0.347,62.49,0.31,0.24,"07/01/2026 1:11 PM","Middle",06,"P01","Noon",13.199722222222222,"suraj karkee","41:00:13:15",39.20840833333333,-96.59384333333334,""
6468329,"Whole Data Set",1,40.125,36.46,0.0003,282.958,28.379,-4.73,81.6765768,320.112,1.333,0.567,0.186,0.247,3.881,0.689,0.338,-0.027,64.56,0.24,0.085,"07/01/2026 1:12 PM","Lower",06,"P01","Noon",13.212499999999999,"suraj karkee","41:00:13:15",39.208351666666665,-96.59375999999999,""
6468328,"Whole Data Set",1,40.182,36.56,0.00081,303.66,47.866,-4.49,264.182958,1387.88,2.878,0.423,0.149,0.428,3.239,1.057,0.083,-0.14,60.95,0.24,0.246,"07/01/2026 1:14 PM","Upper",07,"P01","Noon",13.23472222222222,"suraj karkee","41:00:13:15",39.2085891,-96.598745,""
6468327,"Whole Data Set",1,39.366,36.71,0.00062,270.28,63.935,-4.08,123.11098335000001,699.693,2.365,0.391,0.181,0.428,1.886,1.509,-0.529,0.02,63.62,0.3,0.168,"07/01/2026 1:16 PM","Lower",07,"P01","Noon",13.275,"suraj karkee","41:00:13:15",39.208378333333336,-96.59384,""
6468326,"Whole Data Set",1,39.984,36.77,0.00094,288.723,38.778,-3.1,210.96016200000003,1674.287,4.853,0.28,0.123,0.597,2.524,0.76,-0.312,0.552,64.18,0.29,0.271,"07/01/2026 1:17 PM","Middle",07,"P01","Noon",13.295,"suraj karkee","41:00:13:15",39.208353333333335,-96.59386666666666,""
6465038,"Whole Data Set",1,56.038,29.19,0.00036,199.325,44.613,-1.26,73.65063149999999,289.678,1.244,0.565,0.194,0.241,3.425,0.507,0.477,0.016,64.72,0.25,0.072,"06/30/2026 9:17 AM","Upper",4,"P01","Morning",9.298055555555555,"suraj karkee","41:00:13:15",39.208369999999995,-96.59379833333332,""
6465037,"Whole Data Set",1,55.349,29.41,0.0002,224.061,48.196,-1.42,41.533058700000005,146.734,0.983,0.629,0.187,0.184,4.511,0.202,0.639,0.159,61.18,0.29,0.045,"06/30/2026 9:18 AM","Middle",04,"P01","Morning",9.312222222222223,"suraj karkee","41:00:13:15",39.2076822,-96.5983447,""
6465036,"Whole Data Set",1,54.463,29.66,0.00015,330.434,41.315,-1.73,40.720149,146.66,1.091,0.617,0.183,0.2,3.198,0.67,0.456,-0.126,67.92,0.29,0.05,"06/30/2026 9:19 AM","Lower",04,"P01","Morning",9.327777777777778,"suraj karkee","41:00:13:15",39.20838166666667,-96.59374666666666,""
6465035,"Whole Data Set",1,54.253,29.88,0.00017,330.155,36.372,-1.89,31.938202800000003,111.594,0.934,0.636,0.188,0.176,2.846,0.373,0.564,0.064,56.4,0.24,0.056,"06/30/2026 9:20 AM","Upper",5,"P01","Morning",9.34388888888889,"suraj karkee","41:00:13:15",39.20838166666667,-96.59375,""
6465034,"Whole Data Set",1,53.625,30.04,0.00037,141.959,58.212,-2.19,38.85187545,139.479,0.924,0.619,0.198,0.183,3.446,0.266,0.66,0.074,60.95,0.23,0.053,"06/30/2026 9:21 AM","Middle",05,"P01","Morning",9.354444444444445,"suraj karkee","41:00:13:15",39.20839,-96.59376333333333,""
6465033,"Whole Data Set",1,53.28,30.22,0.00038,161.814,26.595,-2.15,36.156240000000004,133.912,1.079,0.6,0.192,0.207,4.24,0.266,0.68,0.054,61.75,0.21,0.061,"06/30/2026 9:22 AM","Lower",05,"P01","Morning",9.369444444444445,"suraj karkee","41:00:13:15",39.208380000000005,-96.59378166666666,""
6465032,"Whole Data Set",1,52.501,30.42,0.00047,165.246,35.392,-2.21,72.5527908,285.866,1.309,0.564,0.189,0.247,3.259,0.419,0.461,0.12,59.83,0.31,0.078,"06/30/2026 9:23 AM","Upper",06,"P01","Morning",9.386388888888888,"suraj karkee","41:00:13:15",39.20836833333333,-96.59378166666666,""
6465031,"Whole Data Set",1,52.964,30.54,0.0006,182.325,20.702,-2.19,106.02619740000002,484.802,1.419,0.486,0.213,0.302,3.183,0.327,0.37,0.304,60.49,0.26,0.109,"06/30/2026 9:23 AM","Middle",06,"P01","Morning",9.396666666666667,"suraj karkee","41:00:13:15",39.20835666666667,-96.59376333333333,""
6465030,"Whole Data Set",1,52.709,30.68,0.00159,137.997,40.336,-0.99,182.52129330000002,1321.182,2.767,0.307,0.184,0.509,6.078,0.22,0.429,0.352,63.2,0.24,0.219,"06/30/2026 9:24 AM","Lower",06,"P01","Morning",9.407222222222222,"suraj karkee","41:00:13:15",39.208369999999995,-96.59376166666668,""
6465029,"Whole Data Set",1,52.148,31.04,0.00039,245.999,35.509,-2.03,95.19134580000001,405.242,1.391,0.522,0.2,0.278,3.099,0.472,0.472,0.055,61.75,0.29,0.096,"06/30/2026 9:26 AM","Upper",07,"P01","Morning",9.435,"suraj karkee","41:00:13:15",39.2084,-96.59383166666666,""
6465028,"Whole Data Set",1,53.077,31.31,0.00032,234.282,48.316,-2.88,47.4127245,178.579,1.122,0.59,0.193,0.217,1.849,0.621,0.218,0.161,57.89,0.26,0.075,"06/30/2026 9:27 AM","Upper",08,"P01","Morning",9.452777777777778,"suraj karkee","41:00:13:15",39.20842666666667,-96.593785,""
6465027,"Whole Data Set",1,51.747,31.47,0.00033,232.208,43.466,-2.9,88.2143019,348.811,1.06,0.562,0.213,0.225,2.856,0.48,0.499,0.021,58.81,0.21,0.077,"06/30/2026 9:27 AM","Middle",08,"P01","Morning",9.465,"suraj karkee","41:00:13:15",39.208420000000004,-96.593835,""
6465026,"Whole Data Set",1,51.008,31.62,0.00019,232.989,42.719,-3.19,34.3739592,126.888,1.186,0.602,0.182,0.216,3.769,0.383,0.555,0.062,63.33,0.22,0.044,"06/30/2026 9:28 AM","Lower",08,"P01","Morning",9.47861111111111,"suraj karkee","41:00:13:15",39.208385,-96.593835,""
6465025,"Whole Data Set",1,49.371,31.8,0.0002,407.887,64.528,-3.99,82.0095705,304.755,1.178,0.598,0.185,0.217,4.262,0.527,0.345,0.127,67.67,0.43,0.082,"06/30/2026 9:30 AM","Upper",05,"P02","Morning",9.507777777777777,"suraj karkee","41:00:13:15",39.2085388,-96.5983993,""
6465024,"Whole Data Set",1,49.325,31.82,0.00017,258.904,33.468,-3.83,51.150136499999995,183.63,1.052,0.619,0.186,0.195,1.94,0.732,0.1,0.168,66.09,0.28,0.044,"06/30/2026 9:31 AM","Middle",05,"P02","Morning",9.519722222222223,"suraj karkee","41:00:13:15",39.20841,-96.59388499999999,""
6465023,"Whole Data Set",1,49.389,31.86,0.00018,209.961,44.257,-4.05,48.54200399999999,176.26,1.156,0.612,0.18,0.208,4.073,0.655,0.339,0.006,67.5,0.38,0.038,"06/30/2026 9:31 AM","Lower",05,"P02","Morning",9.529444444444445,"suraj karkee","41:00:13:15",39.20840833333333,-96.59389000000002,""
6465022,"Whole Data Set",1,49.905,31.92,0.00021,281.799,30.588,-4.07,67.863213,249.268,1.119,0.605,0.186,0.209,1.9,-0.159,-0.362,1.522,64.15,0.31,0.059,"06/30/2026 9:32 AM","Upper",07,"P02","Morning",9.5425,"suraj karkee","41:00:13:15",39.208435,-96.59388666666668,""
6465021,"Whole Data Set",1,48.381,31.96,0.00015,693.314,12.884,-4.25,40.952421,147.02,1.062,0.619,0.185,0.196,3.486,0.629,0.38,-0.009,67.31,0.27,0.104,"06/30/2026 9:33 AM","Middle",07,"P02","Morning",9.55638888888889,"suraj karkee","41:00:13:15",39.208436666666664,-96.59387333333333,""
6465020,"Whole Data Set",1,48.288,31.98,0.00027,246.362,20.644,-4.95,58.1108535,217.034,1.159,0.595,0.188,0.217,3.567,0.701,0.35,-0.051,62.92,0.25,0.067,"06/30/2026 9:33 AM","Lower",07,"P02","Morning",9.566111111111113,"suraj karkee","41:00:13:15",39.208443333333335,-96.59387,""
6465019,"Whole Data Set",1,49.694,31.3,0.00074,139.232,52.048,-2.63,122.56362585,516.819,1.647,0.527,0.179,0.294,2.816,0.242,0.383,0.375,65.99,0.28,0.103,"06/30/2026 9:42 AM","Upper",09,"P02","Morning",9.705555555555556,"suraj karkee","41:00:13:15",39.208414999999995,-96.59388333333332,""
6465018,"Whole Data Set",1,51.19,31.35,0.00026,297.218,49.923,-3.74,65.2089375,231.854,0.895,0.625,0.198,0.177,3.931,0.629,0.39,-0.018,63.84,0.25,0.077,"06/30/2026 9:42 AM","Middle",09,"P02","Morning",9.716388888888888,"suraj karkee","41:00:13:15",39.208378333333336,-96.59389333333333,""
6465017,"Whole Data Set",1,50.142,31.49,0.00063,187.821,45.89,-2.26,148.0419504,696.996,2.21,0.472,0.164,0.364,2.686,0.503,-0.253,0.75,68.67,0.3,0.118,"06/30/2026 9:43 AM","Lower",09,"P02","Morning",9.731111111111112,"suraj karkee","41:00:13:15",39.208455,-96.59392833333335,""
6465016,"Whole Data Set",1,50.357,31.63,0.00074,186.778,43.052,-2.58,139.22485154999998,627.563,1.939,0.493,0.172,0.334,8.736,0.246,0.682,0.072,61.15,0.32,0.138,"06/30/2026 9:44 AM","Upper",11,"P02","Morning",9.745833333333332,"suraj karkee","41:00:13:15",39.20843833333333,-96.59390833333333,""
6465015,"Whole Data Set",1,50.195,31.77,0.00025,194.26,36.809,-4.24,47.196981,171.938,0.972,0.61,0.198,0.192,3.121,0.907,0.294,-0.201,65.36,0.31,0.049,"06/30/2026 9:45 AM","Middle",11,"P02","Morning",9.757777777777777,"suraj karkee","41:00:13:15",39.20841666666667,-96.59387333333333,""
6465014,"Whole Data Set",1,49.093,31.86,0.00032,166.875,30.066,-3.75,44.141760000000005,163.488,1.174,0.6,0.184,0.216,2.699,0.946,0.09,-0.036,65.81,0.37,0.053,"06/30/2026 9:46 AM","Lower",11,"P02","Morning",9.769166666666667,"suraj karkee","41:00:13:15",39.208395,-96.59388833333333,""
6465013,"Whole Data Set",1,49.1,32.37,0.00035,249.489,21.263,-3.48,64.1849049,241.342,1.038,0.591,0.201,0.208,2.452,0.804,0.149,0.047,56.13,0.39,0.087,"06/30/2026 9:49 AM","Middle",01,"P03","Morning",9.824722222222222,"suraj karkee","41:00:13:15",39.20841166666666,-96.59373,""
6465012,"Whole Data Set",1,49.763,32.57,0.0003,250.426,41.081,-4.18,64.98764999999999,240.695,1.152,0.6,0.186,0.214,2.831,0.901,0.193,-0.094,62.84,0.26,0.075,"06/30/2026 9:50 AM","Upper",01,"P03","Morning",9.841111111111111,"suraj karkee","41:00:13:15",39.20840333333333,-96.59379333333332,""
6465011,"Whole Data Set",1,48.956,32.69,0.00014,324.049,42.604,-3.46,37.72449360000001,127.793,0.849,0.656,0.186,0.158,3.568,0.715,0.471,-0.187,56.33,0.24,0.045,"06/30/2026 9:51 AM","Lower",01,"P03","Morning",9.85388888888889,"suraj karkee","41:00:13:15",39.20841666666667,-96.59376166666668,""
6465010,"Whole Data Set",1,47.184,32.76,0.00066,147.128,44.017,-4.45,99.45932895,355.911,0.986,0.621,0.191,0.188,2.542,0.279,0.64,0.08,56.68,0.28,0.097,"06/30/2026 9:52 AM","Upper",02,"P03","Morning",9.866944444444444,"suraj karkee","41:00:13:15",39.20843333333333,-96.59377833333335,""
6465009,"Whole Data Set",1,47.709,32.79,0.00023,319.089,25.639,-4.72,61.18744905,213.457,0.908,0.637,0.19,0.173,0.727,3.911,-0.002,-2.909,54.36,0.33,0.073,"06/30/2026 9:52 AM","Lower",02,"P03","Morning",9.879166666666666,"suraj karkee","41:00:13:15",39.20841333333333,-96.59373333333333,""
6465008,"Whole Data Set",1,47.696,32.89,0.0002,209.489,39.927,-4.78,35.4066075,123.325,1.035,0.638,0.178,0.184,5.283,0.676,0.146,0.177,62.27,0.31,0.042,"06/30/2026 9:53 AM","Upper",05,"P03","Morning",9.896666666666667,"suraj karkee","41:00:13:15",39.20843333333333,-96.59382,""
6465007,"Whole Data Set",1,46.188,32.9,0.0003,112.486,78.616,-3.43,19.364877,70.546,0.944,0.61,0.201,0.19,3.162,0.175,0.742,0.083,59.87,0.18,0.034,"06/30/2026 9:54 AM","Lower",05,"P03","Morning",9.916111111111112,"suraj karkee","41:00:13:15",39.20842666666667,-96.59381499999999,""
6465005,"Whole Data Set",1,46.633,32.83,0.00034,170.803,37.859,-4.02,60.786167400000004,223.643,1.251,0.604,0.176,0.22,4.255,0.369,0.691,-0.06,59.14,0.31,0.058,"06/30/2026 9:56 AM","Lower",05,"P03","Morning",9.940277777777778,"suraj karkee","41:00:13:15",39.20840666666666,-96.593835,""
6465004,"Whole Data Set",1,48.221,32.24,0.00063,76.446,32.916,-3.53,39.82998824999999,151.301,1.373,0.585,0.175,0.24,2.624,0.249,0.682,0.069,61.37,0.25,0.048,"06/30/2026 10:09 AM","Upper",10,"P03","Morning",10.164166666666667,"suraj karkee","41:00:13:15",39.2074211,-96.5984929,""
6465003,"Whole Data Set",1,47.77,32.23,0.00043,139.842,53.739,-3.98,51.6226554,189.302,1.14,0.606,0.184,0.21,4.939,0.433,0.599,-0.032,65.5,0.37,0.06,"06/30/2026 10:10 AM","Middle",10,"P03","Morning",10.174999999999999,"suraj karkee","41:00:13:15",39.20840166666667,-96.59384,""
6465002,"Whole Data Set",1,47.865,32.24,0.00054,87.845,24.288,-4.17,43.868169,171.026,1.503,0.57,0.172,0.258,3.364,0.792,0.377,-0.169,68.25,0.25,0.047,"06/30/2026 10:11 AM","Lower",10,"P03","Morning",10.185555555555556,"suraj karkee","41:00:13:15",39.208435,-96.59384166666665,""
6465001,"Whole Data Set",1,47.979,32.3,0.00068,105.683,14.042,-4.05,61.034204700000004,261.837,2.12,0.518,0.155,0.328,5.293,-0.077,-0.564,1.641,55.46,1.12,0.072,"06/30/2026 10:12 AM","Middle",02,"P03","Morning",10.209999999999999,"suraj karkee","41:00:13:15",39.208436666666664,-96.59381,""
6464976,"Whole Data Set",1,36.44,38.59,0.00094,271.501,17.211,-3.78,322.8405507,999.197,2.059,0.718,0.092,0.19,-7.409,23.869,1.556,-24.425,65.75,0.28,0.255,"06/30/2026 12:03 PM","Upper",04,"P01","Noon",12.051388888888889,"suraj karkee","41:00:13:15",39.208380000000005,-96.59381166666665,""
6464975,"Whole Data Set",1,36.405,38.6,0.00067,231.83,27.101,-4.89,117.4990428,553.197,2.008,0.472,0.175,0.352,1.402,1.614,-1.646,1.031,61.68,0.28,0.155,"06/30/2026 12:03 PM","Middle",04,"P01","Noon",12.063611111111111,"suraj karkee","41:00:13:15",39.20839,-96.59382166666667,""
6464974,"Whole Data Set",1,36.73,38.6,0.00101,209.131,30.883,-4.71,171.31657589999998,902.141,2.412,0.422,0.169,0.408,3.788,0.898,0.153,-0.051,60.6,0.56,0.211,"06/30/2026 12:04 PM","Lower",04,"P01","Noon",12.074166666666667,"suraj karkee","41:00:13:15",39.20838833333333,-96.59382499999998,""
6464972,"Whole Data Set",1,36.889,38.62,0.00138,189.119,55.998,-4.15,177.9206607,1304.882,1.949,0.303,0.237,0.461,3.141,0.565,0.102,0.333,59.27,0.23,0.261,"06/30/2026 12:05 PM","Upper",05,"P01","Noon",12.088055555555556,"suraj karkee","41:00:13:15",39.208369999999995,-96.59382666666667,""
6464971,"Whole Data Set",1,36.981,38.58,0.00128,226.268,11.65,-5.69,221.10475095,1621.597,4.411,0.303,0.129,0.568,2.745,0.694,0.644,-0.338,61.09,0.71,0.29,"06/30/2026 12:05 PM","Middle",05,"P01","Noon",12.099722222222223,"suraj karkee","41:00:13:15",39.20838833333333,-96.59381333333334,""
6464970,"Whole Data Set",1,37.501,38.58,0.00104,249.35,42.486,-5.21,220.8227616,1543.136,4.598,0.318,0.122,0.56,3.172,0.424,0.335,0.241,60.65,0.28,0.259,"06/30/2026 12:06 PM","Lower",05,"P01","Noon",12.109166666666667,"suraj karkee","41:00:13:15",39.208441666666666,-96.59381166666665,""
6464969,"Whole Data Set",1,37.948,38.6,0.00105,268.719,60.593,-3.73,231.8570793,1615.166,4.295,0.319,0.129,0.552,2.801,0.278,0.026,0.696,61.78,0.27,0.282,"06/30/2026 12:08 PM","Upper",06,"P01","Noon",12.139722222222222,"suraj karkee","41:00:13:15",39.208375000000004,-96.59381499999999,""
6464968,"Whole Data Set",1,37.733,38.63,0.00111,240.781,33.306,-5.04,188.91566279999998,1206.358,3.281,0.348,0.152,0.5,2.973,0.523,0.058,0.419,57.53,0.22,0.267,"06/30/2026 12:09 PM","Middle",06,"P01","Noon",12.150833333333333,"suraj karkee","41:00:13:15",39.20840666666666,-96.59383666666666,""
6464967,"Whole Data Set",1,36.94,38.67,0.00034,252.688,46.614,-5.52,70.9062975,274.034,1.345,0.575,0.181,0.244,5.143,0.541,0.201,0.258,57.27,0.32,0.086,"06/30/2026 12:09 PM","Lower",06,"P01","Noon",12.160833333333334,"suraj karkee","41:00:13:15",39.208376666666666,-96.59386333333332,""
6464966,"Whole Data Set",1,37.258,38.71,0.00066,302.334,66.529,-5.78,189.94854375,1182.375,3.51,0.357,0.143,0.501,2.472,0.553,0.119,0.328,59.82,0.28,0.2,"06/30/2026 12:10 PM","Upper",08,"P01","Noon",12.173333333333332,"suraj karkee","41:00:13:15",39.20838166666667,-96.59384833333334,""
6464965,"Whole Data Set",1,38.19,38.75,0.00097,258.6,28.894,-4.78,180.24023160000004,1255.592,4.32,0.319,0.128,0.553,3.73,0.477,0.216,0.307,63.81,0.47,0.251,"06/30/2026 12:11 PM","Middle",08,"P01","Noon",12.184166666666666,"suraj karkee","41:00:13:15",39.208375000000004,-96.59385166666668,""
6464964,"Whole Data Set",1,37.652,38.82,0.00082,302.863,65.204,-4.53,169.2966096,1306.301,4.959,0.288,0.119,0.592,3.158,0.725,0.193,0.082,61.18,0.21,0.248,"06/30/2026 12:11 PM","Lower",08,"P01","Noon",12.196666666666667,"suraj karkee","41:00:13:15",39.20840333333333,-96.59385666666667,""
6464963,"Whole Data Set",1,33.92,39.93,0.00117,217.217,45.553,-4.98,250.04614860000004,1673.669,1.91,0.332,0.23,0.438,-3.868,-0.353,1.807,-0.454,58.65,0.31,0.254,"06/30/2026 12:50 PM","Upper",05,"P02","Noon",12.84,"suraj karkee","41:00:13:15",39.20843166666667,-96.59390666666668,""
6464962,"Whole Data Set",1,33.987,39.86,0.00126,197.966,31.265,-6.41,255.8289564,1743.892,2.639,0.326,0.185,0.489,3.066,0.648,0.053,0.299,66.35,0.31,0.249,"06/30/2026 12:51 PM","Middle",05,"P02","Noon",12.850555555555555,"suraj karkee","41:00:13:15",39.208420000000004,-96.59391499999998,""
6464961,"Whole Data Set",1,34.15,39.77,0.00044,412.205,37.015,-6.1,210.52710944999998,1274.763,3.452,0.367,0.142,0.49,4.004,0.339,0.459,0.203,65.21,0.26,0.181,"06/30/2026 12:51 PM","Lower",05,"P02","Noon",12.861944444444443,"suraj karkee","41:00:13:15",39.208425000000005,-96.59393,""
6464960,"Whole Data Set",1,34.869,39.68,0.00021,578.098,26.075,-6.05,70.64751960000001,283.896,1.543,0.553,0.176,0.271,5.049,0.747,0.381,-0.128,70.32,0.29,0.121,"06/30/2026 12:52 PM","Upper",07,"P02","Noon",12.875833333333334,"suraj karkee","41:00:13:15",39.20843833333333,-96.59389333333333,""
6464959,"Whole Data Set",1,35.024,39.65,0.0009,257.167,34.929,-6.02,225.1682793,1573.503,3.911,0.318,0.139,0.543,2.327,1.017,-0.509,0.492,61.94,0.25,0.231,"06/30/2026 12:53 PM","Middle",07,"P02","Noon",12.886388888888888,"suraj karkee","41:00:13:15",39.20843833333333,-96.59388166666668,""
6464958,"Whole Data Set",1,35.702,39.65,0.0009,237.198,26.779,-5.18,206.91565289999997,1630.541,5.203,0.282,0.116,0.602,2.865,0.702,-0.137,0.435,64.77,0.26,0.213,"06/30/2026 12:53 PM","Lower",07,"P02","Noon",12.896944444444443,"suraj karkee","41:00:13:15",39.208405,-96.59384,""
6464957,"Whole Data Set",1,34.976,39.66,0.00074,289.395,48.891,-5.95,198.40808790000003,1292.982,3.801,0.341,0.137,0.522,4.277,0.279,0.346,0.376,67.63,0.26,0.214,"06/30/2026 12:54 PM","Upper",09,"P02","Noon",12.910277777777779,"suraj karkee","41:00:13:15",39.208395,-96.59396166666666,""
6464956,"Whole Data Set",1,35.774,39.65,0.00059,282.62,35.564,-6.42,223.2877185,1288.818,3.581,0.385,0.134,0.481,5.072,0.381,0.571,0.048,67.11,0.3,0.167,"06/30/2026 12:55 PM","Middle",09,"P02","Noon",12.932777777777778,"suraj karkee","41:00:13:15",39.208391666666664,-96.59393166666665,""
6464955,"Whole Data Set",1,35.615,39.62,0.00061,279.628,57.895,-9.38,186.78488130000002,868.363,2.015,0.478,0.173,0.349,2.25,1.278,-0.173,-0.104,65.41,0.27,0.171,"06/30/2026 12:56 PM","Lower",09,"P02","Noon",12.944444444444445,"suraj karkee","41:00:13:15",39.208418333333334,-96.59391833333332,""
6464953,"Whole Data Set",1,35.231,39.51,0.00081,217.056,53.644,-6.92,149.34493665,654.591,1.781,0.507,0.177,0.315,1.506,0.969,-0.455,0.486,52.38,0.27,0.176,"06/30/2026 12:58 PM","Upper",11,"P02","Noon",12.96888888888889,"suraj karkee","41:00:13:15",39.20840833333333,-96.59392333333332,""
6464952,"Whole Data Set",1,35.253,39.48,0.00059,297.551,37.845,-5.89,172.72527435,874.337,2.71,0.439,0.151,0.41,2.957,0.44,0.083,0.477,63.72,0.29,0.176,"06/30/2026 12:58 PM","Middle",11,"P02","Noon",12.98,"suraj karkee","41:00:13:15",39.20841333333333,-96.59391,""
6464951,"Whole Data Set",1,36.255,39.47,0.00014,594.562,46.12,-5.58,46.5658137,178.106,1.418,0.581,0.173,0.246,4.191,0.78,0.291,-0.071,66.43,0.25,0.083,"06/30/2026 12:59 PM","Lower",11,"P02","Noon",12.990555555555554,"suraj karkee","41:00:13:15",39.208414999999995,-96.59391666666667,""
6464950,"Whole Data Set",1,34.411,39.21,0.0003,314.301,25.71,-5.8,103.89357000000001,419.772,1.56,0.55,0.176,0.274,2.596,0.918,0.062,0.02,56.85,0.27,0.094,"06/30/2026 1:03 PM","Upper",01,"P03","Noon",13.054166666666667,"suraj karkee","41:00:13:15",39.208445,-96.593835,""
6464948,"Whole Data Set",1,35.024,39.17,0.00086,221.322,17.674,-6.4,274.58440155000005,1866.017,3.771,0.327,0.141,0.532,3.603,0.398,0.278,0.324,56.3,0.65,0.19,"06/30/2026 1:03 PM","Middle",01,"P03","Noon",13.065833333333334,"suraj karkee","41:00:13:15",39.208455,-96.59382333333333,""
6464947,"Whole Data Set",1,34.891,39.16,0.0003,270.18,41.396,-5.87,53.1916308,208.472,1.44,0.567,0.177,0.255,6.178,0.37,0.787,-0.157,59.19,0.22,0.081,"06/30/2026 1:04 PM","Lower",01,"P03","Noon",13.075833333333334,"suraj karkee","41:00:13:15",39.20845666666666,-96.59381499999999,""
6464946,"Whole Data Set",1,34.877,39.14,0.00072,300.516,50.898,-5.59,261.21505455,1477.043,3.421,0.393,0.137,0.47,3.126,0.595,0.141,0.264,53.03,0.32,0.216,"06/30/2026 1:05 PM","Upper",02,"P03","Noon",13.088055555555556,"suraj karkee","41:00:13:15",39.208425000000005,-96.59378833333334,""
6464945,"Whole Data Set",1,34.838,39.1,0.0007,291.83,53.107,-5.35,217.77626115000004,1427.573,4.091,0.339,0.13,0.531,6.44,0.478,0.513,0.009,61.02,0.18,0.204,"06/30/2026 1:05 PM","Middle",02,"P03","Noon",13.098611111111111,"suraj karkee","41:00:13:15",39.208436666666664,-96.59382833333332,""
6464944,"Whole Data Set",1,35.09,38.92,-0.49609,0.158,41.721,-2.49,234.86989365000002,1733.997,2.288,0.301,0.213,0.486,-6.528,0.11,1.885,-0.995,55.93,4.36,-0.078,"06/30/2026 1:07 PM","Lower",02,"P03","Noon",13.118055555555555,"suraj karkee","41:00:13:15",39.20842833333334,-96.59380333333333,""
6464943,"Whole Data Set",1,35.403,39.85,0.00063,302.875,47.053,-5.04,222.8535045,1090.815,2.726,0.454,0.147,0.4,2.085,0.467,-0.677,1.21,61.77,0.29,0.191,"06/30/2026 1:11 PM","Upper",05,"P03","Noon",13.192777777777778,"suraj karkee","41:00:13:15",39.208443333333335,-96.59382499999998,""
6464942,"Whole Data Set",1,34.342,39.91,0.00095,237.956,65.718,-5.56,171.21258,951.181,1.724,0.4,0.22,0.38,3.276,0.573,0.17,0.257,61.02,0.26,0.226,"06/30/2026 1:12 PM","Middle",05,"P03","Noon",13.203333333333333,"suraj karkee","41:00:13:15",39.20841666666667,-96.59382499999998,""
6464941,"Whole Data Set",1,35.092,39.9,-0.04965,0.532,26.496,-6.71,117.87819615,524.953,1.555,0.499,0.196,0.305,0,"null","null","null",54.52,4.39,-0.026,"06/30/2026 1:13 PM","Lower",05,"P03","Noon",13.2175,"suraj karkee","41:00:13:15",39.20843333333333,-96.59385333333333,""
6464940,"Whole Data Set",1,33.921,39.78,0.00111,218.919,43.392,-4.79,213.7746708,1297.964,2.977,0.366,0.159,0.474,1.838,1.274,-1.228,0.954,65.29,0.24,0.243,"06/30/2026 1:14 PM","Upper",10,"P03","Noon",13.244166666666667,"suraj karkee","41:00:13:15",39.20846166666667,-96.59384,""
6464939,"Whole Data Set",1,33.598,39.67,0.00107,177.818,43.321,-6.26,170.7677244,1042.538,1.975,0.364,0.214,0.422,1.647,1.034,-0.695,0.661,64.69,0.26,0.19,"06/30/2026 1:15 PM","Middle",10,"P03","Noon",13.255,"suraj karkee","41:00:13:15",39.20846166666667,-96.59384333333334,""
6464938,"Whole Data Set",1,34.127,39.63,0.00083,253.406,57.857,-5.02,177.34654485000002,1162.547,4.341,0.339,0.124,0.537,3.754,0.548,0.513,-0.061,61.02,0.24,0.21,"06/30/2026 1:15 PM","Lower",10,"P03","Noon",13.266111111111112,"suraj karkee","41:00:13:15",39.208470000000005,-96.59382666666667,""
6464937,"Whole Data Set",1,36.392,40.28,0.00042,296.291,23.604,-6.15,111.006225,448.51,1.567,0.55,0.175,0.275,2.105,0.993,-0.233,0.239,63.98,0.35,0.124,"06/30/2026 4:22 PM","Upper",04,"P01","Late",16.379722222222224,"suraj karkee","41:00:13:15",39.208441666666666,-96.59385166666668,""
6464936,"Whole Data Set",1,36.385,40.04,0.00022,295.577,42.907,-5.49,61.170149249999994,233.965,1.54,0.581,0.165,0.254,4.353,0.691,0.336,-0.026,66.17,0.32,0.065,"06/30/2026 4:23 PM","Middle",04,"P01","Late",16.391111111111112,"suraj karkee","41:00:13:15",39.208435,-96.59384999999999,""
6464935,"Whole Data Set",1,37.291,39.87,0.00036,198.448,25.24,-5.82,69.80336415000001,277.493,1.649,0.559,0.166,0.274,6.937,0.317,0.415,0.267,62.11,0.95,0.071,"06/30/2026 4:24 PM","Lower",03,"P01","Late",16.40111111111111,"suraj karkee","41:00:13:15",39.208436666666664,-96.59383333333332,""
6464934,"Whole Data Set",1,37.145,39.71,0.0003,263.838,48.956,-5.42,47.49791805,175.043,1.26,0.603,0.176,0.221,-1.406,-1.168,2.112,0.057,59.74,0.43,0.079,"06/30/2026 4:24 PM","Upper",05,"P01","Late",16.41361111111111,"suraj karkee","41:00:13:15",39.208398333333335,-96.59383333333332,""
6464933,"Whole Data Set",1,38.296,39.6,0.00056,166.093,20.876,-5.85,64.583307,261.895,1.622,0.548,0.172,0.28,3.14,0.884,0.776,-0.66,61.1,1.16,0.093,"06/30/2026 4:25 PM","Middle",04,"P01","Late",16.42388888888889,"suraj karkee","41:00:13:15",39.20841666666667,-96.59381166666665,""
6464932,"Whole Data Set",1,38.226,39.47,0.00026,232.367,64.598,-6.28,55.999764,211.28,1.325,0.589,0.177,0.234,2.249,0.9,-0.039,0.139,67.14,0.47,0.06,"06/30/2026 4:26 PM","Lower",05,"P01","Late",16.43611111111111,"suraj karkee","41:00:13:15",39.20843166666667,-96.59380666666667,""
6464931,"Whole Data Set",1,38.088,38.84,0.00054,229.367,22.246,-4.83,102.79382535,457.777,2.084,0.499,0.162,0.339,2.65,1.192,0.668,-0.86,64.68,0.31,0.124,"06/30/2026 4:31 PM","Upper",06,"P01","Late",16.520833333333332,"suraj karkee","41:00:13:15",39.208420000000004,-96.59383833333335,""
6464930,"Whole Data Set",1,38.771,38.78,0.00031,218.046,36.973,-6.41,63.572108850000006,253.629,1.642,0.557,0.168,0.275,2.814,0.719,0.091,0.19,65.34,0.58,0.068,"06/30/2026 4:31 PM","Middle",06,"P01","Late",16.531388888888888,"suraj karkee","41:00:13:15",39.208441666666666,-96.59381,""
6464929,"Whole Data Set",1,39.348,38.75,0.0003,316.473,27.334,-5.38,76.4725275,295.546,1.369,0.575,0.179,0.245,3.463,0.707,0.094,0.199,60.99,0.97,0.095,"06/30/2026 4:32 PM","Lower",06,"P01","Late",16.541944444444447,"suraj karkee","41:00:13:15",39.208378333333336,-96.59383833333335,""
6464928,"Whole Data Set",1,38.452,38.7,0.00024,326.53,41.688,-5.41,55.0915722,208.207,1.367,0.588,0.174,0.238,2.651,0.71,0.195,0.095,59.41,0.25,0.078,"06/30/2026 4:33 PM","Upper",08,"P01","Late",16.554722222222225,"suraj karkee","41:00:13:15",39.20842833333334,-96.59385166666668,""
6464927,"Whole Data Set",1,38.436,38.66,0.00037,261.671,35.615,-5.95,77.46216345,298.333,1.413,0.577,0.175,0.248,2.637,0.992,0.013,-0.005,60.76,0.37,0.097,"06/30/2026 4:33 PM","Middle",08,"P01","Late",16.565555555555555,"suraj karkee","41:00:13:15",39.208423333333336,-96.59383166666666,""
6464926,"Whole Data Set",1,38.322,38.59,0.00025,213.829,41.361,-5.78,37.842163199999995,145.996,1.503,0.576,0.169,0.254,2.997,0.565,0.386,0.049,67.14,0.23,0.053,"06/30/2026 4:35 PM","Lower",08,"P01","Late",16.58722222222222,"suraj karkee","41:00:13:15",39.208435,-96.59382333333333,""
6464925,"Whole Data Set",1,38.712,38.5,0.00056,197.27,9.149,-6.87,119.2235562,518.476,1.927,0.511,0.167,0.322,3.687,0.653,0.175,0.172,67.79,0.58,0.11,"06/30/2026 4:36 PM","Upper",05,"P02","Late",16.6125,"suraj karkee","41:00:13:15",39.208420000000004,-96.59393333333334,""
6464924,"Whole Data Set",1,38.852,38.43,0.00057,205.942,42.883,-5.5,149.67433845,709.189,2.243,0.469,0.164,0.367,3.03,0.666,0.414,-0.08,67.25,0.28,0.117,"06/30/2026 4:37 PM","Middle",05,"P02","Late",16.62388888888889,"suraj karkee","41:00:13:15",39.20841,-96.59391666666667,""
6464923,"Whole Data Set",1,38.652,38.36,0.00012,208.567,35.635,-4.35,42.898752449999996,162.403,1.504,0.587,0.165,0.248,3.838,0.497,0.182,0.321,66.67,0.68,0.025,"06/30/2026 4:38 PM","Lower",05,"P02","Late",16.63888888888889,"suraj karkee","41:00:13:15",39.20844,-96.59390666666668,""
6464922,"Whole Data Set",1,38.755,38.29,0.00031,338.85,3.941,-4.04,72.87639569999999,276.361,1.493,0.586,0.166,0.248,9.613,0.268,0.755,-0.023,68.19,0.27,0.105,"06/30/2026 4:39 PM","Upper",07,"P02","Late",16.661666666666665,"suraj karkee","41:00:13:15",39.20845833333333,-96.59389000000002,""
6464921,"Whole Data Set",1,38.86,37.97,0.0001,1024.352,30.028,-5.6,59.40148500000001,240.006,1.341,0.55,0.192,0.258,2.626,1.018,0.132,-0.15,64.82,0.42,0.102,"06/30/2026 4:43 PM","Middle",02,"P02","Late",16.731666666666666,"suraj karkee","41:00:13:15",39.208436666666664,-96.593895,""
6464920,"Whole Data Set",1,38.916,37.92,0.00073,198.363,43.171,-4.29,95.41517040000001,401.579,1.608,0.528,0.181,0.291,1.955,0.346,-0.141,0.795,65.61,0.2,0.145,"06/30/2026 4:45 PM","Lower",07,"P02","Late",16.751944444444444,"suraj karkee","41:00:13:15",39.208459999999995,-96.59386500000001,""
6464919,"Whole Data Set",1,40.055,37.86,0.00095,189.271,47.975,-5.57,192.75782175,1062.905,2.311,0.403,0.18,0.417,2.217,0.644,-0.266,0.622,64.13,0.29,0.18,"06/30/2026 4:46 PM","Upper",09,"P02","Late",16.77638888888889,"suraj karkee","41:00:13:15",39.20841,-96.59390499999999,""
6464918,"Whole Data Set",1,38.863,37.87,0.00042,1291.293,33.994,-5.32,85.2950466,304.734,1.06,0.622,0.184,0.194,1.144,3.449,-1.176,-1.272,68.99,0.42,0.542,"06/30/2026 4:47 PM","Middle",09,"P02","Late",16.788611111111113,"suraj karkee","41:00:13:15",39.208414999999995,-96.59394833333333,""
6464917,"Whole Data Set",1,39.646,37.86,-0.00274,-130.211,37.818,-7.57,105.19911540000003,421.978,1.357,0.554,0.189,0.257,0,"null","null","null",67.61,1.51,0.357,"06/30/2026 4:47 PM","Lower",09,"P02","Late",16.799444444444447,"suraj karkee","41:00:13:15",39.20843166666667,-96.59392000000001,""
6464916,"Whole Data Set",1,39.996,37.89,0.00008,789.418,41.792,-5.12,28.6091847,104.738,1.261,0.607,0.174,0.219,2.44,0.363,0.392,0.245,63.6,0.28,0.063,"06/30/2026 4:48 PM","Upper",11,"P02","Late",16.814722222222223,"suraj karkee","41:00:13:15",39.208421666666666,-96.59390499999999,""
6464915,"Whole Data Set",1,39.276,37.9,0.00025,199.738,55.016,-5.31,65.1241701,243.637,1.322,0.594,0.175,0.231,3.628,1.165,0.157,-0.322,66.28,0.32,0.05,"06/30/2026 4:50 PM","Middle",11,"P02","Late",16.843055555555555,"suraj karkee","41:00:13:15",39.208436666666664,-96.59390833333333,""
6464914,"Whole Data Set",1,39.65,37.92,0.00018,469.418,33.283,-5.21,57.0416796,201.846,1.063,0.628,0.18,0.192,3.832,0.812,0.278,-0.09,64.01,0.21,0.084,"06/30/2026 4:51 PM","Lower",11,"P02","Late",16.854722222222225,"suraj karkee","41:00:13:15",39.208425000000005,-96.59390333333334,""
6464913,"Whole Data Set",1,39.523,37.98,0.00064,234.04,41.053,-5.61,188.5937283,771.818,1.591,0.543,0.176,0.28,1.988,0.538,0.382,0.08,50.03,0.28,0.15,"06/30/2026 4:52 PM","Upper",01,"P03","Late",16.87472222222222,"suraj karkee","41:00:13:15",39.20846166666667,-96.59382499999998,""
6464912,"Whole Data Set",1,39.899,38.02,0.0003,365.052,27.485,-5.87,121.7082888,486.444,1.201,0.556,0.202,0.242,2.546,0.549,0.422,0.028,61.85,0.27,0.11,"06/30/2026 4:53 PM","Middle",01,"P03","Late",16.886666666666667,"suraj karkee","41:00:13:15",39.20845166666666,-96.59383000000001,""
6464911,"Whole Data Set",1,40.119,38.06,0.0002,246.893,41.992,-5.03,42.422544,156.08,1.227,0.604,0.178,0.218,2.765,0.674,0.257,0.068,57.86,0.38,0.049,"06/30/2026 4:53 PM","Lower",01,"P03","Late",16.899166666666666,"suraj karkee","41:00:13:15",39.20843166666667,-96.59382833333332,""
6464910,"Whole Data Set",1,38.386,38.06,0.00056,230.866,48.499,-5.25,118.26667574999999,465.159,1.495,0.565,0.174,0.26,5.01,0.44,0.552,0.008,58.43,0.31,0.129,"06/30/2026 4:55 PM","Upper",02,"P03","Late",16.916944444444447,"suraj karkee","41:00:13:15",39.208436666666664,-96.59377833333335,""
6464909,"Whole Data Set",1,39.031,38,0.00028,245.361,36.704,-4.03,71.34675209999999,265.131,1.23,0.598,0.18,0.222,2.861,0.805,0.314,-0.119,59.48,0.27,0.069,"06/30/2026 4:56 PM","Middle",02,"P03","Late",16.935833333333335,"suraj karkee","41:00:13:15",39.208455,-96.59381499999999,""
6464908,"Whole Data Set",1,39.596,37.99,0.00061,155.212,32.815,-4.18,65.8467306,285.236,1.614,0.513,0.187,0.301,2.609,0.566,0.328,0.106,55.05,0.35,0.095,"06/30/2026 4:56 PM","Lower",02,"P03","Late",16.949166666666667,"suraj karkee","41:00:13:15",39.20843,-96.59384333333334,""
6464907,"Whole Data Set",1,38.772,37.94,0.00047,277.546,39.123,-5.31,146.2879296,594.304,1.257,0.547,0.2,0.252,2.586,0.545,0.307,0.148,61.82,0.31,0.13,"06/30/2026 4:57 PM","Upper",05,"P03","Late",16.965,"suraj karkee","41:00:13:15",39.20845333333333,-96.59384333333334,""
6464906,"Whole Data Set",1,38.539,37.88,0.00027,298.217,20.521,-4.59,89.34168779999999,324.407,1.307,0.612,0.168,0.22,3.924,0.239,0.696,0.065,49.96,0.74,0.081,"06/30/2026 4:59 PM","Middle",05,"P03","Late",16.983611111111113,"suraj karkee","41:00:13:15",39.20843333333333,-96.593835,""
6464905,"Whole Data Set",1,39.152,37.87,0.00025,254.179,31.341,-3.94,35.0382654,129.988,1.313,0.599,0.174,0.228,3.749,0.573,0.311,0.116,60.96,0.19,0.064,"06/30/2026 4:59 PM","Lower",05,"P03","Late",16.996666666666666,"suraj karkee","41:00:13:15",39.208421666666666,-96.59386,""
6464904,"Whole Data Set",1,39.185,37.82,0.00014,533.599,36.902,-4.67,44.3355822,167.557,1.506,0.588,0.164,0.248,6.562,0.263,0.654,0.083,65.87,0.33,0.075,"06/30/2026 5:01 PM","Upper",10,"P03","Late",17.021666666666665,"suraj karkee","41:00:13:15",39.20844833333333,-96.59382333333333,""
6464903,"Whole Data Set",1,39.239,37.75,0.00034,136.252,27.525,-4.3,39.92485229999999,155.926,1.531,0.569,0.17,0.26,4.826,0.496,0.583,-0.079,66.29,0.27,0.046,"06/30/2026 5:02 PM","Middle",10,"P03","Late",17.03611111111111,"suraj karkee","41:00:13:15",39.20846166666667,-96.59378999999998,""
6464902,"Whole Data Set",1,39.383,37.74,0.00012,292.362,41.695,-4.11,20.603979900000002,72.562,1.12,0.631,0.174,0.195,2.977,0.498,0.446,0.057,62.42,0.24,0.035,"06/30/2026 5:02 PM","Lower",10,"P03","Late",17.04888888888889,"suraj karkee","41:00:13:15",39.20849166666667,-96.59379833333332,""
